solid terrain_band_6
  facet normal 0 0 1
    outer loop
      vertex -20 -100 0
      vertex 0 -100 0
      vertex 0 -80.200000000000003 0
    endloop
  endfacet
  facet normal 0 0 1
    outer loop
      vertex -20 -100 0
      vertex 0 -80.200000000000003 0
      vertex -20 -80.200000000000003 0
    endloop
  endfacet
  facet normal 0 0 1
    outer loop
      vertex -20 -80.200000000000003 0
      vertex 0 -80.200000000000003 0
      vertex 0 -80 0
    endloop
  endfacet
  facet normal 0 0 1
    outer loop
      vertex -20 -80.200000000000003 0
      vertex 0 -80 0
      vertex -20 -80 0
    endloop
  endfacet
  facet normal 0 0 1
    outer loop
      vertex -20 -80 0
      vertex 0 -80 0
      vertex 0 -60.200000000000003 0
    endloop
  endfacet
  facet normal 0 0 1
    outer loop
      vertex -20 -80 0
      vertex 0 -60.200000000000003 0
      vertex -20 -60.200000000000003 0
    endloop
  endfacet
  facet normal 0 0 1
    outer loop
      vertex -20 -60.200000000000003 0
      vertex 0 -60.200000000000003 0
      vertex 0 -60 0
    endloop
  endfacet
  facet normal 0 0 1
    outer loop
      vertex -20 -60.200000000000003 0
      vertex 0 -60 0
      vertex -20 -60 0
    endloop
  endfacet
  facet normal 0 0 1
    outer loop
      vertex -20 -60 0
      vertex 0 -60 0
      vertex 0 -40.200000000000003 0
    endloop
  endfacet
  facet normal 0 0 1
    outer loop
      vertex -20 -60 0
      vertex 0 -40.200000000000003 0
      vertex -20 -40.200000000000003 0
    endloop
  endfacet
  facet normal 0 0 1
    outer loop
      vertex -20 -40.200000000000003 0
      vertex 0 -40.200000000000003 0
      vertex 0 -40 0
    endloop
  endfacet
  facet normal 0 0 1
    outer loop
      vertex -20 -40.200000000000003 0
      vertex 0 -40 0
      vertex -20 -40 0
    endloop
  endfacet
  facet normal 0 0 1
    outer loop
      vertex -20 -40 0
      vertex 0 -40 0
      vertex 0 -20.199999999999999 0
    endloop
  endfacet
  facet normal 0 0 1
    outer loop
      vertex -20 -40 0
      vertex 0 -20.199999999999999 0
      vertex -20 -20.199999999999999 0
    endloop
  endfacet
  facet normal 0 0 1
    outer loop
      vertex -20 -20.199999999999999 0
      vertex 0 -20.199999999999999 0
      vertex 0 -20 0
    endloop
  endfacet
  facet normal 0 0 1
    outer loop
      vertex -20 -20.199999999999999 0
      vertex 0 -20 0
      vertex -20 -20 0
    endloop
  endfacet
  facet normal 0 0 1
    outer loop
      vertex -20 -20 0
      vertex 0 -20 0
      vertex 0 -10.199999999999999 0
    endloop
  endfacet
  facet normal 0 0 1
    outer loop
      vertex -20 -20 0
      vertex 0 -10.199999999999999 0
      vertex -20 -10.199999999999999 0
    endloop
  endfacet
  facet normal 0 0 1
    outer loop
      vertex -20 -10.199999999999999 0
      vertex 0 -10.199999999999999 0
      vertex 0 -10 0
    endloop
  endfacet
  facet normal 0 0 1
    outer loop
      vertex -20 -10.199999999999999 0
      vertex 0 -10 0
      vertex -20 -10 0
    endloop
  endfacet
  facet normal 0 0 1
    outer loop
      vertex -20 -10 0
      vertex 0 -10 0
      vertex 0 0 0
    endloop
  endfacet
  facet normal 0 0 1
    outer loop
      vertex -20 -10 0
      vertex 0 0 0
      vertex -20 0 0
    endloop
  endfacet
  facet normal 0 0 1
    outer loop
      vertex -20 0 0
      vertex 0 0 0
      vertex 0 0.20000000000000001 0
    endloop
  endfacet
  facet normal 0 0 1
    outer loop
      vertex -20 0 0
      vertex 0 0.20000000000000001 0
      vertex -20 0.20000000000000001 0
    endloop
  endfacet
  facet normal 0 0 1
    outer loop
      vertex -20 0.20000000000000001 0
      vertex 0 0.20000000000000001 0
      vertex 0 10 0
    endloop
  endfacet
  facet normal 0 0 1
    outer loop
      vertex -20 0.20000000000000001 0
      vertex 0 10 0
      vertex -20 10 0
    endloop
  endfacet
  facet normal 0 0 1
    outer loop
      vertex -20 10 0
      vertex 0 10 0
      vertex 0 10.199999999999999 0
    endloop
  endfacet
  facet normal 0 0 1
    outer loop
      vertex -20 10 0
      vertex 0 10.199999999999999 0
      vertex -20 10.199999999999999 0
    endloop
  endfacet
  facet normal 0 0 1
    outer loop
      vertex -20 10.199999999999999 0
      vertex 0 10.199999999999999 0
      vertex 0 20 0
    endloop
  endfacet
  facet normal 0 0 1
    outer loop
      vertex -20 10.199999999999999 0
      vertex 0 20 0
      vertex -20 20 0
    endloop
  endfacet
  facet normal 0 0 1
    outer loop
      vertex -20 20 0
      vertex 0 20 0
      vertex 0 20.199999999999999 0
    endloop
  endfacet
  facet normal 0 0 1
    outer loop
      vertex -20 20 0
      vertex 0 20.199999999999999 0
      vertex -20 20.199999999999999 0
    endloop
  endfacet
  facet normal 0 0 1
    outer loop
      vertex -20 20.199999999999999 0
      vertex 0 20.199999999999999 0
      vertex 0 40 0
    endloop
  endfacet
  facet normal 0 0 1
    outer loop
      vertex -20 20.199999999999999 0
      vertex 0 40 0
      vertex -20 40 0
    endloop
  endfacet
  facet normal 0 0 1
    outer loop
      vertex -20 40 0
      vertex 0 40 0
      vertex 0 40.200000000000003 0
    endloop
  endfacet
  facet normal 0 0 1
    outer loop
      vertex -20 40 0
      vertex 0 40.200000000000003 0
      vertex -20 40.200000000000003 0
    endloop
  endfacet
  facet normal 0 0 1
    outer loop
      vertex -20 40.200000000000003 0
      vertex 0 40.200000000000003 0
      vertex 0 60 0
    endloop
  endfacet
  facet normal 0 0 1
    outer loop
      vertex -20 40.200000000000003 0
      vertex 0 60 0
      vertex -20 60 0
    endloop
  endfacet
  facet normal 0 0 1
    outer loop
      vertex -20 60 0
      vertex 0 60 0
      vertex 0 60.200000000000003 0
    endloop
  endfacet
  facet normal 0 0 1
    outer loop
      vertex -20 60 0
      vertex 0 60.200000000000003 0
      vertex -20 60.200000000000003 0
    endloop
  endfacet
  facet normal 0 0 1
    outer loop
      vertex -20 60.200000000000003 0
      vertex 0 60.200000000000003 0
      vertex 0 80 0
    endloop
  endfacet
  facet normal 0 0 1
    outer loop
      vertex -20 60.200000000000003 0
      vertex 0 80 0
      vertex -20 80 0
    endloop
  endfacet
  facet normal 0 0 1
    outer loop
      vertex -20 80 0
      vertex 0 80 0
      vertex 0 80.200000000000003 0
    endloop
  endfacet
  facet normal 0 0 1
    outer loop
      vertex -20 80 0
      vertex 0 80.200000000000003 0
      vertex -20 80.200000000000003 0
    endloop
  endfacet
  facet normal 0 0 1
    outer loop
      vertex -20 80.200000000000003 0
      vertex 0 80.200000000000003 0
      vertex 0 100 0
    endloop
  endfacet
  facet normal 0 0 1
    outer loop
      vertex -20 80.200000000000003 0
      vertex 0 100 0
      vertex -20 100 0
    endloop
  endfacet
  facet normal 0 0 1
    outer loop
      vertex 0 -100 0
      vertex 40 -100 0
      vertex 40 -80.200000000000003 0
    endloop
  endfacet
  facet normal 0 0 1
    outer loop
      vertex 0 -100 0
      vertex 40 -80.200000000000003 0
      vertex 0 -80.200000000000003 0
    endloop
  endfacet
  facet normal 0 0 1
    outer loop
      vertex 0 -80.200000000000003 0
      vertex 40 -80.200000000000003 0
      vertex 40 -80 0
    endloop
  endfacet
  facet normal 0 0 1
    outer loop
      vertex 0 -80.200000000000003 0
      vertex 40 -80 0
      vertex 0 -80 0
    endloop
  endfacet
  facet normal 0 0 1
    outer loop
      vertex 0 -80 0
      vertex 40 -80 0
      vertex 40 -60.200000000000003 0
    endloop
  endfacet
  facet normal 0 0 1
    outer loop
      vertex 0 -80 0
      vertex 40 -60.200000000000003 0
      vertex 0 -60.200000000000003 0
    endloop
  endfacet
  facet normal 0 0 1
    outer loop
      vertex 0 -60.200000000000003 0
      vertex 40 -60.200000000000003 0
      vertex 40 -60 0
    endloop
  endfacet
  facet normal 0 0 1
    outer loop
      vertex 0 -60.200000000000003 0
      vertex 40 -60 0
      vertex 0 -60 0
    endloop
  endfacet
  facet normal 0 0 1
    outer loop
      vertex 0 -60 0
      vertex 40 -60 0
      vertex 40 -40.200000000000003 0
    endloop
  endfacet
  facet normal 0 0 1
    outer loop
      vertex 0 -60 0
      vertex 40 -40.200000000000003 0
      vertex 0 -40.200000000000003 0
    endloop
  endfacet
  facet normal 0 0 1
    outer loop
      vertex 0 -40.200000000000003 0
      vertex 40 -40.200000000000003 0
      vertex 40 -40 0
    endloop
  endfacet
  facet normal 0 0 1
    outer loop
      vertex 0 -40.200000000000003 0
      vertex 40 -40 0
      vertex 0 -40 0
    endloop
  endfacet
  facet normal 0 0 1
    outer loop
      vertex 0 -40 0
      vertex 40 -40 0
      vertex 40 -20.199999999999999 0
    endloop
  endfacet
  facet normal 0 0 1
    outer loop
      vertex 0 -40 0
      vertex 40 -20.199999999999999 0
      vertex 0 -20.199999999999999 0
    endloop
  endfacet
  facet normal 0 0 1
    outer loop
      vertex 0 -20.199999999999999 0
      vertex 40 -20.199999999999999 0
      vertex 40 -20 0
    endloop
  endfacet
  facet normal 0 0 1
    outer loop
      vertex 0 -20.199999999999999 0
      vertex 40 -20 0
      vertex 0 -20 0
    endloop
  endfacet
  facet normal 0 0 1
    outer loop
      vertex 0 -20 0
      vertex 40 -20 0
      vertex 40 -10.199999999999999 0
    endloop
  endfacet
  facet normal 0 0 1
    outer loop
      vertex 0 -20 0
      vertex 40 -10.199999999999999 0
      vertex 0 -10.199999999999999 0
    endloop
  endfacet
  facet normal 0 0 1
    outer loop
      vertex 0 -10.199999999999999 0
      vertex 40 -10.199999999999999 0
      vertex 40 -10 0
    endloop
  endfacet
  facet normal 0 0 1
    outer loop
      vertex 0 -10.199999999999999 0
      vertex 40 -10 0
      vertex 0 -10 0
    endloop
  endfacet
  facet normal 0 0 1
    outer loop
      vertex 0 -10 0
      vertex 40 -10 0
      vertex 40 0 0
    endloop
  endfacet
  facet normal 0 0 1
    outer loop
      vertex 0 -10 0
      vertex 40 0 0
      vertex 0 0 0
    endloop
  endfacet
  facet normal 0 0 1
    outer loop
      vertex 0 0 0
      vertex 40 0 0
      vertex 40 0.20000000000000001 0
    endloop
  endfacet
  facet normal 0 0 1
    outer loop
      vertex 0 0 0
      vertex 40 0.20000000000000001 0
      vertex 0 0.20000000000000001 0
    endloop
  endfacet
  facet normal 0 0 1
    outer loop
      vertex 0 0.20000000000000001 0
      vertex 40 0.20000000000000001 0
      vertex 40 10 0
    endloop
  endfacet
  facet normal 0 0 1
    outer loop
      vertex 0 0.20000000000000001 0
      vertex 40 10 0
      vertex 0 10 0
    endloop
  endfacet
  facet normal 0 0 1
    outer loop
      vertex 0 10 0
      vertex 40 10 0
      vertex 40 10.199999999999999 0
    endloop
  endfacet
  facet normal 0 0 1
    outer loop
      vertex 0 10 0
      vertex 40 10.199999999999999 0
      vertex 0 10.199999999999999 0
    endloop
  endfacet
  facet normal 0 0 1
    outer loop
      vertex 0 10.199999999999999 0
      vertex 40 10.199999999999999 0
      vertex 40 20 0
    endloop
  endfacet
  facet normal 0 0 1
    outer loop
      vertex 0 10.199999999999999 0
      vertex 40 20 0
      vertex 0 20 0
    endloop
  endfacet
  facet normal 0 0 1
    outer loop
      vertex 0 20 0
      vertex 40 20 0
      vertex 40 20.199999999999999 0
    endloop
  endfacet
  facet normal 0 0 1
    outer loop
      vertex 0 20 0
      vertex 40 20.199999999999999 0
      vertex 0 20.199999999999999 0
    endloop
  endfacet
  facet normal 0 0 1
    outer loop
      vertex 0 20.199999999999999 0
      vertex 40 20.199999999999999 0
      vertex 40 40 0
    endloop
  endfacet
  facet normal 0 0 1
    outer loop
      vertex 0 20.199999999999999 0
      vertex 40 40 0
      vertex 0 40 0
    endloop
  endfacet
  facet normal 0 0 1
    outer loop
      vertex 0 40 0
      vertex 40 40 0
      vertex 40 40.200000000000003 0
    endloop
  endfacet
  facet normal 0 0 1
    outer loop
      vertex 0 40 0
      vertex 40 40.200000000000003 0
      vertex 0 40.200000000000003 0
    endloop
  endfacet
  facet normal 0 0 1
    outer loop
      vertex 0 40.200000000000003 0
      vertex 40 40.200000000000003 0
      vertex 40 60 0
    endloop
  endfacet
  facet normal 0 0 1
    outer loop
      vertex 0 40.200000000000003 0
      vertex 40 60 0
      vertex 0 60 0
    endloop
  endfacet
  facet normal 0 0 1
    outer loop
      vertex 0 60 0
      vertex 40 60 0
      vertex 40 60.200000000000003 0
    endloop
  endfacet
  facet normal 0 0 1
    outer loop
      vertex 0 60 0
      vertex 40 60.200000000000003 0
      vertex 0 60.200000000000003 0
    endloop
  endfacet
  facet normal 0 0 1
    outer loop
      vertex 0 60.200000000000003 0
      vertex 40 60.200000000000003 0
      vertex 40 80 0
    endloop
  endfacet
  facet normal 0 0 1
    outer loop
      vertex 0 60.200000000000003 0
      vertex 40 80 0
      vertex 0 80 0
    endloop
  endfacet
  facet normal 0 0 1
    outer loop
      vertex 0 80 0
      vertex 40 80 0
      vertex 40 80.200000000000003 0
    endloop
  endfacet
  facet normal 0 0 1
    outer loop
      vertex 0 80 0
      vertex 40 80.200000000000003 0
      vertex 0 80.200000000000003 0
    endloop
  endfacet
  facet normal 0 0 1
    outer loop
      vertex 0 80.200000000000003 0
      vertex 40 80.200000000000003 0
      vertex 40 100 0
    endloop
  endfacet
  facet normal 0 0 1
    outer loop
      vertex 0 80.200000000000003 0
      vertex 40 100 0
      vertex 0 100 0
    endloop
  endfacet
  facet normal -0.24253562503632792 0 0.97014250014533321
    outer loop
      vertex 40.160000000000004 -84.159999999999997 0.040000000000000036
      vertex 40 -100 0
      vertex 40.160000000000004 -100 0.040000000000000036
    endloop
  endfacet
  facet normal -0.242535625036328 0 0.9701425001453331
    outer loop
      vertex 40 -100 0
      vertex 40.160000000000004 -84.159999999999982 0.040000000000000036
      vertex 40.160000000000004 -80.200000000000003 0.040000000000000036
    endloop
  endfacet
  facet normal -0.24253562503632792 0 0.9701425001453331
    outer loop
      vertex 40 -100 0
      vertex 40.160000000000004 -80.200000000000003 0.040000000000000036
      vertex 40 -80.200000000000003 0
    endloop
  endfacet
  facet normal -0.21821789023598309 -0.43643578047202441 0.87287156094395191
    outer loop
      vertex 40.053333333333335 -80.146666666666675 0.040000000000000036
      vertex 40 -80.200000000000003 0
      vertex 40.160000000000004 -80.200000000000003 0.040000000000000036
    endloop
  endfacet
  facet normal -0.59999999999999143 0 0.80000000000000637
    outer loop
      vertex 40 -80.200000000000003 0
      vertex 40.053333333333335 -80.146666666666675 0.040000000000000036
      vertex 40.053333333333335 -80 0.040000000000000036
    endloop
  endfacet
  facet normal -0.59999999999999143 0 0.80000000000000637
    outer loop
      vertex 40 -80.200000000000003 0
      vertex 40.053333333333335 -80 0.040000000000000036
      vertex 40 -80 0
    endloop
  endfacet
  facet normal -0.59999999999999143 0 0.80000000000000648
    outer loop
      vertex 40.053333333333335 -74.719999999999999 0.040000000000000036
      vertex 40 -80 0
      vertex 40.053333333333335 -80 0.040000000000000036
    endloop
  endfacet
  facet normal -0.59999999999999154 0 0.80000000000000637
    outer loop
      vertex 40 -80 0
      vertex 40.053333333333335 -74.719999999999999 0.040000000000000036
      vertex 40.053333333333335 -60.200000000000003 0.040000000000000036
    endloop
  endfacet
  facet normal -0.59999999999999143 0 0.80000000000000637
    outer loop
      vertex 40 -80 0
      vertex 40.053333333333335 -60.200000000000003 0.040000000000000036
      vertex 40 -60.200000000000003 0
    endloop
  endfacet
  facet normal -0.58834840541454603 0.19611613513816459 0.78446454055274539
    outer loop
      vertex 40.079999999999998 -60.120000000000005 0.040000000000000036
      vertex 40 -60.200000000000003 0
      vertex 40.053333333333335 -60.200000000000003 0.040000000000000036
    endloop
  endfacet
  facet normal -0.44721359549996598 0 0.89442719099991197
    outer loop
      vertex 40 -60.200000000000003 0
      vertex 40.079999999999998 -60.120000000000005 0.040000000000000036
      vertex 40.079999999999998 -60 0.040000000000000036
    endloop
  endfacet
  facet normal -0.44721359549996592 0 0.89442719099991186
    outer loop
      vertex 40 -60.200000000000003 0
      vertex 40.079999999999998 -60 0.040000000000000036
      vertex 40 -60 0
    endloop
  endfacet
  facet normal -0.44721359549996592 0 0.89442719099991197
    outer loop
      vertex 40.079999999999998 -52.079999999999998 0.040000000000000036
      vertex 40 -60 0
      vertex 40.079999999999998 -60 0.040000000000000036
    endloop
  endfacet
  facet normal -0.44721359549996581 0 0.89442719099991186
    outer loop
      vertex 40 -60 0
      vertex 40.079999999999998 -52.079999999999991 0.040000000000000036
      vertex 40.079999999999998 -40.200000000000003 0.040000000000000036
    endloop
  endfacet
  facet normal -0.44721359549996587 0 0.89442719099991186
    outer loop
      vertex 40 -60 0
      vertex 40.079999999999998 -40.200000000000003 0.040000000000000036
      vertex 40 -40.200000000000003 0
    endloop
  endfacet
  facet normal -0.43643578047199127 0.21821789023600532 0.87287156094396301
    outer loop
      vertex 40.160000000000004 -40.039999999999999 0.040000000000000036
      vertex 40 -40.200000000000003 0
      vertex 40.079999999999998 -40.200000000000003 0.040000000000000036
    endloop
  endfacet
  facet normal -0.24253562503632792 0 0.97014250014533321
    outer loop
      vertex 40 -40.200000000000003 0
      vertex 40.160000000000004 -40.039999999999999 0.040000000000000036
      vertex 40.160000000000004 -40 0.040000000000000036
    endloop
  endfacet
  facet normal -0.24253562503632789 0 0.9701425001453331
    outer loop
      vertex 40 -40.200000000000003 0
      vertex 40.160000000000004 -40 0.040000000000000036
      vertex 40 -40 0
    endloop
  endfacet
  facet normal -0.24253562503632795 0 0.97014250014533321
    outer loop
      vertex 40.160000000000004 -24.159999999999986 0.040000000000000036
      vertex 40 -40 0
      vertex 40.160000000000004 -40 0.040000000000000036
    endloop
  endfacet
  facet normal -0.24253562503632767 0 0.9701425001453331
    outer loop
      vertex 40 -40 0
      vertex 40.160000000000004 -24.159999999999986 0.040000000000000036
      vertex 40.160000000000004 -20.199999999999999 0.040000000000000036
    endloop
  endfacet
  facet normal -0.24253562503632789 0 0.97014250014533321
    outer loop
      vertex 40 -40 0
      vertex 40.160000000000004 -20.199999999999999 0.040000000000000036
      vertex 40 -20.199999999999999 0
    endloop
  endfacet
  facet normal -0.23570226039551001 -0.23570226039553094 0.94280904158206102
    outer loop
      vertex 40.079999999999998 -20.120000000000001 0.040000000000000036
      vertex 40 -20.199999999999999 0
      vertex 40.160000000000004 -20.199999999999999 0.040000000000000036
    endloop
  endfacet
  facet normal -0.44721359549996598 0 0.89442719099991186
    outer loop
      vertex 40 -20.199999999999999 0
      vertex 40.079999999999998 -20.120000000000001 0.040000000000000036
      vertex 40.079999999999998 -20 0.040000000000000036
    endloop
  endfacet
  facet normal -0.44721359549996592 0 0.89442719099991186
    outer loop
      vertex 40 -20.199999999999999 0
      vertex 40.079999999999998 -20 0.040000000000000036
      vertex 40 -20 0
    endloop
  endfacet
  facet normal -0.44721359549996592 0 0.89442719099991186
    outer loop
      vertex 40.079999999999998 -16.079999999999998 0.040000000000000036
      vertex 40 -20 0
      vertex 40.079999999999998 -20 0.040000000000000036
    endloop
  endfacet
  facet normal -0.44721359549996581 0 0.89442719099991175
    outer loop
      vertex 40 -20 0
      vertex 40.079999999999998 -16.079999999999995 0.040000000000000036
      vertex 40.079999999999998 -10.199999999999999 0.040000000000000036
    endloop
  endfacet
  facet normal -0.44721359549996592 0 0.89442719099991197
    outer loop
      vertex 40 -20 0
      vertex 40.079999999999998 -10.199999999999999 0.040000000000000036
      vertex 40 -10.199999999999999 0
    endloop
  endfacet
  facet normal -0.43643578047199427 -0.21821789023597532 0.872871560943969
    outer loop
      vertex 40.053333333333335 -10.146666666666667 0.040000000000000036
      vertex 40 -10.199999999999999 0
      vertex 40.079999999999998 -10.199999999999999 0.040000000000000036
    endloop
  endfacet
  facet normal -0.59999999999999154 0 0.80000000000000626
    outer loop
      vertex 40 -10.199999999999999 0
      vertex 40.053333333333335 -10.146666666666667 0.040000000000000036
      vertex 40.053333333333335 -10 0.040000000000000036
    endloop
  endfacet
  facet normal -0.59999999999999154 0 0.80000000000000637
    outer loop
      vertex 40 -10.199999999999999 0
      vertex 40.053333333333335 -10 0.040000000000000036
      vertex 40 -10 0
    endloop
  endfacet
  facet normal -0.59999999999999154 0 0.80000000000000648
    outer loop
      vertex 40.053333333333335 -7.3333333333333304 0.040000000000000036
      vertex 40 -10 0
      vertex 40.053333333333335 -10 0.040000000000000036
    endloop
  endfacet
  facet normal -0.59999999999999143 0 0.80000000000000637
    outer loop
      vertex 40 -10 0
      vertex 40.053333333333335 -7.3333333333333304 0.040000000000000036
      vertex 40.053333333333335 0 0.040000000000000036
    endloop
  endfacet
  facet normal -0.59999999999999143 0 0.80000000000000637
    outer loop
      vertex 40 -10 0
      vertex 40.053333333333335 0 0.040000000000000036
      vertex 40 0 0
    endloop
  endfacet
  facet normal -0.58834840541454647 0.19611613513816037 0.78446454055274606
    outer loop
      vertex 40.079999999999998 0.080000000000000071 0.040000000000000036
      vertex 40 0 0
      vertex 40.053333333333335 0 0.040000000000000036
    endloop
  endfacet
  facet normal -0.44721359549996581 0 0.89442719099991197
    outer loop
      vertex 40 0 0
      vertex 40.079999999999998 0.080000000000000071 0.040000000000000036
      vertex 40.079999999999998 0.20000000000000001 0.040000000000000036
    endloop
  endfacet
  facet normal -0.44721359549996587 0 0.89442719099991186
    outer loop
      vertex 40 0 0
      vertex 40.079999999999998 0.20000000000000001 0.040000000000000036
      vertex 40 0.20000000000000001 0
    endloop
  endfacet
  facet normal -0.44721359549996592 0 0.89442719099991186
    outer loop
      vertex 40.079999999999998 4.1200000000000028 0.040000000000000036
      vertex 40 0.20000000000000001 0
      vertex 40.079999999999998 0.20000000000000001 0.040000000000000036
    endloop
  endfacet
  facet normal -0.44721359549996587 0 0.89442719099991186
    outer loop
      vertex 40 0.20000000000000001 0
      vertex 40.079999999999998 4.1200000000000037 0.040000000000000036
      vertex 40.079999999999998 10 0.040000000000000036
    endloop
  endfacet
  facet normal -0.44721359549996592 0 0.89442719099991197
    outer loop
      vertex 40 0.20000000000000001 0
      vertex 40.079999999999998 10 0.040000000000000036
      vertex 40 10 0
    endloop
  endfacet
  facet normal -0.43643578047199427 -0.21821789023597532 0.872871560943969
    outer loop
      vertex 40.053333333333335 10.053333333333333 0.040000000000000036
      vertex 40 10 0
      vertex 40.079999999999998 10 0.040000000000000036
    endloop
  endfacet
  facet normal -0.59999999999999154 0 0.80000000000000626
    outer loop
      vertex 40 10 0
      vertex 40.053333333333335 10.053333333333333 0.040000000000000036
      vertex 40.053333333333335 10.199999999999999 0.040000000000000036
    endloop
  endfacet
  facet normal -0.59999999999999154 0 0.80000000000000637
    outer loop
      vertex 40 10 0
      vertex 40.053333333333335 10.199999999999999 0.040000000000000036
      vertex 40 10.199999999999999 0
    endloop
  endfacet
  facet normal -0.59999999999999143 0 0.80000000000000637
    outer loop
      vertex 40.053333333333335 12.813333333333336 0.040000000000000036
      vertex 40 10.199999999999999 0
      vertex 40.053333333333335 10.199999999999999 0.040000000000000036
    endloop
  endfacet
  facet normal -0.59999999999999143 0 0.80000000000000637
    outer loop
      vertex 40 10.199999999999999 0
      vertex 40.053333333333335 12.813333333333336 0.040000000000000036
      vertex 40.053333333333335 20 0.040000000000000036
    endloop
  endfacet
  facet normal -0.59999999999999143 0 0.80000000000000637
    outer loop
      vertex 40 10.199999999999999 0
      vertex 40.053333333333335 20 0.040000000000000036
      vertex 40 20 0
    endloop
  endfacet
  facet normal -0.58834840541454603 0.19611613513816459 0.78446454055274539
    outer loop
      vertex 40.079999999999998 20.079999999999998 0.040000000000000036
      vertex 40 20 0
      vertex 40.053333333333335 20 0.040000000000000036
    endloop
  endfacet
  facet normal -0.44721359549996598 0 0.89442719099991186
    outer loop
      vertex 40 20 0
      vertex 40.079999999999998 20.079999999999998 0.040000000000000036
      vertex 40.079999999999998 20.199999999999999 0.040000000000000036
    endloop
  endfacet
  facet normal -0.44721359549996592 0 0.89442719099991186
    outer loop
      vertex 40 20 0
      vertex 40.079999999999998 20.199999999999999 0.040000000000000036
      vertex 40 20.199999999999999 0
    endloop
  endfacet
  facet normal -0.44721359549996581 0 0.89442719099991186
    outer loop
      vertex 40.079999999999998 28.120000000000005 0.040000000000000036
      vertex 40 20.199999999999999 0
      vertex 40.079999999999998 20.199999999999999 0.040000000000000036
    endloop
  endfacet
  facet normal -0.44721359549996587 0 0.89442719099991186
    outer loop
      vertex 40 20.199999999999999 0
      vertex 40.079999999999998 28.120000000000005 0.040000000000000036
      vertex 40.079999999999998 40 0.040000000000000036
    endloop
  endfacet
  facet normal -0.44721359549996587 0 0.89442719099991186
    outer loop
      vertex 40 20.199999999999999 0
      vertex 40.079999999999998 40 0.040000000000000036
      vertex 40 40 0
    endloop
  endfacet
  facet normal -0.43643578047199127 0.21821789023600532 0.87287156094396301
    outer loop
      vertex 40.160000000000004 40.160000000000004 0.040000000000000036
      vertex 40 40 0
      vertex 40.079999999999998 40 0.040000000000000036
    endloop
  endfacet
  facet normal -0.24253562503632792 0 0.97014250014533321
    outer loop
      vertex 40 40 0
      vertex 40.160000000000004 40.160000000000004 0.040000000000000036
      vertex 40.160000000000004 40.200000000000003 0.040000000000000036
    endloop
  endfacet
  facet normal -0.24253562503632789 0 0.9701425001453331
    outer loop
      vertex 40 40 0
      vertex 40.160000000000004 40.200000000000003 0.040000000000000036
      vertex 40 40.200000000000003 0
    endloop
  endfacet
  facet normal -0.24253562503632786 0 0.9701425001453331
    outer loop
      vertex 40.160000000000004 56.040000000000013 0.040000000000000036
      vertex 40 40.200000000000003 0
      vertex 40.160000000000004 40.200000000000003 0.040000000000000036
    endloop
  endfacet
  facet normal -0.242535625036328 0 0.9701425001453331
    outer loop
      vertex 40 40.200000000000003 0
      vertex 40.160000000000004 56.040000000000013 0.040000000000000036
      vertex 40.160000000000004 60 0.040000000000000036
    endloop
  endfacet
  facet normal -0.24253562503632792 0 0.9701425001453331
    outer loop
      vertex 40 40.200000000000003 0
      vertex 40.160000000000004 60 0.040000000000000036
      vertex 40 60 0
    endloop
  endfacet
  facet normal -0.23570226039551001 -0.23570226039553094 0.94280904158206102
    outer loop
      vertex 40.079999999999998 60.079999999999998 0.040000000000000036
      vertex 40 60 0
      vertex 40.160000000000004 60 0.040000000000000036
    endloop
  endfacet
  facet normal -0.44721359549996598 0 0.89442719099991197
    outer loop
      vertex 40 60 0
      vertex 40.079999999999998 60.079999999999998 0.040000000000000036
      vertex 40.079999999999998 60.200000000000003 0.040000000000000036
    endloop
  endfacet
  facet normal -0.44721359549996592 0 0.89442719099991186
    outer loop
      vertex 40 60 0
      vertex 40.079999999999998 60.200000000000003 0.040000000000000036
      vertex 40 60.200000000000003 0
    endloop
  endfacet
  facet normal -0.44721359549996592 0 0.89442719099991197
    outer loop
      vertex 40.079999999999998 68.120000000000005 0.040000000000000036
      vertex 40 60.200000000000003 0
      vertex 40.079999999999998 60.200000000000003 0.040000000000000036
    endloop
  endfacet
  facet normal -0.44721359549996581 0 0.89442719099991186
    outer loop
      vertex 40 60.200000000000003 0
      vertex 40.079999999999998 68.120000000000005 0.040000000000000036
      vertex 40.079999999999998 80 0.040000000000000036
    endloop
  endfacet
  facet normal -0.44721359549996587 0 0.89442719099991186
    outer loop
      vertex 40 60.200000000000003 0
      vertex 40.079999999999998 80 0.040000000000000036
      vertex 40 80 0
    endloop
  endfacet
  facet normal -0.40824829046386901 0.40824829046386907 0.81649658092771982
    outer loop
      vertex 40 80 0
      vertex 40.079999999999998 80 0.040000000000000036
      vertex 40.200000000000003 80.120000000000005 0.040000000000000036
    endloop
  endfacet
  facet normal -0.40824829046386907 0.40824829046386907 0.81649658092772004
    outer loop
      vertex 40 80 0
      vertex 40.200000000000003 80.120000000000005 0.040000000000000036
      vertex 40.200000000000003 80.200000000000003 0
    endloop
  endfacet
  facet normal 0 0 1
    outer loop
      vertex 40 80 0
      vertex 40.200000000000003 80.200000000000003 0
      vertex 40 80.200000000000003 0
    endloop
  endfacet
  facet normal 0 0 1
    outer loop
      vertex 40 80.200000000000003 0
      vertex 40.200000000000003 80.200000000000003 0
      vertex 40.200000000000003 100 0
    endloop
  endfacet
  facet normal 0 0 1
    outer loop
      vertex 40 80.200000000000003 0
      vertex 40.200000000000003 100 0
      vertex 40 100 0
    endloop
  endfacet
  facet normal -0 0.44721359549996587 0.89442719099991186
    outer loop
      vertex 40.32 80.120000000000005 0.040000000000000036
      vertex 40.399999999999999 80.120000000000005 0.040000000000000036
      vertex 40.399999999999999 80.200000000000003 0
    endloop
  endfacet
  facet normal -0 0.44721359549996587 0.89442719099991197
    outer loop
      vertex 40.200000000000003 80.120000000000005 0.040000000000000036
      vertex 40.32 80.120000000000005 0.040000000000000036
      vertex 40.399999999999999 80.200000000000003 0
    endloop
  endfacet
  facet normal 0 0.44721359549996598 0.89442719099991197
    outer loop
      vertex 40.200000000000003 80.120000000000005 0.040000000000000036
      vertex 40.399999999999999 80.200000000000003 0
      vertex 40.200000000000003 80.200000000000003 0
    endloop
  endfacet
  facet normal 0 0 1
    outer loop
      vertex 40.200000000000003 80.200000000000003 0
      vertex 40.399999999999999 80.200000000000003 0
      vertex 40.399999999999999 100 0
    endloop
  endfacet
  facet normal 0 0 1
    outer loop
      vertex 40.200000000000003 80.200000000000003 0
      vertex 40.399999999999999 100 0
      vertex 40.200000000000003 100 0
    endloop
  endfacet
  facet normal -0 0.44721359549996592 0.89442719099991197
    outer loop
      vertex 43.399999999999999 80.120000000000005 0.040000000000000036
      vertex 45.399999999999999 80.120000000000005 0.040000000000000036
      vertex 45.399999999999999 80.200000000000003 0
    endloop
  endfacet
  facet normal -0 0.44721359549996592 0.89442719099991197
    outer loop
      vertex 40.399999999999999 80.120000000000005 0.040000000000000036
      vertex 43.399999999999999 80.120000000000005 0.040000000000000036
      vertex 45.399999999999999 80.200000000000003 0
    endloop
  endfacet
  facet normal 0 0.44721359549996592 0.89442719099991197
    outer loop
      vertex 40.399999999999999 80.120000000000005 0.040000000000000036
      vertex 45.399999999999999 80.200000000000003 0
      vertex 40.399999999999999 80.200000000000003 0
    endloop
  endfacet
  facet normal 0 0 1
    outer loop
      vertex 40.399999999999999 80.200000000000003 0
      vertex 45.399999999999999 80.200000000000003 0
      vertex 45.399999999999999 100 0
    endloop
  endfacet
  facet normal 0 0 1
    outer loop
      vertex 40.399999999999999 80.200000000000003 0
      vertex 45.399999999999999 100 0
      vertex 40.399999999999999 100 0
    endloop
  endfacet
  facet normal -0 0.44721359549996587 0.89442719099991186
    outer loop
      vertex 45.520000000000003 80.120000000000005 0.040000000000000036
      vertex 45.600000000000001 80.120000000000005 0.040000000000000036
      vertex 45.600000000000001 80.200000000000003 0
    endloop
  endfacet
  facet normal -0 0.44721359549996592 0.89442719099991197
    outer loop
      vertex 45.399999999999999 80.120000000000005 0.040000000000000036
      vertex 45.520000000000003 80.120000000000005 0.040000000000000036
      vertex 45.600000000000001 80.200000000000003 0
    endloop
  endfacet
  facet normal 0 0.44721359549996592 0.89442719099991186
    outer loop
      vertex 45.399999999999999 80.120000000000005 0.040000000000000036
      vertex 45.600000000000001 80.200000000000003 0
      vertex 45.399999999999999 80.200000000000003 0
    endloop
  endfacet
  facet normal 0 0 1
    outer loop
      vertex 45.399999999999999 80.200000000000003 0
      vertex 45.600000000000001 80.200000000000003 0
      vertex 45.600000000000001 100 0
    endloop
  endfacet
  facet normal 0 0 1
    outer loop
      vertex 45.399999999999999 80.200000000000003 0
      vertex 45.600000000000001 100 0
      vertex 45.399999999999999 100 0
    endloop
  endfacet
  facet normal 0.24253562503633805 0 0.97014250014533066
    outer loop
      vertex 45.640000000000001 -96.04000000000002 0.040000000000000036
      vertex 45.640000000000001 -100 0.040000000000000036
      vertex 45.799999999999997 -100 0
    endloop
  endfacet
  facet normal 0.24253562503633808 0 0.97014250014533066
    outer loop
      vertex 45.640000000000001 -96.04000000000002 0.040000000000000036
      vertex 45.799999999999997 -100 0
      vertex 45.799999999999997 -80.200000000000003 0
    endloop
  endfacet
  facet normal 0.24253562503633805 -0 0.97014250014533066
    outer loop
      vertex 45.640000000000001 -96.04000000000002 0.040000000000000036
      vertex 45.799999999999997 -80.200000000000003 0
      vertex 45.640000000000001 -80.200000000000003 0.040000000000000036
    endloop
  endfacet
  facet normal 0.24253562503633805 0 0.97014250014533066
    outer loop
      vertex 45.640000000000001 -80.159999999999997 0.040000000000000036
      vertex 45.640000000000001 -80.200000000000003 0.040000000000000036
      vertex 45.799999999999997 -80.200000000000003 0
    endloop
  endfacet
  facet normal 0.24253562503633805 0 0.97014250014533054
    outer loop
      vertex 45.640000000000001 -80.159999999999997 0.040000000000000036
      vertex 45.799999999999997 -80.200000000000003 0
      vertex 45.799999999999997 -80 0
    endloop
  endfacet
  facet normal 0.55708601453115048 -0.37139067635409206 0.7427813527082171
    outer loop
      vertex 45.640000000000001 -80.159999999999997 0.040000000000000036
      vertex 45.799999999999997 -80 0
      vertex 45.746666666666663 -80 0.040000000000000036
    endloop
  endfacet
  facet normal 0.59999999999999143 0 0.80000000000000637
    outer loop
      vertex 45.746666666666663 -65.480000000000004 0.040000000000000036
      vertex 45.746666666666663 -80 0.040000000000000036
      vertex 45.799999999999997 -80 0
    endloop
  endfacet
  facet normal 0.59999999999999143 0 0.80000000000000648
    outer loop
      vertex 45.746666666666663 -65.480000000000004 0.040000000000000036
      vertex 45.799999999999997 -80 0
      vertex 45.799999999999997 -60.200000000000003 0
    endloop
  endfacet
  facet normal 0.59999999999999143 -0 0.80000000000000648
    outer loop
      vertex 45.746666666666663 -65.480000000000004 0.040000000000000036
      vertex 45.799999999999997 -60.200000000000003 0
      vertex 45.746666666666663 -60.200000000000003 0.040000000000000036
    endloop
  endfacet
  facet normal 0.59999999999999143 0 0.80000000000000637
    outer loop
      vertex 45.746666666666663 -60.053333333333335 0.040000000000000036
      vertex 45.746666666666663 -60.200000000000003 0.040000000000000036
      vertex 45.799999999999997 -60.200000000000003 0
    endloop
  endfacet
  facet normal 0.59999999999999143 0 0.80000000000000637
    outer loop
      vertex 45.746666666666663 -60.053333333333335 0.040000000000000036
      vertex 45.799999999999997 -60.200000000000003 0
      vertex 45.799999999999997 -60 0
    endloop
  endfacet
  facet normal 0.43643578047199488 0.21821789023596835 0.87287156094397045
    outer loop
      vertex 45.746666666666663 -60.053333333333335 0.040000000000000036
      vertex 45.799999999999997 -60 0
      vertex 45.719999999999999 -60 0.040000000000000036
    endloop
  endfacet
  facet normal 0.44721359549996592 0 0.89442719099991197
    outer loop
      vertex 45.719999999999999 -48.120000000000012 0.040000000000000036
      vertex 45.719999999999999 -60 0.040000000000000036
      vertex 45.799999999999997 -60 0
    endloop
  endfacet
  facet normal 0.44721359549996592 0 0.89442719099991186
    outer loop
      vertex 45.719999999999999 -48.120000000000012 0.040000000000000036
      vertex 45.799999999999997 -60 0
      vertex 45.799999999999997 -40.200000000000003 0
    endloop
  endfacet
  facet normal 0.44721359549996592 -0 0.89442719099991197
    outer loop
      vertex 45.719999999999999 -48.120000000000005 0.040000000000000036
      vertex 45.799999999999997 -40.200000000000003 0
      vertex 45.719999999999999 -40.200000000000003 0.040000000000000036
    endloop
  endfacet
  facet normal 0.44721359549996592 0 0.89442719099991197
    outer loop
      vertex 45.719999999999999 -40.079999999999998 0.040000000000000036
      vertex 45.719999999999999 -40.200000000000003 0.040000000000000036
      vertex 45.799999999999997 -40.200000000000003 0
    endloop
  endfacet
  facet normal 0.44721359549996592 0 0.89442719099991186
    outer loop
      vertex 45.719999999999999 -40.079999999999998 0.040000000000000036
      vertex 45.799999999999997 -40.200000000000003 0
      vertex 45.799999999999997 -40 0
    endloop
  endfacet
  facet normal 0.23570226039552053 0.23570226039552053 0.94280904158206114
    outer loop
      vertex 45.719999999999999 -40.079999999999998 0.040000000000000036
      vertex 45.799999999999997 -40 0
      vertex 45.640000000000001 -40 0.040000000000000036
    endloop
  endfacet
  facet normal 0.24253562503633802 0 0.97014250014533066
    outer loop
      vertex 45.640000000000001 -36.040000000000013 0.040000000000000036
      vertex 45.640000000000001 -40 0.040000000000000036
      vertex 45.799999999999997 -40 0
    endloop
  endfacet
  facet normal 0.24253562503633802 0 0.97014250014533054
    outer loop
      vertex 45.640000000000001 -36.040000000000013 0.040000000000000036
      vertex 45.799999999999997 -40 0
      vertex 45.799999999999997 -20.199999999999999 0
    endloop
  endfacet
  facet normal 0.24253562503633805 -0 0.97014250014533066
    outer loop
      vertex 45.640000000000001 -36.040000000000013 0.040000000000000036
      vertex 45.799999999999997 -20.199999999999999 0
      vertex 45.640000000000001 -20.199999999999999 0.040000000000000036
    endloop
  endfacet
  facet normal 0.24253562503633805 0 0.97014250014533066
    outer loop
      vertex 45.640000000000001 -20.16 0.040000000000000036
      vertex 45.640000000000001 -20.199999999999999 0.040000000000000036
      vertex 45.799999999999997 -20.199999999999999 0
    endloop
  endfacet
  facet normal 0.24253562503633808 0 0.97014250014533066
    outer loop
      vertex 45.640000000000001 -20.16 0.040000000000000036
      vertex 45.799999999999997 -20.199999999999999 0
      vertex 45.799999999999997 -20 0
    endloop
  endfacet
  facet normal 0.55708601453115214 -0.3713906763540849 0.74278135270821932
    outer loop
      vertex 45.640000000000001 -20.16 0.040000000000000036
      vertex 45.799999999999997 -20 0
      vertex 45.746666666666663 -20 0.040000000000000036
    endloop
  endfacet
  facet normal 0.59999999999999143 0 0.80000000000000637
    outer loop
      vertex 45.746666666666663 -12.813333333333336 0.040000000000000036
      vertex 45.746666666666663 -20 0.040000000000000036
      vertex 45.799999999999997 -20 0
    endloop
  endfacet
  facet normal 0.59999999999999132 0 0.80000000000000637
    outer loop
      vertex 45.746666666666663 -12.813333333333336 0.040000000000000036
      vertex 45.799999999999997 -20 0
      vertex 45.799999999999997 -10.199999999999999 0
    endloop
  endfacet
  facet normal 0.59999999999999143 -0 0.80000000000000637
    outer loop
      vertex 45.746666666666663 -12.813333333333336 0.040000000000000036
      vertex 45.799999999999997 -10.199999999999999 0
      vertex 45.746666666666663 -10.199999999999999 0.040000000000000036
    endloop
  endfacet
  facet normal 0.59999999999999143 0 0.80000000000000626
    outer loop
      vertex 45.746666666666663 -10.053333333333333 0.040000000000000036
      vertex 45.746666666666663 -10.199999999999999 0.040000000000000036
      vertex 45.799999999999997 -10.199999999999999 0
    endloop
  endfacet
  facet normal 0.59999999999999154 0 0.80000000000000637
    outer loop
      vertex 45.746666666666663 -10.053333333333333 0.040000000000000036
      vertex 45.799999999999997 -10.199999999999999 0
      vertex 45.799999999999997 -10 0
    endloop
  endfacet
  facet normal 0.6963106238227954 -0.17407765595572783 0.69631062382277975
    outer loop
      vertex 45.746666666666663 -10.053333333333333 0.040000000000000036
      vertex 45.799999999999997 -10 0
      vertex 45.759999999999998 -10 0.040000000000000036
    endloop
  endfacet
  facet normal 0.70710678118655534 0 0.70710678118653958
    outer loop
      vertex 45.759999999999998 -2.0000000000000018 0.040000000000000036
      vertex 45.759999999999998 -10 0.040000000000000036
      vertex 45.799999999999997 -10 0
    endloop
  endfacet
  facet normal 0.70710678118655534 0 0.70710678118653969
    outer loop
      vertex 45.759999999999998 -2.0000000000000018 0.040000000000000036
      vertex 45.799999999999997 -10 0
      vertex 45.799999999999997 0 0
    endloop
  endfacet
  facet normal 0.70710678118655534 -0 0.70710678118653969
    outer loop
      vertex 45.759999999999998 -2.0000000000000018 0.040000000000000036
      vertex 45.799999999999997 0 0
      vertex 45.759999999999998 0 0.040000000000000036
    endloop
  endfacet
  facet normal 0.70710678118655534 0 0.70710678118653958
    outer loop
      vertex 45.759999999999998 0.15999999999999998 0.040000000000000036
      vertex 45.759999999999998 0 0.040000000000000036
      vertex 45.799999999999997 0 0
    endloop
  endfacet
  facet normal 0.70710678118655534 0 0.70710678118653969
    outer loop
      vertex 45.759999999999998 0.15999999999999998 0.040000000000000036
      vertex 45.799999999999997 0 0
      vertex 45.799999999999997 0.20000000000000001 0
    endloop
  endfacet
  facet normal 0.40824829046387057 0.40824829046386152 0.81649658092772304
    outer loop
      vertex 45.759999999999998 0.15999999999999998 0.040000000000000036
      vertex 45.799999999999997 0.20000000000000001 0
      vertex 45.719999999999999 0.20000000000000001 0.040000000000000036
    endloop
  endfacet
  facet normal 0.44721359549996587 0 0.89442719099991175
    outer loop
      vertex 45.719999999999999 6.0799999999999965 0.040000000000000036
      vertex 45.719999999999999 0.20000000000000001 0.040000000000000036
      vertex 45.799999999999997 0.20000000000000001 0
    endloop
  endfacet
  facet normal 0.44721359549996592 0 0.89442719099991197
    outer loop
      vertex 45.719999999999999 6.0799999999999965 0.040000000000000036
      vertex 45.799999999999997 0.20000000000000001 0
      vertex 45.799999999999997 10 0
    endloop
  endfacet
  facet normal 0.44721359549996592 -0 0.89442719099991186
    outer loop
      vertex 45.719999999999999 6.0799999999999974 0.040000000000000036
      vertex 45.799999999999997 10 0
      vertex 45.719999999999999 10 0.040000000000000036
    endloop
  endfacet
  facet normal 0.44721359549996592 0 0.89442719099991186
    outer loop
      vertex 45.719999999999999 10.119999999999999 0.040000000000000036
      vertex 45.719999999999999 10 0.040000000000000036
      vertex 45.799999999999997 10 0
    endloop
  endfacet
  facet normal 0.44721359549996592 0 0.89442719099991186
    outer loop
      vertex 45.719999999999999 10.119999999999999 0.040000000000000036
      vertex 45.799999999999997 10 0
      vertex 45.799999999999997 10.199999999999999 0
    endloop
  endfacet
  facet normal 0.58834840541454647 -0.19611613513816037 0.78446454055274606
    outer loop
      vertex 45.719999999999999 10.119999999999999 0.040000000000000036
      vertex 45.799999999999997 10.199999999999999 0
      vertex 45.746666666666663 10.199999999999999 0.040000000000000036
    endloop
  endfacet
  facet normal 0.59999999999999143 0 0.80000000000000637
    outer loop
      vertex 45.746666666666663 17.386666666666663 0.040000000000000036
      vertex 45.746666666666663 10.199999999999999 0.040000000000000036
      vertex 45.799999999999997 10.199999999999999 0
    endloop
  endfacet
  facet normal 0.59999999999999132 0 0.80000000000000637
    outer loop
      vertex 45.746666666666663 17.386666666666663 0.040000000000000036
      vertex 45.799999999999997 10.199999999999999 0
      vertex 45.799999999999997 20 0
    endloop
  endfacet
  facet normal 0.59999999999999143 -0 0.80000000000000637
    outer loop
      vertex 45.746666666666663 17.386666666666663 0.040000000000000036
      vertex 45.799999999999997 20 0
      vertex 45.746666666666663 20 0.040000000000000036
    endloop
  endfacet
  facet normal 0.59999999999999143 0 0.80000000000000637
    outer loop
      vertex 45.746666666666663 20.146666666666665 0.040000000000000036
      vertex 45.746666666666663 20 0.040000000000000036
      vertex 45.799999999999997 20 0
    endloop
  endfacet
  facet normal 0.59999999999999143 0 0.80000000000000637
    outer loop
      vertex 45.746666666666663 20.146666666666665 0.040000000000000036
      vertex 45.799999999999997 20 0
      vertex 45.799999999999997 20.199999999999999 0
    endloop
  endfacet
  facet normal 0.43643578047199488 0.21821789023596835 0.87287156094397045
    outer loop
      vertex 45.746666666666663 20.146666666666665 0.040000000000000036
      vertex 45.799999999999997 20.199999999999999 0
      vertex 45.719999999999999 20.199999999999999 0.040000000000000036
    endloop
  endfacet
  facet normal 0.44721359549996598 0 0.89442719099991197
    outer loop
      vertex 45.719999999999999 32.079999999999991 0.040000000000000036
      vertex 45.719999999999999 20.199999999999999 0.040000000000000036
      vertex 45.799999999999997 20.199999999999999 0
    endloop
  endfacet
  facet normal 0.44721359549996587 0 0.89442719099991186
    outer loop
      vertex 45.719999999999999 32.079999999999991 0.040000000000000036
      vertex 45.799999999999997 20.199999999999999 0
      vertex 45.799999999999997 40 0
    endloop
  endfacet
  facet normal 0.44721359549996592 -0 0.89442719099991186
    outer loop
      vertex 45.719999999999999 32.079999999999991 0.040000000000000036
      vertex 45.799999999999997 40 0
      vertex 45.719999999999999 40 0.040000000000000036
    endloop
  endfacet
  facet normal 0.44721359549996592 0 0.89442719099991197
    outer loop
      vertex 45.719999999999999 40.120000000000005 0.040000000000000036
      vertex 45.719999999999999 40 0.040000000000000036
      vertex 45.799999999999997 40 0
    endloop
  endfacet
  facet normal 0.44721359549996592 0 0.89442719099991186
    outer loop
      vertex 45.719999999999999 40.120000000000005 0.040000000000000036
      vertex 45.799999999999997 40 0
      vertex 45.799999999999997 40.200000000000003 0
    endloop
  endfacet
  facet normal 0.23570226039552053 0.23570226039552053 0.94280904158206114
    outer loop
      vertex 45.719999999999999 40.120000000000005 0.040000000000000036
      vertex 45.799999999999997 40.200000000000003 0
      vertex 45.640000000000001 40.200000000000003 0.040000000000000036
    endloop
  endfacet
  facet normal 0.24253562503633802 0 0.97014250014533066
    outer loop
      vertex 45.640000000000001 44.159999999999989 0.040000000000000036
      vertex 45.640000000000001 40.200000000000003 0.040000000000000036
      vertex 45.799999999999997 40.200000000000003 0
    endloop
  endfacet
  facet normal 0.24253562503633802 0 0.97014250014533066
    outer loop
      vertex 45.640000000000001 44.159999999999989 0.040000000000000036
      vertex 45.799999999999997 40.200000000000003 0
      vertex 45.799999999999997 60 0
    endloop
  endfacet
  facet normal 0.24253562503633802 -0 0.97014250014533066
    outer loop
      vertex 45.640000000000001 44.159999999999989 0.040000000000000036
      vertex 45.799999999999997 60 0
      vertex 45.640000000000001 60 0.040000000000000036
    endloop
  endfacet
  facet normal 0.24253562503633805 0 0.97014250014533066
    outer loop
      vertex 45.640000000000001 60.039999999999999 0.040000000000000036
      vertex 45.640000000000001 60 0.040000000000000036
      vertex 45.799999999999997 60 0
    endloop
  endfacet
  facet normal 0.24253562503633805 0 0.97014250014533054
    outer loop
      vertex 45.640000000000001 60.039999999999999 0.040000000000000036
      vertex 45.799999999999997 60 0
      vertex 45.799999999999997 60.200000000000003 0
    endloop
  endfacet
  facet normal 0.43643578047199311 -0.21821789023598684 0.87287156094396678
    outer loop
      vertex 45.640000000000001 60.039999999999999 0.040000000000000036
      vertex 45.799999999999997 60.200000000000003 0
      vertex 45.719999999999999 60.200000000000003 0.040000000000000036
    endloop
  endfacet
  facet normal 0.44721359549996587 0 0.89442719099991186
    outer loop
      vertex 45.719999999999999 72.079999999999998 0.040000000000000036
      vertex 45.719999999999999 60.200000000000003 0.040000000000000036
      vertex 45.799999999999997 60.200000000000003 0
    endloop
  endfacet
  facet normal 0.44721359549996592 0 0.89442719099991186
    outer loop
      vertex 45.719999999999999 72.079999999999998 0.040000000000000036
      vertex 45.799999999999997 60.200000000000003 0
      vertex 45.799999999999997 80 0
    endloop
  endfacet
  facet normal 0.44721359549996592 -0 0.89442719099991197
    outer loop
      vertex 45.719999999999999 72.079999999999998 0.040000000000000036
      vertex 45.799999999999997 80 0
      vertex 45.719999999999999 80 0.040000000000000036
    endloop
  endfacet
  facet normal 0.44721359549996592 0 0.89442719099991197
    outer loop
      vertex 45.719999999999999 80.120000000000005 0.040000000000000036
      vertex 45.719999999999999 80 0.040000000000000036
      vertex 45.799999999999997 80 0
    endloop
  endfacet
  facet normal 0.44721359549996592 0 0.89442719099991186
    outer loop
      vertex 45.719999999999999 80.120000000000005 0.040000000000000036
      vertex 45.799999999999997 80 0
      vertex 45.799999999999997 80.200000000000003 0
    endloop
  endfacet
  facet normal -0 0.44721359549996587 0.89442719099991197
    outer loop
      vertex 45.600000000000001 80.120000000000005 0.040000000000000036
      vertex 45.719999999999999 80.120000000000005 0.040000000000000036
      vertex 45.799999999999997 80.200000000000003 0
    endloop
  endfacet
  facet normal 0 0.44721359549996598 0.89442719099991197
    outer loop
      vertex 45.600000000000001 80.120000000000005 0.040000000000000036
      vertex 45.799999999999997 80.200000000000003 0
      vertex 45.600000000000001 80.200000000000003 0
    endloop
  endfacet
  facet normal 0 0 1
    outer loop
      vertex 45.600000000000001 80.200000000000003 0
      vertex 45.799999999999997 80.200000000000003 0
      vertex 45.799999999999997 100 0
    endloop
  endfacet
  facet normal 0 0 1
    outer loop
      vertex 45.600000000000001 80.200000000000003 0
      vertex 45.799999999999997 100 0
      vertex 45.600000000000001 100 0
    endloop
  endfacet
  facet normal 0 0 1
    outer loop
      vertex 45.799999999999997 -100 0
      vertex 46 -100 0
      vertex 46 -80.200000000000003 0
    endloop
  endfacet
  facet normal 0 0 1
    outer loop
      vertex 45.799999999999997 -100 0
      vertex 46 -80.200000000000003 0
      vertex 45.799999999999997 -80.200000000000003 0
    endloop
  endfacet
  facet normal 0 0 1
    outer loop
      vertex 45.799999999999997 -80.200000000000003 0
      vertex 46 -80.200000000000003 0
      vertex 46 -80 0
    endloop
  endfacet
  facet normal 0 0 1
    outer loop
      vertex 45.799999999999997 -80.200000000000003 0
      vertex 46 -80 0
      vertex 45.799999999999997 -80 0
    endloop
  endfacet
  facet normal 0 0 1
    outer loop
      vertex 45.799999999999997 -80 0
      vertex 46 -80 0
      vertex 46 -60.200000000000003 0
    endloop
  endfacet
  facet normal 0 0 1
    outer loop
      vertex 45.799999999999997 -80 0
      vertex 46 -60.200000000000003 0
      vertex 45.799999999999997 -60.200000000000003 0
    endloop
  endfacet
  facet normal 0 0 1
    outer loop
      vertex 45.799999999999997 -60.200000000000003 0
      vertex 46 -60.200000000000003 0
      vertex 46 -60 0
    endloop
  endfacet
  facet normal 0 0 1
    outer loop
      vertex 45.799999999999997 -60.200000000000003 0
      vertex 46 -60 0
      vertex 45.799999999999997 -60 0
    endloop
  endfacet
  facet normal 0 0 1
    outer loop
      vertex 45.799999999999997 -60 0
      vertex 46 -60 0
      vertex 46 -40.200000000000003 0
    endloop
  endfacet
  facet normal 0 0 1
    outer loop
      vertex 45.799999999999997 -60 0
      vertex 46 -40.200000000000003 0
      vertex 45.799999999999997 -40.200000000000003 0
    endloop
  endfacet
  facet normal 0 0 1
    outer loop
      vertex 45.799999999999997 -40.200000000000003 0
      vertex 46 -40.200000000000003 0
      vertex 46 -40 0
    endloop
  endfacet
  facet normal 0 0 1
    outer loop
      vertex 45.799999999999997 -40.200000000000003 0
      vertex 46 -40 0
      vertex 45.799999999999997 -40 0
    endloop
  endfacet
  facet normal 0 0 1
    outer loop
      vertex 45.799999999999997 -40 0
      vertex 46 -40 0
      vertex 46 -20.199999999999999 0
    endloop
  endfacet
  facet normal 0 0 1
    outer loop
      vertex 45.799999999999997 -40 0
      vertex 46 -20.199999999999999 0
      vertex 45.799999999999997 -20.199999999999999 0
    endloop
  endfacet
  facet normal 0 0 1
    outer loop
      vertex 45.799999999999997 -20.199999999999999 0
      vertex 46 -20.199999999999999 0
      vertex 46 -20 0
    endloop
  endfacet
  facet normal 0 0 1
    outer loop
      vertex 45.799999999999997 -20.199999999999999 0
      vertex 46 -20 0
      vertex 45.799999999999997 -20 0
    endloop
  endfacet
  facet normal 0 0 1
    outer loop
      vertex 45.799999999999997 -20 0
      vertex 46 -20 0
      vertex 46 -10.199999999999999 0
    endloop
  endfacet
  facet normal 0 0 1
    outer loop
      vertex 45.799999999999997 -20 0
      vertex 46 -10.199999999999999 0
      vertex 45.799999999999997 -10.199999999999999 0
    endloop
  endfacet
  facet normal 0 0 1
    outer loop
      vertex 45.799999999999997 -10.199999999999999 0
      vertex 46 -10.199999999999999 0
      vertex 46 -10 0
    endloop
  endfacet
  facet normal 0 0 1
    outer loop
      vertex 45.799999999999997 -10.199999999999999 0
      vertex 46 -10 0
      vertex 45.799999999999997 -10 0
    endloop
  endfacet
  facet normal 0 0 1
    outer loop
      vertex 45.799999999999997 -10 0
      vertex 46 -10 0
      vertex 46 0 0
    endloop
  endfacet
  facet normal 0 0 1
    outer loop
      vertex 45.799999999999997 -10 0
      vertex 46 0 0
      vertex 45.799999999999997 0 0
    endloop
  endfacet
  facet normal 0 0 1
    outer loop
      vertex 45.799999999999997 0 0
      vertex 46 0 0
      vertex 46 0.20000000000000001 0
    endloop
  endfacet
  facet normal 0 0 1
    outer loop
      vertex 45.799999999999997 0 0
      vertex 46 0.20000000000000001 0
      vertex 45.799999999999997 0.20000000000000001 0
    endloop
  endfacet
  facet normal 0 0 1
    outer loop
      vertex 45.799999999999997 0.20000000000000001 0
      vertex 46 0.20000000000000001 0
      vertex 46 10 0
    endloop
  endfacet
  facet normal 0 0 1
    outer loop
      vertex 45.799999999999997 0.20000000000000001 0
      vertex 46 10 0
      vertex 45.799999999999997 10 0
    endloop
  endfacet
  facet normal 0 0 1
    outer loop
      vertex 45.799999999999997 10 0
      vertex 46 10 0
      vertex 46 10.199999999999999 0
    endloop
  endfacet
  facet normal 0 0 1
    outer loop
      vertex 45.799999999999997 10 0
      vertex 46 10.199999999999999 0
      vertex 45.799999999999997 10.199999999999999 0
    endloop
  endfacet
  facet normal 0 0 1
    outer loop
      vertex 45.799999999999997 10.199999999999999 0
      vertex 46 10.199999999999999 0
      vertex 46 20 0
    endloop
  endfacet
  facet normal 0 0 1
    outer loop
      vertex 45.799999999999997 10.199999999999999 0
      vertex 46 20 0
      vertex 45.799999999999997 20 0
    endloop
  endfacet
  facet normal 0 0 1
    outer loop
      vertex 45.799999999999997 20 0
      vertex 46 20 0
      vertex 46 20.199999999999999 0
    endloop
  endfacet
  facet normal 0 0 1
    outer loop
      vertex 45.799999999999997 20 0
      vertex 46 20.199999999999999 0
      vertex 45.799999999999997 20.199999999999999 0
    endloop
  endfacet
  facet normal 0 0 1
    outer loop
      vertex 45.799999999999997 20.199999999999999 0
      vertex 46 20.199999999999999 0
      vertex 46 40 0
    endloop
  endfacet
  facet normal 0 0 1
    outer loop
      vertex 45.799999999999997 20.199999999999999 0
      vertex 46 40 0
      vertex 45.799999999999997 40 0
    endloop
  endfacet
  facet normal 0 0 1
    outer loop
      vertex 45.799999999999997 40 0
      vertex 46 40 0
      vertex 46 40.200000000000003 0
    endloop
  endfacet
  facet normal 0 0 1
    outer loop
      vertex 45.799999999999997 40 0
      vertex 46 40.200000000000003 0
      vertex 45.799999999999997 40.200000000000003 0
    endloop
  endfacet
  facet normal 0 0 1
    outer loop
      vertex 45.799999999999997 40.200000000000003 0
      vertex 46 40.200000000000003 0
      vertex 46 60 0
    endloop
  endfacet
  facet normal 0 0 1
    outer loop
      vertex 45.799999999999997 40.200000000000003 0
      vertex 46 60 0
      vertex 45.799999999999997 60 0
    endloop
  endfacet
  facet normal 0 0 1
    outer loop
      vertex 45.799999999999997 60 0
      vertex 46 60 0
      vertex 46 60.200000000000003 0
    endloop
  endfacet
  facet normal 0 0 1
    outer loop
      vertex 45.799999999999997 60 0
      vertex 46 60.200000000000003 0
      vertex 45.799999999999997 60.200000000000003 0
    endloop
  endfacet
  facet normal 0 0 1
    outer loop
      vertex 45.799999999999997 60.200000000000003 0
      vertex 46 60.200000000000003 0
      vertex 46 80 0
    endloop
  endfacet
  facet normal 0 0 1
    outer loop
      vertex 45.799999999999997 60.200000000000003 0
      vertex 46 80 0
      vertex 45.799999999999997 80 0
    endloop
  endfacet
  facet normal 0 0 1
    outer loop
      vertex 45.799999999999997 80 0
      vertex 46 80 0
      vertex 46 80.200000000000003 0
    endloop
  endfacet
  facet normal 0 0 1
    outer loop
      vertex 45.799999999999997 80 0
      vertex 46 80.200000000000003 0
      vertex 45.799999999999997 80.200000000000003 0
    endloop
  endfacet
  facet normal 0 0 1
    outer loop
      vertex 45.799999999999997 80.200000000000003 0
      vertex 46 80.200000000000003 0
      vertex 46 100 0
    endloop
  endfacet
  facet normal 0 0 1
    outer loop
      vertex 45.799999999999997 80.200000000000003 0
      vertex 46 100 0
      vertex 45.799999999999997 100 0
    endloop
  endfacet
  facet normal 0 0 1
    outer loop
      vertex 46 -100 0
      vertex 46.200000000000003 -100 0
      vertex 46.200000000000003 -80.200000000000003 0
    endloop
  endfacet
  facet normal 0 0 1
    outer loop
      vertex 46 -100 0
      vertex 46.200000000000003 -80.200000000000003 0
      vertex 46 -80.200000000000003 0
    endloop
  endfacet
  facet normal 0 0 1
    outer loop
      vertex 46 -80.200000000000003 0
      vertex 46.200000000000003 -80.200000000000003 0
      vertex 46.200000000000003 -80 0
    endloop
  endfacet
  facet normal 0 0 1
    outer loop
      vertex 46 -80.200000000000003 0
      vertex 46.200000000000003 -80 0
      vertex 46 -80 0
    endloop
  endfacet
  facet normal 0 0 1
    outer loop
      vertex 46 -80 0
      vertex 46.200000000000003 -80 0
      vertex 46.200000000000003 -60.200000000000003 0
    endloop
  endfacet
  facet normal 0 0 1
    outer loop
      vertex 46 -80 0
      vertex 46.200000000000003 -60.200000000000003 0
      vertex 46 -60.200000000000003 0
    endloop
  endfacet
  facet normal 0 0 1
    outer loop
      vertex 46 -60.200000000000003 0
      vertex 46.200000000000003 -60.200000000000003 0
      vertex 46.200000000000003 -60 0
    endloop
  endfacet
  facet normal 0 0 1
    outer loop
      vertex 46 -60.200000000000003 0
      vertex 46.200000000000003 -60 0
      vertex 46 -60 0
    endloop
  endfacet
  facet normal 0 0 1
    outer loop
      vertex 46 -60 0
      vertex 46.200000000000003 -60 0
      vertex 46.200000000000003 -40.200000000000003 0
    endloop
  endfacet
  facet normal 0 0 1
    outer loop
      vertex 46 -60 0
      vertex 46.200000000000003 -40.200000000000003 0
      vertex 46 -40.200000000000003 0
    endloop
  endfacet
  facet normal 0 0 1
    outer loop
      vertex 46 -40.200000000000003 0
      vertex 46.200000000000003 -40.200000000000003 0
      vertex 46.200000000000003 -40 0
    endloop
  endfacet
  facet normal 0 0 1
    outer loop
      vertex 46 -40.200000000000003 0
      vertex 46.200000000000003 -40 0
      vertex 46 -40 0
    endloop
  endfacet
  facet normal 0 0 1
    outer loop
      vertex 46 -40 0
      vertex 46.200000000000003 -40 0
      vertex 46.200000000000003 -20.199999999999999 0
    endloop
  endfacet
  facet normal 0 0 1
    outer loop
      vertex 46 -40 0
      vertex 46.200000000000003 -20.199999999999999 0
      vertex 46 -20.199999999999999 0
    endloop
  endfacet
  facet normal 0 0 1
    outer loop
      vertex 46 -20.199999999999999 0
      vertex 46.200000000000003 -20.199999999999999 0
      vertex 46.200000000000003 -20 0
    endloop
  endfacet
  facet normal 0 0 1
    outer loop
      vertex 46 -20.199999999999999 0
      vertex 46.200000000000003 -20 0
      vertex 46 -20 0
    endloop
  endfacet
  facet normal 0 0 1
    outer loop
      vertex 46 -20 0
      vertex 46.200000000000003 -20 0
      vertex 46.200000000000003 -10.199999999999999 0
    endloop
  endfacet
  facet normal 0 0 1
    outer loop
      vertex 46 -20 0
      vertex 46.200000000000003 -10.199999999999999 0
      vertex 46 -10.199999999999999 0
    endloop
  endfacet
  facet normal 0 0 1
    outer loop
      vertex 46 -10.199999999999999 0
      vertex 46.200000000000003 -10.199999999999999 0
      vertex 46.200000000000003 -10 0
    endloop
  endfacet
  facet normal 0 0 1
    outer loop
      vertex 46 -10.199999999999999 0
      vertex 46.200000000000003 -10 0
      vertex 46 -10 0
    endloop
  endfacet
  facet normal 0 0 1
    outer loop
      vertex 46 -10 0
      vertex 46.200000000000003 -10 0
      vertex 46.200000000000003 0 0
    endloop
  endfacet
  facet normal 0 0 1
    outer loop
      vertex 46 -10 0
      vertex 46.200000000000003 0 0
      vertex 46 0 0
    endloop
  endfacet
  facet normal 0 0 1
    outer loop
      vertex 46 0 0
      vertex 46.200000000000003 0 0
      vertex 46.200000000000003 0.20000000000000001 0
    endloop
  endfacet
  facet normal 0 0 1
    outer loop
      vertex 46 0 0
      vertex 46.200000000000003 0.20000000000000001 0
      vertex 46 0.20000000000000001 0
    endloop
  endfacet
  facet normal 0 0 1
    outer loop
      vertex 46 0.20000000000000001 0
      vertex 46.200000000000003 0.20000000000000001 0
      vertex 46.200000000000003 10 0
    endloop
  endfacet
  facet normal 0 0 1
    outer loop
      vertex 46 0.20000000000000001 0
      vertex 46.200000000000003 10 0
      vertex 46 10 0
    endloop
  endfacet
  facet normal 0 0 1
    outer loop
      vertex 46 10 0
      vertex 46.200000000000003 10 0
      vertex 46.200000000000003 10.199999999999999 0
    endloop
  endfacet
  facet normal 0 0 1
    outer loop
      vertex 46 10 0
      vertex 46.200000000000003 10.199999999999999 0
      vertex 46 10.199999999999999 0
    endloop
  endfacet
  facet normal 0 0 1
    outer loop
      vertex 46 10.199999999999999 0
      vertex 46.200000000000003 10.199999999999999 0
      vertex 46.200000000000003 20 0
    endloop
  endfacet
  facet normal 0 0 1
    outer loop
      vertex 46 10.199999999999999 0
      vertex 46.200000000000003 20 0
      vertex 46 20 0
    endloop
  endfacet
  facet normal 0 0 1
    outer loop
      vertex 46 20 0
      vertex 46.200000000000003 20 0
      vertex 46.200000000000003 20.199999999999999 0
    endloop
  endfacet
  facet normal 0 0 1
    outer loop
      vertex 46 20 0
      vertex 46.200000000000003 20.199999999999999 0
      vertex 46 20.199999999999999 0
    endloop
  endfacet
  facet normal 0 0 1
    outer loop
      vertex 46 20.199999999999999 0
      vertex 46.200000000000003 20.199999999999999 0
      vertex 46.200000000000003 40 0
    endloop
  endfacet
  facet normal 0 0 1
    outer loop
      vertex 46 20.199999999999999 0
      vertex 46.200000000000003 40 0
      vertex 46 40 0
    endloop
  endfacet
  facet normal 0 0 1
    outer loop
      vertex 46 40 0
      vertex 46.200000000000003 40 0
      vertex 46.200000000000003 40.200000000000003 0
    endloop
  endfacet
  facet normal 0 0 1
    outer loop
      vertex 46 40 0
      vertex 46.200000000000003 40.200000000000003 0
      vertex 46 40.200000000000003 0
    endloop
  endfacet
  facet normal 0 0 1
    outer loop
      vertex 46 40.200000000000003 0
      vertex 46.200000000000003 40.200000000000003 0
      vertex 46.200000000000003 60 0
    endloop
  endfacet
  facet normal 0 0 1
    outer loop
      vertex 46 40.200000000000003 0
      vertex 46.200000000000003 60 0
      vertex 46 60 0
    endloop
  endfacet
  facet normal 0 0 1
    outer loop
      vertex 46 60 0
      vertex 46.200000000000003 60 0
      vertex 46.200000000000003 60.200000000000003 0
    endloop
  endfacet
  facet normal 0 0 1
    outer loop
      vertex 46 60 0
      vertex 46.200000000000003 60.200000000000003 0
      vertex 46 60.200000000000003 0
    endloop
  endfacet
  facet normal 0 0 1
    outer loop
      vertex 46 60.200000000000003 0
      vertex 46.200000000000003 60.200000000000003 0
      vertex 46.200000000000003 80 0
    endloop
  endfacet
  facet normal 0 0 1
    outer loop
      vertex 46 60.200000000000003 0
      vertex 46.200000000000003 80 0
      vertex 46 80 0
    endloop
  endfacet
  facet normal 0 0 1
    outer loop
      vertex 46 80 0
      vertex 46.200000000000003 80 0
      vertex 46.200000000000003 80.200000000000003 0
    endloop
  endfacet
  facet normal 0 0 1
    outer loop
      vertex 46 80 0
      vertex 46.200000000000003 80.200000000000003 0
      vertex 46 80.200000000000003 0
    endloop
  endfacet
  facet normal 0 0 1
    outer loop
      vertex 46 80.200000000000003 0
      vertex 46.200000000000003 80.200000000000003 0
      vertex 46.200000000000003 100 0
    endloop
  endfacet
  facet normal 0 0 1
    outer loop
      vertex 46 80.200000000000003 0
      vertex 46.200000000000003 100 0
      vertex 46 100 0
    endloop
  endfacet
  facet normal 0 0 1
    outer loop
      vertex 46.200000000000003 -100 0
      vertex 51.200000000000003 -100 0
      vertex 51.200000000000003 -80.200000000000003 0
    endloop
  endfacet
  facet normal 0 0 1
    outer loop
      vertex 46.200000000000003 -100 0
      vertex 51.200000000000003 -80.200000000000003 0
      vertex 46.200000000000003 -80.200000000000003 0
    endloop
  endfacet
  facet normal 0 0 1
    outer loop
      vertex 46.200000000000003 -80.200000000000003 0
      vertex 51.200000000000003 -80.200000000000003 0
      vertex 51.200000000000003 -80 0
    endloop
  endfacet
  facet normal 0 0 1
    outer loop
      vertex 46.200000000000003 -80.200000000000003 0
      vertex 51.200000000000003 -80 0
      vertex 46.200000000000003 -80 0
    endloop
  endfacet
  facet normal 0 0 1
    outer loop
      vertex 46.200000000000003 -80 0
      vertex 51.200000000000003 -80 0
      vertex 51.200000000000003 -60.200000000000003 0
    endloop
  endfacet
  facet normal 0 0 1
    outer loop
      vertex 46.200000000000003 -80 0
      vertex 51.200000000000003 -60.200000000000003 0
      vertex 46.200000000000003 -60.200000000000003 0
    endloop
  endfacet
  facet normal 0 0 1
    outer loop
      vertex 46.200000000000003 -60.200000000000003 0
      vertex 51.200000000000003 -60.200000000000003 0
      vertex 51.200000000000003 -60 0
    endloop
  endfacet
  facet normal 0 0 1
    outer loop
      vertex 46.200000000000003 -60.200000000000003 0
      vertex 51.200000000000003 -60 0
      vertex 46.200000000000003 -60 0
    endloop
  endfacet
  facet normal 0 0 1
    outer loop
      vertex 46.200000000000003 -60 0
      vertex 51.200000000000003 -60 0
      vertex 51.200000000000003 -40.200000000000003 0
    endloop
  endfacet
  facet normal 0 0 1
    outer loop
      vertex 46.200000000000003 -60 0
      vertex 51.200000000000003 -40.200000000000003 0
      vertex 46.200000000000003 -40.200000000000003 0
    endloop
  endfacet
  facet normal 0 0 1
    outer loop
      vertex 46.200000000000003 -40.200000000000003 0
      vertex 51.200000000000003 -40.200000000000003 0
      vertex 51.200000000000003 -40 0
    endloop
  endfacet
  facet normal 0 0 1
    outer loop
      vertex 46.200000000000003 -40.200000000000003 0
      vertex 51.200000000000003 -40 0
      vertex 46.200000000000003 -40 0
    endloop
  endfacet
  facet normal 0 0 1
    outer loop
      vertex 46.200000000000003 -40 0
      vertex 51.200000000000003 -40 0
      vertex 51.200000000000003 -20.199999999999999 0
    endloop
  endfacet
  facet normal 0 0 1
    outer loop
      vertex 46.200000000000003 -40 0
      vertex 51.200000000000003 -20.199999999999999 0
      vertex 46.200000000000003 -20.199999999999999 0
    endloop
  endfacet
  facet normal 0 0 1
    outer loop
      vertex 46.200000000000003 -20.199999999999999 0
      vertex 51.200000000000003 -20.199999999999999 0
      vertex 51.200000000000003 -20 0
    endloop
  endfacet
  facet normal 0 0 1
    outer loop
      vertex 46.200000000000003 -20.199999999999999 0
      vertex 51.200000000000003 -20 0
      vertex 46.200000000000003 -20 0
    endloop
  endfacet
  facet normal 0 0 1
    outer loop
      vertex 46.200000000000003 -20 0
      vertex 51.200000000000003 -20 0
      vertex 51.200000000000003 -10.199999999999999 0
    endloop
  endfacet
  facet normal 0 0 1
    outer loop
      vertex 46.200000000000003 -20 0
      vertex 51.200000000000003 -10.199999999999999 0
      vertex 46.200000000000003 -10.199999999999999 0
    endloop
  endfacet
  facet normal 0 0 1
    outer loop
      vertex 46.200000000000003 -10.199999999999999 0
      vertex 51.200000000000003 -10.199999999999999 0
      vertex 51.200000000000003 -10 0
    endloop
  endfacet
  facet normal 0 0 1
    outer loop
      vertex 46.200000000000003 -10.199999999999999 0
      vertex 51.200000000000003 -10 0
      vertex 46.200000000000003 -10 0
    endloop
  endfacet
  facet normal 0 0 1
    outer loop
      vertex 46.200000000000003 -10 0
      vertex 51.200000000000003 -10 0
      vertex 51.200000000000003 0 0
    endloop
  endfacet
  facet normal 0 0 1
    outer loop
      vertex 46.200000000000003 -10 0
      vertex 51.200000000000003 0 0
      vertex 46.200000000000003 0 0
    endloop
  endfacet
  facet normal 0 0 1
    outer loop
      vertex 46.200000000000003 0 0
      vertex 51.200000000000003 0 0
      vertex 51.200000000000003 0.20000000000000001 0
    endloop
  endfacet
  facet normal 0 0 1
    outer loop
      vertex 46.200000000000003 0 0
      vertex 51.200000000000003 0.20000000000000001 0
      vertex 46.200000000000003 0.20000000000000001 0
    endloop
  endfacet
  facet normal 0 0 1
    outer loop
      vertex 46.200000000000003 0.20000000000000001 0
      vertex 51.200000000000003 0.20000000000000001 0
      vertex 51.200000000000003 10 0
    endloop
  endfacet
  facet normal 0 0 1
    outer loop
      vertex 46.200000000000003 0.20000000000000001 0
      vertex 51.200000000000003 10 0
      vertex 46.200000000000003 10 0
    endloop
  endfacet
  facet normal 0 0 1
    outer loop
      vertex 46.200000000000003 10 0
      vertex 51.200000000000003 10 0
      vertex 51.200000000000003 10.199999999999999 0
    endloop
  endfacet
  facet normal 0 0 1
    outer loop
      vertex 46.200000000000003 10 0
      vertex 51.200000000000003 10.199999999999999 0
      vertex 46.200000000000003 10.199999999999999 0
    endloop
  endfacet
  facet normal 0 0 1
    outer loop
      vertex 46.200000000000003 10.199999999999999 0
      vertex 51.200000000000003 10.199999999999999 0
      vertex 51.200000000000003 20 0
    endloop
  endfacet
  facet normal 0 0 1
    outer loop
      vertex 46.200000000000003 10.199999999999999 0
      vertex 51.200000000000003 20 0
      vertex 46.200000000000003 20 0
    endloop
  endfacet
  facet normal 0 0 1
    outer loop
      vertex 46.200000000000003 20 0
      vertex 51.200000000000003 20 0
      vertex 51.200000000000003 20.199999999999999 0
    endloop
  endfacet
  facet normal 0 0 1
    outer loop
      vertex 46.200000000000003 20 0
      vertex 51.200000000000003 20.199999999999999 0
      vertex 46.200000000000003 20.199999999999999 0
    endloop
  endfacet
  facet normal 0 0 1
    outer loop
      vertex 46.200000000000003 20.199999999999999 0
      vertex 51.200000000000003 20.199999999999999 0
      vertex 51.200000000000003 40 0
    endloop
  endfacet
  facet normal 0 0 1
    outer loop
      vertex 46.200000000000003 20.199999999999999 0
      vertex 51.200000000000003 40 0
      vertex 46.200000000000003 40 0
    endloop
  endfacet
  facet normal 0 0 1
    outer loop
      vertex 46.200000000000003 40 0
      vertex 51.200000000000003 40 0
      vertex 51.200000000000003 40.200000000000003 0
    endloop
  endfacet
  facet normal 0 0 1
    outer loop
      vertex 46.200000000000003 40 0
      vertex 51.200000000000003 40.200000000000003 0
      vertex 46.200000000000003 40.200000000000003 0
    endloop
  endfacet
  facet normal 0 0 1
    outer loop
      vertex 46.200000000000003 40.200000000000003 0
      vertex 51.200000000000003 40.200000000000003 0
      vertex 51.200000000000003 60 0
    endloop
  endfacet
  facet normal 0 0 1
    outer loop
      vertex 46.200000000000003 40.200000000000003 0
      vertex 51.200000000000003 60 0
      vertex 46.200000000000003 60 0
    endloop
  endfacet
  facet normal 0 0 1
    outer loop
      vertex 46.200000000000003 60 0
      vertex 51.200000000000003 60 0
      vertex 51.200000000000003 60.200000000000003 0
    endloop
  endfacet
  facet normal 0 0 1
    outer loop
      vertex 46.200000000000003 60 0
      vertex 51.200000000000003 60.200000000000003 0
      vertex 46.200000000000003 60.200000000000003 0
    endloop
  endfacet
  facet normal 0 0 1
    outer loop
      vertex 46.200000000000003 60.200000000000003 0
      vertex 51.200000000000003 60.200000000000003 0
      vertex 51.200000000000003 80 0
    endloop
  endfacet
  facet normal 0 0 1
    outer loop
      vertex 46.200000000000003 60.200000000000003 0
      vertex 51.200000000000003 80 0
      vertex 46.200000000000003 80 0
    endloop
  endfacet
  facet normal 0 0 1
    outer loop
      vertex 46.200000000000003 80 0
      vertex 51.200000000000003 80 0
      vertex 51.200000000000003 80.200000000000003 0
    endloop
  endfacet
  facet normal 0 0 1
    outer loop
      vertex 46.200000000000003 80 0
      vertex 51.200000000000003 80.200000000000003 0
      vertex 46.200000000000003 80.200000000000003 0
    endloop
  endfacet
  facet normal 0 0 1
    outer loop
      vertex 46.200000000000003 80.200000000000003 0
      vertex 51.200000000000003 80.200000000000003 0
      vertex 51.200000000000003 100 0
    endloop
  endfacet
  facet normal 0 0 1
    outer loop
      vertex 46.200000000000003 80.200000000000003 0
      vertex 51.200000000000003 100 0
      vertex 46.200000000000003 100 0
    endloop
  endfacet
  facet normal 0 0 1
    outer loop
      vertex 51.200000000000003 -100 0
      vertex 51.399999999999999 -100 0
      vertex 51.399999999999999 -80.200000000000003 0
    endloop
  endfacet
  facet normal 0 0 1
    outer loop
      vertex 51.200000000000003 -100 0
      vertex 51.399999999999999 -80.200000000000003 0
      vertex 51.200000000000003 -80.200000000000003 0
    endloop
  endfacet
  facet normal 0 0 1
    outer loop
      vertex 51.200000000000003 -80.200000000000003 0
      vertex 51.399999999999999 -80.200000000000003 0
      vertex 51.399999999999999 -80 0
    endloop
  endfacet
  facet normal 0 0 1
    outer loop
      vertex 51.200000000000003 -80.200000000000003 0
      vertex 51.399999999999999 -80 0
      vertex 51.200000000000003 -80 0
    endloop
  endfacet
  facet normal 0 0 1
    outer loop
      vertex 51.200000000000003 -80 0
      vertex 51.399999999999999 -80 0
      vertex 51.399999999999999 -60.200000000000003 0
    endloop
  endfacet
  facet normal 0 0 1
    outer loop
      vertex 51.200000000000003 -80 0
      vertex 51.399999999999999 -60.200000000000003 0
      vertex 51.200000000000003 -60.200000000000003 0
    endloop
  endfacet
  facet normal 0 0 1
    outer loop
      vertex 51.200000000000003 -60.200000000000003 0
      vertex 51.399999999999999 -60.200000000000003 0
      vertex 51.399999999999999 -60 0
    endloop
  endfacet
  facet normal 0 0 1
    outer loop
      vertex 51.200000000000003 -60.200000000000003 0
      vertex 51.399999999999999 -60 0
      vertex 51.200000000000003 -60 0
    endloop
  endfacet
  facet normal 0 0 1
    outer loop
      vertex 51.200000000000003 -60 0
      vertex 51.399999999999999 -60 0
      vertex 51.399999999999999 -40.200000000000003 0
    endloop
  endfacet
  facet normal 0 0 1
    outer loop
      vertex 51.200000000000003 -60 0
      vertex 51.399999999999999 -40.200000000000003 0
      vertex 51.200000000000003 -40.200000000000003 0
    endloop
  endfacet
  facet normal 0 0 1
    outer loop
      vertex 51.200000000000003 -40.200000000000003 0
      vertex 51.399999999999999 -40.200000000000003 0
      vertex 51.399999999999999 -40 0
    endloop
  endfacet
  facet normal 0 0 1
    outer loop
      vertex 51.200000000000003 -40.200000000000003 0
      vertex 51.399999999999999 -40 0
      vertex 51.200000000000003 -40 0
    endloop
  endfacet
  facet normal 0 0 1
    outer loop
      vertex 51.200000000000003 -40 0
      vertex 51.399999999999999 -40 0
      vertex 51.399999999999999 -20.199999999999999 0
    endloop
  endfacet
  facet normal 0 0 1
    outer loop
      vertex 51.200000000000003 -40 0
      vertex 51.399999999999999 -20.199999999999999 0
      vertex 51.200000000000003 -20.199999999999999 0
    endloop
  endfacet
  facet normal 0 0 1
    outer loop
      vertex 51.200000000000003 -20.199999999999999 0
      vertex 51.399999999999999 -20.199999999999999 0
      vertex 51.399999999999999 -20 0
    endloop
  endfacet
  facet normal 0 0 1
    outer loop
      vertex 51.200000000000003 -20.199999999999999 0
      vertex 51.399999999999999 -20 0
      vertex 51.200000000000003 -20 0
    endloop
  endfacet
  facet normal 0 0 1
    outer loop
      vertex 51.200000000000003 -20 0
      vertex 51.399999999999999 -20 0
      vertex 51.399999999999999 -10.199999999999999 0
    endloop
  endfacet
  facet normal 0 0 1
    outer loop
      vertex 51.200000000000003 -20 0
      vertex 51.399999999999999 -10.199999999999999 0
      vertex 51.200000000000003 -10.199999999999999 0
    endloop
  endfacet
  facet normal 0 0 1
    outer loop
      vertex 51.200000000000003 -10.199999999999999 0
      vertex 51.399999999999999 -10.199999999999999 0
      vertex 51.399999999999999 -10 0
    endloop
  endfacet
  facet normal 0 0 1
    outer loop
      vertex 51.200000000000003 -10.199999999999999 0
      vertex 51.399999999999999 -10 0
      vertex 51.200000000000003 -10 0
    endloop
  endfacet
  facet normal 0 0 1
    outer loop
      vertex 51.200000000000003 -10 0
      vertex 51.399999999999999 -10 0
      vertex 51.399999999999999 0 0
    endloop
  endfacet
  facet normal 0 0 1
    outer loop
      vertex 51.200000000000003 -10 0
      vertex 51.399999999999999 0 0
      vertex 51.200000000000003 0 0
    endloop
  endfacet
  facet normal 0 0 1
    outer loop
      vertex 51.200000000000003 20 0
      vertex 51.399999999999999 20.199999999999999 0
      vertex 51.200000000000003 20.199999999999999 0
    endloop
  endfacet
  facet normal 0 0 1
    outer loop
      vertex 51.200000000000003 20.199999999999999 0
      vertex 51.399999999999999 20.199999999999999 0
      vertex 51.399999999999999 40 0
    endloop
  endfacet
  facet normal 0 0 1
    outer loop
      vertex 51.200000000000003 20.199999999999999 0
      vertex 51.399999999999999 40 0
      vertex 51.200000000000003 40 0
    endloop
  endfacet
  facet normal 0 0 1
    outer loop
      vertex 51.399999999999999 -100 0
      vertex 51.600000000000001 -100 0
      vertex 51.600000000000001 -80.200000000000003 0
    endloop
  endfacet
  facet normal 0 0 1
    outer loop
      vertex 51.399999999999999 -100 0
      vertex 51.600000000000001 -80.200000000000003 0
      vertex 51.399999999999999 -80.200000000000003 0
    endloop
  endfacet
  facet normal 0 0 1
    outer loop
      vertex 51.399999999999999 -80.200000000000003 0
      vertex 51.600000000000001 -80.200000000000003 0
      vertex 51.600000000000001 -80 0
    endloop
  endfacet
  facet normal 0 0 1
    outer loop
      vertex 51.399999999999999 -80.200000000000003 0
      vertex 51.600000000000001 -80 0
      vertex 51.399999999999999 -80 0
    endloop
  endfacet
  facet normal 0 0 1
    outer loop
      vertex 51.399999999999999 -80 0
      vertex 51.600000000000001 -80 0
      vertex 51.600000000000001 -60.200000000000003 0
    endloop
  endfacet
  facet normal 0 0 1
    outer loop
      vertex 51.399999999999999 -80 0
      vertex 51.600000000000001 -60.200000000000003 0
      vertex 51.399999999999999 -60.200000000000003 0
    endloop
  endfacet
  facet normal 0 0 1
    outer loop
      vertex 51.399999999999999 -60.200000000000003 0
      vertex 51.600000000000001 -60.200000000000003 0
      vertex 51.600000000000001 -60 0
    endloop
  endfacet
  facet normal 0 0 1
    outer loop
      vertex 51.399999999999999 -60.200000000000003 0
      vertex 51.600000000000001 -60 0
      vertex 51.399999999999999 -60 0
    endloop
  endfacet
  facet normal 0 0 1
    outer loop
      vertex 51.399999999999999 -60 0
      vertex 51.600000000000001 -60 0
      vertex 51.600000000000001 -40.200000000000003 0
    endloop
  endfacet
  facet normal 0 0 1
    outer loop
      vertex 51.399999999999999 -60 0
      vertex 51.600000000000001 -40.200000000000003 0
      vertex 51.399999999999999 -40.200000000000003 0
    endloop
  endfacet
  facet normal 0 0 1
    outer loop
      vertex 51.399999999999999 -40.200000000000003 0
      vertex 51.600000000000001 -40.200000000000003 0
      vertex 51.600000000000001 -40 0
    endloop
  endfacet
  facet normal 0 0 1
    outer loop
      vertex 51.399999999999999 -40.200000000000003 0
      vertex 51.600000000000001 -40 0
      vertex 51.399999999999999 -40 0
    endloop
  endfacet
  facet normal 0 0 1
    outer loop
      vertex 51.399999999999999 -40 0
      vertex 51.600000000000001 -40 0
      vertex 51.600000000000001 -20.199999999999999 0
    endloop
  endfacet
  facet normal 0 0 1
    outer loop
      vertex 51.399999999999999 -40 0
      vertex 51.600000000000001 -20.199999999999999 0
      vertex 51.399999999999999 -20.199999999999999 0
    endloop
  endfacet
  facet normal 0 0 1
    outer loop
      vertex 51.399999999999999 -20.199999999999999 0
      vertex 51.600000000000001 -20.199999999999999 0
      vertex 51.600000000000001 -20 0
    endloop
  endfacet
  facet normal 0 0 1
    outer loop
      vertex 51.399999999999999 -20.199999999999999 0
      vertex 51.600000000000001 -20 0
      vertex 51.399999999999999 -20 0
    endloop
  endfacet
  facet normal 0 0 1
    outer loop
      vertex 51.399999999999999 -20 0
      vertex 51.600000000000001 -20 0
      vertex 51.600000000000001 -10.199999999999999 0
    endloop
  endfacet
  facet normal 0 0 1
    outer loop
      vertex 51.399999999999999 -20 0
      vertex 51.600000000000001 -10.199999999999999 0
      vertex 51.399999999999999 -10.199999999999999 0
    endloop
  endfacet
  facet normal 0 0 1
    outer loop
      vertex 51.399999999999999 -10.199999999999999 0
      vertex 51.600000000000001 -10.199999999999999 0
      vertex 51.600000000000001 -10 0
    endloop
  endfacet
  facet normal 0 0 1
    outer loop
      vertex 51.399999999999999 -10.199999999999999 0
      vertex 51.600000000000001 -10 0
      vertex 51.399999999999999 -10 0
    endloop
  endfacet
  facet normal 0 0 1
    outer loop
      vertex 51.399999999999999 -10 0
      vertex 51.600000000000001 -10 0
      vertex 51.600000000000001 0 0
    endloop
  endfacet
  facet normal 0 0 1
    outer loop
      vertex 51.399999999999999 -10 0
      vertex 51.600000000000001 0 0
      vertex 51.399999999999999 0 0
    endloop
  endfacet
  facet normal 0 0 1
    outer loop
      vertex 51.399999999999999 20.199999999999999 0
      vertex 51.600000000000001 20.199999999999999 0
      vertex 51.600000000000001 40 0
    endloop
  endfacet
  facet normal 0 0 1
    outer loop
      vertex 51.399999999999999 20.199999999999999 0
      vertex 51.600000000000001 40 0
      vertex 51.399999999999999 40 0
    endloop
  endfacet
  facet normal 0 0 1
    outer loop
      vertex 51.600000000000001 -100 0
      vertex 56.600000000000001 -100 0
      vertex 56.600000000000001 -80.200000000000003 0
    endloop
  endfacet
  facet normal 0 0 1
    outer loop
      vertex 51.600000000000001 -100 0
      vertex 56.600000000000001 -80.200000000000003 0
      vertex 51.600000000000001 -80.200000000000003 0
    endloop
  endfacet
  facet normal 0 0 1
    outer loop
      vertex 51.600000000000001 -80.200000000000003 0
      vertex 56.600000000000001 -80.200000000000003 0
      vertex 56.600000000000001 -80 0
    endloop
  endfacet
  facet normal 0 0 1
    outer loop
      vertex 51.600000000000001 -80.200000000000003 0
      vertex 56.600000000000001 -80 0
      vertex 51.600000000000001 -80 0
    endloop
  endfacet
  facet normal 0 0 1
    outer loop
      vertex 51.600000000000001 -80 0
      vertex 56.600000000000001 -80 0
      vertex 56.600000000000001 -60.200000000000003 0
    endloop
  endfacet
  facet normal 0 0 1
    outer loop
      vertex 51.600000000000001 -80 0
      vertex 56.600000000000001 -60.200000000000003 0
      vertex 51.600000000000001 -60.200000000000003 0
    endloop
  endfacet
  facet normal 0 0 1
    outer loop
      vertex 51.600000000000001 -60.200000000000003 0
      vertex 56.600000000000001 -60.200000000000003 0
      vertex 56.600000000000001 -60 0
    endloop
  endfacet
  facet normal 0 0 1
    outer loop
      vertex 51.600000000000001 -60.200000000000003 0
      vertex 56.600000000000001 -60 0
      vertex 51.600000000000001 -60 0
    endloop
  endfacet
  facet normal 0 0 1
    outer loop
      vertex 51.600000000000001 -60 0
      vertex 56.600000000000001 -60 0
      vertex 56.600000000000001 -40.200000000000003 0
    endloop
  endfacet
  facet normal 0 0 1
    outer loop
      vertex 51.600000000000001 -60 0
      vertex 56.600000000000001 -40.200000000000003 0
      vertex 51.600000000000001 -40.200000000000003 0
    endloop
  endfacet
  facet normal 0 0 1
    outer loop
      vertex 51.600000000000001 -40.200000000000003 0
      vertex 56.600000000000001 -40.200000000000003 0
      vertex 56.600000000000001 -40 0
    endloop
  endfacet
  facet normal 0 0 1
    outer loop
      vertex 51.600000000000001 -40.200000000000003 0
      vertex 56.600000000000001 -40 0
      vertex 51.600000000000001 -40 0
    endloop
  endfacet
  facet normal 0 0 1
    outer loop
      vertex 51.600000000000001 -40 0
      vertex 56.600000000000001 -40 0
      vertex 56.600000000000001 -20.199999999999999 0
    endloop
  endfacet
  facet normal 0 0 1
    outer loop
      vertex 51.600000000000001 -40 0
      vertex 56.600000000000001 -20.199999999999999 0
      vertex 51.600000000000001 -20.199999999999999 0
    endloop
  endfacet
  facet normal 0 0 1
    outer loop
      vertex 51.600000000000001 -20.199999999999999 0
      vertex 56.600000000000001 -20.199999999999999 0
      vertex 56.600000000000001 -20 0
    endloop
  endfacet
  facet normal 0 0 1
    outer loop
      vertex 51.600000000000001 -20.199999999999999 0
      vertex 56.600000000000001 -20 0
      vertex 51.600000000000001 -20 0
    endloop
  endfacet
  facet normal 0 0 1
    outer loop
      vertex 51.600000000000001 -20 0
      vertex 56.600000000000001 -20 0
      vertex 56.600000000000001 -10.199999999999999 0
    endloop
  endfacet
  facet normal 0 0 1
    outer loop
      vertex 51.600000000000001 -20 0
      vertex 56.600000000000001 -10.199999999999999 0
      vertex 51.600000000000001 -10.199999999999999 0
    endloop
  endfacet
  facet normal 0 0 1
    outer loop
      vertex 51.600000000000001 -10.199999999999999 0
      vertex 56.600000000000001 -10.199999999999999 0
      vertex 56.600000000000001 -10 0
    endloop
  endfacet
  facet normal 0 0 1
    outer loop
      vertex 51.600000000000001 -10.199999999999999 0
      vertex 56.600000000000001 -10 0
      vertex 51.600000000000001 -10 0
    endloop
  endfacet
  facet normal 0 0 1
    outer loop
      vertex 51.600000000000001 -10 0
      vertex 56.600000000000001 -10 0
      vertex 56.600000000000001 0 0
    endloop
  endfacet
  facet normal 0 0 1
    outer loop
      vertex 51.600000000000001 -10 0
      vertex 56.600000000000001 0 0
      vertex 51.600000000000001 0 0
    endloop
  endfacet
  facet normal 0 0 1
    outer loop
      vertex 51.600000000000001 20.199999999999999 0
      vertex 56.600000000000001 20.199999999999999 0
      vertex 56.600000000000001 40 0
    endloop
  endfacet
  facet normal 0 0 1
    outer loop
      vertex 51.600000000000001 20.199999999999999 0
      vertex 56.600000000000001 40 0
      vertex 51.600000000000001 40 0
    endloop
  endfacet
  facet normal 0 0 1
    outer loop
      vertex 56.600000000000001 -100 0
      vertex 56.799999999999997 -100 0
      vertex 56.799999999999997 -80.200000000000003 0
    endloop
  endfacet
  facet normal 0 0 1
    outer loop
      vertex 56.600000000000001 -100 0
      vertex 56.799999999999997 -80.200000000000003 0
      vertex 56.600000000000001 -80.200000000000003 0
    endloop
  endfacet
  facet normal 0 0 1
    outer loop
      vertex 56.600000000000001 -80.200000000000003 0
      vertex 56.799999999999997 -80.200000000000003 0
      vertex 56.799999999999997 -80 0
    endloop
  endfacet
  facet normal 0 0 1
    outer loop
      vertex 56.600000000000001 -80.200000000000003 0
      vertex 56.799999999999997 -80 0
      vertex 56.600000000000001 -80 0
    endloop
  endfacet
  facet normal 0 0 1
    outer loop
      vertex 56.600000000000001 -80 0
      vertex 56.799999999999997 -80 0
      vertex 56.799999999999997 -60.200000000000003 0
    endloop
  endfacet
  facet normal 0 0 1
    outer loop
      vertex 56.600000000000001 -80 0
      vertex 56.799999999999997 -60.200000000000003 0
      vertex 56.600000000000001 -60.200000000000003 0
    endloop
  endfacet
  facet normal 0 0 1
    outer loop
      vertex 56.600000000000001 -60.200000000000003 0
      vertex 56.799999999999997 -60.200000000000003 0
      vertex 56.799999999999997 -60 0
    endloop
  endfacet
  facet normal 0 0 1
    outer loop
      vertex 56.600000000000001 -60.200000000000003 0
      vertex 56.799999999999997 -60 0
      vertex 56.600000000000001 -60 0
    endloop
  endfacet
  facet normal 0 0 1
    outer loop
      vertex 56.600000000000001 -60 0
      vertex 56.799999999999997 -60 0
      vertex 56.799999999999997 -40.200000000000003 0
    endloop
  endfacet
  facet normal 0 0 1
    outer loop
      vertex 56.600000000000001 -60 0
      vertex 56.799999999999997 -40.200000000000003 0
      vertex 56.600000000000001 -40.200000000000003 0
    endloop
  endfacet
  facet normal 0 0 1
    outer loop
      vertex 56.600000000000001 -40.200000000000003 0
      vertex 56.799999999999997 -40.200000000000003 0
      vertex 56.799999999999997 -40 0
    endloop
  endfacet
  facet normal 0 0 1
    outer loop
      vertex 56.600000000000001 -40.200000000000003 0
      vertex 56.799999999999997 -40 0
      vertex 56.600000000000001 -40 0
    endloop
  endfacet
  facet normal 0 0 1
    outer loop
      vertex 56.600000000000001 -40 0
      vertex 56.799999999999997 -40 0
      vertex 56.799999999999997 -20.199999999999999 0
    endloop
  endfacet
  facet normal 0 0 1
    outer loop
      vertex 56.600000000000001 -40 0
      vertex 56.799999999999997 -20.199999999999999 0
      vertex 56.600000000000001 -20.199999999999999 0
    endloop
  endfacet
  facet normal 0 0 1
    outer loop
      vertex 56.600000000000001 -20.199999999999999 0
      vertex 56.799999999999997 -20.199999999999999 0
      vertex 56.799999999999997 -20 0
    endloop
  endfacet
  facet normal 0 0 1
    outer loop
      vertex 56.600000000000001 -20.199999999999999 0
      vertex 56.799999999999997 -20 0
      vertex 56.600000000000001 -20 0
    endloop
  endfacet
  facet normal 0 0 1
    outer loop
      vertex 56.600000000000001 -20 0
      vertex 56.799999999999997 -20 0
      vertex 56.799999999999997 -10.199999999999999 0
    endloop
  endfacet
  facet normal 0 0 1
    outer loop
      vertex 56.600000000000001 -20 0
      vertex 56.799999999999997 -10.199999999999999 0
      vertex 56.600000000000001 -10.199999999999999 0
    endloop
  endfacet
  facet normal 0 0 1
    outer loop
      vertex 56.600000000000001 -10.199999999999999 0
      vertex 56.799999999999997 -10.199999999999999 0
      vertex 56.799999999999997 -10 0
    endloop
  endfacet
  facet normal 0 0 1
    outer loop
      vertex 56.600000000000001 -10.199999999999999 0
      vertex 56.799999999999997 -10 0
      vertex 56.600000000000001 -10 0
    endloop
  endfacet
  facet normal 0 0 1
    outer loop
      vertex 56.600000000000001 -10 0
      vertex 56.799999999999997 -10 0
      vertex 56.799999999999997 0 0
    endloop
  endfacet
  facet normal 0 0 1
    outer loop
      vertex 56.600000000000001 -10 0
      vertex 56.799999999999997 0 0
      vertex 56.600000000000001 0 0
    endloop
  endfacet
  facet normal 0 0 1
    outer loop
      vertex 56.600000000000001 20.199999999999999 0
      vertex 56.799999999999997 20.199999999999999 0
      vertex 56.799999999999997 40 0
    endloop
  endfacet
  facet normal 0 0 1
    outer loop
      vertex 56.600000000000001 20.199999999999999 0
      vertex 56.799999999999997 40 0
      vertex 56.600000000000001 40 0
    endloop
  endfacet
  facet normal 0 0 1
    outer loop
      vertex 56.799999999999997 -100 0
      vertex 61.799999999999997 -100 0
      vertex 61.799999999999997 -80.200000000000003 0
    endloop
  endfacet
  facet normal 0 0 1
    outer loop
      vertex 56.799999999999997 -100 0
      vertex 61.799999999999997 -80.200000000000003 0
      vertex 56.799999999999997 -80.200000000000003 0
    endloop
  endfacet
  facet normal 0 0 1
    outer loop
      vertex 56.799999999999997 -80.200000000000003 0
      vertex 61.799999999999997 -80.200000000000003 0
      vertex 61.799999999999997 -80 0
    endloop
  endfacet
  facet normal 0 0 1
    outer loop
      vertex 56.799999999999997 -80.200000000000003 0
      vertex 61.799999999999997 -80 0
      vertex 56.799999999999997 -80 0
    endloop
  endfacet
  facet normal 0 0 1
    outer loop
      vertex 56.799999999999997 -80 0
      vertex 61.799999999999997 -80 0
      vertex 61.799999999999997 -60.200000000000003 0
    endloop
  endfacet
  facet normal 0 0 1
    outer loop
      vertex 56.799999999999997 -80 0
      vertex 61.799999999999997 -60.200000000000003 0
      vertex 56.799999999999997 -60.200000000000003 0
    endloop
  endfacet
  facet normal 0 0 1
    outer loop
      vertex 56.799999999999997 -60.200000000000003 0
      vertex 61.799999999999997 -60.200000000000003 0
      vertex 61.799999999999997 -60 0
    endloop
  endfacet
  facet normal 0 0 1
    outer loop
      vertex 56.799999999999997 -60.200000000000003 0
      vertex 61.799999999999997 -60 0
      vertex 56.799999999999997 -60 0
    endloop
  endfacet
  facet normal 0 0 1
    outer loop
      vertex 56.799999999999997 -60 0
      vertex 61.799999999999997 -60 0
      vertex 61.799999999999997 -40.200000000000003 0
    endloop
  endfacet
  facet normal 0 0 1
    outer loop
      vertex 56.799999999999997 -60 0
      vertex 61.799999999999997 -40.200000000000003 0
      vertex 56.799999999999997 -40.200000000000003 0
    endloop
  endfacet
  facet normal 0 0 1
    outer loop
      vertex 56.799999999999997 -40.200000000000003 0
      vertex 61.799999999999997 -40.200000000000003 0
      vertex 61.799999999999997 -40 0
    endloop
  endfacet
  facet normal 0 0 1
    outer loop
      vertex 56.799999999999997 -40.200000000000003 0
      vertex 61.799999999999997 -40 0
      vertex 56.799999999999997 -40 0
    endloop
  endfacet
  facet normal 0 0 1
    outer loop
      vertex 56.799999999999997 -40 0
      vertex 61.799999999999997 -40 0
      vertex 61.799999999999997 -20.199999999999999 0
    endloop
  endfacet
  facet normal 0 0 1
    outer loop
      vertex 56.799999999999997 -40 0
      vertex 61.799999999999997 -20.199999999999999 0
      vertex 56.799999999999997 -20.199999999999999 0
    endloop
  endfacet
  facet normal 0 0 1
    outer loop
      vertex 56.799999999999997 -20.199999999999999 0
      vertex 61.799999999999997 -20.199999999999999 0
      vertex 61.799999999999997 -20 0
    endloop
  endfacet
  facet normal 0 0 1
    outer loop
      vertex 56.799999999999997 -20.199999999999999 0
      vertex 61.799999999999997 -20 0
      vertex 56.799999999999997 -20 0
    endloop
  endfacet
  facet normal 0 0 1
    outer loop
      vertex 56.799999999999997 -20 0
      vertex 61.799999999999997 -20 0
      vertex 61.799999999999997 -10.199999999999999 0
    endloop
  endfacet
  facet normal 0 0 1
    outer loop
      vertex 56.799999999999997 -20 0
      vertex 61.799999999999997 -10.199999999999999 0
      vertex 56.799999999999997 -10.199999999999999 0
    endloop
  endfacet
  facet normal 0 0 1
    outer loop
      vertex 56.799999999999997 -10.199999999999999 0
      vertex 61.799999999999997 -10.199999999999999 0
      vertex 61.799999999999997 -10 0
    endloop
  endfacet
  facet normal 0 0 1
    outer loop
      vertex 56.799999999999997 -10.199999999999999 0
      vertex 61.799999999999997 -10 0
      vertex 56.799999999999997 -10 0
    endloop
  endfacet
  facet normal 0 0 1
    outer loop
      vertex 56.799999999999997 -10 0
      vertex 61.799999999999997 -10 0
      vertex 61.799999999999997 0 0
    endloop
  endfacet
  facet normal 0 0 1
    outer loop
      vertex 56.799999999999997 -10 0
      vertex 61.799999999999997 0 0
      vertex 56.799999999999997 0 0
    endloop
  endfacet
  facet normal 0 0 1
    outer loop
      vertex 56.799999999999997 0 0
      vertex 61.799999999999997 0 0
      vertex 61.799999999999997 0.20000000000000001 0
    endloop
  endfacet
  facet normal 0 0 1
    outer loop
      vertex 56.799999999999997 20.199999999999999 0
      vertex 61.799999999999997 20.199999999999999 0
      vertex 61.799999999999997 40 0
    endloop
  endfacet
  facet normal 0 0 1
    outer loop
      vertex 56.799999999999997 20.199999999999999 0
      vertex 61.799999999999997 40 0
      vertex 56.799999999999997 40 0
    endloop
  endfacet
  facet normal 0 0 1
    outer loop
      vertex 56.799999999999997 40 0
      vertex 61.799999999999997 40 0
      vertex 61.799999999999997 40.200000000000003 0
    endloop
  endfacet
  facet normal 0 0 1
    outer loop
      vertex 61.799999999999997 -100 0
      vertex 62 -100 0
      vertex 62 -80.200000000000003 0
    endloop
  endfacet
  facet normal 0 0 1
    outer loop
      vertex 61.799999999999997 -100 0
      vertex 62 -80.200000000000003 0
      vertex 61.799999999999997 -80.200000000000003 0
    endloop
  endfacet
  facet normal 0 0 1
    outer loop
      vertex 61.799999999999997 -80.200000000000003 0
      vertex 62 -80.200000000000003 0
      vertex 62 -80 0
    endloop
  endfacet
  facet normal 0 0 1
    outer loop
      vertex 61.799999999999997 -80.200000000000003 0
      vertex 62 -80 0
      vertex 61.799999999999997 -80 0
    endloop
  endfacet
  facet normal 0 0 1
    outer loop
      vertex 61.799999999999997 -80 0
      vertex 62 -80 0
      vertex 62 -60.200000000000003 0
    endloop
  endfacet
  facet normal 0 0 1
    outer loop
      vertex 61.799999999999997 -80 0
      vertex 62 -60.200000000000003 0
      vertex 61.799999999999997 -60.200000000000003 0
    endloop
  endfacet
  facet normal 0 0 1
    outer loop
      vertex 61.799999999999997 -60.200000000000003 0
      vertex 62 -60.200000000000003 0
      vertex 62 -60 0
    endloop
  endfacet
  facet normal 0 0 1
    outer loop
      vertex 61.799999999999997 -60.200000000000003 0
      vertex 62 -60 0
      vertex 61.799999999999997 -60 0
    endloop
  endfacet
  facet normal 0 0 1
    outer loop
      vertex 61.799999999999997 -60 0
      vertex 62 -60 0
      vertex 62 -40.200000000000003 0
    endloop
  endfacet
  facet normal 0 0 1
    outer loop
      vertex 61.799999999999997 -60 0
      vertex 62 -40.200000000000003 0
      vertex 61.799999999999997 -40.200000000000003 0
    endloop
  endfacet
  facet normal 0 0 1
    outer loop
      vertex 61.799999999999997 -40.200000000000003 0
      vertex 62 -40.200000000000003 0
      vertex 62 -40 0
    endloop
  endfacet
  facet normal 0 0 1
    outer loop
      vertex 61.799999999999997 -40.200000000000003 0
      vertex 62 -40 0
      vertex 61.799999999999997 -40 0
    endloop
  endfacet
  facet normal 0 0 1
    outer loop
      vertex 61.799999999999997 -40 0
      vertex 62 -40 0
      vertex 62 -20.199999999999999 0
    endloop
  endfacet
  facet normal 0 0 1
    outer loop
      vertex 61.799999999999997 -40 0
      vertex 62 -20.199999999999999 0
      vertex 61.799999999999997 -20.199999999999999 0
    endloop
  endfacet
  facet normal 0 0 1
    outer loop
      vertex 61.799999999999997 -20.199999999999999 0
      vertex 62 -20.199999999999999 0
      vertex 62 -20 0
    endloop
  endfacet
  facet normal 0 0 1
    outer loop
      vertex 61.799999999999997 -20.199999999999999 0
      vertex 62 -20 0
      vertex 61.799999999999997 -20 0
    endloop
  endfacet
  facet normal 0 0 1
    outer loop
      vertex 61.799999999999997 -20 0
      vertex 62 -20 0
      vertex 62 -10.199999999999999 0
    endloop
  endfacet
  facet normal 0 0 1
    outer loop
      vertex 61.799999999999997 -20 0
      vertex 62 -10.199999999999999 0
      vertex 61.799999999999997 -10.199999999999999 0
    endloop
  endfacet
  facet normal 0 0 1
    outer loop
      vertex 61.799999999999997 -10.199999999999999 0
      vertex 62 -10.199999999999999 0
      vertex 62 -10 0
    endloop
  endfacet
  facet normal 0 0 1
    outer loop
      vertex 61.799999999999997 -10.199999999999999 0
      vertex 62 -10 0
      vertex 61.799999999999997 -10 0
    endloop
  endfacet
  facet normal 0 0 1
    outer loop
      vertex 61.799999999999997 -10 0
      vertex 62 -10 0
      vertex 62 0 0
    endloop
  endfacet
  facet normal 0 0 1
    outer loop
      vertex 61.799999999999997 -10 0
      vertex 62 0 0
      vertex 61.799999999999997 0 0
    endloop
  endfacet
  facet normal 0 -0.24253562503633294 0.97014250014533177
    outer loop
      vertex 61.960000000000001 0.16000000000000014 0.040000000000000036
      vertex 61.799999999999997 0 0
      vertex 62 0 0
    endloop
  endfacet
  facet normal 0 -0.24253562503633297 0.97014250014533188
    outer loop
      vertex 61.960000000000001 0.16000000000000014 0.040000000000000036
      vertex 62 0 0
      vertex 62 0.16000000000000014 0.040000000000000036
    endloop
  endfacet
  facet normal -0.24253562503632778 0 0.97014250014533321
    outer loop
      vertex 61.799999999999997 0 0
      vertex 61.960000000000001 0.16000000000000014 0.040000000000000036
      vertex 61.960000000000001 0.20000000000000001 0.040000000000000036
    endloop
  endfacet
  facet normal -0.24253562503632783 0 0.9701425001453331
    outer loop
      vertex 61.799999999999997 0 0
      vertex 61.960000000000001 0.20000000000000001 0.040000000000000036
      vertex 61.799999999999997 0.20000000000000001 0
    endloop
  endfacet
  facet normal -0.24253562503632792 0 0.97014250014533321
    outer loop
      vertex 61.960000000000001 8.0400000000000063 0.040000000000000036
      vertex 61.799999999999997 0.20000000000000001 0
      vertex 61.960000000000001 0.20000000000000001 0.040000000000000036
    endloop
  endfacet
  facet normal -0.24253562503632797 0 0.97014250014533321
    outer loop
      vertex 61.799999999999997 0.20000000000000001 0
      vertex 61.960000000000001 8.040000000000008 0.040000000000000036
      vertex 61.960000000000001 10 0.040000000000000036
    endloop
  endfacet
  facet normal -0.24253562503632792 0 0.9701425001453331
    outer loop
      vertex 61.799999999999997 0.20000000000000001 0
      vertex 61.960000000000001 10 0.040000000000000036
      vertex 61.799999999999997 10 0
    endloop
  endfacet
  facet normal -0.23570226039551032 -0.235702260395526 0.94280904158206225
    outer loop
      vertex 61.879999999999995 10.08 0.040000000000000036
      vertex 61.799999999999997 10 0
      vertex 61.960000000000001 10 0.040000000000000036
    endloop
  endfacet
  facet normal -0.44721359549996598 0 0.89442719099991186
    outer loop
      vertex 61.799999999999997 10 0
      vertex 61.879999999999995 10.08 0.040000000000000036
      vertex 61.879999999999995 10.199999999999999 0.040000000000000036
    endloop
  endfacet
  facet normal -0.44721359549996592 0 0.89442719099991186
    outer loop
      vertex 61.799999999999997 10 0
      vertex 61.879999999999995 10.199999999999999 0.040000000000000036
      vertex 61.799999999999997 10.199999999999999 0
    endloop
  endfacet
  facet normal -0.44721359549996587 0 0.89442719099991186
    outer loop
      vertex 61.879999999999995 14.120000000000003 0.040000000000000036
      vertex 61.799999999999997 10.199999999999999 0
      vertex 61.879999999999995 10.199999999999999 0.040000000000000036
    endloop
  endfacet
  facet normal -0.44721359549996587 0 0.89442719099991186
    outer loop
      vertex 61.799999999999997 10.199999999999999 0
      vertex 61.879999999999995 14.120000000000003 0.040000000000000036
      vertex 61.879999999999995 20 0.040000000000000036
    endloop
  endfacet
  facet normal -0.44721359549996592 0 0.89442719099991197
    outer loop
      vertex 61.799999999999997 10.199999999999999 0
      vertex 61.879999999999995 20 0.040000000000000036
      vertex 61.799999999999997 20 0
    endloop
  endfacet
  facet normal -0.43643578047199072 0.21821789023600988 0.87287156094396212
    outer loop
      vertex 61.960000000000001 20.16 0.040000000000000036
      vertex 61.799999999999997 20 0
      vertex 61.879999999999995 20 0.040000000000000036
    endloop
  endfacet
  facet normal -0.24253562503632803 0 0.97014250014533321
    outer loop
      vertex 61.799999999999997 20 0
      vertex 61.960000000000001 20.16 0.040000000000000036
      vertex 61.960000000000001 20.199999999999999 0.040000000000000036
    endloop
  endfacet
  facet normal -0.24253562503632792 0 0.97014250014533321
    outer loop
      vertex 61.799999999999997 20 0
      vertex 61.960000000000001 20.199999999999999 0.040000000000000036
      vertex 61.799999999999997 20.199999999999999 0
    endloop
  endfacet
  facet normal -0.24253562503632795 0 0.97014250014533321
    outer loop
      vertex 61.960000000000001 36.040000000000013 0.040000000000000036
      vertex 61.799999999999997 20.199999999999999 0
      vertex 61.960000000000001 20.199999999999999 0.040000000000000036
    endloop
  endfacet
  facet normal -0.24253562503632767 0 0.9701425001453331
    outer loop
      vertex 61.799999999999997 20.199999999999999 0
      vertex 61.960000000000001 36.040000000000013 0.040000000000000036
      vertex 61.960000000000001 40 0.040000000000000036
    endloop
  endfacet
  facet normal -0.24253562503632789 0 0.97014250014533321
    outer loop
      vertex 61.799999999999997 20.199999999999999 0
      vertex 61.960000000000001 40 0.040000000000000036
      vertex 61.799999999999997 40 0
    endloop
  endfacet
  facet normal -0.2182178902359887 -0.4364357804719774 0.87287156094397411
    outer loop
      vertex 61.853333333333332 40.053333333333335 0.040000000000000036
      vertex 61.799999999999997 40 0
      vertex 61.960000000000001 40 0.040000000000000036
    endloop
  endfacet
  facet normal -0.59999999999999154 0 0.80000000000000637
    outer loop
      vertex 61.799999999999997 40 0
      vertex 61.853333333333332 40.053333333333335 0.040000000000000036
      vertex 61.853333333333332 40.200000000000003 0.040000000000000036
    endloop
  endfacet
  facet normal -0.59999999999999143 0 0.80000000000000637
    outer loop
      vertex 61.799999999999997 40 0
      vertex 61.853333333333332 40.200000000000003 0.040000000000000036
      vertex 61.799999999999997 40.200000000000003 0
    endloop
  endfacet
  facet normal -0.59999999999999143 0 0.80000000000000648
    outer loop
      vertex 61.853333333333332 45.480000000000004 0.040000000000000036
      vertex 61.799999999999997 40.200000000000003 0
      vertex 61.853333333333332 40.200000000000003 0.040000000000000036
    endloop
  endfacet
  facet normal -0.59999999999999154 0 0.80000000000000637
    outer loop
      vertex 61.799999999999997 40.200000000000003 0
      vertex 61.853333333333332 45.480000000000004 0.040000000000000036
      vertex 61.853333333333332 60 0.040000000000000036
    endloop
  endfacet
  facet normal -0.59999999999999143 0 0.80000000000000637
    outer loop
      vertex 61.799999999999997 40.200000000000003 0
      vertex 61.853333333333332 60 0.040000000000000036
      vertex 61.799999999999997 60 0
    endloop
  endfacet
  facet normal -0.55708601453114881 0.37139067635409923 0.74278135270821477
    outer loop
      vertex 61.960000000000001 60.160000000000004 0.040000000000000036
      vertex 61.799999999999997 60 0
      vertex 61.853333333333332 60 0.040000000000000036
    endloop
  endfacet
  facet normal -0.24253562503632792 0 0.97014250014533321
    outer loop
      vertex 61.799999999999997 60 0
      vertex 61.960000000000001 60.160000000000004 0.040000000000000036
      vertex 61.960000000000001 60.200000000000003 0.040000000000000036
    endloop
  endfacet
  facet normal -0.24253562503632789 0 0.9701425001453331
    outer loop
      vertex 61.799999999999997 60 0
      vertex 61.960000000000001 60.200000000000003 0.040000000000000036
      vertex 61.799999999999997 60.200000000000003 0
    endloop
  endfacet
  facet normal -0.24253562503632786 0 0.9701425001453331
    outer loop
      vertex 61.960000000000001 76.04000000000002 0.040000000000000036
      vertex 61.799999999999997 60.200000000000003 0
      vertex 61.960000000000001 60.200000000000003 0.040000000000000036
    endloop
  endfacet
  facet normal -0.242535625036328 0 0.9701425001453331
    outer loop
      vertex 61.799999999999997 60.200000000000003 0
      vertex 61.960000000000001 76.04000000000002 0.040000000000000036
      vertex 61.960000000000001 80 0.040000000000000036
    endloop
  endfacet
  facet normal -0.24253562503632792 0 0.9701425001453331
    outer loop
      vertex 61.799999999999997 60.200000000000003 0
      vertex 61.960000000000001 80 0.040000000000000036
      vertex 61.799999999999997 80 0
    endloop
  endfacet
  facet normal -0.24253562503632792 0 0.97014250014533321
    outer loop
      vertex 61.960000000000001 80.159999999999997 0.040000000000000036
      vertex 61.799999999999997 80 0
      vertex 61.960000000000001 80 0.040000000000000036
    endloop
  endfacet
  facet normal -0.242535625036328 0 0.9701425001453331
    outer loop
      vertex 61.799999999999997 80 0
      vertex 61.960000000000001 80.159999999999997 0.040000000000000036
      vertex 61.960000000000001 80.200000000000003 0.040000000000000036
    endloop
  endfacet
  facet normal -0.24253562503632789 0 0.9701425001453331
    outer loop
      vertex 61.799999999999997 80 0
      vertex 61.960000000000001 80.200000000000003 0.040000000000000036
      vertex 61.799999999999997 80.200000000000003 0
    endloop
  endfacet
  facet normal -0.24253562503632786 0 0.9701425001453331
    outer loop
      vertex 61.960000000000001 96.04000000000002 0.040000000000000036
      vertex 61.799999999999997 80.200000000000003 0
      vertex 61.960000000000001 80.200000000000003 0.040000000000000036
    endloop
  endfacet
  facet normal -0.242535625036328 0 0.9701425001453331
    outer loop
      vertex 61.799999999999997 80.200000000000003 0
      vertex 61.960000000000001 96.04000000000002 0.040000000000000036
      vertex 61.960000000000001 100 0.040000000000000036
    endloop
  endfacet
  facet normal -0.24253562503632792 0 0.9701425001453331
    outer loop
      vertex 61.799999999999997 80.200000000000003 0
      vertex 61.960000000000001 100 0.040000000000000036
      vertex 61.799999999999997 100 0
    endloop
  endfacet
  facet normal 0 0 1
    outer loop
      vertex 62 -100 0
      vertex 62.200000000000003 -100 0
      vertex 62.200000000000003 -80.200000000000003 0
    endloop
  endfacet
  facet normal 0 0 1
    outer loop
      vertex 62 -100 0
      vertex 62.200000000000003 -80.200000000000003 0
      vertex 62 -80.200000000000003 0
    endloop
  endfacet
  facet normal 0 0 1
    outer loop
      vertex 62 -80.200000000000003 0
      vertex 62.200000000000003 -80.200000000000003 0
      vertex 62.200000000000003 -80 0
    endloop
  endfacet
  facet normal 0 0 1
    outer loop
      vertex 62 -80.200000000000003 0
      vertex 62.200000000000003 -80 0
      vertex 62 -80 0
    endloop
  endfacet
  facet normal 0 0 1
    outer loop
      vertex 62 -80 0
      vertex 62.200000000000003 -80 0
      vertex 62.200000000000003 -60.200000000000003 0
    endloop
  endfacet
  facet normal 0 0 1
    outer loop
      vertex 62 -80 0
      vertex 62.200000000000003 -60.200000000000003 0
      vertex 62 -60.200000000000003 0
    endloop
  endfacet
  facet normal 0 0 1
    outer loop
      vertex 62 -60.200000000000003 0
      vertex 62.200000000000003 -60.200000000000003 0
      vertex 62.200000000000003 -60 0
    endloop
  endfacet
  facet normal 0 0 1
    outer loop
      vertex 62 -60.200000000000003 0
      vertex 62.200000000000003 -60 0
      vertex 62 -60 0
    endloop
  endfacet
  facet normal 0 0 1
    outer loop
      vertex 62 -60 0
      vertex 62.200000000000003 -60 0
      vertex 62.200000000000003 -40.200000000000003 0
    endloop
  endfacet
  facet normal 0 0 1
    outer loop
      vertex 62 -60 0
      vertex 62.200000000000003 -40.200000000000003 0
      vertex 62 -40.200000000000003 0
    endloop
  endfacet
  facet normal 0 0 1
    outer loop
      vertex 62 -40.200000000000003 0
      vertex 62.200000000000003 -40.200000000000003 0
      vertex 62.200000000000003 -40 0
    endloop
  endfacet
  facet normal 0 0 1
    outer loop
      vertex 62 -40.200000000000003 0
      vertex 62.200000000000003 -40 0
      vertex 62 -40 0
    endloop
  endfacet
  facet normal 0 0 1
    outer loop
      vertex 62 -40 0
      vertex 62.200000000000003 -40 0
      vertex 62.200000000000003 -20.199999999999999 0
    endloop
  endfacet
  facet normal 0 0 1
    outer loop
      vertex 62 -40 0
      vertex 62.200000000000003 -20.199999999999999 0
      vertex 62 -20.199999999999999 0
    endloop
  endfacet
  facet normal 0 0 1
    outer loop
      vertex 62 -20.199999999999999 0
      vertex 62.200000000000003 -20.199999999999999 0
      vertex 62.200000000000003 -20 0
    endloop
  endfacet
  facet normal 0 0 1
    outer loop
      vertex 62 -20.199999999999999 0
      vertex 62.200000000000003 -20 0
      vertex 62 -20 0
    endloop
  endfacet
  facet normal 0 0 1
    outer loop
      vertex 62 -20 0
      vertex 62.200000000000003 -20 0
      vertex 62.200000000000003 -10.199999999999999 0
    endloop
  endfacet
  facet normal 0 0 1
    outer loop
      vertex 62 -20 0
      vertex 62.200000000000003 -10.199999999999999 0
      vertex 62 -10.199999999999999 0
    endloop
  endfacet
  facet normal 0 0 1
    outer loop
      vertex 62 -10.199999999999999 0
      vertex 62.200000000000003 -10.199999999999999 0
      vertex 62.200000000000003 -10 0
    endloop
  endfacet
  facet normal 0 0 1
    outer loop
      vertex 62 -10.199999999999999 0
      vertex 62.200000000000003 -10 0
      vertex 62 -10 0
    endloop
  endfacet
  facet normal 0 0 1
    outer loop
      vertex 62 -10 0
      vertex 62.200000000000003 -10 0
      vertex 62.200000000000003 0 0
    endloop
  endfacet
  facet normal 0 0 1
    outer loop
      vertex 62 -10 0
      vertex 62.200000000000003 0 0
      vertex 62 0 0
    endloop
  endfacet
  facet normal 0 -0.24253562503633294 0.97014250014533177
    outer loop
      vertex 62.160000000000004 0.16000000000000014 0.040000000000000036
      vertex 62 0 0
      vertex 62.200000000000003 0 0
    endloop
  endfacet
  facet normal 0 -0.24253562503633297 0.97014250014533188
    outer loop
      vertex 62.160000000000004 0.16000000000000014 0.040000000000000036
      vertex 62.200000000000003 0 0
      vertex 62.200000000000003 0.16000000000000014 0.040000000000000036
    endloop
  endfacet
  facet normal 0 -0.24253562503633297 0.97014250014533188
    outer loop
      vertex 62 0.16000000000000014 0.040000000000000036
      vertex 62 0 0
      vertex 62.160000000000004 0.16000000000000014 0.040000000000000036
    endloop
  endfacet
  facet normal 0 0 1
    outer loop
      vertex 62.200000000000003 -100 0
      vertex 62.399999999999999 -100 0
      vertex 62.399999999999999 -80.200000000000003 0
    endloop
  endfacet
  facet normal 0 0 1
    outer loop
      vertex 62.200000000000003 -100 0
      vertex 62.399999999999999 -80.200000000000003 0
      vertex 62.200000000000003 -80.200000000000003 0
    endloop
  endfacet
  facet normal 0 0 1
    outer loop
      vertex 62.200000000000003 -80.200000000000003 0
      vertex 62.399999999999999 -80.200000000000003 0
      vertex 62.399999999999999 -80 0
    endloop
  endfacet
  facet normal 0 0 1
    outer loop
      vertex 62.200000000000003 -80.200000000000003 0
      vertex 62.399999999999999 -80 0
      vertex 62.200000000000003 -80 0
    endloop
  endfacet
  facet normal 0 0 1
    outer loop
      vertex 62.200000000000003 -80 0
      vertex 62.399999999999999 -80 0
      vertex 62.399999999999999 -60.200000000000003 0
    endloop
  endfacet
  facet normal 0 0 1
    outer loop
      vertex 62.200000000000003 -80 0
      vertex 62.399999999999999 -60.200000000000003 0
      vertex 62.200000000000003 -60.200000000000003 0
    endloop
  endfacet
  facet normal 0 0 1
    outer loop
      vertex 62.200000000000003 -60.200000000000003 0
      vertex 62.399999999999999 -60.200000000000003 0
      vertex 62.399999999999999 -60 0
    endloop
  endfacet
  facet normal 0 0 1
    outer loop
      vertex 62.200000000000003 -60.200000000000003 0
      vertex 62.399999999999999 -60 0
      vertex 62.200000000000003 -60 0
    endloop
  endfacet
  facet normal 0 0 1
    outer loop
      vertex 62.200000000000003 -60 0
      vertex 62.399999999999999 -60 0
      vertex 62.399999999999999 -40.200000000000003 0
    endloop
  endfacet
  facet normal 0 0 1
    outer loop
      vertex 62.200000000000003 -60 0
      vertex 62.399999999999999 -40.200000000000003 0
      vertex 62.200000000000003 -40.200000000000003 0
    endloop
  endfacet
  facet normal 0 0 1
    outer loop
      vertex 62.200000000000003 -40.200000000000003 0
      vertex 62.399999999999999 -40.200000000000003 0
      vertex 62.399999999999999 -40 0
    endloop
  endfacet
  facet normal 0 0 1
    outer loop
      vertex 62.200000000000003 -40.200000000000003 0
      vertex 62.399999999999999 -40 0
      vertex 62.200000000000003 -40 0
    endloop
  endfacet
  facet normal 0 0 1
    outer loop
      vertex 62.200000000000003 -40 0
      vertex 62.399999999999999 -40 0
      vertex 62.399999999999999 -20.199999999999999 0
    endloop
  endfacet
  facet normal 0 0 1
    outer loop
      vertex 62.200000000000003 -40 0
      vertex 62.399999999999999 -20.199999999999999 0
      vertex 62.200000000000003 -20.199999999999999 0
    endloop
  endfacet
  facet normal 0 0 1
    outer loop
      vertex 62.200000000000003 -20.199999999999999 0
      vertex 62.399999999999999 -20.199999999999999 0
      vertex 62.399999999999999 -20 0
    endloop
  endfacet
  facet normal 0 0 1
    outer loop
      vertex 62.200000000000003 -20.199999999999999 0
      vertex 62.399999999999999 -20 0
      vertex 62.200000000000003 -20 0
    endloop
  endfacet
  facet normal 0 0 1
    outer loop
      vertex 62.200000000000003 -20 0
      vertex 62.399999999999999 -20 0
      vertex 62.399999999999999 -10.199999999999999 0
    endloop
  endfacet
  facet normal 0 0 1
    outer loop
      vertex 62.200000000000003 -20 0
      vertex 62.399999999999999 -10.199999999999999 0
      vertex 62.200000000000003 -10.199999999999999 0
    endloop
  endfacet
  facet normal 0 0 1
    outer loop
      vertex 62.200000000000003 -10.199999999999999 0
      vertex 62.399999999999999 -10.199999999999999 0
      vertex 62.399999999999999 -10 0
    endloop
  endfacet
  facet normal 0 0 1
    outer loop
      vertex 62.200000000000003 -10.199999999999999 0
      vertex 62.399999999999999 -10 0
      vertex 62.200000000000003 -10 0
    endloop
  endfacet
  facet normal 0 0 1
    outer loop
      vertex 62.200000000000003 -10 0
      vertex 62.399999999999999 -10 0
      vertex 62.399999999999999 0 0
    endloop
  endfacet
  facet normal 0 0 1
    outer loop
      vertex 62.200000000000003 -10 0
      vertex 62.399999999999999 0 0
      vertex 62.200000000000003 0 0
    endloop
  endfacet
  facet normal 0 0 1
    outer loop
      vertex 62.200000000000003 0 0
      vertex 62.399999999999999 0 0
      vertex 62.399999999999999 0.20000000000000001 0
    endloop
  endfacet
  facet normal 0.23570226039552059 -0.23570226039551559 0.94280904158206236
    outer loop
      vertex 62.200000000000003 0.16000000000000014 0.040000000000000036
      vertex 62.200000000000003 0 0
      vertex 62.399999999999999 0.20000000000000001 0
    endloop
  endfacet
  facet normal 0.23570226039552078 -0.23570226039551653 0.94280904158206202
    outer loop
      vertex 62.200000000000003 0.16000000000000014 0.040000000000000036
      vertex 62.399999999999999 0.20000000000000001 0
      vertex 62.240000000000002 0.20000000000000001 0.040000000000000036
    endloop
  endfacet
  facet normal 0.24253562503633805 0 0.97014250014533054
    outer loop
      vertex 62.240000000000002 2.1599999999999921 0.040000000000000036
      vertex 62.240000000000002 0.20000000000000001 0.040000000000000036
      vertex 62.399999999999999 0.20000000000000001 0
    endloop
  endfacet
  facet normal 0.24253562503633805 0 0.97014250014533054
    outer loop
      vertex 62.240000000000002 2.1599999999999921 0.040000000000000036
      vertex 62.399999999999999 0.20000000000000001 0
      vertex 62.399999999999999 10 0
    endloop
  endfacet
  facet normal 0.24253562503633805 -0 0.97014250014533054
    outer loop
      vertex 62.240000000000002 2.1599999999999939 0.040000000000000036
      vertex 62.399999999999999 10 0
      vertex 62.240000000000002 10 0.040000000000000036
    endloop
  endfacet
  facet normal 0.24253562503633805 0 0.97014250014533066
    outer loop
      vertex 62.240000000000002 10.039999999999999 0.040000000000000036
      vertex 62.240000000000002 10 0.040000000000000036
      vertex 62.399999999999999 10 0
    endloop
  endfacet
  facet normal 0.24253562503633808 0 0.97014250014533066
    outer loop
      vertex 62.240000000000002 10.039999999999999 0.040000000000000036
      vertex 62.399999999999999 10 0
      vertex 62.399999999999999 10.199999999999999 0
    endloop
  endfacet
  facet normal 0.43643578047199261 -0.21821789023599147 0.8728715609439659
    outer loop
      vertex 62.240000000000002 10.039999999999999 0.040000000000000036
      vertex 62.399999999999999 10.199999999999999 0
      vertex 62.32 10.199999999999999 0.040000000000000036
    endloop
  endfacet
  facet normal 0.44721359549996587 0 0.89442719099991186
    outer loop
      vertex 62.32 16.079999999999995 0.040000000000000036
      vertex 62.32 10.199999999999999 0.040000000000000036
      vertex 62.399999999999999 10.199999999999999 0
    endloop
  endfacet
  facet normal 0.44721359549996587 0 0.89442719099991197
    outer loop
      vertex 62.32 16.079999999999995 0.040000000000000036
      vertex 62.399999999999999 10.199999999999999 0
      vertex 62.399999999999999 20 0
    endloop
  endfacet
  facet normal 0.44721359549996592 -0 0.89442719099991186
    outer loop
      vertex 62.32 16.079999999999998 0.040000000000000036
      vertex 62.399999999999999 20 0
      vertex 62.32 20 0.040000000000000036
    endloop
  endfacet
  facet normal 0.44721359549996587 0 0.89442719099991186
    outer loop
      vertex 62.32 20.120000000000001 0.040000000000000036
      vertex 62.32 20 0.040000000000000036
      vertex 62.399999999999999 20 0
    endloop
  endfacet
  facet normal 0.44721359549996592 0 0.89442719099991186
    outer loop
      vertex 62.32 20.120000000000001 0.040000000000000036
      vertex 62.399999999999999 20 0
      vertex 62.399999999999999 20.199999999999999 0
    endloop
  endfacet
  facet normal 0.23570226039552053 0.23570226039552053 0.94280904158206114
    outer loop
      vertex 62.32 20.120000000000001 0.040000000000000036
      vertex 62.399999999999999 20.199999999999999 0
      vertex 62.240000000000002 20.199999999999999 0.040000000000000036
    endloop
  endfacet
  facet normal 0.24253562503633802 0 0.97014250014533066
    outer loop
      vertex 62.240000000000002 24.159999999999986 0.040000000000000036
      vertex 62.240000000000002 20.199999999999999 0.040000000000000036
      vertex 62.399999999999999 20.199999999999999 0
    endloop
  endfacet
  facet normal 0.24253562503633802 0 0.97014250014533054
    outer loop
      vertex 62.240000000000002 24.159999999999986 0.040000000000000036
      vertex 62.399999999999999 20.199999999999999 0
      vertex 62.399999999999999 40 0
    endloop
  endfacet
  facet normal 0.24253562503633805 -0 0.97014250014533066
    outer loop
      vertex 62.240000000000002 24.159999999999986 0.040000000000000036
      vertex 62.399999999999999 40 0
      vertex 62.240000000000002 40 0.040000000000000036
    endloop
  endfacet
  facet normal 0.24253562503633805 0 0.97014250014533066
    outer loop
      vertex 62.240000000000002 40.039999999999999 0.040000000000000036
      vertex 62.240000000000002 40 0.040000000000000036
      vertex 62.399999999999999 40 0
    endloop
  endfacet
  facet normal 0.24253562503633805 0 0.97014250014533054
    outer loop
      vertex 62.240000000000002 40.039999999999999 0.040000000000000036
      vertex 62.399999999999999 40 0
      vertex 62.399999999999999 40.200000000000003 0
    endloop
  endfacet
  facet normal 0.55708601453115392 -0.3713906763540778 0.74278135270822176
    outer loop
      vertex 62.240000000000002 40.039999999999999 0.040000000000000036
      vertex 62.399999999999999 40.200000000000003 0
      vertex 62.346666666666664 40.200000000000003 0.040000000000000036
    endloop
  endfacet
  facet normal 0.59999999999999143 0 0.80000000000000637
    outer loop
      vertex 62.346666666666664 54.719999999999999 0.040000000000000036
      vertex 62.346666666666664 40.200000000000003 0.040000000000000036
      vertex 62.399999999999999 40.200000000000003 0
    endloop
  endfacet
  facet normal 0.59999999999999143 0 0.80000000000000648
    outer loop
      vertex 62.346666666666664 54.719999999999999 0.040000000000000036
      vertex 62.399999999999999 40.200000000000003 0
      vertex 62.399999999999999 60 0
    endloop
  endfacet
  facet normal 0.59999999999999143 -0 0.80000000000000648
    outer loop
      vertex 62.346666666666664 54.719999999999999 0.040000000000000036
      vertex 62.399999999999999 60 0
      vertex 62.346666666666664 60 0.040000000000000036
    endloop
  endfacet
  facet normal 0.59999999999999143 0 0.80000000000000637
    outer loop
      vertex 62.346666666666664 60.146666666666668 0.040000000000000036
      vertex 62.346666666666664 60 0.040000000000000036
      vertex 62.399999999999999 60 0
    endloop
  endfacet
  facet normal 0.59999999999999143 0 0.80000000000000637
    outer loop
      vertex 62.346666666666664 60.146666666666668 0.040000000000000036
      vertex 62.399999999999999 60 0
      vertex 62.399999999999999 60.200000000000003 0
    endloop
  endfacet
  facet normal 0.21821789023599886 0.43643578047196857 0.872871560943976
    outer loop
      vertex 62.346666666666664 60.146666666666668 0.040000000000000036
      vertex 62.399999999999999 60.200000000000003 0
      vertex 62.240000000000002 60.200000000000003 0.040000000000000036
    endloop
  endfacet
  facet normal 0.24253562503633805 0 0.97014250014533066
    outer loop
      vertex 62.240000000000002 64.159999999999982 0.040000000000000036
      vertex 62.240000000000002 60.200000000000003 0.040000000000000036
      vertex 62.399999999999999 60.200000000000003 0
    endloop
  endfacet
  facet normal 0.24253562503633808 0 0.97014250014533066
    outer loop
      vertex 62.240000000000002 64.159999999999982 0.040000000000000036
      vertex 62.399999999999999 60.200000000000003 0
      vertex 62.399999999999999 80 0
    endloop
  endfacet
  facet normal 0.24253562503633805 -0 0.97014250014533066
    outer loop
      vertex 62.240000000000002 64.159999999999997 0.040000000000000036
      vertex 62.399999999999999 80 0
      vertex 62.240000000000002 80 0.040000000000000036
    endloop
  endfacet
  facet normal 0.24253562503633805 0 0.97014250014533066
    outer loop
      vertex 62.240000000000002 80.040000000000006 0.040000000000000036
      vertex 62.240000000000002 80 0.040000000000000036
      vertex 62.399999999999999 80 0
    endloop
  endfacet
  facet normal 0.24253562503633805 0 0.97014250014533054
    outer loop
      vertex 62.240000000000002 80.040000000000006 0.040000000000000036
      vertex 62.399999999999999 80 0
      vertex 62.399999999999999 80.200000000000003 0
    endloop
  endfacet
  facet normal 0.24253562503633805 -0 0.97014250014533066
    outer loop
      vertex 62.240000000000002 80.040000000000006 0.040000000000000036
      vertex 62.399999999999999 80.200000000000003 0
      vertex 62.240000000000002 80.200000000000003 0.040000000000000036
    endloop
  endfacet
  facet normal 0.24253562503633805 0 0.97014250014533066
    outer loop
      vertex 62.240000000000002 84.159999999999982 0.040000000000000036
      vertex 62.240000000000002 80.200000000000003 0.040000000000000036
      vertex 62.399999999999999 80.200000000000003 0
    endloop
  endfacet
  facet normal 0.24253562503633808 0 0.97014250014533066
    outer loop
      vertex 62.240000000000002 84.159999999999982 0.040000000000000036
      vertex 62.399999999999999 80.200000000000003 0
      vertex 62.399999999999999 100 0
    endloop
  endfacet
  facet normal 0.24253562503633805 -0 0.97014250014533066
    outer loop
      vertex 62.240000000000002 84.159999999999997 0.040000000000000036
      vertex 62.399999999999999 100 0
      vertex 62.240000000000002 100 0.040000000000000036
    endloop
  endfacet
  facet normal 0.0079997440122869072 -0.59998080092155293 0.79997440122873298
    outer loop
      vertex 64.400000000000006 -80.120000000000005 0.040000000000000036
      vertex 62.399999999999999 -80.200000000000003 0
      vertex 67.400000000000006 -80.13333333333334 0
    endloop
  endfacet
  facet normal 0.0079997440122878006 -0.5999808009214912 0.79997440122877927
    outer loop
      vertex 64.400000000000006 -80.120000000000005 0.040000000000000036
      vertex 67.400000000000006 -80.13333333333334 0
      vertex 67.400000000000006 -80.079999999999998 0.040000000000000036
    endloop
  endfacet
  facet normal -0.019996001199600086 0 0.99980005998000698
    outer loop
      vertex 62.399999999999999 -80.200000000000003 0
      vertex 64.400000000000006 -80.120000000000005 0.040000000000000036
      vertex 64.400000000000006 -80 0.040000000000000036
    endloop
  endfacet
  facet normal -0.019996001199600089 0 0.99980005998000709
    outer loop
      vertex 62.399999999999999 -80.200000000000003 0
      vertex 64.400000000000006 -80 0.040000000000000036
      vertex 62.399999999999999 -80 0
    endloop
  endfacet
  facet normal -0.019996001199600086 0 0.99980005998000698
    outer loop
      vertex 64.400000000000006 -72.079999999999998 0.040000000000000036
      vertex 62.399999999999999 -80 0
      vertex 64.400000000000006 -80 0.040000000000000036
    endloop
  endfacet
  facet normal -0.019996001199600086 0 0.99980005998000698
    outer loop
      vertex 62.399999999999999 -80 0
      vertex 64.400000000000006 -72.079999999999998 0.040000000000000036
      vertex 64.400000000000006 -60.200000000000003 0.040000000000000036
    endloop
  endfacet
  facet normal -0.019996001199600086 0 0.99980005998000698
    outer loop
      vertex 62.399999999999999 -80 0
      vertex 64.400000000000006 -60.200000000000003 0.040000000000000036
      vertex 62.399999999999999 -60.200000000000003 0
    endloop
  endfacet
  facet normal -0.01939919873264416 0.24248998415804637 0.96995993663221047
    outer loop
      vertex 66.400000000000006 -60.039999999999999 0.040000000000000036
      vertex 62.399999999999999 -60.200000000000003 0
      vertex 64.400000000000006 -60.200000000000003 0.040000000000000036
    endloop
  endfacet
  facet normal -0.0099995000374968647 0 0.99995000374968745
    outer loop
      vertex 62.399999999999999 -60.200000000000003 0
      vertex 66.400000000000006 -60.039999999999999 0.040000000000000036
      vertex 66.400000000000006 -60 0.040000000000000036
    endloop
  endfacet
  facet normal -0.0099995000374968664 0 0.99995000374968745
    outer loop
      vertex 62.399999999999999 -60.200000000000003 0
      vertex 66.400000000000006 -60 0.040000000000000036
      vertex 62.399999999999999 -60 0
    endloop
  endfacet
  facet normal -0.0099995000374968647 0 0.99995000374968757
    outer loop
      vertex 66.400000000000006 -44.159999999999989 0.040000000000000036
      vertex 62.399999999999999 -60 0
      vertex 66.400000000000006 -60 0.040000000000000036
    endloop
  endfacet
  facet normal -0.0099995000374968682 0 0.99995000374968757
    outer loop
      vertex 62.399999999999999 -60 0
      vertex 66.400000000000006 -44.159999999999989 0.040000000000000036
      vertex 66.400000000000006 -40.200000000000003 0.040000000000000036
    endloop
  endfacet
  facet normal -0.0099995000374968664 0 0.99995000374968757
    outer loop
      vertex 62.399999999999999 -60 0
      vertex 66.400000000000006 -40.200000000000003 0.040000000000000036
      vertex 62.399999999999999 -40.200000000000003 0
    endloop
  endfacet
  facet normal -0.0097009684960298308 -0.24252421240075092 0.97009684960298392
    outer loop
      vertex 64.400000000000006 -40.120000000000005 0.040000000000000036
      vertex 62.399999999999999 -40.200000000000003 0
      vertex 66.400000000000006 -40.200000000000003 0.040000000000000036
    endloop
  endfacet
  facet normal -0.019996001199600086 0 0.99980005998000698
    outer loop
      vertex 62.399999999999999 -40.200000000000003 0
      vertex 64.400000000000006 -40.120000000000005 0.040000000000000036
      vertex 64.400000000000006 -40 0.040000000000000036
    endloop
  endfacet
  facet normal -0.019996001199600089 0 0.99980005998000709
    outer loop
      vertex 62.399999999999999 -40.200000000000003 0
      vertex 64.400000000000006 -40 0.040000000000000036
      vertex 62.399999999999999 -40 0
    endloop
  endfacet
  facet normal -0.019996001199600086 0 0.99980005998000698
    outer loop
      vertex 64.400000000000006 -32.079999999999991 0.040000000000000036
      vertex 62.399999999999999 -40 0
      vertex 64.400000000000006 -40 0.040000000000000036
    endloop
  endfacet
  facet normal -0.019996001199600082 0 0.99980005998000698
    outer loop
      vertex 62.399999999999999 -40 0
      vertex 64.400000000000006 -32.079999999999991 0.040000000000000036
      vertex 64.400000000000006 -20.199999999999999 0.040000000000000036
    endloop
  endfacet
  facet normal -0.019996001199600082 0 0.99980005998000698
    outer loop
      vertex 62.399999999999999 -40 0
      vertex 64.400000000000006 -20.199999999999999 0.040000000000000036
      vertex 62.399999999999999 -20.199999999999999 0
    endloop
  endfacet
  facet normal -0.019399198732644136 0.24248998415805148 0.96995993663220925
    outer loop
      vertex 66.400000000000006 -20.039999999999999 0.040000000000000036
      vertex 62.399999999999999 -20.199999999999999 0
      vertex 64.400000000000006 -20.199999999999999 0.040000000000000036
    endloop
  endfacet
  facet normal -0.0099995000374968647 0 0.99995000374968745
    outer loop
      vertex 62.399999999999999 -20.199999999999999 0
      vertex 66.400000000000006 -20.039999999999999 0.040000000000000036
      vertex 66.400000000000006 -20 0.040000000000000036
    endloop
  endfacet
  facet normal -0.0099995000374968664 0 0.99995000374968745
    outer loop
      vertex 62.399999999999999 -20.199999999999999 0
      vertex 66.400000000000006 -20 0.040000000000000036
      vertex 62.399999999999999 -20 0
    endloop
  endfacet
  facet normal -0.0099995000374968664 0 0.99995000374968768
    outer loop
      vertex 66.400000000000006 -12.159999999999993 0.040000000000000036
      vertex 62.399999999999999 -20 0
      vertex 66.400000000000006 -20 0.040000000000000036
    endloop
  endfacet
  facet normal -0.0099995000374968716 0 0.99995000374968757
    outer loop
      vertex 62.399999999999999 -20 0
      vertex 66.400000000000006 -12.159999999999993 0.040000000000000036
      vertex 66.400000000000006 -10.199999999999999 0.040000000000000036
    endloop
  endfacet
  facet normal -0.0099995000374968664 0 0.99995000374968757
    outer loop
      vertex 62.399999999999999 -20 0
      vertex 66.400000000000006 -10.199999999999999 0.040000000000000036
      vertex 62.399999999999999 -10.199999999999999 0
    endloop
  endfacet
  facet normal -0.0097009684960298447 -0.24252421240074587 0.97009684960298515
    outer loop
      vertex 64.400000000000006 -10.119999999999999 0.040000000000000036
      vertex 62.399999999999999 -10.199999999999999 0
      vertex 66.400000000000006 -10.199999999999999 0.040000000000000036
    endloop
  endfacet
  facet normal -0.019996001199600086 0 0.99980005998000698
    outer loop
      vertex 62.399999999999999 -10.199999999999999 0
      vertex 64.400000000000006 -10.119999999999999 0.040000000000000036
      vertex 64.400000000000006 -10 0.040000000000000036
    endloop
  endfacet
  facet normal -0.019996001199600086 0 0.99980005998000687
    outer loop
      vertex 62.399999999999999 -10.199999999999999 0
      vertex 64.400000000000006 -10 0.040000000000000036
      vertex 62.399999999999999 -10 0
    endloop
  endfacet
  facet normal -0.019996001199600089 0 0.99980005998000709
    outer loop
      vertex 64.400000000000006 -5.9999999999999964 0.040000000000000036
      vertex 62.399999999999999 -10 0
      vertex 64.400000000000006 -10 0.040000000000000036
    endloop
  endfacet
  facet normal -0.019996001199600086 0 0.99980005998000698
    outer loop
      vertex 62.399999999999999 -10 0
      vertex 64.400000000000006 -5.9999999999999964 0.040000000000000036
      vertex 64.400000000000006 0 0.040000000000000036
    endloop
  endfacet
  facet normal -0.019996001199600089 0 0.99980005998000709
    outer loop
      vertex 62.399999999999999 -10 0
      vertex 64.400000000000006 0 0.040000000000000036
      vertex 62.399999999999999 0 0
    endloop
  endfacet
  facet normal -0.017885682339724034 0.44714205849310107 0.89428411698620414
    outer loop
      vertex 62.399999999999999 0 0
      vertex 64.400000000000006 0 0.040000000000000036
      vertex 67.400000000000006 0.11999999999999994 0.040000000000000036
    endloop
  endfacet
  facet normal -0.017885682339724044 0.44714205849310174 0.89428411698620369
    outer loop
      vertex 62.399999999999999 0 0
      vertex 67.400000000000006 0.11999999999999994 0.040000000000000036
      vertex 67.400000000000006 0.20000000000000001 0
    endloop
  endfacet
  facet normal 0 0 1
    outer loop
      vertex 62.399999999999999 0 0
      vertex 67.400000000000006 0.20000000000000001 0
      vertex 62.399999999999999 0.20000000000000001 0
    endloop
  endfacet
  facet normal 0 0 1
    outer loop
      vertex 62.399999999999999 0.20000000000000001 0
      vertex 67.400000000000006 0.20000000000000001 0
      vertex 67.400000000000006 10 0
    endloop
  endfacet
  facet normal 0 0 1
    outer loop
      vertex 62.399999999999999 0.20000000000000001 0
      vertex 67.400000000000006 10 0
      vertex 62.399999999999999 10 0
    endloop
  endfacet
  facet normal 0 0 1
    outer loop
      vertex 62.399999999999999 10 0
      vertex 67.400000000000006 10 0
      vertex 67.400000000000006 10.199999999999999 0
    endloop
  endfacet
  facet normal 0 0 1
    outer loop
      vertex 62.399999999999999 10 0
      vertex 67.400000000000006 10.199999999999999 0
      vertex 62.399999999999999 10.199999999999999 0
    endloop
  endfacet
  facet normal 0 0 1
    outer loop
      vertex 62.399999999999999 10.199999999999999 0
      vertex 67.400000000000006 10.199999999999999 0
      vertex 67.400000000000006 20 0
    endloop
  endfacet
  facet normal 0 0 1
    outer loop
      vertex 62.399999999999999 10.199999999999999 0
      vertex 67.400000000000006 20 0
      vertex 62.399999999999999 20 0
    endloop
  endfacet
  facet normal 0 0 1
    outer loop
      vertex 62.399999999999999 20 0
      vertex 67.400000000000006 20 0
      vertex 67.400000000000006 20.199999999999999 0
    endloop
  endfacet
  facet normal 0 0 1
    outer loop
      vertex 62.399999999999999 20 0
      vertex 67.400000000000006 20.199999999999999 0
      vertex 62.399999999999999 20.199999999999999 0
    endloop
  endfacet
  facet normal 0 0 1
    outer loop
      vertex 62.399999999999999 20.199999999999999 0
      vertex 67.400000000000006 20.199999999999999 0
      vertex 67.400000000000006 40 0
    endloop
  endfacet
  facet normal 0 0 1
    outer loop
      vertex 62.399999999999999 20.199999999999999 0
      vertex 67.400000000000006 40 0
      vertex 62.399999999999999 40 0
    endloop
  endfacet
  facet normal 0 0 1
    outer loop
      vertex 62.399999999999999 40 0
      vertex 67.400000000000006 40 0
      vertex 67.400000000000006 40.200000000000003 0
    endloop
  endfacet
  facet normal 0 0 1
    outer loop
      vertex 62.399999999999999 40 0
      vertex 67.400000000000006 40.200000000000003 0
      vertex 62.399999999999999 40.200000000000003 0
    endloop
  endfacet
  facet normal 0 0 1
    outer loop
      vertex 62.399999999999999 40.200000000000003 0
      vertex 67.400000000000006 40.200000000000003 0
      vertex 67.400000000000006 60 0
    endloop
  endfacet
  facet normal 0 0 1
    outer loop
      vertex 62.399999999999999 40.200000000000003 0
      vertex 67.400000000000006 60 0
      vertex 62.399999999999999 60 0
    endloop
  endfacet
  facet normal 0 0 1
    outer loop
      vertex 62.399999999999999 60 0
      vertex 67.400000000000006 60 0
      vertex 67.400000000000006 60.200000000000003 0
    endloop
  endfacet
  facet normal 0 0 1
    outer loop
      vertex 62.399999999999999 60 0
      vertex 67.400000000000006 60.200000000000003 0
      vertex 62.399999999999999 60.200000000000003 0
    endloop
  endfacet
  facet normal 0 0 1
    outer loop
      vertex 62.399999999999999 60.200000000000003 0
      vertex 67.400000000000006 60.200000000000003 0
      vertex 67.400000000000006 80 0
    endloop
  endfacet
  facet normal 0 0 1
    outer loop
      vertex 62.399999999999999 60.200000000000003 0
      vertex 67.400000000000006 80 0
      vertex 62.399999999999999 80 0
    endloop
  endfacet
  facet normal 0 0 1
    outer loop
      vertex 62.399999999999999 80 0
      vertex 67.400000000000006 80 0
      vertex 67.400000000000006 80.200000000000003 0
    endloop
  endfacet
  facet normal 0 0 1
    outer loop
      vertex 62.399999999999999 80 0
      vertex 67.400000000000006 80.200000000000003 0
      vertex 62.399999999999999 80.200000000000003 0
    endloop
  endfacet
  facet normal 0 0 1
    outer loop
      vertex 62.399999999999999 80.200000000000003 0
      vertex 67.400000000000006 80.200000000000003 0
      vertex 67.400000000000006 100 0
    endloop
  endfacet
  facet normal 0 0 1
    outer loop
      vertex 62.399999999999999 80.200000000000003 0
      vertex 67.400000000000006 100 0
      vertex 62.399999999999999 100 0
    endloop
  endfacet
  facet normal 0 -0.59999999999994025 0.8000000000000449
    outer loop
      vertex 67.519999999999996 -80.079999999999998 0.040000000000000036
      vertex 67.466666666666669 -80.13333333333334 0
      vertex 67.599999999999994 -80.13333333333334 0
    endloop
  endfacet
  facet normal 0 -0.59999999999994036 0.80000000000004479
    outer loop
      vertex 67.519999999999996 -80.079999999999998 0.040000000000000036
      vertex 67.599999999999994 -80.13333333333334 0
      vertex 67.599999999999994 -80.079999999999998 0.040000000000000036
    endloop
  endfacet
  facet normal 0 -0.59999999999994025 0.80000000000004479
    outer loop
      vertex 67.400000000000006 -80.079999999999998 0.040000000000000036
      vertex 67.400000000000006 -80.13333333333334 0
      vertex 67.466666666666669 -80.13333333333334 0
    endloop
  endfacet
  facet normal 0 -0.59999999999994025 0.80000000000004468
    outer loop
      vertex 67.400000000000006 -80.079999999999998 0.040000000000000036
      vertex 67.466666666666669 -80.13333333333334 0
      vertex 67.519999999999996 -80.079999999999998 0.040000000000000036
    endloop
  endfacet
  facet normal -0 0.44721359549995793 0.89442719099991586
    outer loop
      vertex 67.519999999999996 0.11999999999999994 0.040000000000000036
      vertex 67.599999999999994 0.11999999999999994 0.040000000000000036
      vertex 67.599999999999994 0.20000000000000001 0
    endloop
  endfacet
  facet normal -0 0.44721359549995793 0.89442719099991586
    outer loop
      vertex 67.400000000000006 0.11999999999999994 0.040000000000000036
      vertex 67.519999999999996 0.11999999999999994 0.040000000000000036
      vertex 67.599999999999994 0.20000000000000001 0
    endloop
  endfacet
  facet normal 0 0.44721359549995798 0.89442719099991597
    outer loop
      vertex 67.400000000000006 0.11999999999999994 0.040000000000000036
      vertex 67.599999999999994 0.20000000000000001 0
      vertex 67.400000000000006 0.20000000000000001 0
    endloop
  endfacet
  facet normal 0 0 1
    outer loop
      vertex 67.400000000000006 0.20000000000000001 0
      vertex 67.599999999999994 0.20000000000000001 0
      vertex 67.599999999999994 10 0
    endloop
  endfacet
  facet normal 0 0 1
    outer loop
      vertex 67.400000000000006 0.20000000000000001 0
      vertex 67.599999999999994 10 0
      vertex 67.400000000000006 10 0
    endloop
  endfacet
  facet normal 0 0 1
    outer loop
      vertex 67.400000000000006 10 0
      vertex 67.599999999999994 10 0
      vertex 67.599999999999994 10.199999999999999 0
    endloop
  endfacet
  facet normal 0 0 1
    outer loop
      vertex 67.400000000000006 10 0
      vertex 67.599999999999994 10.199999999999999 0
      vertex 67.400000000000006 10.199999999999999 0
    endloop
  endfacet
  facet normal 0 0 1
    outer loop
      vertex 67.400000000000006 10.199999999999999 0
      vertex 67.599999999999994 10.199999999999999 0
      vertex 67.599999999999994 20 0
    endloop
  endfacet
  facet normal 0 0 1
    outer loop
      vertex 67.400000000000006 10.199999999999999 0
      vertex 67.599999999999994 20 0
      vertex 67.400000000000006 20 0
    endloop
  endfacet
  facet normal 0 0 1
    outer loop
      vertex 67.400000000000006 20 0
      vertex 67.599999999999994 20 0
      vertex 67.599999999999994 20.199999999999999 0
    endloop
  endfacet
  facet normal 0 0 1
    outer loop
      vertex 67.400000000000006 20 0
      vertex 67.599999999999994 20.199999999999999 0
      vertex 67.400000000000006 20.199999999999999 0
    endloop
  endfacet
  facet normal 0 0 1
    outer loop
      vertex 67.400000000000006 20.199999999999999 0
      vertex 67.599999999999994 20.199999999999999 0
      vertex 67.599999999999994 40 0
    endloop
  endfacet
  facet normal 0 0 1
    outer loop
      vertex 67.400000000000006 20.199999999999999 0
      vertex 67.599999999999994 40 0
      vertex 67.400000000000006 40 0
    endloop
  endfacet
  facet normal 0 0 1
    outer loop
      vertex 67.400000000000006 40 0
      vertex 67.599999999999994 40 0
      vertex 67.599999999999994 40.200000000000003 0
    endloop
  endfacet
  facet normal 0 0 1
    outer loop
      vertex 67.400000000000006 40 0
      vertex 67.599999999999994 40.200000000000003 0
      vertex 67.400000000000006 40.200000000000003 0
    endloop
  endfacet
  facet normal 0 0 1
    outer loop
      vertex 67.400000000000006 40.200000000000003 0
      vertex 67.599999999999994 40.200000000000003 0
      vertex 67.599999999999994 60 0
    endloop
  endfacet
  facet normal 0 0 1
    outer loop
      vertex 67.400000000000006 40.200000000000003 0
      vertex 67.599999999999994 60 0
      vertex 67.400000000000006 60 0
    endloop
  endfacet
  facet normal 0 0 1
    outer loop
      vertex 67.400000000000006 60 0
      vertex 67.599999999999994 60 0
      vertex 67.599999999999994 60.200000000000003 0
    endloop
  endfacet
  facet normal 0 0 1
    outer loop
      vertex 67.400000000000006 60 0
      vertex 67.599999999999994 60.200000000000003 0
      vertex 67.400000000000006 60.200000000000003 0
    endloop
  endfacet
  facet normal 0 0 1
    outer loop
      vertex 67.400000000000006 60.200000000000003 0
      vertex 67.599999999999994 60.200000000000003 0
      vertex 67.599999999999994 80 0
    endloop
  endfacet
  facet normal 0 0 1
    outer loop
      vertex 67.400000000000006 60.200000000000003 0
      vertex 67.599999999999994 80 0
      vertex 67.400000000000006 80 0
    endloop
  endfacet
  facet normal 0 0 1
    outer loop
      vertex 67.400000000000006 80 0
      vertex 67.599999999999994 80 0
      vertex 67.599999999999994 80.200000000000003 0
    endloop
  endfacet
  facet normal 0 0 1
    outer loop
      vertex 67.400000000000006 80 0
      vertex 67.599999999999994 80.200000000000003 0
      vertex 67.400000000000006 80.200000000000003 0
    endloop
  endfacet
  facet normal 0 0 1
    outer loop
      vertex 67.400000000000006 80.200000000000003 0
      vertex 67.599999999999994 80.200000000000003 0
      vertex 67.599999999999994 100 0
    endloop
  endfacet
  facet normal 0 0 1
    outer loop
      vertex 67.400000000000006 80.200000000000003 0
      vertex 67.599999999999994 100 0
      vertex 67.400000000000006 100 0
    endloop
  endfacet
  facet normal 0 -0.59999999999994025 0.80000000000004479
    outer loop
      vertex 68.799999999999997 -80.079999999999998 0.040000000000000036
      vertex 68.266666666666666 -80.13333333333334 0
      vertex 69.599999999999994 -80.13333333333334 0
    endloop
  endfacet
  facet normal 0 -0.59999999999994036 0.80000000000004479
    outer loop
      vertex 68.799999999999997 -80.079999999999998 0.040000000000000036
      vertex 69.599999999999994 -80.13333333333334 0
      vertex 69.599999999999994 -80.079999999999998 0.040000000000000036
    endloop
  endfacet
  facet normal 0 -0.59999999999994036 0.80000000000004468
    outer loop
      vertex 67.599999999999994 -80.079999999999998 0.040000000000000036
      vertex 67.599999999999994 -80.13333333333334 0
      vertex 68.266666666666666 -80.13333333333334 0
    endloop
  endfacet
  facet normal 0 -0.59999999999994014 0.80000000000004468
    outer loop
      vertex 67.599999999999994 -80.079999999999998 0.040000000000000036
      vertex 68.266666666666666 -80.13333333333334 0
      vertex 68.799999999999997 -80.079999999999998 0.040000000000000036
    endloop
  endfacet
  facet normal -0 0.44721359549995798 0.89442719099991597
    outer loop
      vertex 68.799999999999997 0.11999999999999994 0.040000000000000036
      vertex 69.599999999999994 0.11999999999999994 0.040000000000000036
      vertex 69.599999999999994 0.20000000000000001 0
    endloop
  endfacet
  facet normal -0 0.44721359549995793 0.89442719099991586
    outer loop
      vertex 67.599999999999994 0.11999999999999994 0.040000000000000036
      vertex 68.799999999999997 0.11999999999999994 0.040000000000000036
      vertex 69.599999999999994 0.20000000000000001 0
    endloop
  endfacet
  facet normal 0 0.44721359549995793 0.89442719099991586
    outer loop
      vertex 67.599999999999994 0.11999999999999994 0.040000000000000036
      vertex 69.599999999999994 0.20000000000000001 0
      vertex 67.599999999999994 0.20000000000000001 0
    endloop
  endfacet
  facet normal 0 0 1
    outer loop
      vertex 67.599999999999994 0.20000000000000001 0
      vertex 69.599999999999994 0.20000000000000001 0
      vertex 69.599999999999994 10 0
    endloop
  endfacet
  facet normal 0 0 1
    outer loop
      vertex 67.599999999999994 0.20000000000000001 0
      vertex 69.599999999999994 10 0
      vertex 67.599999999999994 10 0
    endloop
  endfacet
  facet normal 0 0 1
    outer loop
      vertex 67.599999999999994 10 0
      vertex 69.599999999999994 10 0
      vertex 69.599999999999994 10.199999999999999 0
    endloop
  endfacet
  facet normal 0 0 1
    outer loop
      vertex 67.599999999999994 10 0
      vertex 69.599999999999994 10.199999999999999 0
      vertex 67.599999999999994 10.199999999999999 0
    endloop
  endfacet
  facet normal 0 0 1
    outer loop
      vertex 67.599999999999994 10.199999999999999 0
      vertex 69.599999999999994 10.199999999999999 0
      vertex 69.599999999999994 20 0
    endloop
  endfacet
  facet normal 0 0 1
    outer loop
      vertex 67.599999999999994 10.199999999999999 0
      vertex 69.599999999999994 20 0
      vertex 67.599999999999994 20 0
    endloop
  endfacet
  facet normal 0 0 1
    outer loop
      vertex 67.599999999999994 20 0
      vertex 69.599999999999994 20 0
      vertex 69.599999999999994 20.199999999999999 0
    endloop
  endfacet
  facet normal 0 0 1
    outer loop
      vertex 67.599999999999994 20 0
      vertex 69.599999999999994 20.199999999999999 0
      vertex 67.599999999999994 20.199999999999999 0
    endloop
  endfacet
  facet normal 0 0 1
    outer loop
      vertex 67.599999999999994 20.199999999999999 0
      vertex 69.599999999999994 20.199999999999999 0
      vertex 69.599999999999994 40 0
    endloop
  endfacet
  facet normal 0 0 1
    outer loop
      vertex 67.599999999999994 20.199999999999999 0
      vertex 69.599999999999994 40 0
      vertex 67.599999999999994 40 0
    endloop
  endfacet
  facet normal 0 0 1
    outer loop
      vertex 67.599999999999994 40 0
      vertex 69.599999999999994 40 0
      vertex 69.599999999999994 40.200000000000003 0
    endloop
  endfacet
  facet normal 0 0 1
    outer loop
      vertex 67.599999999999994 40 0
      vertex 69.599999999999994 40.200000000000003 0
      vertex 67.599999999999994 40.200000000000003 0
    endloop
  endfacet
  facet normal 0 0 1
    outer loop
      vertex 67.599999999999994 40.200000000000003 0
      vertex 69.599999999999994 40.200000000000003 0
      vertex 69.599999999999994 60 0
    endloop
  endfacet
  facet normal 0 0 1
    outer loop
      vertex 67.599999999999994 40.200000000000003 0
      vertex 69.599999999999994 60 0
      vertex 67.599999999999994 60 0
    endloop
  endfacet
  facet normal 0 0 1
    outer loop
      vertex 67.599999999999994 60 0
      vertex 69.599999999999994 60 0
      vertex 69.599999999999994 60.200000000000003 0
    endloop
  endfacet
  facet normal 0 0 1
    outer loop
      vertex 67.599999999999994 60 0
      vertex 69.599999999999994 60.200000000000003 0
      vertex 67.599999999999994 60.200000000000003 0
    endloop
  endfacet
  facet normal 0 0 1
    outer loop
      vertex 67.599999999999994 60.200000000000003 0
      vertex 69.599999999999994 60.200000000000003 0
      vertex 69.599999999999994 80 0
    endloop
  endfacet
  facet normal 0 0 1
    outer loop
      vertex 67.599999999999994 60.200000000000003 0
      vertex 69.599999999999994 80 0
      vertex 67.599999999999994 80 0
    endloop
  endfacet
  facet normal 0 0 1
    outer loop
      vertex 67.599999999999994 80 0
      vertex 69.599999999999994 80 0
      vertex 69.599999999999994 80.200000000000003 0
    endloop
  endfacet
  facet normal 0 0 1
    outer loop
      vertex 67.599999999999994 80 0
      vertex 69.599999999999994 80.200000000000003 0
      vertex 67.599999999999994 80.200000000000003 0
    endloop
  endfacet
  facet normal 0 0 1
    outer loop
      vertex 67.599999999999994 80.200000000000003 0
      vertex 69.599999999999994 80.200000000000003 0
      vertex 69.599999999999994 100 0
    endloop
  endfacet
  facet normal 0 0 1
    outer loop
      vertex 67.599999999999994 80.200000000000003 0
      vertex 69.599999999999994 100 0
      vertex 67.599999999999994 100 0
    endloop
  endfacet
  facet normal 0 -0.59999999999994025 0.80000000000004479
    outer loop
      vertex 69.719999999999999 -80.079999999999998 0.040000000000000036
      vertex 69.666666666666657 -80.13333333333334 0
      vertex 69.799999999999997 -80.13333333333334 0
    endloop
  endfacet
  facet normal 0 -0.59999999999994036 0.80000000000004479
    outer loop
      vertex 69.719999999999999 -80.079999999999998 0.040000000000000036
      vertex 69.799999999999997 -80.13333333333334 0
      vertex 69.799999999999997 -80.079999999999998 0.040000000000000036
    endloop
  endfacet
  facet normal 0 -0.59999999999994025 0.80000000000004479
    outer loop
      vertex 69.599999999999994 -80.079999999999998 0.040000000000000036
      vertex 69.599999999999994 -80.13333333333334 0
      vertex 69.666666666666657 -80.13333333333334 0
    endloop
  endfacet
  facet normal 0 -0.59999999999994036 0.8000000000000449
    outer loop
      vertex 69.599999999999994 -80.079999999999998 0.040000000000000036
      vertex 69.666666666666657 -80.13333333333334 0
      vertex 69.719999999999999 -80.079999999999998 0.040000000000000036
    endloop
  endfacet
  facet normal -0 0.44721359549995793 0.89442719099991586
    outer loop
      vertex 69.719999999999999 0.11999999999999994 0.040000000000000036
      vertex 69.799999999999997 0.11999999999999994 0.040000000000000036
      vertex 69.799999999999997 0.20000000000000001 0
    endloop
  endfacet
  facet normal -0 0.44721359549995793 0.89442719099991586
    outer loop
      vertex 69.599999999999994 0.11999999999999994 0.040000000000000036
      vertex 69.719999999999999 0.11999999999999994 0.040000000000000036
      vertex 69.799999999999997 0.20000000000000001 0
    endloop
  endfacet
  facet normal 0 0.44721359549995793 0.89442719099991586
    outer loop
      vertex 69.599999999999994 0.11999999999999994 0.040000000000000036
      vertex 69.799999999999997 0.20000000000000001 0
      vertex 69.599999999999994 0.20000000000000001 0
    endloop
  endfacet
  facet normal 0 0 1
    outer loop
      vertex 69.599999999999994 0.20000000000000001 0
      vertex 69.799999999999997 0.20000000000000001 0
      vertex 69.799999999999997 10 0
    endloop
  endfacet
  facet normal 0 0 1
    outer loop
      vertex 69.599999999999994 0.20000000000000001 0
      vertex 69.799999999999997 10 0
      vertex 69.599999999999994 10 0
    endloop
  endfacet
  facet normal 0 0 1
    outer loop
      vertex 69.599999999999994 10 0
      vertex 69.799999999999997 10 0
      vertex 69.799999999999997 10.199999999999999 0
    endloop
  endfacet
  facet normal 0 0 1
    outer loop
      vertex 69.599999999999994 10 0
      vertex 69.799999999999997 10.199999999999999 0
      vertex 69.599999999999994 10.199999999999999 0
    endloop
  endfacet
  facet normal 0 0 1
    outer loop
      vertex 69.599999999999994 10.199999999999999 0
      vertex 69.799999999999997 10.199999999999999 0
      vertex 69.799999999999997 20 0
    endloop
  endfacet
  facet normal 0 0 1
    outer loop
      vertex 69.599999999999994 10.199999999999999 0
      vertex 69.799999999999997 20 0
      vertex 69.599999999999994 20 0
    endloop
  endfacet
  facet normal 0 0 1
    outer loop
      vertex 69.599999999999994 20 0
      vertex 69.799999999999997 20 0
      vertex 69.799999999999997 20.199999999999999 0
    endloop
  endfacet
  facet normal 0 0 1
    outer loop
      vertex 69.599999999999994 20 0
      vertex 69.799999999999997 20.199999999999999 0
      vertex 69.599999999999994 20.199999999999999 0
    endloop
  endfacet
  facet normal 0 0 1
    outer loop
      vertex 69.599999999999994 20.199999999999999 0
      vertex 69.799999999999997 20.199999999999999 0
      vertex 69.799999999999997 40 0
    endloop
  endfacet
  facet normal 0 0 1
    outer loop
      vertex 69.599999999999994 20.199999999999999 0
      vertex 69.799999999999997 40 0
      vertex 69.599999999999994 40 0
    endloop
  endfacet
  facet normal 0 0 1
    outer loop
      vertex 69.599999999999994 40 0
      vertex 69.799999999999997 40 0
      vertex 69.799999999999997 40.200000000000003 0
    endloop
  endfacet
  facet normal 0 0 1
    outer loop
      vertex 69.599999999999994 40 0
      vertex 69.799999999999997 40.200000000000003 0
      vertex 69.599999999999994 40.200000000000003 0
    endloop
  endfacet
  facet normal 0 0 1
    outer loop
      vertex 69.599999999999994 40.200000000000003 0
      vertex 69.799999999999997 40.200000000000003 0
      vertex 69.799999999999997 60 0
    endloop
  endfacet
  facet normal 0 0 1
    outer loop
      vertex 69.599999999999994 40.200000000000003 0
      vertex 69.799999999999997 60 0
      vertex 69.599999999999994 60 0
    endloop
  endfacet
  facet normal 0 0 1
    outer loop
      vertex 69.599999999999994 60 0
      vertex 69.799999999999997 60 0
      vertex 69.799999999999997 60.200000000000003 0
    endloop
  endfacet
  facet normal 0 0 1
    outer loop
      vertex 69.599999999999994 60 0
      vertex 69.799999999999997 60.200000000000003 0
      vertex 69.599999999999994 60.200000000000003 0
    endloop
  endfacet
  facet normal 0 0 1
    outer loop
      vertex 69.599999999999994 60.200000000000003 0
      vertex 69.799999999999997 60.200000000000003 0
      vertex 69.799999999999997 80 0
    endloop
  endfacet
  facet normal 0 0 1
    outer loop
      vertex 69.599999999999994 60.200000000000003 0
      vertex 69.799999999999997 80 0
      vertex 69.599999999999994 80 0
    endloop
  endfacet
  facet normal 0 0 1
    outer loop
      vertex 69.599999999999994 80 0
      vertex 69.799999999999997 80 0
      vertex 69.799999999999997 80.200000000000003 0
    endloop
  endfacet
  facet normal 0 0 1
    outer loop
      vertex 69.599999999999994 80 0
      vertex 69.799999999999997 80.200000000000003 0
      vertex 69.599999999999994 80.200000000000003 0
    endloop
  endfacet
  facet normal 0 0 1
    outer loop
      vertex 69.599999999999994 80.200000000000003 0
      vertex 69.799999999999997 80.200000000000003 0
      vertex 69.799999999999997 100 0
    endloop
  endfacet
  facet normal 0 0 1
    outer loop
      vertex 69.599999999999994 80.200000000000003 0
      vertex 69.799999999999997 100 0
      vertex 69.599999999999994 100 0
    endloop
  endfacet
  facet normal 0.37139067635408324 -0.55708601453110518 0.74278135270825563
    outer loop
      vertex 69.799999999999997 -80.079999999999998 0.040000000000000036
      vertex 69.799999999999997 -80.13333333333334 0
      vertex 70 -80 0
    endloop
  endfacet
  facet normal 0.37139067635410145 -0.55708601453118511 0.74278135270818635
    outer loop
      vertex 69.799999999999997 -80.079999999999998 0.040000000000000036
      vertex 70 -80 0
      vertex 69.920000000000002 -80 0.040000000000000036
    endloop
  endfacet
  facet normal 0.44721359549996587 0 0.89442719099991186
    outer loop
      vertex 69.920000000000002 -68.120000000000005 0.040000000000000036
      vertex 69.920000000000002 -80 0.040000000000000036
      vertex 70 -80 0
    endloop
  endfacet
  facet normal 0.44721359549996592 0 0.89442719099991186
    outer loop
      vertex 69.920000000000002 -68.120000000000005 0.040000000000000036
      vertex 70 -80 0
      vertex 70 -60.200000000000003 0
    endloop
  endfacet
  facet normal 0.44721359549996592 -0 0.89442719099991197
    outer loop
      vertex 69.920000000000002 -68.120000000000005 0.040000000000000036
      vertex 70 -60.200000000000003 0
      vertex 69.920000000000002 -60.200000000000003 0.040000000000000036
    endloop
  endfacet
  facet normal 0.44721359549996592 0 0.89442719099991197
    outer loop
      vertex 69.920000000000002 -60.079999999999998 0.040000000000000036
      vertex 69.920000000000002 -60.200000000000003 0.040000000000000036
      vertex 70 -60.200000000000003 0
    endloop
  endfacet
  facet normal 0.44721359549996592 0 0.89442719099991186
    outer loop
      vertex 69.920000000000002 -60.079999999999998 0.040000000000000036
      vertex 70 -60.200000000000003 0
      vertex 70 -60 0
    endloop
  endfacet
  facet normal 0.23570226039552053 0.23570226039552053 0.94280904158206114
    outer loop
      vertex 69.920000000000002 -60.079999999999998 0.040000000000000036
      vertex 70 -60 0
      vertex 69.840000000000003 -60 0.040000000000000036
    endloop
  endfacet
  facet normal 0.24253562503633802 0 0.97014250014533066
    outer loop
      vertex 69.840000000000003 -56.040000000000013 0.040000000000000036
      vertex 69.840000000000003 -60 0.040000000000000036
      vertex 70 -60 0
    endloop
  endfacet
  facet normal 0.24253562503633802 0 0.97014250014533066
    outer loop
      vertex 69.840000000000003 -56.040000000000013 0.040000000000000036
      vertex 70 -60 0
      vertex 70 -40.200000000000003 0
    endloop
  endfacet
  facet normal 0.24253562503633802 -0 0.97014250014533066
    outer loop
      vertex 69.840000000000003 -56.040000000000013 0.040000000000000036
      vertex 70 -40.200000000000003 0
      vertex 69.840000000000003 -40.200000000000003 0.040000000000000036
    endloop
  endfacet
  facet normal 0.24253562503633805 0 0.97014250014533066
    outer loop
      vertex 69.840000000000003 -40.160000000000004 0.040000000000000036
      vertex 69.840000000000003 -40.200000000000003 0.040000000000000036
      vertex 70 -40.200000000000003 0
    endloop
  endfacet
  facet normal 0.24253562503633805 0 0.97014250014533054
    outer loop
      vertex 69.840000000000003 -40.160000000000004 0.040000000000000036
      vertex 70 -40.200000000000003 0
      vertex 70 -40 0
    endloop
  endfacet
  facet normal 0.43643578047199311 -0.21821789023598684 0.87287156094396678
    outer loop
      vertex 69.840000000000003 -40.160000000000004 0.040000000000000036
      vertex 70 -40 0
      vertex 69.920000000000002 -40 0.040000000000000036
    endloop
  endfacet
  facet normal 0.44721359549996587 0 0.89442719099991186
    outer loop
      vertex 69.920000000000002 -28.120000000000005 0.040000000000000036
      vertex 69.920000000000002 -40 0.040000000000000036
      vertex 70 -40 0
    endloop
  endfacet
  facet normal 0.44721359549996587 0 0.89442719099991186
    outer loop
      vertex 69.920000000000002 -28.120000000000005 0.040000000000000036
      vertex 70 -40 0
      vertex 70 -20.199999999999999 0
    endloop
  endfacet
  facet normal 0.44721359549996581 -0 0.89442719099991186
    outer loop
      vertex 69.920000000000002 -28.120000000000005 0.040000000000000036
      vertex 70 -20.199999999999999 0
      vertex 69.920000000000002 -20.199999999999999 0.040000000000000036
    endloop
  endfacet
  facet normal 0.44721359549996587 0 0.89442719099991186
    outer loop
      vertex 69.920000000000002 -20.079999999999998 0.040000000000000036
      vertex 69.920000000000002 -20.199999999999999 0.040000000000000036
      vertex 70 -20.199999999999999 0
    endloop
  endfacet
  facet normal 0.44721359549996592 0 0.89442719099991186
    outer loop
      vertex 69.920000000000002 -20.079999999999998 0.040000000000000036
      vertex 70 -20.199999999999999 0
      vertex 70 -20 0
    endloop
  endfacet
  facet normal 0.23570226039552053 0.23570226039552053 0.94280904158206114
    outer loop
      vertex 69.920000000000002 -20.079999999999998 0.040000000000000036
      vertex 70 -20 0
      vertex 69.840000000000003 -20 0.040000000000000036
    endloop
  endfacet
  facet normal 0.24253562503633802 0 0.97014250014533066
    outer loop
      vertex 69.840000000000003 -18.040000000000006 0.040000000000000036
      vertex 69.840000000000003 -20 0.040000000000000036
      vertex 70 -20 0
    endloop
  endfacet
  facet normal 0.24253562503633802 0 0.97014250014533054
    outer loop
      vertex 69.840000000000003 -18.040000000000006 0.040000000000000036
      vertex 70 -20 0
      vertex 70 -10.199999999999999 0
    endloop
  endfacet
  facet normal 0.24253562503633805 -0 0.97014250014533077
    outer loop
      vertex 69.840000000000003 -18.040000000000006 0.040000000000000036
      vertex 70 -10.199999999999999 0
      vertex 69.840000000000003 -10.199999999999999 0.040000000000000036
    endloop
  endfacet
  facet normal 0.24253562503633805 0 0.97014250014533066
    outer loop
      vertex 69.840000000000003 -10.16 0.040000000000000036
      vertex 69.840000000000003 -10.199999999999999 0.040000000000000036
      vertex 70 -10.199999999999999 0
    endloop
  endfacet
  facet normal 0.24253562503633808 0 0.97014250014533066
    outer loop
      vertex 69.840000000000003 -10.16 0.040000000000000036
      vertex 70 -10.199999999999999 0
      vertex 70 -10 0
    endloop
  endfacet
  facet normal 0.43643578047199261 -0.21821789023599147 0.8728715609439659
    outer loop
      vertex 69.840000000000003 -10.16 0.040000000000000036
      vertex 70 -10 0
      vertex 69.920000000000002 -10 0.040000000000000036
    endloop
  endfacet
  facet normal 0.44721359549996592 0 0.89442719099991197
    outer loop
      vertex 69.920000000000002 -4.0000000000000036 0.040000000000000036
      vertex 69.920000000000002 -10 0.040000000000000036
      vertex 70 -10 0
    endloop
  endfacet
  facet normal 0.44721359549996592 0 0.89442719099991197
    outer loop
      vertex 69.920000000000002 -4.0000000000000036 0.040000000000000036
      vertex 70 -10 0
      vertex 70 0 0
    endloop
  endfacet
  facet normal 0.44721359549996587 -0 0.89442719099991186
    outer loop
      vertex 69.920000000000002 -4.0000000000000036 0.040000000000000036
      vertex 70 0 0
      vertex 69.920000000000002 0 0.040000000000000036
    endloop
  endfacet
  facet normal 0.44721359549996592 0 0.89442719099991197
    outer loop
      vertex 69.920000000000002 0.11999999999999994 0.040000000000000036
      vertex 69.920000000000002 0 0.040000000000000036
      vertex 70 0 0
    endloop
  endfacet
  facet normal 0.44721359549996587 0 0.89442719099991186
    outer loop
      vertex 69.920000000000002 0.11999999999999994 0.040000000000000036
      vertex 70 0 0
      vertex 70 0.20000000000000001 0
    endloop
  endfacet
  facet normal -0 0.44721359549995793 0.89442719099991586
    outer loop
      vertex 69.799999999999997 0.11999999999999994 0.040000000000000036
      vertex 69.920000000000002 0.11999999999999994 0.040000000000000036
      vertex 70 0.20000000000000001 0
    endloop
  endfacet
  facet normal 0 0.44721359549995793 0.89442719099991586
    outer loop
      vertex 69.799999999999997 0.11999999999999994 0.040000000000000036
      vertex 70 0.20000000000000001 0
      vertex 69.799999999999997 0.20000000000000001 0
    endloop
  endfacet
  facet normal 0 0 1
    outer loop
      vertex 69.799999999999997 0.20000000000000001 0
      vertex 70 0.20000000000000001 0
      vertex 70 10 0
    endloop
  endfacet
  facet normal 0 0 1
    outer loop
      vertex 69.799999999999997 0.20000000000000001 0
      vertex 70 10 0
      vertex 69.799999999999997 10 0
    endloop
  endfacet
  facet normal 0 0 1
    outer loop
      vertex 69.799999999999997 10 0
      vertex 70 10 0
      vertex 70 10.199999999999999 0
    endloop
  endfacet
  facet normal 0 0 1
    outer loop
      vertex 69.799999999999997 10 0
      vertex 70 10.199999999999999 0
      vertex 69.799999999999997 10.199999999999999 0
    endloop
  endfacet
  facet normal 0 0 1
    outer loop
      vertex 69.799999999999997 10.199999999999999 0
      vertex 70 10.199999999999999 0
      vertex 70 20 0
    endloop
  endfacet
  facet normal 0 0 1
    outer loop
      vertex 69.799999999999997 10.199999999999999 0
      vertex 70 20 0
      vertex 69.799999999999997 20 0
    endloop
  endfacet
  facet normal 0 0 1
    outer loop
      vertex 69.799999999999997 20 0
      vertex 70 20 0
      vertex 70 20.199999999999999 0
    endloop
  endfacet
  facet normal 0 0 1
    outer loop
      vertex 69.799999999999997 20 0
      vertex 70 20.199999999999999 0
      vertex 69.799999999999997 20.199999999999999 0
    endloop
  endfacet
  facet normal 0 0 1
    outer loop
      vertex 69.799999999999997 20.199999999999999 0
      vertex 70 20.199999999999999 0
      vertex 70 40 0
    endloop
  endfacet
  facet normal 0 0 1
    outer loop
      vertex 69.799999999999997 20.199999999999999 0
      vertex 70 40 0
      vertex 69.799999999999997 40 0
    endloop
  endfacet
  facet normal 0 0 1
    outer loop
      vertex 69.799999999999997 40 0
      vertex 70 40 0
      vertex 70 40.200000000000003 0
    endloop
  endfacet
  facet normal 0 0 1
    outer loop
      vertex 69.799999999999997 40 0
      vertex 70 40.200000000000003 0
      vertex 69.799999999999997 40.200000000000003 0
    endloop
  endfacet
  facet normal 0 0 1
    outer loop
      vertex 69.799999999999997 40.200000000000003 0
      vertex 70 40.200000000000003 0
      vertex 70 60 0
    endloop
  endfacet
  facet normal 0 0 1
    outer loop
      vertex 69.799999999999997 40.200000000000003 0
      vertex 70 60 0
      vertex 69.799999999999997 60 0
    endloop
  endfacet
  facet normal 0 0 1
    outer loop
      vertex 69.799999999999997 60 0
      vertex 70 60 0
      vertex 70 60.200000000000003 0
    endloop
  endfacet
  facet normal 0 0 1
    outer loop
      vertex 69.799999999999997 60 0
      vertex 70 60.200000000000003 0
      vertex 69.799999999999997 60.200000000000003 0
    endloop
  endfacet
  facet normal 0 0 1
    outer loop
      vertex 69.799999999999997 60.200000000000003 0
      vertex 70 60.200000000000003 0
      vertex 70 80 0
    endloop
  endfacet
  facet normal 0 0 1
    outer loop
      vertex 69.799999999999997 60.200000000000003 0
      vertex 70 80 0
      vertex 69.799999999999997 80 0
    endloop
  endfacet
  facet normal 0 0 1
    outer loop
      vertex 69.799999999999997 80 0
      vertex 70 80 0
      vertex 70 80.200000000000003 0
    endloop
  endfacet
  facet normal 0 0 1
    outer loop
      vertex 69.799999999999997 80 0
      vertex 70 80.200000000000003 0
      vertex 69.799999999999997 80.200000000000003 0
    endloop
  endfacet
  facet normal 0 0 1
    outer loop
      vertex 69.799999999999997 80.200000000000003 0
      vertex 70 80.200000000000003 0
      vertex 70 100 0
    endloop
  endfacet
  facet normal 0 0 1
    outer loop
      vertex 69.799999999999997 80.200000000000003 0
      vertex 70 100 0
      vertex 69.799999999999997 100 0
    endloop
  endfacet
  facet normal 0 0 1
    outer loop
      vertex 70 -100 0
      vertex 70.200000000000003 -100 0
      vertex 70.200000000000003 -80.200000000000003 0
    endloop
  endfacet
  facet normal 0 0 1
    outer loop
      vertex 70 -100 0
      vertex 70.200000000000003 -80.200000000000003 0
      vertex 70 -80.200000000000003 0
    endloop
  endfacet
  facet normal 0 0 1
    outer loop
      vertex 70 -80.200000000000003 0
      vertex 70.200000000000003 -80.200000000000003 0
      vertex 70.200000000000003 -80 0
    endloop
  endfacet
  facet normal 0 0 1
    outer loop
      vertex 70 -80.200000000000003 0
      vertex 70.200000000000003 -80 0
      vertex 70 -80 0
    endloop
  endfacet
  facet normal 0 0 1
    outer loop
      vertex 70 -80 0
      vertex 70.200000000000003 -80 0
      vertex 70.200000000000003 -60.200000000000003 0
    endloop
  endfacet
  facet normal 0 0 1
    outer loop
      vertex 70 -80 0
      vertex 70.200000000000003 -60.200000000000003 0
      vertex 70 -60.200000000000003 0
    endloop
  endfacet
  facet normal 0 0 1
    outer loop
      vertex 70 -60.200000000000003 0
      vertex 70.200000000000003 -60.200000000000003 0
      vertex 70.200000000000003 -60 0
    endloop
  endfacet
  facet normal 0 0 1
    outer loop
      vertex 70 -60.200000000000003 0
      vertex 70.200000000000003 -60 0
      vertex 70 -60 0
    endloop
  endfacet
  facet normal 0 0 1
    outer loop
      vertex 70 -60 0
      vertex 70.200000000000003 -60 0
      vertex 70.200000000000003 -40.200000000000003 0
    endloop
  endfacet
  facet normal 0 0 1
    outer loop
      vertex 70 -60 0
      vertex 70.200000000000003 -40.200000000000003 0
      vertex 70 -40.200000000000003 0
    endloop
  endfacet
  facet normal 0 0 1
    outer loop
      vertex 70 -40.200000000000003 0
      vertex 70.200000000000003 -40.200000000000003 0
      vertex 70.200000000000003 -40 0
    endloop
  endfacet
  facet normal 0 0 1
    outer loop
      vertex 70 -40.200000000000003 0
      vertex 70.200000000000003 -40 0
      vertex 70 -40 0
    endloop
  endfacet
  facet normal 0 0 1
    outer loop
      vertex 70 -40 0
      vertex 70.200000000000003 -40 0
      vertex 70.200000000000003 -20.199999999999999 0
    endloop
  endfacet
  facet normal 0 0 1
    outer loop
      vertex 70 -40 0
      vertex 70.200000000000003 -20.199999999999999 0
      vertex 70 -20.199999999999999 0
    endloop
  endfacet
  facet normal 0 0 1
    outer loop
      vertex 70 -20.199999999999999 0
      vertex 70.200000000000003 -20.199999999999999 0
      vertex 70.200000000000003 -20 0
    endloop
  endfacet
  facet normal 0 0 1
    outer loop
      vertex 70 -20.199999999999999 0
      vertex 70.200000000000003 -20 0
      vertex 70 -20 0
    endloop
  endfacet
  facet normal 0 0 1
    outer loop
      vertex 70 -20 0
      vertex 70.200000000000003 -20 0
      vertex 70.200000000000003 -10.199999999999999 0
    endloop
  endfacet
  facet normal 0 0 1
    outer loop
      vertex 70 -20 0
      vertex 70.200000000000003 -10.199999999999999 0
      vertex 70 -10.199999999999999 0
    endloop
  endfacet
  facet normal 0 0 1
    outer loop
      vertex 70 -10.199999999999999 0
      vertex 70.200000000000003 -10.199999999999999 0
      vertex 70.200000000000003 -10 0
    endloop
  endfacet
  facet normal 0 0 1
    outer loop
      vertex 70 -10.199999999999999 0
      vertex 70.200000000000003 -10 0
      vertex 70 -10 0
    endloop
  endfacet
  facet normal 0 0 1
    outer loop
      vertex 70 -10 0
      vertex 70.200000000000003 -10 0
      vertex 70.200000000000003 0 0
    endloop
  endfacet
  facet normal 0 0 1
    outer loop
      vertex 70 -10 0
      vertex 70.200000000000003 0 0
      vertex 70 0 0
    endloop
  endfacet
  facet normal 0 0 1
    outer loop
      vertex 70 0 0
      vertex 70.200000000000003 0 0
      vertex 70.200000000000003 0.20000000000000001 0
    endloop
  endfacet
  facet normal 0 0 1
    outer loop
      vertex 70 0 0
      vertex 70.200000000000003 0.20000000000000001 0
      vertex 70 0.20000000000000001 0
    endloop
  endfacet
  facet normal 0 0 1
    outer loop
      vertex 70 0.20000000000000001 0
      vertex 70.200000000000003 0.20000000000000001 0
      vertex 70.200000000000003 10 0
    endloop
  endfacet
  facet normal 0 0 1
    outer loop
      vertex 70 0.20000000000000001 0
      vertex 70.200000000000003 10 0
      vertex 70 10 0
    endloop
  endfacet
  facet normal 0 0 1
    outer loop
      vertex 70 10 0
      vertex 70.200000000000003 10 0
      vertex 70.200000000000003 10.199999999999999 0
    endloop
  endfacet
  facet normal 0 0 1
    outer loop
      vertex 70 10 0
      vertex 70.200000000000003 10.199999999999999 0
      vertex 70 10.199999999999999 0
    endloop
  endfacet
  facet normal 0 0 1
    outer loop
      vertex 70 10.199999999999999 0
      vertex 70.200000000000003 10.199999999999999 0
      vertex 70.200000000000003 20 0
    endloop
  endfacet
  facet normal 0 0 1
    outer loop
      vertex 70 10.199999999999999 0
      vertex 70.200000000000003 20 0
      vertex 70 20 0
    endloop
  endfacet
  facet normal 0 0 1
    outer loop
      vertex 70 20 0
      vertex 70.200000000000003 20 0
      vertex 70.200000000000003 20.199999999999999 0
    endloop
  endfacet
  facet normal 0 0 1
    outer loop
      vertex 70 20 0
      vertex 70.200000000000003 20.199999999999999 0
      vertex 70 20.199999999999999 0
    endloop
  endfacet
  facet normal 0 0 1
    outer loop
      vertex 70 20.199999999999999 0
      vertex 70.200000000000003 20.199999999999999 0
      vertex 70.200000000000003 40 0
    endloop
  endfacet
  facet normal 0 0 1
    outer loop
      vertex 70 20.199999999999999 0
      vertex 70.200000000000003 40 0
      vertex 70 40 0
    endloop
  endfacet
  facet normal 0 0 1
    outer loop
      vertex 70 40 0
      vertex 70.200000000000003 40 0
      vertex 70.200000000000003 40.200000000000003 0
    endloop
  endfacet
  facet normal 0 0 1
    outer loop
      vertex 70 40 0
      vertex 70.200000000000003 40.200000000000003 0
      vertex 70 40.200000000000003 0
    endloop
  endfacet
  facet normal 0 0 1
    outer loop
      vertex 70 40.200000000000003 0
      vertex 70.200000000000003 40.200000000000003 0
      vertex 70.200000000000003 60 0
    endloop
  endfacet
  facet normal 0 0 1
    outer loop
      vertex 70 40.200000000000003 0
      vertex 70.200000000000003 60 0
      vertex 70 60 0
    endloop
  endfacet
  facet normal 0 0 1
    outer loop
      vertex 70 60 0
      vertex 70.200000000000003 60 0
      vertex 70.200000000000003 60.200000000000003 0
    endloop
  endfacet
  facet normal 0 0 1
    outer loop
      vertex 70 60 0
      vertex 70.200000000000003 60.200000000000003 0
      vertex 70 60.200000000000003 0
    endloop
  endfacet
  facet normal 0 0 1
    outer loop
      vertex 70 60.200000000000003 0
      vertex 70.200000000000003 60.200000000000003 0
      vertex 70.200000000000003 80 0
    endloop
  endfacet
  facet normal 0 0 1
    outer loop
      vertex 70 60.200000000000003 0
      vertex 70.200000000000003 80 0
      vertex 70 80 0
    endloop
  endfacet
  facet normal 0 0 1
    outer loop
      vertex 70 80 0
      vertex 70.200000000000003 80 0
      vertex 70.200000000000003 80.200000000000003 0
    endloop
  endfacet
  facet normal 0 0 1
    outer loop
      vertex 70 80 0
      vertex 70.200000000000003 80.200000000000003 0
      vertex 70 80.200000000000003 0
    endloop
  endfacet
  facet normal 0 0 1
    outer loop
      vertex 70 80.200000000000003 0
      vertex 70.200000000000003 80.200000000000003 0
      vertex 70.200000000000003 100 0
    endloop
  endfacet
  facet normal 0 0 1
    outer loop
      vertex 70 80.200000000000003 0
      vertex 70.200000000000003 100 0
      vertex 70 100 0
    endloop
  endfacet
  facet normal 0 0 1
    outer loop
      vertex 70.200000000000003 -100 0
      vertex 70.400000000000006 -100 0
      vertex 70.400000000000006 -80.200000000000003 0
    endloop
  endfacet
  facet normal 0 0 1
    outer loop
      vertex 70.200000000000003 -100 0
      vertex 70.400000000000006 -80.200000000000003 0
      vertex 70.200000000000003 -80.200000000000003 0
    endloop
  endfacet
  facet normal 0 0 1
    outer loop
      vertex 70.200000000000003 -80.200000000000003 0
      vertex 70.400000000000006 -80.200000000000003 0
      vertex 70.400000000000006 -80 0
    endloop
  endfacet
  facet normal 0 0 1
    outer loop
      vertex 70.200000000000003 -80.200000000000003 0
      vertex 70.400000000000006 -80 0
      vertex 70.200000000000003 -80 0
    endloop
  endfacet
  facet normal 0 0 1
    outer loop
      vertex 70.200000000000003 -80 0
      vertex 70.400000000000006 -80 0
      vertex 70.400000000000006 -60.200000000000003 0
    endloop
  endfacet
  facet normal 0 0 1
    outer loop
      vertex 70.200000000000003 -80 0
      vertex 70.400000000000006 -60.200000000000003 0
      vertex 70.200000000000003 -60.200000000000003 0
    endloop
  endfacet
  facet normal 0 0 1
    outer loop
      vertex 70.200000000000003 -60.200000000000003 0
      vertex 70.400000000000006 -60.200000000000003 0
      vertex 70.400000000000006 -60 0
    endloop
  endfacet
  facet normal 0 0 1
    outer loop
      vertex 70.200000000000003 -60.200000000000003 0
      vertex 70.400000000000006 -60 0
      vertex 70.200000000000003 -60 0
    endloop
  endfacet
  facet normal 0 0 1
    outer loop
      vertex 70.200000000000003 -60 0
      vertex 70.400000000000006 -60 0
      vertex 70.400000000000006 -40.200000000000003 0
    endloop
  endfacet
  facet normal 0 0 1
    outer loop
      vertex 70.200000000000003 -60 0
      vertex 70.400000000000006 -40.200000000000003 0
      vertex 70.200000000000003 -40.200000000000003 0
    endloop
  endfacet
  facet normal 0 0 1
    outer loop
      vertex 70.200000000000003 -40.200000000000003 0
      vertex 70.400000000000006 -40.200000000000003 0
      vertex 70.400000000000006 -40 0
    endloop
  endfacet
  facet normal 0 0 1
    outer loop
      vertex 70.200000000000003 -40.200000000000003 0
      vertex 70.400000000000006 -40 0
      vertex 70.200000000000003 -40 0
    endloop
  endfacet
  facet normal 0 0 1
    outer loop
      vertex 70.200000000000003 -40 0
      vertex 70.400000000000006 -40 0
      vertex 70.400000000000006 -20.199999999999999 0
    endloop
  endfacet
  facet normal 0 0 1
    outer loop
      vertex 70.200000000000003 -40 0
      vertex 70.400000000000006 -20.199999999999999 0
      vertex 70.200000000000003 -20.199999999999999 0
    endloop
  endfacet
  facet normal 0 0 1
    outer loop
      vertex 70.200000000000003 -20.199999999999999 0
      vertex 70.400000000000006 -20.199999999999999 0
      vertex 70.400000000000006 -20 0
    endloop
  endfacet
  facet normal 0 0 1
    outer loop
      vertex 70.200000000000003 -20.199999999999999 0
      vertex 70.400000000000006 -20 0
      vertex 70.200000000000003 -20 0
    endloop
  endfacet
  facet normal 0 0 1
    outer loop
      vertex 70.200000000000003 -20 0
      vertex 70.400000000000006 -20 0
      vertex 70.400000000000006 -10.199999999999999 0
    endloop
  endfacet
  facet normal 0 0 1
    outer loop
      vertex 70.200000000000003 -20 0
      vertex 70.400000000000006 -10.199999999999999 0
      vertex 70.200000000000003 -10.199999999999999 0
    endloop
  endfacet
  facet normal 0 0 1
    outer loop
      vertex 70.200000000000003 -10.199999999999999 0
      vertex 70.400000000000006 -10.199999999999999 0
      vertex 70.400000000000006 -10 0
    endloop
  endfacet
  facet normal 0 0 1
    outer loop
      vertex 70.200000000000003 -10.199999999999999 0
      vertex 70.400000000000006 -10 0
      vertex 70.200000000000003 -10 0
    endloop
  endfacet
  facet normal 0 0 1
    outer loop
      vertex 70.200000000000003 -10 0
      vertex 70.400000000000006 -10 0
      vertex 70.400000000000006 0 0
    endloop
  endfacet
  facet normal 0 0 1
    outer loop
      vertex 70.200000000000003 -10 0
      vertex 70.400000000000006 0 0
      vertex 70.200000000000003 0 0
    endloop
  endfacet
  facet normal 0 0 1
    outer loop
      vertex 70.200000000000003 0 0
      vertex 70.400000000000006 0 0
      vertex 70.400000000000006 0.20000000000000001 0
    endloop
  endfacet
  facet normal 0 0 1
    outer loop
      vertex 70.200000000000003 0 0
      vertex 70.400000000000006 0.20000000000000001 0
      vertex 70.200000000000003 0.20000000000000001 0
    endloop
  endfacet
  facet normal 0 0 1
    outer loop
      vertex 70.200000000000003 0.20000000000000001 0
      vertex 70.400000000000006 0.20000000000000001 0
      vertex 70.400000000000006 10 0
    endloop
  endfacet
  facet normal 0 0 1
    outer loop
      vertex 70.200000000000003 0.20000000000000001 0
      vertex 70.400000000000006 10 0
      vertex 70.200000000000003 10 0
    endloop
  endfacet
  facet normal 0 0 1
    outer loop
      vertex 70.200000000000003 10 0
      vertex 70.400000000000006 10 0
      vertex 70.400000000000006 10.199999999999999 0
    endloop
  endfacet
  facet normal 0 0 1
    outer loop
      vertex 70.200000000000003 10 0
      vertex 70.400000000000006 10.199999999999999 0
      vertex 70.200000000000003 10.199999999999999 0
    endloop
  endfacet
  facet normal 0 0 1
    outer loop
      vertex 70.200000000000003 10.199999999999999 0
      vertex 70.400000000000006 10.199999999999999 0
      vertex 70.400000000000006 20 0
    endloop
  endfacet
  facet normal 0 0 1
    outer loop
      vertex 70.200000000000003 10.199999999999999 0
      vertex 70.400000000000006 20 0
      vertex 70.200000000000003 20 0
    endloop
  endfacet
  facet normal 0 0 1
    outer loop
      vertex 70.200000000000003 20 0
      vertex 70.400000000000006 20 0
      vertex 70.400000000000006 20.199999999999999 0
    endloop
  endfacet
  facet normal 0 0 1
    outer loop
      vertex 70.200000000000003 20 0
      vertex 70.400000000000006 20.199999999999999 0
      vertex 70.200000000000003 20.199999999999999 0
    endloop
  endfacet
  facet normal 0 0 1
    outer loop
      vertex 70.200000000000003 20.199999999999999 0
      vertex 70.400000000000006 20.199999999999999 0
      vertex 70.400000000000006 40 0
    endloop
  endfacet
  facet normal 0 0 1
    outer loop
      vertex 70.200000000000003 20.199999999999999 0
      vertex 70.400000000000006 40 0
      vertex 70.200000000000003 40 0
    endloop
  endfacet
  facet normal 0 0 1
    outer loop
      vertex 70.200000000000003 40 0
      vertex 70.400000000000006 40 0
      vertex 70.400000000000006 40.200000000000003 0
    endloop
  endfacet
  facet normal 0 0 1
    outer loop
      vertex 70.200000000000003 40 0
      vertex 70.400000000000006 40.200000000000003 0
      vertex 70.200000000000003 40.200000000000003 0
    endloop
  endfacet
  facet normal 0 0 1
    outer loop
      vertex 70.200000000000003 40.200000000000003 0
      vertex 70.400000000000006 40.200000000000003 0
      vertex 70.400000000000006 60 0
    endloop
  endfacet
  facet normal 0 0 1
    outer loop
      vertex 70.200000000000003 40.200000000000003 0
      vertex 70.400000000000006 60 0
      vertex 70.200000000000003 60 0
    endloop
  endfacet
  facet normal 0 0 1
    outer loop
      vertex 70.200000000000003 60 0
      vertex 70.400000000000006 60 0
      vertex 70.400000000000006 60.200000000000003 0
    endloop
  endfacet
  facet normal 0 0 1
    outer loop
      vertex 70.200000000000003 60 0
      vertex 70.400000000000006 60.200000000000003 0
      vertex 70.200000000000003 60.200000000000003 0
    endloop
  endfacet
  facet normal 0 0 1
    outer loop
      vertex 70.200000000000003 60.200000000000003 0
      vertex 70.400000000000006 60.200000000000003 0
      vertex 70.400000000000006 80 0
    endloop
  endfacet
  facet normal 0 0 1
    outer loop
      vertex 70.200000000000003 60.200000000000003 0
      vertex 70.400000000000006 80 0
      vertex 70.200000000000003 80 0
    endloop
  endfacet
  facet normal 0 0 1
    outer loop
      vertex 70.200000000000003 80 0
      vertex 70.400000000000006 80 0
      vertex 70.400000000000006 80.200000000000003 0
    endloop
  endfacet
  facet normal 0 0 1
    outer loop
      vertex 70.200000000000003 80 0
      vertex 70.400000000000006 80.200000000000003 0
      vertex 70.200000000000003 80.200000000000003 0
    endloop
  endfacet
  facet normal 0 0 1
    outer loop
      vertex 70.200000000000003 80.200000000000003 0
      vertex 70.400000000000006 80.200000000000003 0
      vertex 70.400000000000006 100 0
    endloop
  endfacet
  facet normal 0 0 1
    outer loop
      vertex 70.200000000000003 80.200000000000003 0
      vertex 70.400000000000006 100 0
      vertex 70.200000000000003 100 0
    endloop
  endfacet
  facet normal 0 0 1
    outer loop
      vertex 70.400000000000006 -100 0
      vertex 70.599999999999994 -100 0
      vertex 70.599999999999994 -80.200000000000003 0
    endloop
  endfacet
  facet normal 0 0 1
    outer loop
      vertex 70.400000000000006 -100 0
      vertex 70.599999999999994 -80.200000000000003 0
      vertex 70.400000000000006 -80.200000000000003 0
    endloop
  endfacet
  facet normal 0 0 1
    outer loop
      vertex 70.400000000000006 -80.200000000000003 0
      vertex 70.599999999999994 -80.200000000000003 0
      vertex 70.599999999999994 -80 0
    endloop
  endfacet
  facet normal 0 0 1
    outer loop
      vertex 70.400000000000006 -80.200000000000003 0
      vertex 70.599999999999994 -80 0
      vertex 70.400000000000006 -80 0
    endloop
  endfacet
  facet normal 0 0 1
    outer loop
      vertex 70.400000000000006 -80 0
      vertex 70.599999999999994 -80 0
      vertex 70.599999999999994 -60.200000000000003 0
    endloop
  endfacet
  facet normal 0 0 1
    outer loop
      vertex 70.400000000000006 -80 0
      vertex 70.599999999999994 -60.200000000000003 0
      vertex 70.400000000000006 -60.200000000000003 0
    endloop
  endfacet
  facet normal 0 0 1
    outer loop
      vertex 70.400000000000006 -60.200000000000003 0
      vertex 70.599999999999994 -60.200000000000003 0
      vertex 70.599999999999994 -60 0
    endloop
  endfacet
  facet normal 0 0 1
    outer loop
      vertex 70.400000000000006 -60.200000000000003 0
      vertex 70.599999999999994 -60 0
      vertex 70.400000000000006 -60 0
    endloop
  endfacet
  facet normal 0 0 1
    outer loop
      vertex 70.400000000000006 -60 0
      vertex 70.599999999999994 -60 0
      vertex 70.599999999999994 -40.200000000000003 0
    endloop
  endfacet
  facet normal 0 0 1
    outer loop
      vertex 70.400000000000006 -60 0
      vertex 70.599999999999994 -40.200000000000003 0
      vertex 70.400000000000006 -40.200000000000003 0
    endloop
  endfacet
  facet normal 0 0 1
    outer loop
      vertex 70.400000000000006 -40.200000000000003 0
      vertex 70.599999999999994 -40.200000000000003 0
      vertex 70.599999999999994 -40 0
    endloop
  endfacet
  facet normal 0 0 1
    outer loop
      vertex 70.400000000000006 -40.200000000000003 0
      vertex 70.599999999999994 -40 0
      vertex 70.400000000000006 -40 0
    endloop
  endfacet
  facet normal 0 0 1
    outer loop
      vertex 70.400000000000006 -40 0
      vertex 70.599999999999994 -40 0
      vertex 70.599999999999994 -20.199999999999999 0
    endloop
  endfacet
  facet normal 0 0 1
    outer loop
      vertex 70.400000000000006 -40 0
      vertex 70.599999999999994 -20.199999999999999 0
      vertex 70.400000000000006 -20.199999999999999 0
    endloop
  endfacet
  facet normal 0 0 1
    outer loop
      vertex 70.400000000000006 -20.199999999999999 0
      vertex 70.599999999999994 -20.199999999999999 0
      vertex 70.599999999999994 -20 0
    endloop
  endfacet
  facet normal 0 0 1
    outer loop
      vertex 70.400000000000006 -20.199999999999999 0
      vertex 70.599999999999994 -20 0
      vertex 70.400000000000006 -20 0
    endloop
  endfacet
  facet normal 0 0 1
    outer loop
      vertex 70.400000000000006 -20 0
      vertex 70.599999999999994 -20 0
      vertex 70.599999999999994 -10.199999999999999 0
    endloop
  endfacet
  facet normal 0 0 1
    outer loop
      vertex 70.400000000000006 -20 0
      vertex 70.599999999999994 -10.199999999999999 0
      vertex 70.400000000000006 -10.199999999999999 0
    endloop
  endfacet
  facet normal 0 0 1
    outer loop
      vertex 70.400000000000006 -10.199999999999999 0
      vertex 70.599999999999994 -10.199999999999999 0
      vertex 70.599999999999994 -10 0
    endloop
  endfacet
  facet normal 0 0 1
    outer loop
      vertex 70.400000000000006 -10.199999999999999 0
      vertex 70.599999999999994 -10 0
      vertex 70.400000000000006 -10 0
    endloop
  endfacet
  facet normal 0 0 1
    outer loop
      vertex 70.400000000000006 -10 0
      vertex 70.599999999999994 -10 0
      vertex 70.599999999999994 0 0
    endloop
  endfacet
  facet normal 0 0 1
    outer loop
      vertex 70.400000000000006 -10 0
      vertex 70.599999999999994 0 0
      vertex 70.400000000000006 0 0
    endloop
  endfacet
  facet normal 0 0 1
    outer loop
      vertex 70.400000000000006 0 0
      vertex 70.599999999999994 0 0
      vertex 70.599999999999994 0.20000000000000001 0
    endloop
  endfacet
  facet normal 0 0 1
    outer loop
      vertex 70.400000000000006 0 0
      vertex 70.599999999999994 0.20000000000000001 0
      vertex 70.400000000000006 0.20000000000000001 0
    endloop
  endfacet
  facet normal 0 0 1
    outer loop
      vertex 70.400000000000006 0.20000000000000001 0
      vertex 70.599999999999994 0.20000000000000001 0
      vertex 70.599999999999994 10 0
    endloop
  endfacet
  facet normal 0 0 1
    outer loop
      vertex 70.400000000000006 0.20000000000000001 0
      vertex 70.599999999999994 10 0
      vertex 70.400000000000006 10 0
    endloop
  endfacet
  facet normal 0 0 1
    outer loop
      vertex 70.400000000000006 10 0
      vertex 70.599999999999994 10 0
      vertex 70.599999999999994 10.199999999999999 0
    endloop
  endfacet
  facet normal 0 0 1
    outer loop
      vertex 70.400000000000006 10 0
      vertex 70.599999999999994 10.199999999999999 0
      vertex 70.400000000000006 10.199999999999999 0
    endloop
  endfacet
  facet normal 0 0 1
    outer loop
      vertex 70.400000000000006 10.199999999999999 0
      vertex 70.599999999999994 10.199999999999999 0
      vertex 70.599999999999994 20 0
    endloop
  endfacet
  facet normal 0 0 1
    outer loop
      vertex 70.400000000000006 10.199999999999999 0
      vertex 70.599999999999994 20 0
      vertex 70.400000000000006 20 0
    endloop
  endfacet
  facet normal 0 0 1
    outer loop
      vertex 70.400000000000006 20 0
      vertex 70.599999999999994 20 0
      vertex 70.599999999999994 20.199999999999999 0
    endloop
  endfacet
  facet normal 0 0 1
    outer loop
      vertex 70.400000000000006 20 0
      vertex 70.599999999999994 20.199999999999999 0
      vertex 70.400000000000006 20.199999999999999 0
    endloop
  endfacet
  facet normal 0 0 1
    outer loop
      vertex 70.400000000000006 20.199999999999999 0
      vertex 70.599999999999994 20.199999999999999 0
      vertex 70.599999999999994 40 0
    endloop
  endfacet
  facet normal 0 0 1
    outer loop
      vertex 70.400000000000006 20.199999999999999 0
      vertex 70.599999999999994 40 0
      vertex 70.400000000000006 40 0
    endloop
  endfacet
  facet normal 0 0 1
    outer loop
      vertex 70.400000000000006 40 0
      vertex 70.599999999999994 40 0
      vertex 70.599999999999994 40.200000000000003 0
    endloop
  endfacet
  facet normal 0 0 1
    outer loop
      vertex 70.400000000000006 40 0
      vertex 70.599999999999994 40.200000000000003 0
      vertex 70.400000000000006 40.200000000000003 0
    endloop
  endfacet
  facet normal 0 0 1
    outer loop
      vertex 70.400000000000006 40.200000000000003 0
      vertex 70.599999999999994 40.200000000000003 0
      vertex 70.599999999999994 60 0
    endloop
  endfacet
  facet normal 0 0 1
    outer loop
      vertex 70.400000000000006 40.200000000000003 0
      vertex 70.599999999999994 60 0
      vertex 70.400000000000006 60 0
    endloop
  endfacet
  facet normal 0 0 1
    outer loop
      vertex 70.400000000000006 60 0
      vertex 70.599999999999994 60 0
      vertex 70.599999999999994 60.200000000000003 0
    endloop
  endfacet
  facet normal 0 0 1
    outer loop
      vertex 70.400000000000006 60 0
      vertex 70.599999999999994 60.200000000000003 0
      vertex 70.400000000000006 60.200000000000003 0
    endloop
  endfacet
  facet normal 0 0 1
    outer loop
      vertex 70.400000000000006 60.200000000000003 0
      vertex 70.599999999999994 60.200000000000003 0
      vertex 70.599999999999994 80 0
    endloop
  endfacet
  facet normal 0 0 1
    outer loop
      vertex 70.400000000000006 60.200000000000003 0
      vertex 70.599999999999994 80 0
      vertex 70.400000000000006 80 0
    endloop
  endfacet
  facet normal 0 0 1
    outer loop
      vertex 70.400000000000006 80 0
      vertex 70.599999999999994 80 0
      vertex 70.599999999999994 80.200000000000003 0
    endloop
  endfacet
  facet normal 0 0 1
    outer loop
      vertex 70.400000000000006 80 0
      vertex 70.599999999999994 80.200000000000003 0
      vertex 70.400000000000006 80.200000000000003 0
    endloop
  endfacet
  facet normal 0 0 1
    outer loop
      vertex 70.400000000000006 80.200000000000003 0
      vertex 70.599999999999994 80.200000000000003 0
      vertex 70.599999999999994 100 0
    endloop
  endfacet
  facet normal 0 0 1
    outer loop
      vertex 70.400000000000006 80.200000000000003 0
      vertex 70.599999999999994 100 0
      vertex 70.400000000000006 100 0
    endloop
  endfacet
  facet normal 0 0 1
    outer loop
      vertex 70.599999999999994 -100 0
      vertex 70.799999999999997 -100 0
      vertex 70.799999999999997 -80.200000000000003 0
    endloop
  endfacet
  facet normal 0 0 1
    outer loop
      vertex 70.599999999999994 -100 0
      vertex 70.799999999999997 -80.200000000000003 0
      vertex 70.599999999999994 -80.200000000000003 0
    endloop
  endfacet
  facet normal 0 0 1
    outer loop
      vertex 70.599999999999994 -80.200000000000003 0
      vertex 70.799999999999997 -80.200000000000003 0
      vertex 70.799999999999997 -80 0
    endloop
  endfacet
  facet normal 0 0 1
    outer loop
      vertex 70.599999999999994 -80.200000000000003 0
      vertex 70.799999999999997 -80 0
      vertex 70.599999999999994 -80 0
    endloop
  endfacet
  facet normal 0 0 1
    outer loop
      vertex 70.599999999999994 -80 0
      vertex 70.799999999999997 -80 0
      vertex 70.799999999999997 -60.200000000000003 0
    endloop
  endfacet
  facet normal 0 0 1
    outer loop
      vertex 70.599999999999994 -80 0
      vertex 70.799999999999997 -60.200000000000003 0
      vertex 70.599999999999994 -60.200000000000003 0
    endloop
  endfacet
  facet normal 0 0 1
    outer loop
      vertex 70.599999999999994 -60.200000000000003 0
      vertex 70.799999999999997 -60.200000000000003 0
      vertex 70.799999999999997 -60 0
    endloop
  endfacet
  facet normal 0 0 1
    outer loop
      vertex 70.599999999999994 -60.200000000000003 0
      vertex 70.799999999999997 -60 0
      vertex 70.599999999999994 -60 0
    endloop
  endfacet
  facet normal 0 0 1
    outer loop
      vertex 70.599999999999994 -60 0
      vertex 70.799999999999997 -60 0
      vertex 70.799999999999997 -40.200000000000003 0
    endloop
  endfacet
  facet normal 0 0 1
    outer loop
      vertex 70.599999999999994 -60 0
      vertex 70.799999999999997 -40.200000000000003 0
      vertex 70.599999999999994 -40.200000000000003 0
    endloop
  endfacet
  facet normal 0 0 1
    outer loop
      vertex 70.599999999999994 -40.200000000000003 0
      vertex 70.799999999999997 -40.200000000000003 0
      vertex 70.799999999999997 -40 0
    endloop
  endfacet
  facet normal 0 0 1
    outer loop
      vertex 70.599999999999994 -40.200000000000003 0
      vertex 70.799999999999997 -40 0
      vertex 70.599999999999994 -40 0
    endloop
  endfacet
  facet normal 0 0 1
    outer loop
      vertex 70.599999999999994 -40 0
      vertex 70.799999999999997 -40 0
      vertex 70.799999999999997 -20.199999999999999 0
    endloop
  endfacet
  facet normal 0 0 1
    outer loop
      vertex 70.599999999999994 -40 0
      vertex 70.799999999999997 -20.199999999999999 0
      vertex 70.599999999999994 -20.199999999999999 0
    endloop
  endfacet
  facet normal 0 0 1
    outer loop
      vertex 70.599999999999994 -20.199999999999999 0
      vertex 70.799999999999997 -20.199999999999999 0
      vertex 70.799999999999997 -20 0
    endloop
  endfacet
  facet normal 0 0 1
    outer loop
      vertex 70.599999999999994 -20.199999999999999 0
      vertex 70.799999999999997 -20 0
      vertex 70.599999999999994 -20 0
    endloop
  endfacet
  facet normal 0 0 1
    outer loop
      vertex 70.599999999999994 -20 0
      vertex 70.799999999999997 -20 0
      vertex 70.799999999999997 -10.199999999999999 0
    endloop
  endfacet
  facet normal 0 0 1
    outer loop
      vertex 70.599999999999994 -20 0
      vertex 70.799999999999997 -10.199999999999999 0
      vertex 70.599999999999994 -10.199999999999999 0
    endloop
  endfacet
  facet normal 0 0 1
    outer loop
      vertex 70.599999999999994 -10.199999999999999 0
      vertex 70.799999999999997 -10.199999999999999 0
      vertex 70.799999999999997 -10 0
    endloop
  endfacet
  facet normal 0 0 1
    outer loop
      vertex 70.599999999999994 -10.199999999999999 0
      vertex 70.799999999999997 -10 0
      vertex 70.599999999999994 -10 0
    endloop
  endfacet
  facet normal 0 0 1
    outer loop
      vertex 70.599999999999994 -10 0
      vertex 70.799999999999997 -10 0
      vertex 70.799999999999997 0 0
    endloop
  endfacet
  facet normal 0 0 1
    outer loop
      vertex 70.599999999999994 -10 0
      vertex 70.799999999999997 0 0
      vertex 70.599999999999994 0 0
    endloop
  endfacet
  facet normal 0 0 1
    outer loop
      vertex 70.599999999999994 0 0
      vertex 70.799999999999997 0 0
      vertex 70.799999999999997 0.20000000000000001 0
    endloop
  endfacet
  facet normal 0 0 1
    outer loop
      vertex 70.599999999999994 0 0
      vertex 70.799999999999997 0.20000000000000001 0
      vertex 70.599999999999994 0.20000000000000001 0
    endloop
  endfacet
  facet normal 0 0 1
    outer loop
      vertex 70.599999999999994 0.20000000000000001 0
      vertex 70.799999999999997 0.20000000000000001 0
      vertex 70.799999999999997 10 0
    endloop
  endfacet
  facet normal 0 0 1
    outer loop
      vertex 70.599999999999994 0.20000000000000001 0
      vertex 70.799999999999997 10 0
      vertex 70.599999999999994 10 0
    endloop
  endfacet
  facet normal 0 0 1
    outer loop
      vertex 70.599999999999994 10 0
      vertex 70.799999999999997 10 0
      vertex 70.799999999999997 10.199999999999999 0
    endloop
  endfacet
  facet normal 0 0 1
    outer loop
      vertex 70.599999999999994 10 0
      vertex 70.799999999999997 10.199999999999999 0
      vertex 70.599999999999994 10.199999999999999 0
    endloop
  endfacet
  facet normal 0 0 1
    outer loop
      vertex 70.599999999999994 10.199999999999999 0
      vertex 70.799999999999997 10.199999999999999 0
      vertex 70.799999999999997 20 0
    endloop
  endfacet
  facet normal 0 0 1
    outer loop
      vertex 70.599999999999994 10.199999999999999 0
      vertex 70.799999999999997 20 0
      vertex 70.599999999999994 20 0
    endloop
  endfacet
  facet normal 0 0 1
    outer loop
      vertex 70.599999999999994 20 0
      vertex 70.799999999999997 20 0
      vertex 70.799999999999997 20.199999999999999 0
    endloop
  endfacet
  facet normal 0 0 1
    outer loop
      vertex 70.599999999999994 20 0
      vertex 70.799999999999997 20.199999999999999 0
      vertex 70.599999999999994 20.199999999999999 0
    endloop
  endfacet
  facet normal 0 0 1
    outer loop
      vertex 70.599999999999994 20.199999999999999 0
      vertex 70.799999999999997 20.199999999999999 0
      vertex 70.799999999999997 40 0
    endloop
  endfacet
  facet normal 0 0 1
    outer loop
      vertex 70.599999999999994 20.199999999999999 0
      vertex 70.799999999999997 40 0
      vertex 70.599999999999994 40 0
    endloop
  endfacet
  facet normal 0 0 1
    outer loop
      vertex 70.599999999999994 40 0
      vertex 70.799999999999997 40 0
      vertex 70.799999999999997 40.200000000000003 0
    endloop
  endfacet
  facet normal 0 0 1
    outer loop
      vertex 70.599999999999994 40 0
      vertex 70.799999999999997 40.200000000000003 0
      vertex 70.599999999999994 40.200000000000003 0
    endloop
  endfacet
  facet normal 0 0 1
    outer loop
      vertex 70.599999999999994 40.200000000000003 0
      vertex 70.799999999999997 40.200000000000003 0
      vertex 70.799999999999997 60 0
    endloop
  endfacet
  facet normal 0 0 1
    outer loop
      vertex 70.599999999999994 40.200000000000003 0
      vertex 70.799999999999997 60 0
      vertex 70.599999999999994 60 0
    endloop
  endfacet
  facet normal 0 0 1
    outer loop
      vertex 70.599999999999994 60 0
      vertex 70.799999999999997 60 0
      vertex 70.799999999999997 60.200000000000003 0
    endloop
  endfacet
  facet normal 0 0 1
    outer loop
      vertex 70.599999999999994 60 0
      vertex 70.799999999999997 60.200000000000003 0
      vertex 70.599999999999994 60.200000000000003 0
    endloop
  endfacet
  facet normal 0 0 1
    outer loop
      vertex 70.599999999999994 60.200000000000003 0
      vertex 70.799999999999997 60.200000000000003 0
      vertex 70.799999999999997 80 0
    endloop
  endfacet
  facet normal 0 0 1
    outer loop
      vertex 70.599999999999994 60.200000000000003 0
      vertex 70.799999999999997 80 0
      vertex 70.599999999999994 80 0
    endloop
  endfacet
  facet normal 0 0 1
    outer loop
      vertex 70.599999999999994 80 0
      vertex 70.799999999999997 80 0
      vertex 70.799999999999997 80.200000000000003 0
    endloop
  endfacet
  facet normal 0 0 1
    outer loop
      vertex 70.599999999999994 80 0
      vertex 70.799999999999997 80.200000000000003 0
      vertex 70.599999999999994 80.200000000000003 0
    endloop
  endfacet
  facet normal 0 0 1
    outer loop
      vertex 70.599999999999994 80.200000000000003 0
      vertex 70.799999999999997 80.200000000000003 0
      vertex 70.799999999999997 100 0
    endloop
  endfacet
  facet normal 0 0 1
    outer loop
      vertex 70.599999999999994 80.200000000000003 0
      vertex 70.799999999999997 100 0
      vertex 70.599999999999994 100 0
    endloop
  endfacet
  facet normal 0 0 1
    outer loop
      vertex 70.799999999999997 -100 0
      vertex 80.799999999999997 -100 0
      vertex 80.799999999999997 -80.200000000000003 0
    endloop
  endfacet
  facet normal 0 0 1
    outer loop
      vertex 70.799999999999997 -100 0
      vertex 80.799999999999997 -80.200000000000003 0
      vertex 70.799999999999997 -80.200000000000003 0
    endloop
  endfacet
  facet normal 0 0 1
    outer loop
      vertex 70.799999999999997 -80.200000000000003 0
      vertex 80.799999999999997 -80.200000000000003 0
      vertex 80.799999999999997 -80 0
    endloop
  endfacet
  facet normal 0 0 1
    outer loop
      vertex 70.799999999999997 -80.200000000000003 0
      vertex 80.799999999999997 -80 0
      vertex 70.799999999999997 -80 0
    endloop
  endfacet
  facet normal 0 0 1
    outer loop
      vertex 70.799999999999997 -80 0
      vertex 80.799999999999997 -80 0
      vertex 80.799999999999997 -60.200000000000003 0
    endloop
  endfacet
  facet normal 0 0 1
    outer loop
      vertex 70.799999999999997 -80 0
      vertex 80.799999999999997 -60.200000000000003 0
      vertex 70.799999999999997 -60.200000000000003 0
    endloop
  endfacet
  facet normal 0 0 1
    outer loop
      vertex 70.799999999999997 -60.200000000000003 0
      vertex 80.799999999999997 -60.200000000000003 0
      vertex 80.799999999999997 -60 0
    endloop
  endfacet
  facet normal 0 0 1
    outer loop
      vertex 70.799999999999997 -60.200000000000003 0
      vertex 80.799999999999997 -60 0
      vertex 70.799999999999997 -60 0
    endloop
  endfacet
  facet normal 0 0 1
    outer loop
      vertex 70.799999999999997 -60 0
      vertex 80.799999999999997 -60 0
      vertex 80.799999999999997 -40.200000000000003 0
    endloop
  endfacet
  facet normal 0 0 1
    outer loop
      vertex 70.799999999999997 -60 0
      vertex 80.799999999999997 -40.200000000000003 0
      vertex 70.799999999999997 -40.200000000000003 0
    endloop
  endfacet
  facet normal 0 0 1
    outer loop
      vertex 70.799999999999997 -40.200000000000003 0
      vertex 80.799999999999997 -40.200000000000003 0
      vertex 80.799999999999997 -40 0
    endloop
  endfacet
  facet normal 0 0 1
    outer loop
      vertex 70.799999999999997 -40.200000000000003 0
      vertex 80.799999999999997 -40 0
      vertex 70.799999999999997 -40 0
    endloop
  endfacet
  facet normal 0 0 1
    outer loop
      vertex 70.799999999999997 -40 0
      vertex 80.799999999999997 -40 0
      vertex 80.799999999999997 -20.199999999999999 0
    endloop
  endfacet
  facet normal 0 0 1
    outer loop
      vertex 70.799999999999997 -40 0
      vertex 80.799999999999997 -20.199999999999999 0
      vertex 70.799999999999997 -20.199999999999999 0
    endloop
  endfacet
  facet normal 0 0 1
    outer loop
      vertex 70.799999999999997 -20.199999999999999 0
      vertex 80.799999999999997 -20.199999999999999 0
      vertex 80.799999999999997 -20 0
    endloop
  endfacet
  facet normal 0 0 1
    outer loop
      vertex 70.799999999999997 -20.199999999999999 0
      vertex 80.799999999999997 -20 0
      vertex 70.799999999999997 -20 0
    endloop
  endfacet
  facet normal 0 0 1
    outer loop
      vertex 70.799999999999997 -20 0
      vertex 80.799999999999997 -20 0
      vertex 80.799999999999997 -10.199999999999999 0
    endloop
  endfacet
  facet normal 0 0 1
    outer loop
      vertex 70.799999999999997 -20 0
      vertex 80.799999999999997 -10.199999999999999 0
      vertex 70.799999999999997 -10.199999999999999 0
    endloop
  endfacet
  facet normal 0 0 1
    outer loop
      vertex 70.799999999999997 -10.199999999999999 0
      vertex 80.799999999999997 -10.199999999999999 0
      vertex 80.799999999999997 -10 0
    endloop
  endfacet
  facet normal 0 0 1
    outer loop
      vertex 70.799999999999997 -10.199999999999999 0
      vertex 80.799999999999997 -10 0
      vertex 70.799999999999997 -10 0
    endloop
  endfacet
  facet normal 0 0 1
    outer loop
      vertex 70.799999999999997 -10 0
      vertex 80.799999999999997 -10 0
      vertex 80.799999999999997 0 0
    endloop
  endfacet
  facet normal 0 0 1
    outer loop
      vertex 70.799999999999997 -10 0
      vertex 80.799999999999997 0 0
      vertex 70.799999999999997 0 0
    endloop
  endfacet
  facet normal 0 0 1
    outer loop
      vertex 70.799999999999997 0 0
      vertex 80.799999999999997 0 0
      vertex 80.799999999999997 0.20000000000000001 0
    endloop
  endfacet
  facet normal 0 0 1
    outer loop
      vertex 70.799999999999997 0 0
      vertex 80.799999999999997 0.20000000000000001 0
      vertex 70.799999999999997 0.20000000000000001 0
    endloop
  endfacet
  facet normal 0 0 1
    outer loop
      vertex 70.799999999999997 0.20000000000000001 0
      vertex 80.799999999999997 0.20000000000000001 0
      vertex 80.799999999999997 10 0
    endloop
  endfacet
  facet normal 0 0 1
    outer loop
      vertex 70.799999999999997 0.20000000000000001 0
      vertex 80.799999999999997 10 0
      vertex 70.799999999999997 10 0
    endloop
  endfacet
  facet normal 0 0 1
    outer loop
      vertex 70.799999999999997 10 0
      vertex 80.799999999999997 10 0
      vertex 80.799999999999997 10.199999999999999 0
    endloop
  endfacet
  facet normal 0 0 1
    outer loop
      vertex 70.799999999999997 10 0
      vertex 80.799999999999997 10.199999999999999 0
      vertex 70.799999999999997 10.199999999999999 0
    endloop
  endfacet
  facet normal 0 0 1
    outer loop
      vertex 70.799999999999997 10.199999999999999 0
      vertex 80.799999999999997 10.199999999999999 0
      vertex 80.799999999999997 20 0
    endloop
  endfacet
  facet normal 0 0 1
    outer loop
      vertex 70.799999999999997 10.199999999999999 0
      vertex 80.799999999999997 20 0
      vertex 70.799999999999997 20 0
    endloop
  endfacet
  facet normal 0 0 1
    outer loop
      vertex 70.799999999999997 20 0
      vertex 80.799999999999997 20 0
      vertex 80.799999999999997 20.199999999999999 0
    endloop
  endfacet
  facet normal 0 0 1
    outer loop
      vertex 70.799999999999997 20 0
      vertex 80.799999999999997 20.199999999999999 0
      vertex 70.799999999999997 20.199999999999999 0
    endloop
  endfacet
  facet normal 0 0 1
    outer loop
      vertex 70.799999999999997 20.199999999999999 0
      vertex 80.799999999999997 20.199999999999999 0
      vertex 80.799999999999997 40 0
    endloop
  endfacet
  facet normal 0 0 1
    outer loop
      vertex 70.799999999999997 20.199999999999999 0
      vertex 80.799999999999997 40 0
      vertex 70.799999999999997 40 0
    endloop
  endfacet
  facet normal 0 0 1
    outer loop
      vertex 70.799999999999997 40 0
      vertex 80.799999999999997 40 0
      vertex 80.799999999999997 40.200000000000003 0
    endloop
  endfacet
  facet normal 0 0 1
    outer loop
      vertex 70.799999999999997 40 0
      vertex 80.799999999999997 40.200000000000003 0
      vertex 70.799999999999997 40.200000000000003 0
    endloop
  endfacet
  facet normal 0 0 1
    outer loop
      vertex 70.799999999999997 40.200000000000003 0
      vertex 80.799999999999997 40.200000000000003 0
      vertex 80.799999999999997 60 0
    endloop
  endfacet
  facet normal 0 0 1
    outer loop
      vertex 70.799999999999997 40.200000000000003 0
      vertex 80.799999999999997 60 0
      vertex 70.799999999999997 60 0
    endloop
  endfacet
  facet normal 0 0 1
    outer loop
      vertex 70.799999999999997 60 0
      vertex 80.799999999999997 60 0
      vertex 80.799999999999997 60.200000000000003 0
    endloop
  endfacet
  facet normal 0 0 1
    outer loop
      vertex 70.799999999999997 60 0
      vertex 80.799999999999997 60.200000000000003 0
      vertex 70.799999999999997 60.200000000000003 0
    endloop
  endfacet
  facet normal 0 0 1
    outer loop
      vertex 70.799999999999997 60.200000000000003 0
      vertex 80.799999999999997 60.200000000000003 0
      vertex 80.799999999999997 80 0
    endloop
  endfacet
  facet normal 0 0 1
    outer loop
      vertex 70.799999999999997 60.200000000000003 0
      vertex 80.799999999999997 80 0
      vertex 70.799999999999997 80 0
    endloop
  endfacet
  facet normal 0 0 1
    outer loop
      vertex 70.799999999999997 80 0
      vertex 80.799999999999997 80 0
      vertex 80.799999999999997 80.200000000000003 0
    endloop
  endfacet
  facet normal 0 0 1
    outer loop
      vertex 70.799999999999997 80 0
      vertex 80.799999999999997 80.200000000000003 0
      vertex 70.799999999999997 80.200000000000003 0
    endloop
  endfacet
  facet normal 0 0 1
    outer loop
      vertex 70.799999999999997 80.200000000000003 0
      vertex 80.799999999999997 80.200000000000003 0
      vertex 80.799999999999997 100 0
    endloop
  endfacet
  facet normal 0 0 1
    outer loop
      vertex 70.799999999999997 80.200000000000003 0
      vertex 80.799999999999997 100 0
      vertex 70.799999999999997 100 0
    endloop
  endfacet
  facet normal 0 0 1
    outer loop
      vertex 80.799999999999997 -100 0
      vertex 81 -100 0
      vertex 81 -80.200000000000003 0
    endloop
  endfacet
  facet normal 0 0 1
    outer loop
      vertex 80.799999999999997 -100 0
      vertex 81 -80.200000000000003 0
      vertex 80.799999999999997 -80.200000000000003 0
    endloop
  endfacet
  facet normal 0 0 1
    outer loop
      vertex 80.799999999999997 -80.200000000000003 0
      vertex 81 -80.200000000000003 0
      vertex 81 -80 0
    endloop
  endfacet
  facet normal 0 0 1
    outer loop
      vertex 80.799999999999997 -80.200000000000003 0
      vertex 81 -80 0
      vertex 80.799999999999997 -80 0
    endloop
  endfacet
  facet normal 0 0 1
    outer loop
      vertex 80.799999999999997 -80 0
      vertex 81 -80 0
      vertex 81 -60.200000000000003 0
    endloop
  endfacet
  facet normal 0 0 1
    outer loop
      vertex 80.799999999999997 -80 0
      vertex 81 -60.200000000000003 0
      vertex 80.799999999999997 -60.200000000000003 0
    endloop
  endfacet
  facet normal 0 0 1
    outer loop
      vertex 80.799999999999997 -60.200000000000003 0
      vertex 81 -60.200000000000003 0
      vertex 81 -60 0
    endloop
  endfacet
  facet normal 0 0 1
    outer loop
      vertex 80.799999999999997 -60.200000000000003 0
      vertex 81 -60 0
      vertex 80.799999999999997 -60 0
    endloop
  endfacet
  facet normal 0 0 1
    outer loop
      vertex 80.799999999999997 -60 0
      vertex 81 -60 0
      vertex 81 -40.200000000000003 0
    endloop
  endfacet
  facet normal 0 0 1
    outer loop
      vertex 80.799999999999997 -60 0
      vertex 81 -40.200000000000003 0
      vertex 80.799999999999997 -40.200000000000003 0
    endloop
  endfacet
  facet normal 0 0 1
    outer loop
      vertex 80.799999999999997 -40.200000000000003 0
      vertex 81 -40.200000000000003 0
      vertex 81 -40 0
    endloop
  endfacet
  facet normal 0 0 1
    outer loop
      vertex 80.799999999999997 -40.200000000000003 0
      vertex 81 -40 0
      vertex 80.799999999999997 -40 0
    endloop
  endfacet
  facet normal 0 0 1
    outer loop
      vertex 80.799999999999997 -40 0
      vertex 81 -40 0
      vertex 81 -20.199999999999999 0
    endloop
  endfacet
  facet normal 0 0 1
    outer loop
      vertex 80.799999999999997 -40 0
      vertex 81 -20.199999999999999 0
      vertex 80.799999999999997 -20.199999999999999 0
    endloop
  endfacet
  facet normal 0 0 1
    outer loop
      vertex 80.799999999999997 -20.199999999999999 0
      vertex 81 -20.199999999999999 0
      vertex 81 -20 0
    endloop
  endfacet
  facet normal 0 0 1
    outer loop
      vertex 80.799999999999997 -20.199999999999999 0
      vertex 81 -20 0
      vertex 80.799999999999997 -20 0
    endloop
  endfacet
  facet normal 0 0 1
    outer loop
      vertex 80.799999999999997 -20 0
      vertex 81 -20 0
      vertex 81 -10.199999999999999 0
    endloop
  endfacet
  facet normal 0 0 1
    outer loop
      vertex 80.799999999999997 -20 0
      vertex 81 -10.199999999999999 0
      vertex 80.799999999999997 -10.199999999999999 0
    endloop
  endfacet
  facet normal 0 0 1
    outer loop
      vertex 80.799999999999997 -10.199999999999999 0
      vertex 81 -10.199999999999999 0
      vertex 81 -10 0
    endloop
  endfacet
  facet normal 0 0 1
    outer loop
      vertex 80.799999999999997 -10.199999999999999 0
      vertex 81 -10 0
      vertex 80.799999999999997 -10 0
    endloop
  endfacet
  facet normal 0 0 1
    outer loop
      vertex 80.799999999999997 -10 0
      vertex 81 -10 0
      vertex 81 0 0
    endloop
  endfacet
  facet normal 0 0 1
    outer loop
      vertex 80.799999999999997 -10 0
      vertex 81 0 0
      vertex 80.799999999999997 0 0
    endloop
  endfacet
  facet normal 0 -0.44721359549995793 0.89442719099991586
    outer loop
      vertex 80.879999999999995 0.080000000000000071 0.040000000000000036
      vertex 80.799999999999997 0 0
      vertex 81 0 0
    endloop
  endfacet
  facet normal 0 -0.44721359549995793 0.89442719099991586
    outer loop
      vertex 80.879999999999995 0.080000000000000071 0.040000000000000036
      vertex 81 0 0
      vertex 81 0.080000000000000071 0.040000000000000036
    endloop
  endfacet
  facet normal -0.44721359549996581 0 0.89442719099991197
    outer loop
      vertex 80.799999999999997 0 0
      vertex 80.879999999999995 0.080000000000000071 0.040000000000000036
      vertex 80.879999999999995 0.20000000000000001 0.040000000000000036
    endloop
  endfacet
  facet normal -0.44721359549996587 0 0.89442719099991186
    outer loop
      vertex 80.799999999999997 0 0
      vertex 80.879999999999995 0.20000000000000001 0.040000000000000036
      vertex 80.799999999999997 0.20000000000000001 0
    endloop
  endfacet
  facet normal -0.44721359549996592 0 0.89442719099991186
    outer loop
      vertex 80.879999999999995 4.1200000000000028 0.040000000000000036
      vertex 80.799999999999997 0.20000000000000001 0
      vertex 80.879999999999995 0.20000000000000001 0.040000000000000036
    endloop
  endfacet
  facet normal -0.44721359549996587 0 0.89442719099991186
    outer loop
      vertex 80.799999999999997 0.20000000000000001 0
      vertex 80.879999999999995 4.1200000000000037 0.040000000000000036
      vertex 80.879999999999995 10 0.040000000000000036
    endloop
  endfacet
  facet normal -0.44721359549996592 0 0.89442719099991197
    outer loop
      vertex 80.799999999999997 0.20000000000000001 0
      vertex 80.879999999999995 10 0.040000000000000036
      vertex 80.799999999999997 10 0
    endloop
  endfacet
  facet normal -0.43643578047199261 0.21821789023599147 0.8728715609439659
    outer loop
      vertex 80.959999999999994 10.16 0.040000000000000036
      vertex 80.799999999999997 10 0
      vertex 80.879999999999995 10 0.040000000000000036
    endloop
  endfacet
  facet normal -0.24253562503633819 0 0.97014250014533066
    outer loop
      vertex 80.799999999999997 10 0
      vertex 80.959999999999994 10.16 0.040000000000000036
      vertex 80.959999999999994 10.199999999999999 0.040000000000000036
    endloop
  endfacet
  facet normal -0.24253562503633808 0 0.97014250014533066
    outer loop
      vertex 80.799999999999997 10 0
      vertex 80.959999999999994 10.199999999999999 0.040000000000000036
      vertex 80.799999999999997 10.199999999999999 0
    endloop
  endfacet
  facet normal -0.24253562503633805 0 0.97014250014533077
    outer loop
      vertex 80.959999999999994 18.040000000000006 0.040000000000000036
      vertex 80.799999999999997 10.199999999999999 0
      vertex 80.959999999999994 10.199999999999999 0.040000000000000036
    endloop
  endfacet
  facet normal -0.24253562503633816 0 0.97014250014533066
    outer loop
      vertex 80.799999999999997 10.199999999999999 0
      vertex 80.959999999999994 18.040000000000006 0.040000000000000036
      vertex 80.959999999999994 20 0.040000000000000036
    endloop
  endfacet
  facet normal -0.24253562503633805 0 0.97014250014533054
    outer loop
      vertex 80.799999999999997 10.199999999999999 0
      vertex 80.959999999999994 20 0.040000000000000036
      vertex 80.799999999999997 20 0
    endloop
  endfacet
  facet normal -0.23570226039552053 -0.23570226039552053 0.94280904158206114
    outer loop
      vertex 80.879999999999995 20.079999999999998 0.040000000000000036
      vertex 80.799999999999997 20 0
      vertex 80.959999999999994 20 0.040000000000000036
    endloop
  endfacet
  facet normal -0.44721359549996598 0 0.89442719099991186
    outer loop
      vertex 80.799999999999997 20 0
      vertex 80.879999999999995 20.079999999999998 0.040000000000000036
      vertex 80.879999999999995 20.199999999999999 0.040000000000000036
    endloop
  endfacet
  facet normal -0.44721359549996592 0 0.89442719099991186
    outer loop
      vertex 80.799999999999997 20 0
      vertex 80.879999999999995 20.199999999999999 0.040000000000000036
      vertex 80.799999999999997 20.199999999999999 0
    endloop
  endfacet
  facet normal -0.44721359549996581 0 0.89442719099991186
    outer loop
      vertex 80.879999999999995 28.120000000000005 0.040000000000000036
      vertex 80.799999999999997 20.199999999999999 0
      vertex 80.879999999999995 20.199999999999999 0.040000000000000036
    endloop
  endfacet
  facet normal -0.44721359549996587 0 0.89442719099991186
    outer loop
      vertex 80.799999999999997 20.199999999999999 0
      vertex 80.879999999999995 28.120000000000005 0.040000000000000036
      vertex 80.879999999999995 40 0.040000000000000036
    endloop
  endfacet
  facet normal -0.44721359549996587 0 0.89442719099991186
    outer loop
      vertex 80.799999999999997 20.199999999999999 0
      vertex 80.879999999999995 40 0.040000000000000036
      vertex 80.799999999999997 40 0
    endloop
  endfacet
  facet normal -0.44721359549996587 0 0.89442719099991186
    outer loop
      vertex 80.879999999999995 40.079999999999998 0.040000000000000036
      vertex 80.799999999999997 40 0
      vertex 80.879999999999995 40 0.040000000000000036
    endloop
  endfacet
  facet normal -0.44721359549996598 0 0.89442719099991197
    outer loop
      vertex 80.799999999999997 40 0
      vertex 80.879999999999995 40.079999999999998 0.040000000000000036
      vertex 80.879999999999995 40.200000000000003 0.040000000000000036
    endloop
  endfacet
  facet normal -0.44721359549996592 0 0.89442719099991186
    outer loop
      vertex 80.799999999999997 40 0
      vertex 80.879999999999995 40.200000000000003 0.040000000000000036
      vertex 80.799999999999997 40.200000000000003 0
    endloop
  endfacet
  facet normal -0.44721245476972293 0.0022586487614631979 0.89442490953942622
    outer loop
      vertex 80.959999999999994 56.040000000000013 0.040000000000000036
      vertex 80.799999999999997 40.200000000000003 0
      vertex 80.879999999999995 40.200000000000003 0.040000000000000036
    endloop
  endfacet
  facet normal -0.2425356250363381 0 0.97014250014533066
    outer loop
      vertex 80.799999999999997 40.200000000000003 0
      vertex 80.959999999999994 56.040000000000013 0.040000000000000036
      vertex 80.959999999999994 60 0.040000000000000036
    endloop
  endfacet
  facet normal -0.24253562503633805 0 0.97014250014533066
    outer loop
      vertex 80.799999999999997 40.200000000000003 0
      vertex 80.959999999999994 60 0.040000000000000036
      vertex 80.799999999999997 60 0
    endloop
  endfacet
  facet normal -0.24253562503633805 0 0.97014250014533066
    outer loop
      vertex 80.959999999999994 60.160000000000004 0.040000000000000036
      vertex 80.799999999999997 60 0
      vertex 80.959999999999994 60 0.040000000000000036
    endloop
  endfacet
  facet normal -0.24253562503633819 0 0.97014250014533066
    outer loop
      vertex 80.799999999999997 60 0
      vertex 80.959999999999994 60.160000000000004 0.040000000000000036
      vertex 80.959999999999994 60.200000000000003 0.040000000000000036
    endloop
  endfacet
  facet normal -0.24253562503633805 0 0.97014250014533054
    outer loop
      vertex 80.799999999999997 60 0
      vertex 80.959999999999994 60.200000000000003 0.040000000000000036
      vertex 80.799999999999997 60.200000000000003 0
    endloop
  endfacet
  facet normal -0.24253489721584762 -0.0024498474466246706 0.97013958886336893
    outer loop
      vertex 80.879999999999995 68.120000000000005 0.040000000000000036
      vertex 80.799999999999997 60.200000000000003 0
      vertex 80.959999999999994 60.200000000000003 0.040000000000000036
    endloop
  endfacet
  facet normal -0.44721359549996581 0 0.89442719099991186
    outer loop
      vertex 80.799999999999997 60.200000000000003 0
      vertex 80.879999999999995 68.120000000000005 0.040000000000000036
      vertex 80.879999999999995 80 0.040000000000000036
    endloop
  endfacet
  facet normal -0.44721359549996587 0 0.89442719099991186
    outer loop
      vertex 80.799999999999997 60.200000000000003 0
      vertex 80.879999999999995 80 0.040000000000000036
      vertex 80.799999999999997 80 0
    endloop
  endfacet
  facet normal -0.44721359549996587 0 0.89442719099991186
    outer loop
      vertex 80.879999999999995 80.079999999999998 0.040000000000000036
      vertex 80.799999999999997 80 0
      vertex 80.879999999999995 80 0.040000000000000036
    endloop
  endfacet
  facet normal -0.44721359549996598 0 0.89442719099991197
    outer loop
      vertex 80.799999999999997 80 0
      vertex 80.879999999999995 80.079999999999998 0.040000000000000036
      vertex 80.879999999999995 80.200000000000003 0.040000000000000036
    endloop
  endfacet
  facet normal -0.44721359549996592 0 0.89442719099991186
    outer loop
      vertex 80.799999999999997 80 0
      vertex 80.879999999999995 80.200000000000003 0.040000000000000036
      vertex 80.799999999999997 80.200000000000003 0
    endloop
  endfacet
  facet normal -0.44721359549996592 0 0.89442719099991197
    outer loop
      vertex 80.879999999999995 88.120000000000005 0.040000000000000036
      vertex 80.799999999999997 80.200000000000003 0
      vertex 80.879999999999995 80.200000000000003 0.040000000000000036
    endloop
  endfacet
  facet normal -0.44721359549996581 0 0.89442719099991186
    outer loop
      vertex 80.799999999999997 80.200000000000003 0
      vertex 80.879999999999995 88.120000000000005 0.040000000000000036
      vertex 80.879999999999995 100 0.040000000000000036
    endloop
  endfacet
  facet normal -0.44721359549996587 0 0.89442719099991186
    outer loop
      vertex 80.799999999999997 80.200000000000003 0
      vertex 80.879999999999995 100 0.040000000000000036
      vertex 80.799999999999997 100 0
    endloop
  endfacet
  facet normal 0 0 1
    outer loop
      vertex 81 -100 0
      vertex 81.200000000000003 -100 0
      vertex 81.200000000000003 -80.200000000000003 0
    endloop
  endfacet
  facet normal 0 0 1
    outer loop
      vertex 81 -100 0
      vertex 81.200000000000003 -80.200000000000003 0
      vertex 81 -80.200000000000003 0
    endloop
  endfacet
  facet normal 0 0 1
    outer loop
      vertex 81 -80.200000000000003 0
      vertex 81.200000000000003 -80.200000000000003 0
      vertex 81.200000000000003 -80 0
    endloop
  endfacet
  facet normal 0 0 1
    outer loop
      vertex 81 -80.200000000000003 0
      vertex 81.200000000000003 -80 0
      vertex 81 -80 0
    endloop
  endfacet
  facet normal 0 0 1
    outer loop
      vertex 81 -80 0
      vertex 81.200000000000003 -80 0
      vertex 81.200000000000003 -60.200000000000003 0
    endloop
  endfacet
  facet normal 0 0 1
    outer loop
      vertex 81 -80 0
      vertex 81.200000000000003 -60.200000000000003 0
      vertex 81 -60.200000000000003 0
    endloop
  endfacet
  facet normal 0 0 1
    outer loop
      vertex 81 -60.200000000000003 0
      vertex 81.200000000000003 -60.200000000000003 0
      vertex 81.200000000000003 -60 0
    endloop
  endfacet
  facet normal 0 0 1
    outer loop
      vertex 81 -60.200000000000003 0
      vertex 81.200000000000003 -60 0
      vertex 81 -60 0
    endloop
  endfacet
  facet normal 0 0 1
    outer loop
      vertex 81 -60 0
      vertex 81.200000000000003 -60 0
      vertex 81.200000000000003 -40.200000000000003 0
    endloop
  endfacet
  facet normal 0 0 1
    outer loop
      vertex 81 -60 0
      vertex 81.200000000000003 -40.200000000000003 0
      vertex 81 -40.200000000000003 0
    endloop
  endfacet
  facet normal 0 0 1
    outer loop
      vertex 81 -40.200000000000003 0
      vertex 81.200000000000003 -40.200000000000003 0
      vertex 81.200000000000003 -40 0
    endloop
  endfacet
  facet normal 0 0 1
    outer loop
      vertex 81 -40.200000000000003 0
      vertex 81.200000000000003 -40 0
      vertex 81 -40 0
    endloop
  endfacet
  facet normal 0 0 1
    outer loop
      vertex 81 -40 0
      vertex 81.200000000000003 -40 0
      vertex 81.200000000000003 -20.199999999999999 0
    endloop
  endfacet
  facet normal 0 0 1
    outer loop
      vertex 81 -40 0
      vertex 81.200000000000003 -20.199999999999999 0
      vertex 81 -20.199999999999999 0
    endloop
  endfacet
  facet normal 0 0 1
    outer loop
      vertex 81 -20.199999999999999 0
      vertex 81.200000000000003 -20.199999999999999 0
      vertex 81.200000000000003 -20 0
    endloop
  endfacet
  facet normal 0 0 1
    outer loop
      vertex 81 -20.199999999999999 0
      vertex 81.200000000000003 -20 0
      vertex 81 -20 0
    endloop
  endfacet
  facet normal 0 0 1
    outer loop
      vertex 81 -20 0
      vertex 81.200000000000003 -20 0
      vertex 81.200000000000003 -10.199999999999999 0
    endloop
  endfacet
  facet normal 0 0 1
    outer loop
      vertex 81 -20 0
      vertex 81.200000000000003 -10.199999999999999 0
      vertex 81 -10.199999999999999 0
    endloop
  endfacet
  facet normal 0 0 1
    outer loop
      vertex 81 -10.199999999999999 0
      vertex 81.200000000000003 -10.199999999999999 0
      vertex 81.200000000000003 -10 0
    endloop
  endfacet
  facet normal 0 0 1
    outer loop
      vertex 81 -10.199999999999999 0
      vertex 81.200000000000003 -10 0
      vertex 81 -10 0
    endloop
  endfacet
  facet normal 0 0 1
    outer loop
      vertex 81 -10 0
      vertex 81.200000000000003 -10 0
      vertex 81.200000000000003 0 0
    endloop
  endfacet
  facet normal 0 0 1
    outer loop
      vertex 81 -10 0
      vertex 81.200000000000003 0 0
      vertex 81 0 0
    endloop
  endfacet
  facet normal 0 -0.44721359549995793 0.89442719099991586
    outer loop
      vertex 81.079999999999998 0.080000000000000071 0.040000000000000036
      vertex 81 0 0
      vertex 81.200000000000003 0 0
    endloop
  endfacet
  facet normal 0 -0.44721359549995793 0.89442719099991586
    outer loop
      vertex 81.079999999999998 0.080000000000000071 0.040000000000000036
      vertex 81.200000000000003 0 0
      vertex 81.200000000000003 0.080000000000000071 0.040000000000000036
    endloop
  endfacet
  facet normal 0 -0.44721359549995793 0.89442719099991586
    outer loop
      vertex 81 0.080000000000000071 0.040000000000000036
      vertex 81 0 0
      vertex 81.079999999999998 0.080000000000000071 0.040000000000000036
    endloop
  endfacet
  facet normal 0 0 1
    outer loop
      vertex 81.200000000000003 -100 0
      vertex 81.400000000000006 -100 0
      vertex 81.400000000000006 -80.200000000000003 0
    endloop
  endfacet
  facet normal 0 0 1
    outer loop
      vertex 81.200000000000003 -100 0
      vertex 81.400000000000006 -80.200000000000003 0
      vertex 81.200000000000003 -80.200000000000003 0
    endloop
  endfacet
  facet normal 0 0 1
    outer loop
      vertex 81.200000000000003 -80.200000000000003 0
      vertex 81.400000000000006 -80.200000000000003 0
      vertex 81.400000000000006 -80 0
    endloop
  endfacet
  facet normal 0 0 1
    outer loop
      vertex 81.200000000000003 -80.200000000000003 0
      vertex 81.400000000000006 -80 0
      vertex 81.200000000000003 -80 0
    endloop
  endfacet
  facet normal 0 0 1
    outer loop
      vertex 81.200000000000003 -80 0
      vertex 81.400000000000006 -80 0
      vertex 81.400000000000006 -60.200000000000003 0
    endloop
  endfacet
  facet normal 0 0 1
    outer loop
      vertex 81.200000000000003 -80 0
      vertex 81.400000000000006 -60.200000000000003 0
      vertex 81.200000000000003 -60.200000000000003 0
    endloop
  endfacet
  facet normal 0 0 1
    outer loop
      vertex 81.200000000000003 -60.200000000000003 0
      vertex 81.400000000000006 -60.200000000000003 0
      vertex 81.400000000000006 -60 0
    endloop
  endfacet
  facet normal 0 0 1
    outer loop
      vertex 81.200000000000003 -60.200000000000003 0
      vertex 81.400000000000006 -60 0
      vertex 81.200000000000003 -60 0
    endloop
  endfacet
  facet normal 0 0 1
    outer loop
      vertex 81.200000000000003 -60 0
      vertex 81.400000000000006 -60 0
      vertex 81.400000000000006 -40.200000000000003 0
    endloop
  endfacet
  facet normal 0 0 1
    outer loop
      vertex 81.200000000000003 -60 0
      vertex 81.400000000000006 -40.200000000000003 0
      vertex 81.200000000000003 -40.200000000000003 0
    endloop
  endfacet
  facet normal 0 0 1
    outer loop
      vertex 81.200000000000003 -40.200000000000003 0
      vertex 81.400000000000006 -40.200000000000003 0
      vertex 81.400000000000006 -40 0
    endloop
  endfacet
  facet normal 0 0 1
    outer loop
      vertex 81.200000000000003 -40.200000000000003 0
      vertex 81.400000000000006 -40 0
      vertex 81.200000000000003 -40 0
    endloop
  endfacet
  facet normal 0 0 1
    outer loop
      vertex 81.200000000000003 -40 0
      vertex 81.400000000000006 -40 0
      vertex 81.400000000000006 -20.199999999999999 0
    endloop
  endfacet
  facet normal 0 0 1
    outer loop
      vertex 81.200000000000003 -40 0
      vertex 81.400000000000006 -20.199999999999999 0
      vertex 81.200000000000003 -20.199999999999999 0
    endloop
  endfacet
  facet normal 0 0 1
    outer loop
      vertex 81.200000000000003 -20.199999999999999 0
      vertex 81.400000000000006 -20.199999999999999 0
      vertex 81.400000000000006 -20 0
    endloop
  endfacet
  facet normal 0 0 1
    outer loop
      vertex 81.200000000000003 -20.199999999999999 0
      vertex 81.400000000000006 -20 0
      vertex 81.200000000000003 -20 0
    endloop
  endfacet
  facet normal 0 0 1
    outer loop
      vertex 81.200000000000003 -20 0
      vertex 81.400000000000006 -20 0
      vertex 81.400000000000006 -10.199999999999999 0
    endloop
  endfacet
  facet normal 0 0 1
    outer loop
      vertex 81.200000000000003 -20 0
      vertex 81.400000000000006 -10.199999999999999 0
      vertex 81.200000000000003 -10.199999999999999 0
    endloop
  endfacet
  facet normal 0 0 1
    outer loop
      vertex 81.200000000000003 -10.199999999999999 0
      vertex 81.400000000000006 -10.199999999999999 0
      vertex 81.400000000000006 -10 0
    endloop
  endfacet
  facet normal 0 0 1
    outer loop
      vertex 81.200000000000003 -10.199999999999999 0
      vertex 81.400000000000006 -10 0
      vertex 81.200000000000003 -10 0
    endloop
  endfacet
  facet normal 0 0 1
    outer loop
      vertex 81.200000000000003 -10 0
      vertex 81.400000000000006 -10 0
      vertex 81.400000000000006 0 0
    endloop
  endfacet
  facet normal 0 0 1
    outer loop
      vertex 81.200000000000003 -10 0
      vertex 81.400000000000006 0 0
      vertex 81.200000000000003 0 0
    endloop
  endfacet
  facet normal 0 -0.44721359549995793 0.89442719099991586
    outer loop
      vertex 81.280000000000001 0.080000000000000071 0.040000000000000036
      vertex 81.200000000000003 0 0
      vertex 81.400000000000006 0 0
    endloop
  endfacet
  facet normal 0 -0.44721359549995793 0.89442719099991586
    outer loop
      vertex 81.280000000000001 0.080000000000000071 0.040000000000000036
      vertex 81.400000000000006 0 0
      vertex 81.400000000000006 0.080000000000000071 0.040000000000000036
    endloop
  endfacet
  facet normal 0 -0.44721359549995793 0.89442719099991586
    outer loop
      vertex 81.200000000000003 0.080000000000000071 0.040000000000000036
      vertex 81.200000000000003 0 0
      vertex 81.280000000000001 0.080000000000000071 0.040000000000000036
    endloop
  endfacet
  facet normal 0 0 1
    outer loop
      vertex 81.400000000000006 -100 0
      vertex 81.599999999999994 -100 0
      vertex 81.599999999999994 -80.200000000000003 0
    endloop
  endfacet
  facet normal 0 0 1
    outer loop
      vertex 81.400000000000006 -100 0
      vertex 81.599999999999994 -80.200000000000003 0
      vertex 81.400000000000006 -80.200000000000003 0
    endloop
  endfacet
  facet normal 0 0 1
    outer loop
      vertex 81.400000000000006 -80.200000000000003 0
      vertex 81.599999999999994 -80.200000000000003 0
      vertex 81.599999999999994 -80 0
    endloop
  endfacet
  facet normal 0 0 1
    outer loop
      vertex 81.400000000000006 -80.200000000000003 0
      vertex 81.599999999999994 -80 0
      vertex 81.400000000000006 -80 0
    endloop
  endfacet
  facet normal 0 0 1
    outer loop
      vertex 81.400000000000006 -80 0
      vertex 81.599999999999994 -80 0
      vertex 81.599999999999994 -60.200000000000003 0
    endloop
  endfacet
  facet normal 0 0 1
    outer loop
      vertex 81.400000000000006 -80 0
      vertex 81.599999999999994 -60.200000000000003 0
      vertex 81.400000000000006 -60.200000000000003 0
    endloop
  endfacet
  facet normal 0 0 1
    outer loop
      vertex 81.400000000000006 -60.200000000000003 0
      vertex 81.599999999999994 -60.200000000000003 0
      vertex 81.599999999999994 -60 0
    endloop
  endfacet
  facet normal 0 0 1
    outer loop
      vertex 81.400000000000006 -60.200000000000003 0
      vertex 81.599999999999994 -60 0
      vertex 81.400000000000006 -60 0
    endloop
  endfacet
  facet normal 0 0 1
    outer loop
      vertex 81.400000000000006 -60 0
      vertex 81.599999999999994 -60 0
      vertex 81.599999999999994 -40.200000000000003 0
    endloop
  endfacet
  facet normal 0 0 1
    outer loop
      vertex 81.400000000000006 -60 0
      vertex 81.599999999999994 -40.200000000000003 0
      vertex 81.400000000000006 -40.200000000000003 0
    endloop
  endfacet
  facet normal 0 0 1
    outer loop
      vertex 81.400000000000006 -40.200000000000003 0
      vertex 81.599999999999994 -40.200000000000003 0
      vertex 81.599999999999994 -40 0
    endloop
  endfacet
  facet normal 0 0 1
    outer loop
      vertex 81.400000000000006 -40.200000000000003 0
      vertex 81.599999999999994 -40 0
      vertex 81.400000000000006 -40 0
    endloop
  endfacet
  facet normal 0 0 1
    outer loop
      vertex 81.400000000000006 -40 0
      vertex 81.599999999999994 -40 0
      vertex 81.599999999999994 -20.199999999999999 0
    endloop
  endfacet
  facet normal 0 0 1
    outer loop
      vertex 81.400000000000006 -40 0
      vertex 81.599999999999994 -20.199999999999999 0
      vertex 81.400000000000006 -20.199999999999999 0
    endloop
  endfacet
  facet normal 0 0 1
    outer loop
      vertex 81.400000000000006 -20.199999999999999 0
      vertex 81.599999999999994 -20.199999999999999 0
      vertex 81.599999999999994 -20 0
    endloop
  endfacet
  facet normal 0 0 1
    outer loop
      vertex 81.400000000000006 -20.199999999999999 0
      vertex 81.599999999999994 -20 0
      vertex 81.400000000000006 -20 0
    endloop
  endfacet
  facet normal 0 0 1
    outer loop
      vertex 81.400000000000006 -20 0
      vertex 81.599999999999994 -20 0
      vertex 81.599999999999994 -10.199999999999999 0
    endloop
  endfacet
  facet normal 0 0 1
    outer loop
      vertex 81.400000000000006 -20 0
      vertex 81.599999999999994 -10.199999999999999 0
      vertex 81.400000000000006 -10.199999999999999 0
    endloop
  endfacet
  facet normal 0 0 1
    outer loop
      vertex 81.400000000000006 -10.199999999999999 0
      vertex 81.599999999999994 -10.199999999999999 0
      vertex 81.599999999999994 -10 0
    endloop
  endfacet
  facet normal 0 0 1
    outer loop
      vertex 81.400000000000006 -10.199999999999999 0
      vertex 81.599999999999994 -10 0
      vertex 81.400000000000006 -10 0
    endloop
  endfacet
  facet normal 0 0 1
    outer loop
      vertex 81.400000000000006 -10 0
      vertex 81.599999999999994 -10 0
      vertex 81.599999999999994 0 0
    endloop
  endfacet
  facet normal 0 0 1
    outer loop
      vertex 81.400000000000006 -10 0
      vertex 81.599999999999994 0 0
      vertex 81.400000000000006 0 0
    endloop
  endfacet
  facet normal 0 -0.44721359549995798 0.89442719099991597
    outer loop
      vertex 81.480000000000004 0.080000000000000071 0.040000000000000036
      vertex 81.400000000000006 0 0
      vertex 81.599999999999994 0 0
    endloop
  endfacet
  facet normal 0 -0.44721359549995793 0.89442719099991586
    outer loop
      vertex 81.480000000000004 0.080000000000000071 0.040000000000000036
      vertex 81.599999999999994 0 0
      vertex 81.599999999999994 0.080000000000000071 0.040000000000000036
    endloop
  endfacet
  facet normal 0 -0.44721359549995793 0.89442719099991586
    outer loop
      vertex 81.400000000000006 0.080000000000000071 0.040000000000000036
      vertex 81.400000000000006 0 0
      vertex 81.480000000000004 0.080000000000000071 0.040000000000000036
    endloop
  endfacet
  facet normal 0 0 1
    outer loop
      vertex 81.599999999999994 -100 0
      vertex 81.799999999999997 -100 0
      vertex 81.799999999999997 -80.200000000000003 0
    endloop
  endfacet
  facet normal 0 0 1
    outer loop
      vertex 81.599999999999994 -100 0
      vertex 81.799999999999997 -80.200000000000003 0
      vertex 81.599999999999994 -80.200000000000003 0
    endloop
  endfacet
  facet normal 0 0 1
    outer loop
      vertex 81.599999999999994 -80.200000000000003 0
      vertex 81.799999999999997 -80.200000000000003 0
      vertex 81.799999999999997 -80 0
    endloop
  endfacet
  facet normal 0 0 1
    outer loop
      vertex 81.599999999999994 -80.200000000000003 0
      vertex 81.799999999999997 -80 0
      vertex 81.599999999999994 -80 0
    endloop
  endfacet
  facet normal 0 0 1
    outer loop
      vertex 81.599999999999994 -80 0
      vertex 81.799999999999997 -80 0
      vertex 81.799999999999997 -60.200000000000003 0
    endloop
  endfacet
  facet normal 0 0 1
    outer loop
      vertex 81.599999999999994 -80 0
      vertex 81.799999999999997 -60.200000000000003 0
      vertex 81.599999999999994 -60.200000000000003 0
    endloop
  endfacet
  facet normal 0 0 1
    outer loop
      vertex 81.599999999999994 -60.200000000000003 0
      vertex 81.799999999999997 -60.200000000000003 0
      vertex 81.799999999999997 -60 0
    endloop
  endfacet
  facet normal 0 0 1
    outer loop
      vertex 81.599999999999994 -60.200000000000003 0
      vertex 81.799999999999997 -60 0
      vertex 81.599999999999994 -60 0
    endloop
  endfacet
  facet normal 0 0 1
    outer loop
      vertex 81.599999999999994 -60 0
      vertex 81.799999999999997 -60 0
      vertex 81.799999999999997 -40.200000000000003 0
    endloop
  endfacet
  facet normal 0 0 1
    outer loop
      vertex 81.599999999999994 -60 0
      vertex 81.799999999999997 -40.200000000000003 0
      vertex 81.599999999999994 -40.200000000000003 0
    endloop
  endfacet
  facet normal 0 0 1
    outer loop
      vertex 81.599999999999994 -40.200000000000003 0
      vertex 81.799999999999997 -40.200000000000003 0
      vertex 81.799999999999997 -40 0
    endloop
  endfacet
  facet normal 0 0 1
    outer loop
      vertex 81.599999999999994 -40.200000000000003 0
      vertex 81.799999999999997 -40 0
      vertex 81.599999999999994 -40 0
    endloop
  endfacet
  facet normal 0 0 1
    outer loop
      vertex 81.599999999999994 -40 0
      vertex 81.799999999999997 -40 0
      vertex 81.799999999999997 -20.199999999999999 0
    endloop
  endfacet
  facet normal 0 0 1
    outer loop
      vertex 81.599999999999994 -40 0
      vertex 81.799999999999997 -20.199999999999999 0
      vertex 81.599999999999994 -20.199999999999999 0
    endloop
  endfacet
  facet normal 0 0 1
    outer loop
      vertex 81.599999999999994 -20.199999999999999 0
      vertex 81.799999999999997 -20.199999999999999 0
      vertex 81.799999999999997 -20 0
    endloop
  endfacet
  facet normal 0 0 1
    outer loop
      vertex 81.599999999999994 -20.199999999999999 0
      vertex 81.799999999999997 -20 0
      vertex 81.599999999999994 -20 0
    endloop
  endfacet
  facet normal 0 0 1
    outer loop
      vertex 81.599999999999994 -20 0
      vertex 81.799999999999997 -20 0
      vertex 81.799999999999997 -10.199999999999999 0
    endloop
  endfacet
  facet normal 0 0 1
    outer loop
      vertex 81.599999999999994 -20 0
      vertex 81.799999999999997 -10.199999999999999 0
      vertex 81.599999999999994 -10.199999999999999 0
    endloop
  endfacet
  facet normal 0 0 1
    outer loop
      vertex 81.599999999999994 -10.199999999999999 0
      vertex 81.799999999999997 -10.199999999999999 0
      vertex 81.799999999999997 -10 0
    endloop
  endfacet
  facet normal 0 0 1
    outer loop
      vertex 81.599999999999994 -10.199999999999999 0
      vertex 81.799999999999997 -10 0
      vertex 81.599999999999994 -10 0
    endloop
  endfacet
  facet normal 0 0 1
    outer loop
      vertex 81.599999999999994 -10 0
      vertex 81.799999999999997 -10 0
      vertex 81.799999999999997 0 0
    endloop
  endfacet
  facet normal 0 0 1
    outer loop
      vertex 81.599999999999994 -10 0
      vertex 81.799999999999997 0 0
      vertex 81.599999999999994 0 0
    endloop
  endfacet
  facet normal 0 -0.59999999999999998 0.80000000000000016
    outer loop
      vertex 81.653333333333322 0.053333333333333399 0.040000000000000036
      vertex 81.599999999999994 0 0
      vertex 81.799999999999997 0 0
    endloop
  endfacet
  facet normal -2.8386384152346063e-17 -0.59999999999999987 0.80000000000000004
    outer loop
      vertex 81.653333333333322 0.053333333333333399 0.040000000000000036
      vertex 81.799999999999997 0 0
      vertex 81.799999999999997 0.053333333333333392 0.040000000000000036
    endloop
  endfacet
  facet normal -0.21821789023601537 -0.43643578047198245 0.8728715609439649
    outer loop
      vertex 81.599999999999994 0.080000000000000071 0.040000000000000036
      vertex 81.599999999999994 0 0
      vertex 81.653333333333322 0.053333333333333392 0.040000000000000036
    endloop
  endfacet
  facet normal 0 0 1
    outer loop
      vertex 81.799999999999997 -100 0
      vertex 82 -100 0
      vertex 82 -80.200000000000003 0
    endloop
  endfacet
  facet normal 0 0 1
    outer loop
      vertex 81.799999999999997 -100 0
      vertex 82 -80.200000000000003 0
      vertex 81.799999999999997 -80.200000000000003 0
    endloop
  endfacet
  facet normal 0 0 1
    outer loop
      vertex 81.799999999999997 -80.200000000000003 0
      vertex 82 -80.200000000000003 0
      vertex 82 -80 0
    endloop
  endfacet
  facet normal 0 0 1
    outer loop
      vertex 81.799999999999997 -80.200000000000003 0
      vertex 82 -80 0
      vertex 81.799999999999997 -80 0
    endloop
  endfacet
  facet normal 0 0 1
    outer loop
      vertex 81.799999999999997 -80 0
      vertex 82 -80 0
      vertex 82 -60.200000000000003 0
    endloop
  endfacet
  facet normal 0 0 1
    outer loop
      vertex 81.799999999999997 -80 0
      vertex 82 -60.200000000000003 0
      vertex 81.799999999999997 -60.200000000000003 0
    endloop
  endfacet
  facet normal 0 0 1
    outer loop
      vertex 81.799999999999997 -60.200000000000003 0
      vertex 82 -60.200000000000003 0
      vertex 82 -60 0
    endloop
  endfacet
  facet normal 0 0 1
    outer loop
      vertex 81.799999999999997 -60.200000000000003 0
      vertex 82 -60 0
      vertex 81.799999999999997 -60 0
    endloop
  endfacet
  facet normal 0 0 1
    outer loop
      vertex 81.799999999999997 -60 0
      vertex 82 -60 0
      vertex 82 -40.200000000000003 0
    endloop
  endfacet
  facet normal 0 0 1
    outer loop
      vertex 81.799999999999997 -60 0
      vertex 82 -40.200000000000003 0
      vertex 81.799999999999997 -40.200000000000003 0
    endloop
  endfacet
  facet normal 0 0 1
    outer loop
      vertex 81.799999999999997 -40.200000000000003 0
      vertex 82 -40.200000000000003 0
      vertex 82 -40 0
    endloop
  endfacet
  facet normal 0 0 1
    outer loop
      vertex 81.799999999999997 -40.200000000000003 0
      vertex 82 -40 0
      vertex 81.799999999999997 -40 0
    endloop
  endfacet
  facet normal 0 0 1
    outer loop
      vertex 81.799999999999997 -40 0
      vertex 82 -40 0
      vertex 82 -20.199999999999999 0
    endloop
  endfacet
  facet normal 0 0 1
    outer loop
      vertex 81.799999999999997 -40 0
      vertex 82 -20.199999999999999 0
      vertex 81.799999999999997 -20.199999999999999 0
    endloop
  endfacet
  facet normal 0 0 1
    outer loop
      vertex 81.799999999999997 -20.199999999999999 0
      vertex 82 -20.199999999999999 0
      vertex 82 -20 0
    endloop
  endfacet
  facet normal 0 0 1
    outer loop
      vertex 81.799999999999997 -20.199999999999999 0
      vertex 82 -20 0
      vertex 81.799999999999997 -20 0
    endloop
  endfacet
  facet normal 0 0 1
    outer loop
      vertex 81.799999999999997 -20 0
      vertex 82 -20 0
      vertex 82 -10.199999999999999 0
    endloop
  endfacet
  facet normal 0 0 1
    outer loop
      vertex 81.799999999999997 -20 0
      vertex 82 -10.199999999999999 0
      vertex 81.799999999999997 -10.199999999999999 0
    endloop
  endfacet
  facet normal 0 0 1
    outer loop
      vertex 81.799999999999997 -10.199999999999999 0
      vertex 82 -10.199999999999999 0
      vertex 82 -10 0
    endloop
  endfacet
  facet normal 0 0 1
    outer loop
      vertex 81.799999999999997 -10.199999999999999 0
      vertex 82 -10 0
      vertex 81.799999999999997 -10 0
    endloop
  endfacet
  facet normal 0 0 1
    outer loop
      vertex 81.799999999999997 -10 0
      vertex 82 -10 0
      vertex 82 0 0
    endloop
  endfacet
  facet normal 0 0 1
    outer loop
      vertex 81.799999999999997 -10 0
      vertex 82 0 0
      vertex 81.799999999999997 0 0
    endloop
  endfacet
  facet normal 0 -0.59999999999999998 0.80000000000000016
    outer loop
      vertex 81.853333333333325 0.053333333333333399 0.040000000000000036
      vertex 81.799999999999997 0 0
      vertex 82 0 0
    endloop
  endfacet
  facet normal -2.8386384152346063e-17 -0.59999999999999987 0.80000000000000004
    outer loop
      vertex 81.853333333333325 0.053333333333333399 0.040000000000000036
      vertex 82 0 0
      vertex 82 0.053333333333333392 0.040000000000000036
    endloop
  endfacet
  facet normal -7.806255641896491e-17 -0.59999999999999987 0.80000000000000016
    outer loop
      vertex 81.799999999999997 0.053333333333333399 0.040000000000000036
      vertex 81.799999999999997 0 0
      vertex 81.853333333333325 0.053333333333333392 0.040000000000000036
    endloop
  endfacet
  facet normal 0 0 1
    outer loop
      vertex 82 -100 0
      vertex 82.200000000000003 -100 0
      vertex 82.200000000000003 -80.200000000000003 0
    endloop
  endfacet
  facet normal 0 0 1
    outer loop
      vertex 82 -100 0
      vertex 82.200000000000003 -80.200000000000003 0
      vertex 82 -80.200000000000003 0
    endloop
  endfacet
  facet normal 0 0 1
    outer loop
      vertex 82 -80.200000000000003 0
      vertex 82.200000000000003 -80.200000000000003 0
      vertex 82.200000000000003 -80 0
    endloop
  endfacet
  facet normal 0 0 1
    outer loop
      vertex 82 -80.200000000000003 0
      vertex 82.200000000000003 -80 0
      vertex 82 -80 0
    endloop
  endfacet
  facet normal 0 0 1
    outer loop
      vertex 82 -80 0
      vertex 82.200000000000003 -80 0
      vertex 82.200000000000003 -60.200000000000003 0
    endloop
  endfacet
  facet normal 0 0 1
    outer loop
      vertex 82 -80 0
      vertex 82.200000000000003 -60.200000000000003 0
      vertex 82 -60.200000000000003 0
    endloop
  endfacet
  facet normal 0 0 1
    outer loop
      vertex 82 -60.200000000000003 0
      vertex 82.200000000000003 -60.200000000000003 0
      vertex 82.200000000000003 -60 0
    endloop
  endfacet
  facet normal 0 0 1
    outer loop
      vertex 82 -60.200000000000003 0
      vertex 82.200000000000003 -60 0
      vertex 82 -60 0
    endloop
  endfacet
  facet normal 0 0 1
    outer loop
      vertex 82 -60 0
      vertex 82.200000000000003 -60 0
      vertex 82.200000000000003 -40.200000000000003 0
    endloop
  endfacet
  facet normal 0 0 1
    outer loop
      vertex 82 -60 0
      vertex 82.200000000000003 -40.200000000000003 0
      vertex 82 -40.200000000000003 0
    endloop
  endfacet
  facet normal 0 0 1
    outer loop
      vertex 82 -40.200000000000003 0
      vertex 82.200000000000003 -40.200000000000003 0
      vertex 82.200000000000003 -40 0
    endloop
  endfacet
  facet normal 0 0 1
    outer loop
      vertex 82 -40.200000000000003 0
      vertex 82.200000000000003 -40 0
      vertex 82 -40 0
    endloop
  endfacet
  facet normal 0 0 1
    outer loop
      vertex 82 -40 0
      vertex 82.200000000000003 -40 0
      vertex 82.200000000000003 -20.199999999999999 0
    endloop
  endfacet
  facet normal 0 0 1
    outer loop
      vertex 82 -40 0
      vertex 82.200000000000003 -20.199999999999999 0
      vertex 82 -20.199999999999999 0
    endloop
  endfacet
  facet normal 0 0 1
    outer loop
      vertex 82 -20.199999999999999 0
      vertex 82.200000000000003 -20.199999999999999 0
      vertex 82.200000000000003 -20 0
    endloop
  endfacet
  facet normal 0 0 1
    outer loop
      vertex 82 -20.199999999999999 0
      vertex 82.200000000000003 -20 0
      vertex 82 -20 0
    endloop
  endfacet
  facet normal 0 0 1
    outer loop
      vertex 82 -20 0
      vertex 82.200000000000003 -20 0
      vertex 82.200000000000003 -10.199999999999999 0
    endloop
  endfacet
  facet normal 0 0 1
    outer loop
      vertex 82 -20 0
      vertex 82.200000000000003 -10.199999999999999 0
      vertex 82 -10.199999999999999 0
    endloop
  endfacet
  facet normal 0 0 1
    outer loop
      vertex 82 -10.199999999999999 0
      vertex 82.200000000000003 -10.199999999999999 0
      vertex 82.200000000000003 -10 0
    endloop
  endfacet
  facet normal 0 0 1
    outer loop
      vertex 82 -10.199999999999999 0
      vertex 82.200000000000003 -10 0
      vertex 82 -10 0
    endloop
  endfacet
  facet normal 0 0 1
    outer loop
      vertex 82 -10 0
      vertex 82.200000000000003 -10 0
      vertex 82.200000000000003 0 0
    endloop
  endfacet
  facet normal 0 0 1
    outer loop
      vertex 82 -10 0
      vertex 82.200000000000003 0 0
      vertex 82 0 0
    endloop
  endfacet
  facet normal 0 -0.59999999999999998 0.80000000000000016
    outer loop
      vertex 82.053333333333327 0.053333333333333399 0.040000000000000036
      vertex 82 0 0
      vertex 82.200000000000003 0 0
    endloop
  endfacet
  facet normal -2.8386384152346063e-17 -0.59999999999999987 0.80000000000000004
    outer loop
      vertex 82.053333333333327 0.053333333333333399 0.040000000000000036
      vertex 82.200000000000003 0 0
      vertex 82.200000000000003 0.053333333333333392 0.040000000000000036
    endloop
  endfacet
  facet normal -7.806255641896491e-17 -0.59999999999999987 0.80000000000000016
    outer loop
      vertex 82 0.053333333333333399 0.040000000000000036
      vertex 82 0 0
      vertex 82.053333333333327 0.053333333333333392 0.040000000000000036
    endloop
  endfacet
  facet normal 0 0 1
    outer loop
      vertex 82.200000000000003 -100 0
      vertex 82.400000000000006 -100 0
      vertex 82.400000000000006 -80.200000000000003 0
    endloop
  endfacet
  facet normal 0 0 1
    outer loop
      vertex 82.200000000000003 -100 0
      vertex 82.400000000000006 -80.200000000000003 0
      vertex 82.200000000000003 -80.200000000000003 0
    endloop
  endfacet
  facet normal 0 0 1
    outer loop
      vertex 82.200000000000003 -80.200000000000003 0
      vertex 82.400000000000006 -80.200000000000003 0
      vertex 82.400000000000006 -80 0
    endloop
  endfacet
  facet normal 0 0 1
    outer loop
      vertex 82.200000000000003 -80.200000000000003 0
      vertex 82.400000000000006 -80 0
      vertex 82.200000000000003 -80 0
    endloop
  endfacet
  facet normal 0 0 1
    outer loop
      vertex 82.200000000000003 -80 0
      vertex 82.400000000000006 -80 0
      vertex 82.400000000000006 -60.200000000000003 0
    endloop
  endfacet
  facet normal 0 0 1
    outer loop
      vertex 82.200000000000003 -80 0
      vertex 82.400000000000006 -60.200000000000003 0
      vertex 82.200000000000003 -60.200000000000003 0
    endloop
  endfacet
  facet normal 0 0 1
    outer loop
      vertex 82.200000000000003 -60.200000000000003 0
      vertex 82.400000000000006 -60.200000000000003 0
      vertex 82.400000000000006 -60 0
    endloop
  endfacet
  facet normal 0 0 1
    outer loop
      vertex 82.200000000000003 -60.200000000000003 0
      vertex 82.400000000000006 -60 0
      vertex 82.200000000000003 -60 0
    endloop
  endfacet
  facet normal 0 0 1
    outer loop
      vertex 82.200000000000003 -60 0
      vertex 82.400000000000006 -60 0
      vertex 82.400000000000006 -40.200000000000003 0
    endloop
  endfacet
  facet normal 0 0 1
    outer loop
      vertex 82.200000000000003 -60 0
      vertex 82.400000000000006 -40.200000000000003 0
      vertex 82.200000000000003 -40.200000000000003 0
    endloop
  endfacet
  facet normal 0 0 1
    outer loop
      vertex 82.200000000000003 -40.200000000000003 0
      vertex 82.400000000000006 -40.200000000000003 0
      vertex 82.400000000000006 -40 0
    endloop
  endfacet
  facet normal 0 0 1
    outer loop
      vertex 82.200000000000003 -40.200000000000003 0
      vertex 82.400000000000006 -40 0
      vertex 82.200000000000003 -40 0
    endloop
  endfacet
  facet normal 0 0 1
    outer loop
      vertex 82.200000000000003 -40 0
      vertex 82.400000000000006 -40 0
      vertex 82.400000000000006 -20.199999999999999 0
    endloop
  endfacet
  facet normal 0 0 1
    outer loop
      vertex 82.200000000000003 -40 0
      vertex 82.400000000000006 -20.199999999999999 0
      vertex 82.200000000000003 -20.199999999999999 0
    endloop
  endfacet
  facet normal 0 0 1
    outer loop
      vertex 82.200000000000003 -20.199999999999999 0
      vertex 82.400000000000006 -20.199999999999999 0
      vertex 82.400000000000006 -20 0
    endloop
  endfacet
  facet normal 0 0 1
    outer loop
      vertex 82.200000000000003 -20.199999999999999 0
      vertex 82.400000000000006 -20 0
      vertex 82.200000000000003 -20 0
    endloop
  endfacet
  facet normal 0 0 1
    outer loop
      vertex 82.200000000000003 -20 0
      vertex 82.400000000000006 -20 0
      vertex 82.400000000000006 -10.199999999999999 0
    endloop
  endfacet
  facet normal 0 0 1
    outer loop
      vertex 82.200000000000003 -20 0
      vertex 82.400000000000006 -10.199999999999999 0
      vertex 82.200000000000003 -10.199999999999999 0
    endloop
  endfacet
  facet normal 0 0 1
    outer loop
      vertex 82.200000000000003 -10.199999999999999 0
      vertex 82.400000000000006 -10.199999999999999 0
      vertex 82.400000000000006 -10 0
    endloop
  endfacet
  facet normal 0 0 1
    outer loop
      vertex 82.200000000000003 -10.199999999999999 0
      vertex 82.400000000000006 -10 0
      vertex 82.200000000000003 -10 0
    endloop
  endfacet
  facet normal 0 0 1
    outer loop
      vertex 82.200000000000003 -10 0
      vertex 82.400000000000006 -10 0
      vertex 82.400000000000006 0 0
    endloop
  endfacet
  facet normal 0 0 1
    outer loop
      vertex 82.200000000000003 -10 0
      vertex 82.400000000000006 0 0
      vertex 82.200000000000003 0 0
    endloop
  endfacet
  facet normal 0 -0.59999999999999998 0.80000000000000016
    outer loop
      vertex 82.25333333333333 0.053333333333333399 0.040000000000000036
      vertex 82.200000000000003 0 0
      vertex 82.400000000000006 0 0
    endloop
  endfacet
  facet normal -2.8386384152346063e-17 -0.59999999999999987 0.80000000000000004
    outer loop
      vertex 82.25333333333333 0.053333333333333399 0.040000000000000036
      vertex 82.400000000000006 0 0
      vertex 82.400000000000006 0.053333333333333392 0.040000000000000036
    endloop
  endfacet
  facet normal -7.806255641896491e-17 -0.59999999999999987 0.80000000000000016
    outer loop
      vertex 82.200000000000003 0.053333333333333399 0.040000000000000036
      vertex 82.200000000000003 0 0
      vertex 82.25333333333333 0.053333333333333392 0.040000000000000036
    endloop
  endfacet
  facet normal 0 0 1
    outer loop
      vertex 82.400000000000006 -100 0
      vertex 82.599999999999994 -100 0
      vertex 82.599999999999994 -80.200000000000003 0
    endloop
  endfacet
  facet normal 0 0 1
    outer loop
      vertex 82.400000000000006 -100 0
      vertex 82.599999999999994 -80.200000000000003 0
      vertex 82.400000000000006 -80.200000000000003 0
    endloop
  endfacet
  facet normal 0 0 1
    outer loop
      vertex 82.400000000000006 -80.200000000000003 0
      vertex 82.599999999999994 -80.200000000000003 0
      vertex 82.599999999999994 -80 0
    endloop
  endfacet
  facet normal 0 0 1
    outer loop
      vertex 82.400000000000006 -80.200000000000003 0
      vertex 82.599999999999994 -80 0
      vertex 82.400000000000006 -80 0
    endloop
  endfacet
  facet normal 0 0 1
    outer loop
      vertex 82.400000000000006 -80 0
      vertex 82.599999999999994 -80 0
      vertex 82.599999999999994 -60.200000000000003 0
    endloop
  endfacet
  facet normal 0 0 1
    outer loop
      vertex 82.400000000000006 -80 0
      vertex 82.599999999999994 -60.200000000000003 0
      vertex 82.400000000000006 -60.200000000000003 0
    endloop
  endfacet
  facet normal 0 0 1
    outer loop
      vertex 82.400000000000006 -60.200000000000003 0
      vertex 82.599999999999994 -60.200000000000003 0
      vertex 82.599999999999994 -60 0
    endloop
  endfacet
  facet normal 0 0 1
    outer loop
      vertex 82.400000000000006 -60.200000000000003 0
      vertex 82.599999999999994 -60 0
      vertex 82.400000000000006 -60 0
    endloop
  endfacet
  facet normal 0 0 1
    outer loop
      vertex 82.400000000000006 -60 0
      vertex 82.599999999999994 -60 0
      vertex 82.599999999999994 -40.200000000000003 0
    endloop
  endfacet
  facet normal 0 0 1
    outer loop
      vertex 82.400000000000006 -60 0
      vertex 82.599999999999994 -40.200000000000003 0
      vertex 82.400000000000006 -40.200000000000003 0
    endloop
  endfacet
  facet normal 0 0 1
    outer loop
      vertex 82.400000000000006 -40.200000000000003 0
      vertex 82.599999999999994 -40.200000000000003 0
      vertex 82.599999999999994 -40 0
    endloop
  endfacet
  facet normal 0 0 1
    outer loop
      vertex 82.400000000000006 -40.200000000000003 0
      vertex 82.599999999999994 -40 0
      vertex 82.400000000000006 -40 0
    endloop
  endfacet
  facet normal 0 0 1
    outer loop
      vertex 82.400000000000006 -40 0
      vertex 82.599999999999994 -40 0
      vertex 82.599999999999994 -20.199999999999999 0
    endloop
  endfacet
  facet normal 0 0 1
    outer loop
      vertex 82.400000000000006 -40 0
      vertex 82.599999999999994 -20.199999999999999 0
      vertex 82.400000000000006 -20.199999999999999 0
    endloop
  endfacet
  facet normal 0 0 1
    outer loop
      vertex 82.400000000000006 -20.199999999999999 0
      vertex 82.599999999999994 -20.199999999999999 0
      vertex 82.599999999999994 -20 0
    endloop
  endfacet
  facet normal 0 0 1
    outer loop
      vertex 82.400000000000006 -20.199999999999999 0
      vertex 82.599999999999994 -20 0
      vertex 82.400000000000006 -20 0
    endloop
  endfacet
  facet normal 0 0 1
    outer loop
      vertex 82.400000000000006 -20 0
      vertex 82.599999999999994 -20 0
      vertex 82.599999999999994 -10.199999999999999 0
    endloop
  endfacet
  facet normal 0 0 1
    outer loop
      vertex 82.400000000000006 -20 0
      vertex 82.599999999999994 -10.199999999999999 0
      vertex 82.400000000000006 -10.199999999999999 0
    endloop
  endfacet
  facet normal 0 0 1
    outer loop
      vertex 82.400000000000006 -10.199999999999999 0
      vertex 82.599999999999994 -10.199999999999999 0
      vertex 82.599999999999994 -10 0
    endloop
  endfacet
  facet normal 0 0 1
    outer loop
      vertex 82.400000000000006 -10.199999999999999 0
      vertex 82.599999999999994 -10 0
      vertex 82.400000000000006 -10 0
    endloop
  endfacet
  facet normal 0 0 1
    outer loop
      vertex 82.400000000000006 -10 0
      vertex 82.599999999999994 -10 0
      vertex 82.599999999999994 0 0
    endloop
  endfacet
  facet normal 0 0 1
    outer loop
      vertex 82.400000000000006 -10 0
      vertex 82.599999999999994 0 0
      vertex 82.400000000000006 0 0
    endloop
  endfacet
  facet normal 0 -0.70710678118654757 0.70710678118654757
    outer loop
      vertex 82.439999999999998 0.040000000000000036 0.040000000000000036
      vertex 82.400000000000006 0 0
      vertex 82.599999999999994 0 0
    endloop
  endfacet
  facet normal 0 -0.70710678118654757 0.70710678118654757
    outer loop
      vertex 82.439999999999998 0.040000000000000036 0.040000000000000036
      vertex 82.599999999999994 0 0
      vertex 82.599999999999994 0.040000000000000036 0.040000000000000036
    endloop
  endfacet
  facet normal -0.19611613513822193 -0.58834840541454736 0.78446454055273007
    outer loop
      vertex 82.400000000000006 0.053333333333333399 0.040000000000000036
      vertex 82.400000000000006 0 0
      vertex 82.439999999999998 0.040000000000000036 0.040000000000000036
    endloop
  endfacet
  facet normal 0 0 1
    outer loop
      vertex 82.599999999999994 -100 0
      vertex 82.799999999999997 -100 0
      vertex 82.799999999999997 -80.200000000000003 0
    endloop
  endfacet
  facet normal 0 0 1
    outer loop
      vertex 82.599999999999994 -100 0
      vertex 82.799999999999997 -80.200000000000003 0
      vertex 82.599999999999994 -80.200000000000003 0
    endloop
  endfacet
  facet normal 0 0 1
    outer loop
      vertex 82.599999999999994 -80.200000000000003 0
      vertex 82.799999999999997 -80.200000000000003 0
      vertex 82.799999999999997 -80 0
    endloop
  endfacet
  facet normal 0 0 1
    outer loop
      vertex 82.599999999999994 -80.200000000000003 0
      vertex 82.799999999999997 -80 0
      vertex 82.599999999999994 -80 0
    endloop
  endfacet
  facet normal 0 0 1
    outer loop
      vertex 82.599999999999994 -80 0
      vertex 82.799999999999997 -80 0
      vertex 82.799999999999997 -60.200000000000003 0
    endloop
  endfacet
  facet normal 0 0 1
    outer loop
      vertex 82.599999999999994 -80 0
      vertex 82.799999999999997 -60.200000000000003 0
      vertex 82.599999999999994 -60.200000000000003 0
    endloop
  endfacet
  facet normal 0 0 1
    outer loop
      vertex 82.599999999999994 -60.200000000000003 0
      vertex 82.799999999999997 -60.200000000000003 0
      vertex 82.799999999999997 -60 0
    endloop
  endfacet
  facet normal 0 0 1
    outer loop
      vertex 82.599999999999994 -60.200000000000003 0
      vertex 82.799999999999997 -60 0
      vertex 82.599999999999994 -60 0
    endloop
  endfacet
  facet normal 0 0 1
    outer loop
      vertex 82.599999999999994 -60 0
      vertex 82.799999999999997 -60 0
      vertex 82.799999999999997 -40.200000000000003 0
    endloop
  endfacet
  facet normal 0 0 1
    outer loop
      vertex 82.599999999999994 -60 0
      vertex 82.799999999999997 -40.200000000000003 0
      vertex 82.599999999999994 -40.200000000000003 0
    endloop
  endfacet
  facet normal 0 0 1
    outer loop
      vertex 82.599999999999994 -40.200000000000003 0
      vertex 82.799999999999997 -40.200000000000003 0
      vertex 82.799999999999997 -40 0
    endloop
  endfacet
  facet normal 0 0 1
    outer loop
      vertex 82.599999999999994 -40.200000000000003 0
      vertex 82.799999999999997 -40 0
      vertex 82.599999999999994 -40 0
    endloop
  endfacet
  facet normal 0 0 1
    outer loop
      vertex 82.599999999999994 -40 0
      vertex 82.799999999999997 -40 0
      vertex 82.799999999999997 -20.199999999999999 0
    endloop
  endfacet
  facet normal 0 0 1
    outer loop
      vertex 82.599999999999994 -40 0
      vertex 82.799999999999997 -20.199999999999999 0
      vertex 82.599999999999994 -20.199999999999999 0
    endloop
  endfacet
  facet normal 0 0 1
    outer loop
      vertex 82.599999999999994 -20.199999999999999 0
      vertex 82.799999999999997 -20.199999999999999 0
      vertex 82.799999999999997 -20 0
    endloop
  endfacet
  facet normal 0 0 1
    outer loop
      vertex 82.599999999999994 -20.199999999999999 0
      vertex 82.799999999999997 -20 0
      vertex 82.599999999999994 -20 0
    endloop
  endfacet
  facet normal 0 0 1
    outer loop
      vertex 82.599999999999994 -20 0
      vertex 82.799999999999997 -20 0
      vertex 82.799999999999997 -10.199999999999999 0
    endloop
  endfacet
  facet normal 0 0 1
    outer loop
      vertex 82.599999999999994 -20 0
      vertex 82.799999999999997 -10.199999999999999 0
      vertex 82.599999999999994 -10.199999999999999 0
    endloop
  endfacet
  facet normal 0 0 1
    outer loop
      vertex 82.599999999999994 -10.199999999999999 0
      vertex 82.799999999999997 -10.199999999999999 0
      vertex 82.799999999999997 -10 0
    endloop
  endfacet
  facet normal 0 0 1
    outer loop
      vertex 82.599999999999994 -10.199999999999999 0
      vertex 82.799999999999997 -10 0
      vertex 82.599999999999994 -10 0
    endloop
  endfacet
  facet normal 0 0 1
    outer loop
      vertex 82.599999999999994 -10 0
      vertex 82.799999999999997 -10 0
      vertex 82.799999999999997 0 0
    endloop
  endfacet
  facet normal 0 0 1
    outer loop
      vertex 82.599999999999994 -10 0
      vertex 82.799999999999997 0 0
      vertex 82.599999999999994 0 0
    endloop
  endfacet
  facet normal 0 -0.70710678118654757 0.70710678118654757
    outer loop
      vertex 82.640000000000001 0.040000000000000036 0.040000000000000036
      vertex 82.599999999999994 0 0
      vertex 82.799999999999997 0 0
    endloop
  endfacet
  facet normal 0 -0.70710678118654757 0.70710678118654757
    outer loop
      vertex 82.640000000000001 0.040000000000000036 0.040000000000000036
      vertex 82.799999999999997 0 0
      vertex 82.799999999999997 0.040000000000000036 0.040000000000000036
    endloop
  endfacet
  facet normal 0 -0.70710678118654757 0.70710678118654757
    outer loop
      vertex 82.599999999999994 0.040000000000000036 0.040000000000000036
      vertex 82.599999999999994 0 0
      vertex 82.640000000000001 0.040000000000000036 0.040000000000000036
    endloop
  endfacet
  facet normal 0 0 1
    outer loop
      vertex 82.799999999999997 -100 0
      vertex 83 -100 0
      vertex 83 -80.200000000000003 0
    endloop
  endfacet
  facet normal 0 0 1
    outer loop
      vertex 82.799999999999997 -100 0
      vertex 83 -80.200000000000003 0
      vertex 82.799999999999997 -80.200000000000003 0
    endloop
  endfacet
  facet normal 0 0 1
    outer loop
      vertex 82.799999999999997 -80.200000000000003 0
      vertex 83 -80.200000000000003 0
      vertex 83 -80 0
    endloop
  endfacet
  facet normal 0 0 1
    outer loop
      vertex 82.799999999999997 -80.200000000000003 0
      vertex 83 -80 0
      vertex 82.799999999999997 -80 0
    endloop
  endfacet
  facet normal 0 0 1
    outer loop
      vertex 82.799999999999997 -80 0
      vertex 83 -80 0
      vertex 83 -60.200000000000003 0
    endloop
  endfacet
  facet normal 0 0 1
    outer loop
      vertex 82.799999999999997 -80 0
      vertex 83 -60.200000000000003 0
      vertex 82.799999999999997 -60.200000000000003 0
    endloop
  endfacet
  facet normal 0 0 1
    outer loop
      vertex 82.799999999999997 -60.200000000000003 0
      vertex 83 -60.200000000000003 0
      vertex 83 -60 0
    endloop
  endfacet
  facet normal 0 0 1
    outer loop
      vertex 82.799999999999997 -60.200000000000003 0
      vertex 83 -60 0
      vertex 82.799999999999997 -60 0
    endloop
  endfacet
  facet normal 0 0 1
    outer loop
      vertex 82.799999999999997 -60 0
      vertex 83 -60 0
      vertex 83 -40.200000000000003 0
    endloop
  endfacet
  facet normal 0 0 1
    outer loop
      vertex 82.799999999999997 -60 0
      vertex 83 -40.200000000000003 0
      vertex 82.799999999999997 -40.200000000000003 0
    endloop
  endfacet
  facet normal 0 0 1
    outer loop
      vertex 82.799999999999997 -40.200000000000003 0
      vertex 83 -40.200000000000003 0
      vertex 83 -40 0
    endloop
  endfacet
  facet normal 0 0 1
    outer loop
      vertex 82.799999999999997 -40.200000000000003 0
      vertex 83 -40 0
      vertex 82.799999999999997 -40 0
    endloop
  endfacet
  facet normal 0 0 1
    outer loop
      vertex 82.799999999999997 -40 0
      vertex 83 -40 0
      vertex 83 -20.199999999999999 0
    endloop
  endfacet
  facet normal 0 0 1
    outer loop
      vertex 82.799999999999997 -40 0
      vertex 83 -20.199999999999999 0
      vertex 82.799999999999997 -20.199999999999999 0
    endloop
  endfacet
  facet normal 0 0 1
    outer loop
      vertex 82.799999999999997 -20.199999999999999 0
      vertex 83 -20.199999999999999 0
      vertex 83 -20 0
    endloop
  endfacet
  facet normal 0 0 1
    outer loop
      vertex 82.799999999999997 -20.199999999999999 0
      vertex 83 -20 0
      vertex 82.799999999999997 -20 0
    endloop
  endfacet
  facet normal 0 0 1
    outer loop
      vertex 82.799999999999997 -20 0
      vertex 83 -20 0
      vertex 83 -10.199999999999999 0
    endloop
  endfacet
  facet normal 0 0 1
    outer loop
      vertex 82.799999999999997 -20 0
      vertex 83 -10.199999999999999 0
      vertex 82.799999999999997 -10.199999999999999 0
    endloop
  endfacet
  facet normal 0 0 1
    outer loop
      vertex 82.799999999999997 -10.199999999999999 0
      vertex 83 -10.199999999999999 0
      vertex 83 -10 0
    endloop
  endfacet
  facet normal 0 0 1
    outer loop
      vertex 82.799999999999997 -10.199999999999999 0
      vertex 83 -10 0
      vertex 82.799999999999997 -10 0
    endloop
  endfacet
  facet normal 0 0 1
    outer loop
      vertex 82.799999999999997 -10 0
      vertex 83 -10 0
      vertex 83 0 0
    endloop
  endfacet
  facet normal 0 0 1
    outer loop
      vertex 82.799999999999997 -10 0
      vertex 83 0 0
      vertex 82.799999999999997 0 0
    endloop
  endfacet
  facet normal 0 -0.70710678118654757 0.70710678118654757
    outer loop
      vertex 82.840000000000003 0.040000000000000036 0.040000000000000036
      vertex 82.799999999999997 0 0
      vertex 83 0 0
    endloop
  endfacet
  facet normal 0 -0.70710678118654757 0.70710678118654757
    outer loop
      vertex 82.840000000000003 0.040000000000000036 0.040000000000000036
      vertex 83 0 0
      vertex 83 0.040000000000000036 0.040000000000000036
    endloop
  endfacet
  facet normal 0 -0.70710678118654757 0.70710678118654757
    outer loop
      vertex 82.799999999999997 0.040000000000000036 0.040000000000000036
      vertex 82.799999999999997 0 0
      vertex 82.840000000000003 0.040000000000000036 0.040000000000000036
    endloop
  endfacet
  facet normal 0 0 1
    outer loop
      vertex 83 -100 0
      vertex 83.200000000000003 -100 0
      vertex 83.200000000000003 -80.200000000000003 0
    endloop
  endfacet
  facet normal 0 0 1
    outer loop
      vertex 83 -100 0
      vertex 83.200000000000003 -80.200000000000003 0
      vertex 83 -80.200000000000003 0
    endloop
  endfacet
  facet normal 0 0 1
    outer loop
      vertex 83 -80.200000000000003 0
      vertex 83.200000000000003 -80.200000000000003 0
      vertex 83.200000000000003 -80 0
    endloop
  endfacet
  facet normal 0 0 1
    outer loop
      vertex 83 -80.200000000000003 0
      vertex 83.200000000000003 -80 0
      vertex 83 -80 0
    endloop
  endfacet
  facet normal 0 0 1
    outer loop
      vertex 83 -80 0
      vertex 83.200000000000003 -80 0
      vertex 83.200000000000003 -60.200000000000003 0
    endloop
  endfacet
  facet normal 0 0 1
    outer loop
      vertex 83 -80 0
      vertex 83.200000000000003 -60.200000000000003 0
      vertex 83 -60.200000000000003 0
    endloop
  endfacet
  facet normal 0 0 1
    outer loop
      vertex 83 -60.200000000000003 0
      vertex 83.200000000000003 -60.200000000000003 0
      vertex 83.200000000000003 -60 0
    endloop
  endfacet
  facet normal 0 0 1
    outer loop
      vertex 83 -60.200000000000003 0
      vertex 83.200000000000003 -60 0
      vertex 83 -60 0
    endloop
  endfacet
  facet normal 0 0 1
    outer loop
      vertex 83 -60 0
      vertex 83.200000000000003 -60 0
      vertex 83.200000000000003 -40.200000000000003 0
    endloop
  endfacet
  facet normal 0 0 1
    outer loop
      vertex 83 -60 0
      vertex 83.200000000000003 -40.200000000000003 0
      vertex 83 -40.200000000000003 0
    endloop
  endfacet
  facet normal 0 0 1
    outer loop
      vertex 83 -40.200000000000003 0
      vertex 83.200000000000003 -40.200000000000003 0
      vertex 83.200000000000003 -40 0
    endloop
  endfacet
  facet normal 0 0 1
    outer loop
      vertex 83 -40.200000000000003 0
      vertex 83.200000000000003 -40 0
      vertex 83 -40 0
    endloop
  endfacet
  facet normal 0 0 1
    outer loop
      vertex 83 -40 0
      vertex 83.200000000000003 -40 0
      vertex 83.200000000000003 -20.199999999999999 0
    endloop
  endfacet
  facet normal 0 0 1
    outer loop
      vertex 83 -40 0
      vertex 83.200000000000003 -20.199999999999999 0
      vertex 83 -20.199999999999999 0
    endloop
  endfacet
  facet normal 0 0 1
    outer loop
      vertex 83 -20.199999999999999 0
      vertex 83.200000000000003 -20.199999999999999 0
      vertex 83.200000000000003 -20 0
    endloop
  endfacet
  facet normal 0 0 1
    outer loop
      vertex 83 -20.199999999999999 0
      vertex 83.200000000000003 -20 0
      vertex 83 -20 0
    endloop
  endfacet
  facet normal 0 0 1
    outer loop
      vertex 83 -20 0
      vertex 83.200000000000003 -20 0
      vertex 83.200000000000003 -10.199999999999999 0
    endloop
  endfacet
  facet normal 0 0 1
    outer loop
      vertex 83 -20 0
      vertex 83.200000000000003 -10.199999999999999 0
      vertex 83 -10.199999999999999 0
    endloop
  endfacet
  facet normal 0 0 1
    outer loop
      vertex 83 -10.199999999999999 0
      vertex 83.200000000000003 -10.199999999999999 0
      vertex 83.200000000000003 -10 0
    endloop
  endfacet
  facet normal 0 0 1
    outer loop
      vertex 83 -10.199999999999999 0
      vertex 83.200000000000003 -10 0
      vertex 83 -10 0
    endloop
  endfacet
  facet normal 0 0 1
    outer loop
      vertex 83 -10 0
      vertex 83.200000000000003 -10 0
      vertex 83.200000000000003 0 0
    endloop
  endfacet
  facet normal 0 0 1
    outer loop
      vertex 83 -10 0
      vertex 83.200000000000003 0 0
      vertex 83 0 0
    endloop
  endfacet
  facet normal 0 -0.70710678118654757 0.70710678118654757
    outer loop
      vertex 83.040000000000006 0.040000000000000036 0.040000000000000036
      vertex 83 0 0
      vertex 83.200000000000003 0 0
    endloop
  endfacet
  facet normal 0 -0.70710678118654757 0.70710678118654757
    outer loop
      vertex 83.040000000000006 0.040000000000000036 0.040000000000000036
      vertex 83.200000000000003 0 0
      vertex 83.200000000000003 0.040000000000000036 0.040000000000000036
    endloop
  endfacet
  facet normal 0 -0.70710678118654757 0.70710678118654757
    outer loop
      vertex 83 0.040000000000000036 0.040000000000000036
      vertex 83 0 0
      vertex 83.040000000000006 0.040000000000000036 0.040000000000000036
    endloop
  endfacet
  facet normal 0 0 1
    outer loop
      vertex 83.200000000000003 -100 0
      vertex 83.400000000000006 -100 0
      vertex 83.400000000000006 -80.200000000000003 0
    endloop
  endfacet
  facet normal 0 0 1
    outer loop
      vertex 83.200000000000003 -100 0
      vertex 83.400000000000006 -80.200000000000003 0
      vertex 83.200000000000003 -80.200000000000003 0
    endloop
  endfacet
  facet normal 0 0 1
    outer loop
      vertex 83.200000000000003 -80.200000000000003 0
      vertex 83.400000000000006 -80.200000000000003 0
      vertex 83.400000000000006 -80 0
    endloop
  endfacet
  facet normal 0 0 1
    outer loop
      vertex 83.200000000000003 -80.200000000000003 0
      vertex 83.400000000000006 -80 0
      vertex 83.200000000000003 -80 0
    endloop
  endfacet
  facet normal 0 0 1
    outer loop
      vertex 83.200000000000003 -80 0
      vertex 83.400000000000006 -80 0
      vertex 83.400000000000006 -60.200000000000003 0
    endloop
  endfacet
  facet normal 0 0 1
    outer loop
      vertex 83.200000000000003 -80 0
      vertex 83.400000000000006 -60.200000000000003 0
      vertex 83.200000000000003 -60.200000000000003 0
    endloop
  endfacet
  facet normal 0 0 1
    outer loop
      vertex 83.200000000000003 -60.200000000000003 0
      vertex 83.400000000000006 -60.200000000000003 0
      vertex 83.400000000000006 -60 0
    endloop
  endfacet
  facet normal 0 0 1
    outer loop
      vertex 83.200000000000003 -60.200000000000003 0
      vertex 83.400000000000006 -60 0
      vertex 83.200000000000003 -60 0
    endloop
  endfacet
  facet normal 0 0 1
    outer loop
      vertex 83.200000000000003 -60 0
      vertex 83.400000000000006 -60 0
      vertex 83.400000000000006 -40.200000000000003 0
    endloop
  endfacet
  facet normal 0 0 1
    outer loop
      vertex 83.200000000000003 -60 0
      vertex 83.400000000000006 -40.200000000000003 0
      vertex 83.200000000000003 -40.200000000000003 0
    endloop
  endfacet
  facet normal 0 0 1
    outer loop
      vertex 83.200000000000003 -40.200000000000003 0
      vertex 83.400000000000006 -40.200000000000003 0
      vertex 83.400000000000006 -40 0
    endloop
  endfacet
  facet normal 0 0 1
    outer loop
      vertex 83.200000000000003 -40.200000000000003 0
      vertex 83.400000000000006 -40 0
      vertex 83.200000000000003 -40 0
    endloop
  endfacet
  facet normal 0 0 1
    outer loop
      vertex 83.200000000000003 -40 0
      vertex 83.400000000000006 -40 0
      vertex 83.400000000000006 -20.199999999999999 0
    endloop
  endfacet
  facet normal 0 0 1
    outer loop
      vertex 83.200000000000003 -40 0
      vertex 83.400000000000006 -20.199999999999999 0
      vertex 83.200000000000003 -20.199999999999999 0
    endloop
  endfacet
  facet normal 0 0 1
    outer loop
      vertex 83.200000000000003 -20.199999999999999 0
      vertex 83.400000000000006 -20.199999999999999 0
      vertex 83.400000000000006 -20 0
    endloop
  endfacet
  facet normal 0 0 1
    outer loop
      vertex 83.200000000000003 -20.199999999999999 0
      vertex 83.400000000000006 -20 0
      vertex 83.200000000000003 -20 0
    endloop
  endfacet
  facet normal 0 0 1
    outer loop
      vertex 83.200000000000003 -20 0
      vertex 83.400000000000006 -20 0
      vertex 83.400000000000006 -10.199999999999999 0
    endloop
  endfacet
  facet normal 0 0 1
    outer loop
      vertex 83.200000000000003 -20 0
      vertex 83.400000000000006 -10.199999999999999 0
      vertex 83.200000000000003 -10.199999999999999 0
    endloop
  endfacet
  facet normal 0 0 1
    outer loop
      vertex 83.200000000000003 -10.199999999999999 0
      vertex 83.400000000000006 -10.199999999999999 0
      vertex 83.400000000000006 -10 0
    endloop
  endfacet
  facet normal 0 0 1
    outer loop
      vertex 83.200000000000003 -10.199999999999999 0
      vertex 83.400000000000006 -10 0
      vertex 83.200000000000003 -10 0
    endloop
  endfacet
  facet normal 0 0 1
    outer loop
      vertex 83.200000000000003 -10 0
      vertex 83.400000000000006 -10 0
      vertex 83.400000000000006 0 0
    endloop
  endfacet
  facet normal 0 0 1
    outer loop
      vertex 83.200000000000003 -10 0
      vertex 83.400000000000006 0 0
      vertex 83.200000000000003 0 0
    endloop
  endfacet
  facet normal 0 -0.44721359549995793 0.89442719099991586
    outer loop
      vertex 83.280000000000001 0.080000000000000071 0.040000000000000036
      vertex 83.200000000000003 0 0
      vertex 83.400000000000006 0 0
    endloop
  endfacet
  facet normal 0 -0.44721359549995793 0.89442719099991586
    outer loop
      vertex 83.280000000000001 0.080000000000000071 0.040000000000000036
      vertex 83.400000000000006 0 0
      vertex 83.400000000000006 0.080000000000000071 0.040000000000000036
    endloop
  endfacet
  facet normal 0.33333333333333992 -0.66666666666666508 0.66666666666666508
    outer loop
      vertex 83.200000000000003 0.040000000000000036 0.040000000000000036
      vertex 83.200000000000003 0 0
      vertex 83.280000000000001 0.080000000000000071 0.040000000000000036
    endloop
  endfacet
  facet normal 0 0 1
    outer loop
      vertex 83.400000000000006 -100 0
      vertex 83.599999999999994 -100 0
      vertex 83.599999999999994 -80.200000000000003 0
    endloop
  endfacet
  facet normal 0 0 1
    outer loop
      vertex 83.400000000000006 -100 0
      vertex 83.599999999999994 -80.200000000000003 0
      vertex 83.400000000000006 -80.200000000000003 0
    endloop
  endfacet
  facet normal 0 0 1
    outer loop
      vertex 83.400000000000006 -80.200000000000003 0
      vertex 83.599999999999994 -80.200000000000003 0
      vertex 83.599999999999994 -80 0
    endloop
  endfacet
  facet normal 0 0 1
    outer loop
      vertex 83.400000000000006 -80.200000000000003 0
      vertex 83.599999999999994 -80 0
      vertex 83.400000000000006 -80 0
    endloop
  endfacet
  facet normal 0 0 1
    outer loop
      vertex 83.400000000000006 -80 0
      vertex 83.599999999999994 -80 0
      vertex 83.599999999999994 -60.200000000000003 0
    endloop
  endfacet
  facet normal 0 0 1
    outer loop
      vertex 83.400000000000006 -80 0
      vertex 83.599999999999994 -60.200000000000003 0
      vertex 83.400000000000006 -60.200000000000003 0
    endloop
  endfacet
  facet normal 0 0 1
    outer loop
      vertex 83.400000000000006 -60.200000000000003 0
      vertex 83.599999999999994 -60.200000000000003 0
      vertex 83.599999999999994 -60 0
    endloop
  endfacet
  facet normal 0 0 1
    outer loop
      vertex 83.400000000000006 -60.200000000000003 0
      vertex 83.599999999999994 -60 0
      vertex 83.400000000000006 -60 0
    endloop
  endfacet
  facet normal 0 0 1
    outer loop
      vertex 83.400000000000006 -60 0
      vertex 83.599999999999994 -60 0
      vertex 83.599999999999994 -40.200000000000003 0
    endloop
  endfacet
  facet normal 0 0 1
    outer loop
      vertex 83.400000000000006 -60 0
      vertex 83.599999999999994 -40.200000000000003 0
      vertex 83.400000000000006 -40.200000000000003 0
    endloop
  endfacet
  facet normal 0 0 1
    outer loop
      vertex 83.400000000000006 -40.200000000000003 0
      vertex 83.599999999999994 -40.200000000000003 0
      vertex 83.599999999999994 -40 0
    endloop
  endfacet
  facet normal 0 0 1
    outer loop
      vertex 83.400000000000006 -40.200000000000003 0
      vertex 83.599999999999994 -40 0
      vertex 83.400000000000006 -40 0
    endloop
  endfacet
  facet normal 0 0 1
    outer loop
      vertex 83.400000000000006 -40 0
      vertex 83.599999999999994 -40 0
      vertex 83.599999999999994 -20.199999999999999 0
    endloop
  endfacet
  facet normal 0 0 1
    outer loop
      vertex 83.400000000000006 -40 0
      vertex 83.599999999999994 -20.199999999999999 0
      vertex 83.400000000000006 -20.199999999999999 0
    endloop
  endfacet
  facet normal 0 0 1
    outer loop
      vertex 83.400000000000006 -20.199999999999999 0
      vertex 83.599999999999994 -20.199999999999999 0
      vertex 83.599999999999994 -20 0
    endloop
  endfacet
  facet normal 0 0 1
    outer loop
      vertex 83.400000000000006 -20.199999999999999 0
      vertex 83.599999999999994 -20 0
      vertex 83.400000000000006 -20 0
    endloop
  endfacet
  facet normal 0 0 1
    outer loop
      vertex 83.400000000000006 -20 0
      vertex 83.599999999999994 -20 0
      vertex 83.599999999999994 -10.199999999999999 0
    endloop
  endfacet
  facet normal 0 0 1
    outer loop
      vertex 83.400000000000006 -20 0
      vertex 83.599999999999994 -10.199999999999999 0
      vertex 83.400000000000006 -10.199999999999999 0
    endloop
  endfacet
  facet normal 0 0 1
    outer loop
      vertex 83.400000000000006 -10.199999999999999 0
      vertex 83.599999999999994 -10.199999999999999 0
      vertex 83.599999999999994 -10 0
    endloop
  endfacet
  facet normal 0 0 1
    outer loop
      vertex 83.400000000000006 -10.199999999999999 0
      vertex 83.599999999999994 -10 0
      vertex 83.400000000000006 -10 0
    endloop
  endfacet
  facet normal 0 0 1
    outer loop
      vertex 83.400000000000006 -10 0
      vertex 83.599999999999994 -10 0
      vertex 83.599999999999994 0 0
    endloop
  endfacet
  facet normal 0 0 1
    outer loop
      vertex 83.400000000000006 -10 0
      vertex 83.599999999999994 0 0
      vertex 83.400000000000006 0 0
    endloop
  endfacet
  facet normal 0 -0.44721359549995798 0.89442719099991597
    outer loop
      vertex 83.480000000000004 0.080000000000000071 0.040000000000000036
      vertex 83.400000000000006 0 0
      vertex 83.599999999999994 0 0
    endloop
  endfacet
  facet normal 0 -0.44721359549995793 0.89442719099991586
    outer loop
      vertex 83.480000000000004 0.080000000000000071 0.040000000000000036
      vertex 83.599999999999994 0 0
      vertex 83.599999999999994 0.080000000000000071 0.040000000000000036
    endloop
  endfacet
  facet normal 0 -0.44721359549995793 0.89442719099991586
    outer loop
      vertex 83.400000000000006 0.080000000000000071 0.040000000000000036
      vertex 83.400000000000006 0 0
      vertex 83.480000000000004 0.080000000000000071 0.040000000000000036
    endloop
  endfacet
  facet normal 0 0 1
    outer loop
      vertex 83.599999999999994 -100 0
      vertex 83.799999999999997 -100 0
      vertex 83.799999999999997 -80.200000000000003 0
    endloop
  endfacet
  facet normal 0 0 1
    outer loop
      vertex 83.599999999999994 -100 0
      vertex 83.799999999999997 -80.200000000000003 0
      vertex 83.599999999999994 -80.200000000000003 0
    endloop
  endfacet
  facet normal 0 0 1
    outer loop
      vertex 83.599999999999994 -80.200000000000003 0
      vertex 83.799999999999997 -80.200000000000003 0
      vertex 83.799999999999997 -80 0
    endloop
  endfacet
  facet normal 0 0 1
    outer loop
      vertex 83.599999999999994 -80.200000000000003 0
      vertex 83.799999999999997 -80 0
      vertex 83.599999999999994 -80 0
    endloop
  endfacet
  facet normal 0 0 1
    outer loop
      vertex 83.599999999999994 -80 0
      vertex 83.799999999999997 -80 0
      vertex 83.799999999999997 -60.200000000000003 0
    endloop
  endfacet
  facet normal 0 0 1
    outer loop
      vertex 83.599999999999994 -80 0
      vertex 83.799999999999997 -60.200000000000003 0
      vertex 83.599999999999994 -60.200000000000003 0
    endloop
  endfacet
  facet normal 0 0 1
    outer loop
      vertex 83.599999999999994 -60.200000000000003 0
      vertex 83.799999999999997 -60.200000000000003 0
      vertex 83.799999999999997 -60 0
    endloop
  endfacet
  facet normal 0 0 1
    outer loop
      vertex 83.599999999999994 -60.200000000000003 0
      vertex 83.799999999999997 -60 0
      vertex 83.599999999999994 -60 0
    endloop
  endfacet
  facet normal 0 0 1
    outer loop
      vertex 83.599999999999994 -60 0
      vertex 83.799999999999997 -60 0
      vertex 83.799999999999997 -40.200000000000003 0
    endloop
  endfacet
  facet normal 0 0 1
    outer loop
      vertex 83.599999999999994 -60 0
      vertex 83.799999999999997 -40.200000000000003 0
      vertex 83.599999999999994 -40.200000000000003 0
    endloop
  endfacet
  facet normal 0 0 1
    outer loop
      vertex 83.599999999999994 -40.200000000000003 0
      vertex 83.799999999999997 -40.200000000000003 0
      vertex 83.799999999999997 -40 0
    endloop
  endfacet
  facet normal 0 0 1
    outer loop
      vertex 83.599999999999994 -40.200000000000003 0
      vertex 83.799999999999997 -40 0
      vertex 83.599999999999994 -40 0
    endloop
  endfacet
  facet normal 0 0 1
    outer loop
      vertex 83.599999999999994 -40 0
      vertex 83.799999999999997 -40 0
      vertex 83.799999999999997 -20.199999999999999 0
    endloop
  endfacet
  facet normal 0 0 1
    outer loop
      vertex 83.599999999999994 -40 0
      vertex 83.799999999999997 -20.199999999999999 0
      vertex 83.599999999999994 -20.199999999999999 0
    endloop
  endfacet
  facet normal 0 0 1
    outer loop
      vertex 83.599999999999994 -20.199999999999999 0
      vertex 83.799999999999997 -20.199999999999999 0
      vertex 83.799999999999997 -20 0
    endloop
  endfacet
  facet normal 0 0 1
    outer loop
      vertex 83.599999999999994 -20.199999999999999 0
      vertex 83.799999999999997 -20 0
      vertex 83.599999999999994 -20 0
    endloop
  endfacet
  facet normal 0 0 1
    outer loop
      vertex 83.599999999999994 -20 0
      vertex 83.799999999999997 -20 0
      vertex 83.799999999999997 -10.199999999999999 0
    endloop
  endfacet
  facet normal 0 0 1
    outer loop
      vertex 83.599999999999994 -20 0
      vertex 83.799999999999997 -10.199999999999999 0
      vertex 83.599999999999994 -10.199999999999999 0
    endloop
  endfacet
  facet normal 0 0 1
    outer loop
      vertex 83.599999999999994 -10.199999999999999 0
      vertex 83.799999999999997 -10.199999999999999 0
      vertex 83.799999999999997 -10 0
    endloop
  endfacet
  facet normal 0 0 1
    outer loop
      vertex 83.599999999999994 -10.199999999999999 0
      vertex 83.799999999999997 -10 0
      vertex 83.599999999999994 -10 0
    endloop
  endfacet
  facet normal 0 0 1
    outer loop
      vertex 83.599999999999994 -10 0
      vertex 83.799999999999997 -10 0
      vertex 83.799999999999997 0 0
    endloop
  endfacet
  facet normal 0 0 1
    outer loop
      vertex 83.599999999999994 -10 0
      vertex 83.799999999999997 0 0
      vertex 83.599999999999994 0 0
    endloop
  endfacet
  facet normal 0 0 1
    outer loop
      vertex 83.599999999999994 0 0
      vertex 83.799999999999997 0 0
      vertex 83.799999999999997 0.20000000000000001 0
    endloop
  endfacet
  facet normal 0.40824829046385813 -0.40824829046386396 0.81649658092772792
    outer loop
      vertex 83.599999999999994 0.080000000000000071 0.040000000000000036
      vertex 83.599999999999994 0 0
      vertex 83.799999999999997 0.20000000000000001 0
    endloop
  endfacet
  facet normal 0.40824829046386646 -0.40824829046388206 0.81649658092771471
    outer loop
      vertex 83.599999999999994 0.080000000000000071 0.040000000000000036
      vertex 83.799999999999997 0.20000000000000001 0
      vertex 83.719999999999999 0.20000000000000001 0.040000000000000036
    endloop
  endfacet
  facet normal 0.44721359549996587 0 0.89442719099991175
    outer loop
      vertex 83.719999999999999 6.0799999999999965 0.040000000000000036
      vertex 83.719999999999999 0.20000000000000001 0.040000000000000036
      vertex 83.799999999999997 0.20000000000000001 0
    endloop
  endfacet
  facet normal 0.44721359549996592 0 0.89442719099991197
    outer loop
      vertex 83.719999999999999 6.0799999999999965 0.040000000000000036
      vertex 83.799999999999997 0.20000000000000001 0
      vertex 83.799999999999997 10 0
    endloop
  endfacet
  facet normal 0.44721359549996592 -0 0.89442719099991186
    outer loop
      vertex 83.719999999999999 6.0799999999999974 0.040000000000000036
      vertex 83.799999999999997 10 0
      vertex 83.719999999999999 10 0.040000000000000036
    endloop
  endfacet
  facet normal 0.44721359549996592 0 0.89442719099991186
    outer loop
      vertex 83.719999999999999 10.119999999999999 0.040000000000000036
      vertex 83.719999999999999 10 0.040000000000000036
      vertex 83.799999999999997 10 0
    endloop
  endfacet
  facet normal 0.44721359549996592 0 0.89442719099991186
    outer loop
      vertex 83.719999999999999 10.119999999999999 0.040000000000000036
      vertex 83.799999999999997 10 0
      vertex 83.799999999999997 10.199999999999999 0
    endloop
  endfacet
  facet normal 0.66666666666663543 -0.33333333333325105 0.66666666666673902
    outer loop
      vertex 83.719999999999999 10.119999999999999 0.040000000000000036
      vertex 83.799999999999997 10.199999999999999 0
      vertex 83.759999999999991 10.199999999999999 0.040000000000000036
    endloop
  endfacet
  facet normal 0.70710678118649262 0 0.70710678118660253
    outer loop
      vertex 83.759999999999991 18.039999999999999 0.040000000000000036
      vertex 83.759999999999991 10.199999999999999 0.040000000000000036
      vertex 83.799999999999997 10.199999999999999 0
    endloop
  endfacet
  facet normal 0.70710678118649262 0 0.70710678118660253
    outer loop
      vertex 83.759999999999991 18.039999999999999 0.040000000000000036
      vertex 83.799999999999997 10.199999999999999 0
      vertex 83.799999999999997 20 0
    endloop
  endfacet
  facet normal 0.70710678118649262 -0 0.70710678118660242
    outer loop
      vertex 83.759999999999991 18.039999999999999 0.040000000000000036
      vertex 83.799999999999997 20 0
      vertex 83.759999999999991 20 0.040000000000000036
    endloop
  endfacet
  facet normal 0.70710678118649251 0 0.70710678118660242
    outer loop
      vertex 83.759999999999991 20.16 0.040000000000000036
      vertex 83.759999999999991 20 0.040000000000000036
      vertex 83.799999999999997 20 0
    endloop
  endfacet
  facet normal 0.70710678118649262 0 0.70710678118660253
    outer loop
      vertex 83.759999999999991 20.16 0.040000000000000036
      vertex 83.799999999999997 20 0
      vertex 83.799999999999997 20.199999999999999 0
    endloop
  endfacet
  facet normal 0.40824829046388117 0.40824829046380867 0.81649658092774424
    outer loop
      vertex 83.759999999999991 20.16 0.040000000000000036
      vertex 83.799999999999997 20.199999999999999 0
      vertex 83.719999999999999 20.199999999999999 0.040000000000000036
    endloop
  endfacet
  facet normal 0.44721359549996598 0 0.89442719099991197
    outer loop
      vertex 83.719999999999999 32.079999999999991 0.040000000000000036
      vertex 83.719999999999999 20.199999999999999 0.040000000000000036
      vertex 83.799999999999997 20.199999999999999 0
    endloop
  endfacet
  facet normal 0.44721359549996587 0 0.89442719099991186
    outer loop
      vertex 83.719999999999999 32.079999999999991 0.040000000000000036
      vertex 83.799999999999997 20.199999999999999 0
      vertex 83.799999999999997 40 0
    endloop
  endfacet
  facet normal 0.44721359549996592 -0 0.89442719099991186
    outer loop
      vertex 83.719999999999999 32.079999999999991 0.040000000000000036
      vertex 83.799999999999997 40 0
      vertex 83.719999999999999 40 0.040000000000000036
    endloop
  endfacet
  facet normal 0.44721359549996592 0 0.89442719099991197
    outer loop
      vertex 83.719999999999999 40.120000000000005 0.040000000000000036
      vertex 83.719999999999999 40 0.040000000000000036
      vertex 83.799999999999997 40 0
    endloop
  endfacet
  facet normal 0.44721359549996592 0 0.89442719099991186
    outer loop
      vertex 83.719999999999999 40.120000000000005 0.040000000000000036
      vertex 83.799999999999997 40 0
      vertex 83.799999999999997 40.200000000000003 0
    endloop
  endfacet
  facet normal 0.44721359549996587 -0 0.89442719099991186
    outer loop
      vertex 83.719999999999999 40.120000000000005 0.040000000000000036
      vertex 83.799999999999997 40.200000000000003 0
      vertex 83.719999999999999 40.200000000000003 0.040000000000000036
    endloop
  endfacet
  facet normal 0.44721359549996592 0 0.89442719099991197
    outer loop
      vertex 83.719999999999999 52.079999999999991 0.040000000000000036
      vertex 83.719999999999999 40.200000000000003 0.040000000000000036
      vertex 83.799999999999997 40.200000000000003 0
    endloop
  endfacet
  facet normal 0.44721359549996592 0 0.89442719099991186
    outer loop
      vertex 83.719999999999999 52.079999999999991 0.040000000000000036
      vertex 83.799999999999997 40.200000000000003 0
      vertex 83.799999999999997 60 0
    endloop
  endfacet
  facet normal 0.70710227208016707 -0.0035712235963637688 0.70710227208027698
    outer loop
      vertex 83.719999999999999 52.079999999999998 0.040000000000000036
      vertex 83.799999999999997 60 0
      vertex 83.759999999999991 60 0.040000000000000036
    endloop
  endfacet
  facet normal 0.70710678118649273 0 0.70710678118660253
    outer loop
      vertex 83.759999999999991 60.160000000000004 0.040000000000000036
      vertex 83.759999999999991 60 0.040000000000000036
      vertex 83.799999999999997 60 0
    endloop
  endfacet
  facet normal 0.70710678118649262 0 0.70710678118660242
    outer loop
      vertex 83.759999999999991 60.160000000000004 0.040000000000000036
      vertex 83.799999999999997 60 0
      vertex 83.799999999999997 60.200000000000003 0
    endloop
  endfacet
  facet normal 0.70710678118649251 -0 0.70710678118660242
    outer loop
      vertex 83.759999999999991 60.160000000000004 0.040000000000000036
      vertex 83.799999999999997 60.200000000000003 0
      vertex 83.759999999999991 60.200000000000003 0.040000000000000036
    endloop
  endfacet
  facet normal 0.70710678118649262 0 0.70710678118660253
    outer loop
      vertex 83.759999999999991 76.039999999999992 0.040000000000000036
      vertex 83.759999999999991 60.200000000000003 0.040000000000000036
      vertex 83.799999999999997 60.200000000000003 0
    endloop
  endfacet
  facet normal 0.70710678118649251 0 0.70710678118660242
    outer loop
      vertex 83.759999999999991 76.039999999999992 0.040000000000000036
      vertex 83.799999999999997 60.200000000000003 0
      vertex 83.799999999999997 80 0
    endloop
  endfacet
  facet normal 0.59999877563892967 0.0020201978977723322 0.79999836751848397
    outer loop
      vertex 83.759999999999991 76.039999999999992 0.040000000000000036
      vertex 83.799999999999997 80 0
      vertex 83.74666666666667 80 0.040000000000000036
    endloop
  endfacet
  facet normal 0.60000000000004261 0 0.79999999999996807
    outer loop
      vertex 83.74666666666667 80.146666666666675 0.040000000000000036
      vertex 83.74666666666667 80 0.040000000000000036
      vertex 83.799999999999997 80 0
    endloop
  endfacet
  facet normal 0.60000000000004261 0 0.79999999999996807
    outer loop
      vertex 83.74666666666667 80.146666666666675 0.040000000000000036
      vertex 83.799999999999997 80 0
      vertex 83.799999999999997 80.200000000000003 0
    endloop
  endfacet
  facet normal 0.60000000000004261 -0 0.79999999999996807
    outer loop
      vertex 83.74666666666667 80.146666666666675 0.040000000000000036
      vertex 83.799999999999997 80.200000000000003 0
      vertex 83.74666666666667 80.200000000000003 0.040000000000000036
    endloop
  endfacet
  facet normal 0.60000000000004261 0 0.79999999999996807
    outer loop
      vertex 83.74666666666667 94.719999999999999 0.040000000000000036
      vertex 83.74666666666667 80.200000000000003 0.040000000000000036
      vertex 83.799999999999997 80.200000000000003 0
    endloop
  endfacet
  facet normal 0.60000000000004261 0 0.79999999999996807
    outer loop
      vertex 83.74666666666667 94.719999999999999 0.040000000000000036
      vertex 83.799999999999997 80.200000000000003 0
      vertex 83.799999999999997 100 0
    endloop
  endfacet
  facet normal 0.44721245476972299 0.0022586487614636003 0.89442490953942622
    outer loop
      vertex 83.74666666666667 94.719999999999999 0.040000000000000036
      vertex 83.799999999999997 100 0
      vertex 83.719999999999999 100 0.040000000000000036
    endloop
  endfacet
  facet normal 0 0 1
    outer loop
      vertex 83.799999999999997 -100 0
      vertex 84 -100 0
      vertex 84 -80.200000000000003 0
    endloop
  endfacet
  facet normal 0 0 1
    outer loop
      vertex 83.799999999999997 -100 0
      vertex 84 -80.200000000000003 0
      vertex 83.799999999999997 -80.200000000000003 0
    endloop
  endfacet
  facet normal 0 0 1
    outer loop
      vertex 83.799999999999997 -80.200000000000003 0
      vertex 84 -80.200000000000003 0
      vertex 84 -80 0
    endloop
  endfacet
  facet normal 0 0 1
    outer loop
      vertex 83.799999999999997 -80.200000000000003 0
      vertex 84 -80 0
      vertex 83.799999999999997 -80 0
    endloop
  endfacet
  facet normal 0 0 1
    outer loop
      vertex 83.799999999999997 -80 0
      vertex 84 -80 0
      vertex 84 -60.200000000000003 0
    endloop
  endfacet
  facet normal 0 0 1
    outer loop
      vertex 83.799999999999997 -80 0
      vertex 84 -60.200000000000003 0
      vertex 83.799999999999997 -60.200000000000003 0
    endloop
  endfacet
  facet normal 0 0 1
    outer loop
      vertex 83.799999999999997 -60.200000000000003 0
      vertex 84 -60.200000000000003 0
      vertex 84 -60 0
    endloop
  endfacet
  facet normal 0 0 1
    outer loop
      vertex 83.799999999999997 -60.200000000000003 0
      vertex 84 -60 0
      vertex 83.799999999999997 -60 0
    endloop
  endfacet
  facet normal 0 0 1
    outer loop
      vertex 83.799999999999997 -60 0
      vertex 84 -60 0
      vertex 84 -40.200000000000003 0
    endloop
  endfacet
  facet normal 0 0 1
    outer loop
      vertex 83.799999999999997 -60 0
      vertex 84 -40.200000000000003 0
      vertex 83.799999999999997 -40.200000000000003 0
    endloop
  endfacet
  facet normal 0 0 1
    outer loop
      vertex 83.799999999999997 -40.200000000000003 0
      vertex 84 -40.200000000000003 0
      vertex 84 -40 0
    endloop
  endfacet
  facet normal 0 0 1
    outer loop
      vertex 83.799999999999997 -40.200000000000003 0
      vertex 84 -40 0
      vertex 83.799999999999997 -40 0
    endloop
  endfacet
  facet normal 0 0 1
    outer loop
      vertex 83.799999999999997 -40 0
      vertex 84 -40 0
      vertex 84 -20.199999999999999 0
    endloop
  endfacet
  facet normal 0 0 1
    outer loop
      vertex 83.799999999999997 -40 0
      vertex 84 -20.199999999999999 0
      vertex 83.799999999999997 -20.199999999999999 0
    endloop
  endfacet
  facet normal 0 0 1
    outer loop
      vertex 83.799999999999997 -20.199999999999999 0
      vertex 84 -20.199999999999999 0
      vertex 84 -20 0
    endloop
  endfacet
  facet normal 0 0 1
    outer loop
      vertex 83.799999999999997 -20.199999999999999 0
      vertex 84 -20 0
      vertex 83.799999999999997 -20 0
    endloop
  endfacet
  facet normal 0 0 1
    outer loop
      vertex 83.799999999999997 -20 0
      vertex 84 -20 0
      vertex 84 -10.199999999999999 0
    endloop
  endfacet
  facet normal 0 0 1
    outer loop
      vertex 83.799999999999997 -20 0
      vertex 84 -10.199999999999999 0
      vertex 83.799999999999997 -10.199999999999999 0
    endloop
  endfacet
  facet normal 0 0 1
    outer loop
      vertex 83.799999999999997 -10.199999999999999 0
      vertex 84 -10.199999999999999 0
      vertex 84 -10 0
    endloop
  endfacet
  facet normal 0 0 1
    outer loop
      vertex 83.799999999999997 -10.199999999999999 0
      vertex 84 -10 0
      vertex 83.799999999999997 -10 0
    endloop
  endfacet
  facet normal 0 0 1
    outer loop
      vertex 83.799999999999997 -10 0
      vertex 84 -10 0
      vertex 84 0 0
    endloop
  endfacet
  facet normal 0 0 1
    outer loop
      vertex 83.799999999999997 -10 0
      vertex 84 0 0
      vertex 83.799999999999997 0 0
    endloop
  endfacet
  facet normal 0 0 1
    outer loop
      vertex 83.799999999999997 0 0
      vertex 84 0 0
      vertex 84 0.20000000000000001 0
    endloop
  endfacet
  facet normal 0 0 1
    outer loop
      vertex 83.799999999999997 0 0
      vertex 84 0.20000000000000001 0
      vertex 83.799999999999997 0.20000000000000001 0
    endloop
  endfacet
  facet normal 0 0 1
    outer loop
      vertex 83.799999999999997 0.20000000000000001 0
      vertex 84 0.20000000000000001 0
      vertex 84 10 0
    endloop
  endfacet
  facet normal 0 0 1
    outer loop
      vertex 83.799999999999997 0.20000000000000001 0
      vertex 84 10 0
      vertex 83.799999999999997 10 0
    endloop
  endfacet
  facet normal 0 0 1
    outer loop
      vertex 83.799999999999997 10 0
      vertex 84 10 0
      vertex 84 10.199999999999999 0
    endloop
  endfacet
  facet normal 0 0 1
    outer loop
      vertex 83.799999999999997 10 0
      vertex 84 10.199999999999999 0
      vertex 83.799999999999997 10.199999999999999 0
    endloop
  endfacet
  facet normal 0 0 1
    outer loop
      vertex 83.799999999999997 10.199999999999999 0
      vertex 84 10.199999999999999 0
      vertex 84 20 0
    endloop
  endfacet
  facet normal 0 0 1
    outer loop
      vertex 83.799999999999997 10.199999999999999 0
      vertex 84 20 0
      vertex 83.799999999999997 20 0
    endloop
  endfacet
  facet normal 0 0 1
    outer loop
      vertex 83.799999999999997 20 0
      vertex 84 20 0
      vertex 84 20.199999999999999 0
    endloop
  endfacet
  facet normal 0 0 1
    outer loop
      vertex 83.799999999999997 20 0
      vertex 84 20.199999999999999 0
      vertex 83.799999999999997 20.199999999999999 0
    endloop
  endfacet
  facet normal 0 0 1
    outer loop
      vertex 83.799999999999997 20.199999999999999 0
      vertex 84 20.199999999999999 0
      vertex 84 40 0
    endloop
  endfacet
  facet normal 0 0 1
    outer loop
      vertex 83.799999999999997 20.199999999999999 0
      vertex 84 40 0
      vertex 83.799999999999997 40 0
    endloop
  endfacet
  facet normal 0 0 1
    outer loop
      vertex 83.799999999999997 40 0
      vertex 84 40 0
      vertex 84 40.200000000000003 0
    endloop
  endfacet
  facet normal 0 0 1
    outer loop
      vertex 83.799999999999997 40 0
      vertex 84 40.200000000000003 0
      vertex 83.799999999999997 40.200000000000003 0
    endloop
  endfacet
  facet normal 0 0 1
    outer loop
      vertex 83.799999999999997 40.200000000000003 0
      vertex 84 40.200000000000003 0
      vertex 84 60 0
    endloop
  endfacet
  facet normal 0 0 1
    outer loop
      vertex 83.799999999999997 40.200000000000003 0
      vertex 84 60 0
      vertex 83.799999999999997 60 0
    endloop
  endfacet
  facet normal 0 0 1
    outer loop
      vertex 83.799999999999997 60 0
      vertex 84 60 0
      vertex 84 60.200000000000003 0
    endloop
  endfacet
  facet normal 0 0 1
    outer loop
      vertex 83.799999999999997 60 0
      vertex 84 60.200000000000003 0
      vertex 83.799999999999997 60.200000000000003 0
    endloop
  endfacet
  facet normal 0 0 1
    outer loop
      vertex 83.799999999999997 60.200000000000003 0
      vertex 84 60.200000000000003 0
      vertex 84 80 0
    endloop
  endfacet
  facet normal 0 0 1
    outer loop
      vertex 83.799999999999997 60.200000000000003 0
      vertex 84 80 0
      vertex 83.799999999999997 80 0
    endloop
  endfacet
  facet normal 0 0 1
    outer loop
      vertex 83.799999999999997 80 0
      vertex 84 80 0
      vertex 84 80.200000000000003 0
    endloop
  endfacet
  facet normal 0 0 1
    outer loop
      vertex 83.799999999999997 80 0
      vertex 84 80.200000000000003 0
      vertex 83.799999999999997 80.200000000000003 0
    endloop
  endfacet
  facet normal 0 0 1
    outer loop
      vertex 83.799999999999997 80.200000000000003 0
      vertex 84 80.200000000000003 0
      vertex 84 100 0
    endloop
  endfacet
  facet normal 0 0 1
    outer loop
      vertex 83.799999999999997 80.200000000000003 0
      vertex 84 100 0
      vertex 83.799999999999997 100 0
    endloop
  endfacet
  facet normal 0 0 1
    outer loop
      vertex 84 -100 0
      vertex 84.200000000000003 -100 0
      vertex 84.200000000000003 -80.200000000000003 0
    endloop
  endfacet
  facet normal 0 0 1
    outer loop
      vertex 84 -100 0
      vertex 84.200000000000003 -80.200000000000003 0
      vertex 84 -80.200000000000003 0
    endloop
  endfacet
  facet normal 0 0 1
    outer loop
      vertex 84 -80.200000000000003 0
      vertex 84.200000000000003 -80.200000000000003 0
      vertex 84.200000000000003 -80 0
    endloop
  endfacet
  facet normal 0 0 1
    outer loop
      vertex 84 -80.200000000000003 0
      vertex 84.200000000000003 -80 0
      vertex 84 -80 0
    endloop
  endfacet
  facet normal 0 0 1
    outer loop
      vertex 84 -80 0
      vertex 84.200000000000003 -80 0
      vertex 84.200000000000003 -60.200000000000003 0
    endloop
  endfacet
  facet normal 0 0 1
    outer loop
      vertex 84 -80 0
      vertex 84.200000000000003 -60.200000000000003 0
      vertex 84 -60.200000000000003 0
    endloop
  endfacet
  facet normal 0 0 1
    outer loop
      vertex 84 -60.200000000000003 0
      vertex 84.200000000000003 -60.200000000000003 0
      vertex 84.200000000000003 -60 0
    endloop
  endfacet
  facet normal 0 0 1
    outer loop
      vertex 84 -60.200000000000003 0
      vertex 84.200000000000003 -60 0
      vertex 84 -60 0
    endloop
  endfacet
  facet normal 0 0 1
    outer loop
      vertex 84 -60 0
      vertex 84.200000000000003 -60 0
      vertex 84.200000000000003 -40.200000000000003 0
    endloop
  endfacet
  facet normal 0 0 1
    outer loop
      vertex 84 -60 0
      vertex 84.200000000000003 -40.200000000000003 0
      vertex 84 -40.200000000000003 0
    endloop
  endfacet
  facet normal 0 0 1
    outer loop
      vertex 84 -40.200000000000003 0
      vertex 84.200000000000003 -40.200000000000003 0
      vertex 84.200000000000003 -40 0
    endloop
  endfacet
  facet normal 0 0 1
    outer loop
      vertex 84 -40.200000000000003 0
      vertex 84.200000000000003 -40 0
      vertex 84 -40 0
    endloop
  endfacet
  facet normal 0 0 1
    outer loop
      vertex 84 -40 0
      vertex 84.200000000000003 -40 0
      vertex 84.200000000000003 -20.199999999999999 0
    endloop
  endfacet
  facet normal 0 0 1
    outer loop
      vertex 84 -40 0
      vertex 84.200000000000003 -20.199999999999999 0
      vertex 84 -20.199999999999999 0
    endloop
  endfacet
  facet normal 0 0 1
    outer loop
      vertex 84 -20.199999999999999 0
      vertex 84.200000000000003 -20.199999999999999 0
      vertex 84.200000000000003 -20 0
    endloop
  endfacet
  facet normal 0 0 1
    outer loop
      vertex 84 -20.199999999999999 0
      vertex 84.200000000000003 -20 0
      vertex 84 -20 0
    endloop
  endfacet
  facet normal 0 0 1
    outer loop
      vertex 84 -20 0
      vertex 84.200000000000003 -20 0
      vertex 84.200000000000003 -10.199999999999999 0
    endloop
  endfacet
  facet normal 0 0 1
    outer loop
      vertex 84 -20 0
      vertex 84.200000000000003 -10.199999999999999 0
      vertex 84 -10.199999999999999 0
    endloop
  endfacet
  facet normal 0 0 1
    outer loop
      vertex 84 -10.199999999999999 0
      vertex 84.200000000000003 -10.199999999999999 0
      vertex 84.200000000000003 -10 0
    endloop
  endfacet
  facet normal 0 0 1
    outer loop
      vertex 84 -10.199999999999999 0
      vertex 84.200000000000003 -10 0
      vertex 84 -10 0
    endloop
  endfacet
  facet normal 0 0 1
    outer loop
      vertex 84 -10 0
      vertex 84.200000000000003 -10 0
      vertex 84.200000000000003 0 0
    endloop
  endfacet
  facet normal 0 0 1
    outer loop
      vertex 84 -10 0
      vertex 84.200000000000003 0 0
      vertex 84 0 0
    endloop
  endfacet
  facet normal 0 0 1
    outer loop
      vertex 84 0 0
      vertex 84.200000000000003 0 0
      vertex 84.200000000000003 0.20000000000000001 0
    endloop
  endfacet
  facet normal 0 0 1
    outer loop
      vertex 84 0 0
      vertex 84.200000000000003 0.20000000000000001 0
      vertex 84 0.20000000000000001 0
    endloop
  endfacet
  facet normal 0 0 1
    outer loop
      vertex 84 0.20000000000000001 0
      vertex 84.200000000000003 0.20000000000000001 0
      vertex 84.200000000000003 10 0
    endloop
  endfacet
  facet normal 0 0 1
    outer loop
      vertex 84 0.20000000000000001 0
      vertex 84.200000000000003 10 0
      vertex 84 10 0
    endloop
  endfacet
  facet normal 0 0 1
    outer loop
      vertex 84 10 0
      vertex 84.200000000000003 10 0
      vertex 84.200000000000003 10.199999999999999 0
    endloop
  endfacet
  facet normal 0 0 1
    outer loop
      vertex 84 10 0
      vertex 84.200000000000003 10.199999999999999 0
      vertex 84 10.199999999999999 0
    endloop
  endfacet
  facet normal 0 0 1
    outer loop
      vertex 84 10.199999999999999 0
      vertex 84.200000000000003 10.199999999999999 0
      vertex 84.200000000000003 20 0
    endloop
  endfacet
  facet normal 0 0 1
    outer loop
      vertex 84 10.199999999999999 0
      vertex 84.200000000000003 20 0
      vertex 84 20 0
    endloop
  endfacet
  facet normal 0 0 1
    outer loop
      vertex 84 20 0
      vertex 84.200000000000003 20 0
      vertex 84.200000000000003 20.199999999999999 0
    endloop
  endfacet
  facet normal 0 0 1
    outer loop
      vertex 84 20 0
      vertex 84.200000000000003 20.199999999999999 0
      vertex 84 20.199999999999999 0
    endloop
  endfacet
  facet normal 0 0 1
    outer loop
      vertex 84 20.199999999999999 0
      vertex 84.200000000000003 20.199999999999999 0
      vertex 84.200000000000003 40 0
    endloop
  endfacet
  facet normal 0 0 1
    outer loop
      vertex 84 20.199999999999999 0
      vertex 84.200000000000003 40 0
      vertex 84 40 0
    endloop
  endfacet
  facet normal 0 0 1
    outer loop
      vertex 84 40 0
      vertex 84.200000000000003 40 0
      vertex 84.200000000000003 40.200000000000003 0
    endloop
  endfacet
  facet normal 0 0 1
    outer loop
      vertex 84 40 0
      vertex 84.200000000000003 40.200000000000003 0
      vertex 84 40.200000000000003 0
    endloop
  endfacet
  facet normal 0 0 1
    outer loop
      vertex 84 40.200000000000003 0
      vertex 84.200000000000003 40.200000000000003 0
      vertex 84.200000000000003 60 0
    endloop
  endfacet
  facet normal 0 0 1
    outer loop
      vertex 84 40.200000000000003 0
      vertex 84.200000000000003 60 0
      vertex 84 60 0
    endloop
  endfacet
  facet normal 0 0 1
    outer loop
      vertex 84 60 0
      vertex 84.200000000000003 60 0
      vertex 84.200000000000003 60.200000000000003 0
    endloop
  endfacet
  facet normal 0 0 1
    outer loop
      vertex 84 60 0
      vertex 84.200000000000003 60.200000000000003 0
      vertex 84 60.200000000000003 0
    endloop
  endfacet
  facet normal 0 0 1
    outer loop
      vertex 84 60.200000000000003 0
      vertex 84.200000000000003 60.200000000000003 0
      vertex 84.200000000000003 80 0
    endloop
  endfacet
  facet normal 0 0 1
    outer loop
      vertex 84 60.200000000000003 0
      vertex 84.200000000000003 80 0
      vertex 84 80 0
    endloop
  endfacet
  facet normal 0 0 1
    outer loop
      vertex 84 80 0
      vertex 84.200000000000003 80 0
      vertex 84.200000000000003 80.200000000000003 0
    endloop
  endfacet
  facet normal 0 0 1
    outer loop
      vertex 84 80 0
      vertex 84.200000000000003 80.200000000000003 0
      vertex 84 80.200000000000003 0
    endloop
  endfacet
  facet normal 0 0 1
    outer loop
      vertex 84 80.200000000000003 0
      vertex 84.200000000000003 80.200000000000003 0
      vertex 84.200000000000003 100 0
    endloop
  endfacet
  facet normal 0 0 1
    outer loop
      vertex 84 80.200000000000003 0
      vertex 84.200000000000003 100 0
      vertex 84 100 0
    endloop
  endfacet
  facet normal 0 0 1
    outer loop
      vertex 84.200000000000003 -100 0
      vertex 89.200000000000003 -100 0
      vertex 89.200000000000003 -80.200000000000003 0
    endloop
  endfacet
  facet normal 0 0 1
    outer loop
      vertex 84.200000000000003 -100 0
      vertex 89.200000000000003 -80.200000000000003 0
      vertex 84.200000000000003 -80.200000000000003 0
    endloop
  endfacet
  facet normal 0 0 1
    outer loop
      vertex 84.200000000000003 -80.200000000000003 0
      vertex 89.200000000000003 -80.200000000000003 0
      vertex 89.200000000000003 -80 0
    endloop
  endfacet
  facet normal 0 0 1
    outer loop
      vertex 84.200000000000003 -80.200000000000003 0
      vertex 89.200000000000003 -80 0
      vertex 84.200000000000003 -80 0
    endloop
  endfacet
  facet normal 0 0 1
    outer loop
      vertex 84.200000000000003 -80 0
      vertex 89.200000000000003 -80 0
      vertex 89.200000000000003 -60.200000000000003 0
    endloop
  endfacet
  facet normal 0 0 1
    outer loop
      vertex 84.200000000000003 -80 0
      vertex 89.200000000000003 -60.200000000000003 0
      vertex 84.200000000000003 -60.200000000000003 0
    endloop
  endfacet
  facet normal 0 0 1
    outer loop
      vertex 84.200000000000003 -60.200000000000003 0
      vertex 89.200000000000003 -60.200000000000003 0
      vertex 89.200000000000003 -60 0
    endloop
  endfacet
  facet normal 0 0 1
    outer loop
      vertex 84.200000000000003 -60.200000000000003 0
      vertex 89.200000000000003 -60 0
      vertex 84.200000000000003 -60 0
    endloop
  endfacet
  facet normal 0 0 1
    outer loop
      vertex 84.200000000000003 -60 0
      vertex 89.200000000000003 -60 0
      vertex 89.200000000000003 -40.200000000000003 0
    endloop
  endfacet
  facet normal 0 0 1
    outer loop
      vertex 84.200000000000003 -60 0
      vertex 89.200000000000003 -40.200000000000003 0
      vertex 84.200000000000003 -40.200000000000003 0
    endloop
  endfacet
  facet normal 0 0 1
    outer loop
      vertex 84.200000000000003 -40.200000000000003 0
      vertex 89.200000000000003 -40.200000000000003 0
      vertex 89.200000000000003 -40 0
    endloop
  endfacet
  facet normal 0 0 1
    outer loop
      vertex 84.200000000000003 -40.200000000000003 0
      vertex 89.200000000000003 -40 0
      vertex 84.200000000000003 -40 0
    endloop
  endfacet
  facet normal 0 0 1
    outer loop
      vertex 84.200000000000003 -40 0
      vertex 89.200000000000003 -40 0
      vertex 89.200000000000003 -20.199999999999999 0
    endloop
  endfacet
  facet normal 0 0 1
    outer loop
      vertex 84.200000000000003 -40 0
      vertex 89.200000000000003 -20.199999999999999 0
      vertex 84.200000000000003 -20.199999999999999 0
    endloop
  endfacet
  facet normal 0 0 1
    outer loop
      vertex 84.200000000000003 -20.199999999999999 0
      vertex 89.200000000000003 -20.199999999999999 0
      vertex 89.200000000000003 -20 0
    endloop
  endfacet
  facet normal 0 0 1
    outer loop
      vertex 84.200000000000003 -20.199999999999999 0
      vertex 89.200000000000003 -20 0
      vertex 84.200000000000003 -20 0
    endloop
  endfacet
  facet normal 0 0 1
    outer loop
      vertex 84.200000000000003 -20 0
      vertex 89.200000000000003 -20 0
      vertex 89.200000000000003 -10.199999999999999 0
    endloop
  endfacet
  facet normal 0 0 1
    outer loop
      vertex 84.200000000000003 -20 0
      vertex 89.200000000000003 -10.199999999999999 0
      vertex 84.200000000000003 -10.199999999999999 0
    endloop
  endfacet
  facet normal 0 0 1
    outer loop
      vertex 84.200000000000003 -10.199999999999999 0
      vertex 89.200000000000003 -10.199999999999999 0
      vertex 89.200000000000003 -10 0
    endloop
  endfacet
  facet normal 0 0 1
    outer loop
      vertex 84.200000000000003 -10.199999999999999 0
      vertex 89.200000000000003 -10 0
      vertex 84.200000000000003 -10 0
    endloop
  endfacet
  facet normal 0 0 1
    outer loop
      vertex 84.200000000000003 -10 0
      vertex 89.200000000000003 -10 0
      vertex 89.200000000000003 0 0
    endloop
  endfacet
  facet normal 0 0 1
    outer loop
      vertex 84.200000000000003 -10 0
      vertex 89.200000000000003 0 0
      vertex 84.200000000000003 0 0
    endloop
  endfacet
  facet normal 0 0 1
    outer loop
      vertex 84.200000000000003 0 0
      vertex 89.200000000000003 0 0
      vertex 89.200000000000003 0.20000000000000001 0
    endloop
  endfacet
  facet normal 0 0 1
    outer loop
      vertex 84.200000000000003 0 0
      vertex 89.200000000000003 0.20000000000000001 0
      vertex 84.200000000000003 0.20000000000000001 0
    endloop
  endfacet
  facet normal 0 0 1
    outer loop
      vertex 84.200000000000003 0.20000000000000001 0
      vertex 89.200000000000003 0.20000000000000001 0
      vertex 89.200000000000003 10 0
    endloop
  endfacet
  facet normal 0 0 1
    outer loop
      vertex 84.200000000000003 0.20000000000000001 0
      vertex 89.200000000000003 10 0
      vertex 84.200000000000003 10 0
    endloop
  endfacet
  facet normal 0 0 1
    outer loop
      vertex 84.200000000000003 10 0
      vertex 89.200000000000003 10 0
      vertex 89.200000000000003 10.199999999999999 0
    endloop
  endfacet
  facet normal 0 0 1
    outer loop
      vertex 84.200000000000003 10 0
      vertex 89.200000000000003 10.199999999999999 0
      vertex 84.200000000000003 10.199999999999999 0
    endloop
  endfacet
  facet normal 0 0 1
    outer loop
      vertex 84.200000000000003 10.199999999999999 0
      vertex 89.200000000000003 10.199999999999999 0
      vertex 89.200000000000003 20 0
    endloop
  endfacet
  facet normal 0 0 1
    outer loop
      vertex 84.200000000000003 10.199999999999999 0
      vertex 89.200000000000003 20 0
      vertex 84.200000000000003 20 0
    endloop
  endfacet
  facet normal 0 0 1
    outer loop
      vertex 84.200000000000003 20 0
      vertex 89.200000000000003 20 0
      vertex 89.200000000000003 20.199999999999999 0
    endloop
  endfacet
  facet normal 0 0 1
    outer loop
      vertex 84.200000000000003 20 0
      vertex 89.200000000000003 20.199999999999999 0
      vertex 84.200000000000003 20.199999999999999 0
    endloop
  endfacet
  facet normal 0 0 1
    outer loop
      vertex 84.200000000000003 20.199999999999999 0
      vertex 89.200000000000003 20.199999999999999 0
      vertex 89.200000000000003 40 0
    endloop
  endfacet
  facet normal 0 0 1
    outer loop
      vertex 84.200000000000003 20.199999999999999 0
      vertex 89.200000000000003 40 0
      vertex 84.200000000000003 40 0
    endloop
  endfacet
  facet normal 0 0 1
    outer loop
      vertex 84.200000000000003 40 0
      vertex 89.200000000000003 40 0
      vertex 89.200000000000003 40.200000000000003 0
    endloop
  endfacet
  facet normal 0 0 1
    outer loop
      vertex 84.200000000000003 40 0
      vertex 89.200000000000003 40.200000000000003 0
      vertex 84.200000000000003 40.200000000000003 0
    endloop
  endfacet
  facet normal 0 0 1
    outer loop
      vertex 84.200000000000003 40.200000000000003 0
      vertex 89.200000000000003 40.200000000000003 0
      vertex 89.200000000000003 60 0
    endloop
  endfacet
  facet normal 0 0 1
    outer loop
      vertex 84.200000000000003 40.200000000000003 0
      vertex 89.200000000000003 60 0
      vertex 84.200000000000003 60 0
    endloop
  endfacet
  facet normal 0 0 1
    outer loop
      vertex 84.200000000000003 60 0
      vertex 89.200000000000003 60 0
      vertex 89.200000000000003 60.200000000000003 0
    endloop
  endfacet
  facet normal 0 0 1
    outer loop
      vertex 84.200000000000003 60 0
      vertex 89.200000000000003 60.200000000000003 0
      vertex 84.200000000000003 60.200000000000003 0
    endloop
  endfacet
  facet normal 0 0 1
    outer loop
      vertex 84.200000000000003 60.200000000000003 0
      vertex 89.200000000000003 60.200000000000003 0
      vertex 89.200000000000003 80 0
    endloop
  endfacet
  facet normal 0 0 1
    outer loop
      vertex 84.200000000000003 60.200000000000003 0
      vertex 89.200000000000003 80 0
      vertex 84.200000000000003 80 0
    endloop
  endfacet
  facet normal 0 0 1
    outer loop
      vertex 84.200000000000003 80 0
      vertex 89.200000000000003 80 0
      vertex 89.200000000000003 80.200000000000003 0
    endloop
  endfacet
  facet normal 0 0 1
    outer loop
      vertex 84.200000000000003 80 0
      vertex 89.200000000000003 80.200000000000003 0
      vertex 84.200000000000003 80.200000000000003 0
    endloop
  endfacet
  facet normal 0 0 1
    outer loop
      vertex 84.200000000000003 80.200000000000003 0
      vertex 89.200000000000003 80.200000000000003 0
      vertex 89.200000000000003 100 0
    endloop
  endfacet
  facet normal 0 0 1
    outer loop
      vertex 84.200000000000003 80.200000000000003 0
      vertex 89.200000000000003 100 0
      vertex 84.200000000000003 100 0
    endloop
  endfacet
  facet normal -0.70710678118649262 0 0.70710678118660253
    outer loop
      vertex 89.240000000000009 -96.039999999999992 0.040000000000000036
      vertex 89.200000000000003 -100 0
      vertex 89.240000000000009 -100 0.040000000000000036
    endloop
  endfacet
  facet normal -0.70710678118649262 0 0.70710678118660253
    outer loop
      vertex 89.200000000000003 -100 0
      vertex 89.240000000000009 -96.039999999999992 0.040000000000000036
      vertex 89.240000000000009 -80.200000000000003 0.040000000000000036
    endloop
  endfacet
  facet normal -0.70710678118649251 0 0.70710678118660242
    outer loop
      vertex 89.200000000000003 -100 0
      vertex 89.240000000000009 -80.200000000000003 0.040000000000000036
      vertex 89.200000000000003 -80.200000000000003 0
    endloop
  endfacet
  facet normal -0.66666666666663388 0.33333333333325771 0.66666666666673746
    outer loop
      vertex 89.280000000000001 -80.120000000000005 0.040000000000000036
      vertex 89.200000000000003 -80.200000000000003 0
      vertex 89.240000000000009 -80.200000000000003 0.040000000000000036
    endloop
  endfacet
  facet normal -0.44721359549996598 0 0.89442719099991197
    outer loop
      vertex 89.200000000000003 -80.200000000000003 0
      vertex 89.280000000000001 -80.120000000000005 0.040000000000000036
      vertex 89.280000000000001 -80 0.040000000000000036
    endloop
  endfacet
  facet normal -0.44721359549996592 0 0.89442719099991186
    outer loop
      vertex 89.200000000000003 -80.200000000000003 0
      vertex 89.280000000000001 -80 0.040000000000000036
      vertex 89.200000000000003 -80 0
    endloop
  endfacet
  facet normal -0.44721359549996592 0 0.89442719099991197
    outer loop
      vertex 89.280000000000001 -72.079999999999998 0.040000000000000036
      vertex 89.200000000000003 -80 0
      vertex 89.280000000000001 -80 0.040000000000000036
    endloop
  endfacet
  facet normal -0.44721359549996581 0 0.89442719099991186
    outer loop
      vertex 89.200000000000003 -80 0
      vertex 89.280000000000001 -72.079999999999998 0.040000000000000036
      vertex 89.280000000000001 -60.200000000000003 0.040000000000000036
    endloop
  endfacet
  facet normal -0.44721359549996587 0 0.89442719099991186
    outer loop
      vertex 89.200000000000003 -80 0
      vertex 89.280000000000001 -60.200000000000003 0.040000000000000036
      vertex 89.200000000000003 -60.200000000000003 0
    endloop
  endfacet
  facet normal -0.43643578047198939 -0.21821789023602375 0.87287156094395923
    outer loop
      vertex 89.25333333333333 -60.146666666666668 0.040000000000000036
      vertex 89.200000000000003 -60.200000000000003 0
      vertex 89.280000000000001 -60.200000000000003 0.040000000000000036
    endloop
  endfacet
  facet normal -0.60000000000004261 0 0.79999999999996796
    outer loop
      vertex 89.200000000000003 -60.200000000000003 0
      vertex 89.25333333333333 -60.146666666666668 0.040000000000000036
      vertex 89.25333333333333 -60 0.040000000000000036
    endloop
  endfacet
  facet normal -0.60000000000004261 0 0.79999999999996796
    outer loop
      vertex 89.200000000000003 -60.200000000000003 0
      vertex 89.25333333333333 -60 0.040000000000000036
      vertex 89.200000000000003 -60 0
    endloop
  endfacet
  facet normal -0.60000000000004272 0 0.79999999999996807
    outer loop
      vertex 89.25333333333333 -54.719999999999999 0.040000000000000036
      vertex 89.200000000000003 -60 0
      vertex 89.25333333333333 -60 0.040000000000000036
    endloop
  endfacet
  facet normal -0.60000000000004272 0 0.79999999999996807
    outer loop
      vertex 89.200000000000003 -60 0
      vertex 89.25333333333333 -54.719999999999999 0.040000000000000036
      vertex 89.25333333333333 -40.200000000000003 0.040000000000000036
    endloop
  endfacet
  facet normal -0.60000000000004272 0 0.79999999999996807
    outer loop
      vertex 89.200000000000003 -60 0
      vertex 89.25333333333333 -40.200000000000003 0.040000000000000036
      vertex 89.200000000000003 -40.200000000000003 0
    endloop
  endfacet
  facet normal -0.58834840541458833 0.19611613513823092 0.78446454055269732
    outer loop
      vertex 89.280000000000001 -40.120000000000005 0.040000000000000036
      vertex 89.200000000000003 -40.200000000000003 0
      vertex 89.25333333333333 -40.200000000000003 0.040000000000000036
    endloop
  endfacet
  facet normal -0.44721359549996598 0 0.89442719099991197
    outer loop
      vertex 89.200000000000003 -40.200000000000003 0
      vertex 89.280000000000001 -40.120000000000005 0.040000000000000036
      vertex 89.280000000000001 -40 0.040000000000000036
    endloop
  endfacet
  facet normal -0.44721359549996592 0 0.89442719099991186
    outer loop
      vertex 89.200000000000003 -40.200000000000003 0
      vertex 89.280000000000001 -40 0.040000000000000036
      vertex 89.200000000000003 -40 0
    endloop
  endfacet
  facet normal -0.44721359549996592 0 0.89442719099991186
    outer loop
      vertex 89.280000000000001 -32.079999999999991 0.040000000000000036
      vertex 89.200000000000003 -40 0
      vertex 89.280000000000001 -40 0.040000000000000036
    endloop
  endfacet
  facet normal -0.44721359549996581 0 0.89442719099991186
    outer loop
      vertex 89.200000000000003 -40 0
      vertex 89.280000000000001 -32.079999999999991 0.040000000000000036
      vertex 89.280000000000001 -20.199999999999999 0.040000000000000036
    endloop
  endfacet
  facet normal -0.44721359549996587 0 0.89442719099991186
    outer loop
      vertex 89.200000000000003 -40 0
      vertex 89.280000000000001 -20.199999999999999 0.040000000000000036
      vertex 89.200000000000003 -20.199999999999999 0
    endloop
  endfacet
  facet normal -0.43643578047199261 0.21821789023599147 0.8728715609439659
    outer loop
      vertex 89.359999999999999 -20.039999999999999 0.040000000000000036
      vertex 89.200000000000003 -20.199999999999999 0
      vertex 89.280000000000001 -20.199999999999999 0.040000000000000036
    endloop
  endfacet
  facet normal -0.24253562503633819 0 0.97014250014533066
    outer loop
      vertex 89.200000000000003 -20.199999999999999 0
      vertex 89.359999999999999 -20.039999999999999 0.040000000000000036
      vertex 89.359999999999999 -20 0.040000000000000036
    endloop
  endfacet
  facet normal -0.24253562503633808 0 0.97014250014533066
    outer loop
      vertex 89.200000000000003 -20.199999999999999 0
      vertex 89.359999999999999 -20 0.040000000000000036
      vertex 89.200000000000003 -20 0
    endloop
  endfacet
  facet normal -0.24253562503633805 0 0.97014250014533077
    outer loop
      vertex 89.359999999999999 -12.159999999999993 0.040000000000000036
      vertex 89.200000000000003 -20 0
      vertex 89.359999999999999 -20 0.040000000000000036
    endloop
  endfacet
  facet normal -0.24253562503633816 0 0.97014250014533066
    outer loop
      vertex 89.200000000000003 -20 0
      vertex 89.359999999999999 -12.159999999999993 0.040000000000000036
      vertex 89.359999999999999 -10.199999999999999 0.040000000000000036
    endloop
  endfacet
  facet normal -0.24253562503633805 0 0.97014250014533054
    outer loop
      vertex 89.200000000000003 -20 0
      vertex 89.359999999999999 -10.199999999999999 0.040000000000000036
      vertex 89.200000000000003 -10.199999999999999 0
    endloop
  endfacet
  facet normal -0.23570226039552081 -0.23570226039551556 0.94280904158206225
    outer loop
      vertex 89.280000000000001 -10.119999999999999 0.040000000000000036
      vertex 89.200000000000003 -10.199999999999999 0
      vertex 89.359999999999999 -10.199999999999999 0.040000000000000036
    endloop
  endfacet
  facet normal -0.44721359549996598 0 0.89442719099991186
    outer loop
      vertex 89.200000000000003 -10.199999999999999 0
      vertex 89.280000000000001 -10.119999999999999 0.040000000000000036
      vertex 89.280000000000001 -10 0.040000000000000036
    endloop
  endfacet
  facet normal -0.44721359549996592 0 0.89442719099991186
    outer loop
      vertex 89.200000000000003 -10.199999999999999 0
      vertex 89.280000000000001 -10 0.040000000000000036
      vertex 89.200000000000003 -10 0
    endloop
  endfacet
  facet normal -0.44721359549996587 0 0.89442719099991186
    outer loop
      vertex 89.280000000000001 -5.9999999999999964 0.040000000000000036
      vertex 89.200000000000003 -10 0
      vertex 89.280000000000001 -10 0.040000000000000036
    endloop
  endfacet
  facet normal -0.44721359549996592 0 0.89442719099991197
    outer loop
      vertex 89.200000000000003 -10 0
      vertex 89.280000000000001 -5.9999999999999964 0.040000000000000036
      vertex 89.280000000000001 0 0.040000000000000036
    endloop
  endfacet
  facet normal -0.44721359549996592 0 0.89442719099991197
    outer loop
      vertex 89.200000000000003 -10 0
      vertex 89.280000000000001 0 0.040000000000000036
      vertex 89.200000000000003 0 0
    endloop
  endfacet
  facet normal -0.40824829046386646 0.40824829046388217 0.81649658092771471
    outer loop
      vertex 89.200000000000003 0 0
      vertex 89.280000000000001 0 0.040000000000000036
      vertex 89.400000000000006 0.11999999999999994 0.040000000000000036
    endloop
  endfacet
  facet normal -0.40824829046385824 0.40824829046386407 0.81649658092772792
    outer loop
      vertex 89.200000000000003 0 0
      vertex 89.400000000000006 0.11999999999999994 0.040000000000000036
      vertex 89.400000000000006 0.20000000000000001 0
    endloop
  endfacet
  facet normal 0 0 1
    outer loop
      vertex 89.200000000000003 0 0
      vertex 89.400000000000006 0.20000000000000001 0
      vertex 89.200000000000003 0.20000000000000001 0
    endloop
  endfacet
  facet normal 0 0 1
    outer loop
      vertex 89.200000000000003 0.20000000000000001 0
      vertex 89.400000000000006 0.20000000000000001 0
      vertex 89.400000000000006 10 0
    endloop
  endfacet
  facet normal 0 0 1
    outer loop
      vertex 89.200000000000003 0.20000000000000001 0
      vertex 89.400000000000006 10 0
      vertex 89.200000000000003 10 0
    endloop
  endfacet
  facet normal 0 0 1
    outer loop
      vertex 89.200000000000003 10 0
      vertex 89.400000000000006 10 0
      vertex 89.400000000000006 10.199999999999999 0
    endloop
  endfacet
  facet normal 0 0 1
    outer loop
      vertex 89.200000000000003 10 0
      vertex 89.400000000000006 10.199999999999999 0
      vertex 89.200000000000003 10.199999999999999 0
    endloop
  endfacet
  facet normal 0 0 1
    outer loop
      vertex 89.200000000000003 10.199999999999999 0
      vertex 89.400000000000006 10.199999999999999 0
      vertex 89.400000000000006 20 0
    endloop
  endfacet
  facet normal 0 0 1
    outer loop
      vertex 89.200000000000003 10.199999999999999 0
      vertex 89.400000000000006 20 0
      vertex 89.200000000000003 20 0
    endloop
  endfacet
  facet normal 0 0 1
    outer loop
      vertex 89.200000000000003 20 0
      vertex 89.400000000000006 20 0
      vertex 89.400000000000006 20.199999999999999 0
    endloop
  endfacet
  facet normal 0 0 1
    outer loop
      vertex 89.200000000000003 20 0
      vertex 89.400000000000006 20.199999999999999 0
      vertex 89.200000000000003 20.199999999999999 0
    endloop
  endfacet
  facet normal 0 0 1
    outer loop
      vertex 89.200000000000003 20.199999999999999 0
      vertex 89.400000000000006 20.199999999999999 0
      vertex 89.400000000000006 40 0
    endloop
  endfacet
  facet normal 0 0 1
    outer loop
      vertex 89.200000000000003 20.199999999999999 0
      vertex 89.400000000000006 40 0
      vertex 89.200000000000003 40 0
    endloop
  endfacet
  facet normal 0 0 1
    outer loop
      vertex 89.200000000000003 40 0
      vertex 89.400000000000006 40 0
      vertex 89.400000000000006 40.200000000000003 0
    endloop
  endfacet
  facet normal 0 0 1
    outer loop
      vertex 89.200000000000003 40 0
      vertex 89.400000000000006 40.200000000000003 0
      vertex 89.200000000000003 40.200000000000003 0
    endloop
  endfacet
  facet normal 0 0 1
    outer loop
      vertex 89.200000000000003 40.200000000000003 0
      vertex 89.400000000000006 40.200000000000003 0
      vertex 89.400000000000006 60 0
    endloop
  endfacet
  facet normal 0 0 1
    outer loop
      vertex 89.200000000000003 40.200000000000003 0
      vertex 89.400000000000006 60 0
      vertex 89.200000000000003 60 0
    endloop
  endfacet
  facet normal 0 0 1
    outer loop
      vertex 89.200000000000003 60 0
      vertex 89.400000000000006 60 0
      vertex 89.400000000000006 60.200000000000003 0
    endloop
  endfacet
  facet normal 0 0 1
    outer loop
      vertex 89.200000000000003 60 0
      vertex 89.400000000000006 60.200000000000003 0
      vertex 89.200000000000003 60.200000000000003 0
    endloop
  endfacet
  facet normal 0 0 1
    outer loop
      vertex 89.200000000000003 60.200000000000003 0
      vertex 89.400000000000006 60.200000000000003 0
      vertex 89.400000000000006 80 0
    endloop
  endfacet
  facet normal 0 0 1
    outer loop
      vertex 89.200000000000003 60.200000000000003 0
      vertex 89.400000000000006 80 0
      vertex 89.200000000000003 80 0
    endloop
  endfacet
  facet normal 0 0 1
    outer loop
      vertex 89.200000000000003 80 0
      vertex 89.400000000000006 80 0
      vertex 89.400000000000006 80.200000000000003 0
    endloop
  endfacet
  facet normal 0 0 1
    outer loop
      vertex 89.200000000000003 80 0
      vertex 89.400000000000006 80.200000000000003 0
      vertex 89.200000000000003 80.200000000000003 0
    endloop
  endfacet
  facet normal 0 0 1
    outer loop
      vertex 89.200000000000003 80.200000000000003 0
      vertex 89.400000000000006 80.200000000000003 0
      vertex 89.400000000000006 100 0
    endloop
  endfacet
  facet normal 0 0 1
    outer loop
      vertex 89.200000000000003 80.200000000000003 0
      vertex 89.400000000000006 100 0
      vertex 89.200000000000003 100 0
    endloop
  endfacet
  facet normal -0 0.44721359549995793 0.89442719099991586
    outer loop
      vertex 89.519999999999996 0.11999999999999994 0.040000000000000036
      vertex 89.599999999999994 0.11999999999999994 0.040000000000000036
      vertex 89.599999999999994 0.20000000000000001 0
    endloop
  endfacet
  facet normal -0 0.44721359549995793 0.89442719099991586
    outer loop
      vertex 89.400000000000006 0.11999999999999994 0.040000000000000036
      vertex 89.519999999999996 0.11999999999999994 0.040000000000000036
      vertex 89.599999999999994 0.20000000000000001 0
    endloop
  endfacet
  facet normal 0 0.44721359549995798 0.89442719099991597
    outer loop
      vertex 89.400000000000006 0.11999999999999994 0.040000000000000036
      vertex 89.599999999999994 0.20000000000000001 0
      vertex 89.400000000000006 0.20000000000000001 0
    endloop
  endfacet
  facet normal 0 0 1
    outer loop
      vertex 89.400000000000006 0.20000000000000001 0
      vertex 89.599999999999994 0.20000000000000001 0
      vertex 89.599999999999994 10 0
    endloop
  endfacet
  facet normal 0 0 1
    outer loop
      vertex 89.400000000000006 0.20000000000000001 0
      vertex 89.599999999999994 10 0
      vertex 89.400000000000006 10 0
    endloop
  endfacet
  facet normal 0 0 1
    outer loop
      vertex 89.400000000000006 10 0
      vertex 89.599999999999994 10 0
      vertex 89.599999999999994 10.199999999999999 0
    endloop
  endfacet
  facet normal 0 0 1
    outer loop
      vertex 89.400000000000006 10 0
      vertex 89.599999999999994 10.199999999999999 0
      vertex 89.400000000000006 10.199999999999999 0
    endloop
  endfacet
  facet normal 0 0 1
    outer loop
      vertex 89.400000000000006 10.199999999999999 0
      vertex 89.599999999999994 10.199999999999999 0
      vertex 89.599999999999994 20 0
    endloop
  endfacet
  facet normal 0 0 1
    outer loop
      vertex 89.400000000000006 10.199999999999999 0
      vertex 89.599999999999994 20 0
      vertex 89.400000000000006 20 0
    endloop
  endfacet
  facet normal 0 0 1
    outer loop
      vertex 89.400000000000006 20 0
      vertex 89.599999999999994 20 0
      vertex 89.599999999999994 20.199999999999999 0
    endloop
  endfacet
  facet normal 0 0 1
    outer loop
      vertex 89.400000000000006 20 0
      vertex 89.599999999999994 20.199999999999999 0
      vertex 89.400000000000006 20.199999999999999 0
    endloop
  endfacet
  facet normal 0 0 1
    outer loop
      vertex 89.400000000000006 20.199999999999999 0
      vertex 89.599999999999994 20.199999999999999 0
      vertex 89.599999999999994 40 0
    endloop
  endfacet
  facet normal 0 0 1
    outer loop
      vertex 89.400000000000006 20.199999999999999 0
      vertex 89.599999999999994 40 0
      vertex 89.400000000000006 40 0
    endloop
  endfacet
  facet normal 0 0 1
    outer loop
      vertex 89.400000000000006 40 0
      vertex 89.599999999999994 40 0
      vertex 89.599999999999994 40.200000000000003 0
    endloop
  endfacet
  facet normal 0 0 1
    outer loop
      vertex 89.400000000000006 40 0
      vertex 89.599999999999994 40.200000000000003 0
      vertex 89.400000000000006 40.200000000000003 0
    endloop
  endfacet
  facet normal 0 0 1
    outer loop
      vertex 89.400000000000006 40.200000000000003 0
      vertex 89.599999999999994 40.200000000000003 0
      vertex 89.599999999999994 60 0
    endloop
  endfacet
  facet normal 0 0 1
    outer loop
      vertex 89.400000000000006 40.200000000000003 0
      vertex 89.599999999999994 60 0
      vertex 89.400000000000006 60 0
    endloop
  endfacet
  facet normal 0 0 1
    outer loop
      vertex 89.400000000000006 60 0
      vertex 89.599999999999994 60 0
      vertex 89.599999999999994 60.200000000000003 0
    endloop
  endfacet
  facet normal 0 0 1
    outer loop
      vertex 89.400000000000006 60 0
      vertex 89.599999999999994 60.200000000000003 0
      vertex 89.400000000000006 60.200000000000003 0
    endloop
  endfacet
  facet normal 0 0 1
    outer loop
      vertex 89.400000000000006 60.200000000000003 0
      vertex 89.599999999999994 60.200000000000003 0
      vertex 89.599999999999994 80 0
    endloop
  endfacet
  facet normal 0 0 1
    outer loop
      vertex 89.400000000000006 60.200000000000003 0
      vertex 89.599999999999994 80 0
      vertex 89.400000000000006 80 0
    endloop
  endfacet
  facet normal 0 0 1
    outer loop
      vertex 89.400000000000006 80 0
      vertex 89.599999999999994 80 0
      vertex 89.599999999999994 80.200000000000003 0
    endloop
  endfacet
  facet normal 0 0 1
    outer loop
      vertex 89.400000000000006 80 0
      vertex 89.599999999999994 80.200000000000003 0
      vertex 89.400000000000006 80.200000000000003 0
    endloop
  endfacet
  facet normal 0 0 1
    outer loop
      vertex 89.400000000000006 80.200000000000003 0
      vertex 89.599999999999994 80.200000000000003 0
      vertex 89.599999999999994 100 0
    endloop
  endfacet
  facet normal 0 0 1
    outer loop
      vertex 89.400000000000006 80.200000000000003 0
      vertex 89.599999999999994 100 0
      vertex 89.400000000000006 100 0
    endloop
  endfacet
  facet normal 0.70710678118649262 0 0.70710678118660253
    outer loop
      vertex 89.759999999999991 -84.160000000000011 0.040000000000000036
      vertex 89.759999999999991 -100 0.040000000000000036
      vertex 89.799999999999997 -100 0
    endloop
  endfacet
  facet normal 0.70710678118649251 0 0.70710678118660242
    outer loop
      vertex 89.759999999999991 -84.160000000000011 0.040000000000000036
      vertex 89.799999999999997 -100 0
      vertex 89.799999999999997 -80.200000000000003 0
    endloop
  endfacet
  facet normal 0.70710678118649262 -0 0.70710678118660253
    outer loop
      vertex 89.759999999999991 -84.160000000000011 0.040000000000000036
      vertex 89.799999999999997 -80.200000000000003 0
      vertex 89.759999999999991 -80.200000000000003 0.040000000000000036
    endloop
  endfacet
  facet normal 0.70710678118649251 0 0.70710678118660242
    outer loop
      vertex 89.759999999999991 -80.040000000000006 0.040000000000000036
      vertex 89.759999999999991 -80.200000000000003 0.040000000000000036
      vertex 89.799999999999997 -80.200000000000003 0
    endloop
  endfacet
  facet normal 0.70710678118649262 0 0.70710678118660242
    outer loop
      vertex 89.759999999999991 -80.040000000000006 0.040000000000000036
      vertex 89.799999999999997 -80.200000000000003 0
      vertex 89.799999999999997 -80 0
    endloop
  endfacet
  facet normal 0.40824829046389322 0.40824829046374811 0.81649658092776822
    outer loop
      vertex 89.759999999999991 -80.040000000000006 0.040000000000000036
      vertex 89.799999999999997 -80 0
      vertex 89.719999999999999 -80 0.040000000000000036
    endloop
  endfacet
  facet normal 0.44721359549996587 0 0.89442719099991186
    outer loop
      vertex 89.719999999999999 -68.120000000000005 0.040000000000000036
      vertex 89.719999999999999 -80 0.040000000000000036
      vertex 89.799999999999997 -80 0
    endloop
  endfacet
  facet normal 0.44721359549996592 0 0.89442719099991186
    outer loop
      vertex 89.719999999999999 -68.120000000000005 0.040000000000000036
      vertex 89.799999999999997 -80 0
      vertex 89.799999999999997 -60.200000000000003 0
    endloop
  endfacet
  facet normal 0.44721359549996592 -0 0.89442719099991197
    outer loop
      vertex 89.719999999999999 -68.120000000000005 0.040000000000000036
      vertex 89.799999999999997 -60.200000000000003 0
      vertex 89.719999999999999 -60.200000000000003 0.040000000000000036
    endloop
  endfacet
  facet normal 0.44721359549996592 0 0.89442719099991197
    outer loop
      vertex 89.719999999999999 -60.079999999999998 0.040000000000000036
      vertex 89.719999999999999 -60.200000000000003 0.040000000000000036
      vertex 89.799999999999997 -60.200000000000003 0
    endloop
  endfacet
  facet normal 0.44721359549996592 0 0.89442719099991186
    outer loop
      vertex 89.719999999999999 -60.079999999999998 0.040000000000000036
      vertex 89.799999999999997 -60.200000000000003 0
      vertex 89.799999999999997 -60 0
    endloop
  endfacet
  facet normal 0.58834840541458833 -0.19611613513823092 0.78446454055269732
    outer loop
      vertex 89.719999999999999 -60.079999999999998 0.040000000000000036
      vertex 89.799999999999997 -60 0
      vertex 89.74666666666667 -60 0.040000000000000036
    endloop
  endfacet
  facet normal 0.60000000000004261 0 0.79999999999996807
    outer loop
      vertex 89.74666666666667 -45.480000000000004 0.040000000000000036
      vertex 89.74666666666667 -60 0.040000000000000036
      vertex 89.799999999999997 -60 0
    endloop
  endfacet
  facet normal 0.60000000000004261 0 0.79999999999996807
    outer loop
      vertex 89.74666666666667 -45.480000000000004 0.040000000000000036
      vertex 89.799999999999997 -60 0
      vertex 89.799999999999997 -40.200000000000003 0
    endloop
  endfacet
  facet normal 0.60000000000004272 -0 0.79999999999996807
    outer loop
      vertex 89.74666666666667 -45.480000000000004 0.040000000000000036
      vertex 89.799999999999997 -40.200000000000003 0
      vertex 89.74666666666667 -40.200000000000003 0.040000000000000036
    endloop
  endfacet
  facet normal 0.60000000000004272 0 0.79999999999996807
    outer loop
      vertex 89.74666666666667 -40.053333333333335 0.040000000000000036
      vertex 89.74666666666667 -40.200000000000003 0.040000000000000036
      vertex 89.799999999999997 -40.200000000000003 0
    endloop
  endfacet
  facet normal 0.60000000000004261 0 0.79999999999996796
    outer loop
      vertex 89.74666666666667 -40.053333333333335 0.040000000000000036
      vertex 89.799999999999997 -40.200000000000003 0
      vertex 89.799999999999997 -40 0
    endloop
  endfacet
  facet normal 0.43643578047198939 0.21821789023602375 0.87287156094395923
    outer loop
      vertex 89.74666666666667 -40.053333333333335 0.040000000000000036
      vertex 89.799999999999997 -40 0
      vertex 89.719999999999999 -40 0.040000000000000036
    endloop
  endfacet
  facet normal 0.44721359549996587 0 0.89442719099991186
    outer loop
      vertex 89.719999999999999 -28.120000000000005 0.040000000000000036
      vertex 89.719999999999999 -40 0.040000000000000036
      vertex 89.799999999999997 -40 0
    endloop
  endfacet
  facet normal 0.44721359549996587 0 0.89442719099991186
    outer loop
      vertex 89.719999999999999 -28.120000000000005 0.040000000000000036
      vertex 89.799999999999997 -40 0
      vertex 89.799999999999997 -20.199999999999999 0
    endloop
  endfacet
  facet normal 0.44721359549996581 -0 0.89442719099991186
    outer loop
      vertex 89.719999999999999 -28.120000000000005 0.040000000000000036
      vertex 89.799999999999997 -20.199999999999999 0
      vertex 89.719999999999999 -20.199999999999999 0.040000000000000036
    endloop
  endfacet
  facet normal 0.44721359549996587 0 0.89442719099991186
    outer loop
      vertex 89.719999999999999 -20.079999999999998 0.040000000000000036
      vertex 89.719999999999999 -20.199999999999999 0.040000000000000036
      vertex 89.799999999999997 -20.199999999999999 0
    endloop
  endfacet
  facet normal 0.44721359549996592 0 0.89442719099991186
    outer loop
      vertex 89.719999999999999 -20.079999999999998 0.040000000000000036
      vertex 89.799999999999997 -20.199999999999999 0
      vertex 89.799999999999997 -20 0
    endloop
  endfacet
  facet normal 0.23570226039552053 0.23570226039552053 0.94280904158206114
    outer loop
      vertex 89.719999999999999 -20.079999999999998 0.040000000000000036
      vertex 89.799999999999997 -20 0
      vertex 89.640000000000001 -20 0.040000000000000036
    endloop
  endfacet
  facet normal 0.24253562503633802 0 0.97014250014533066
    outer loop
      vertex 89.640000000000001 -18.040000000000006 0.040000000000000036
      vertex 89.640000000000001 -20 0.040000000000000036
      vertex 89.799999999999997 -20 0
    endloop
  endfacet
  facet normal 0.24253562503633802 0 0.97014250014533054
    outer loop
      vertex 89.640000000000001 -18.040000000000006 0.040000000000000036
      vertex 89.799999999999997 -20 0
      vertex 89.799999999999997 -10.199999999999999 0
    endloop
  endfacet
  facet normal 0.24253562503633805 -0 0.97014250014533077
    outer loop
      vertex 89.640000000000001 -18.040000000000006 0.040000000000000036
      vertex 89.799999999999997 -10.199999999999999 0
      vertex 89.640000000000001 -10.199999999999999 0.040000000000000036
    endloop
  endfacet
  facet normal 0.24253562503633805 0 0.97014250014533066
    outer loop
      vertex 89.640000000000001 -10.16 0.040000000000000036
      vertex 89.640000000000001 -10.199999999999999 0.040000000000000036
      vertex 89.799999999999997 -10.199999999999999 0
    endloop
  endfacet
  facet normal 0.24253562503633808 0 0.97014250014533066
    outer loop
      vertex 89.640000000000001 -10.16 0.040000000000000036
      vertex 89.799999999999997 -10.199999999999999 0
      vertex 89.799999999999997 -10 0
    endloop
  endfacet
  facet normal 0.43643578047199261 -0.21821789023599147 0.8728715609439659
    outer loop
      vertex 89.640000000000001 -10.16 0.040000000000000036
      vertex 89.799999999999997 -10 0
      vertex 89.719999999999999 -10 0.040000000000000036
    endloop
  endfacet
  facet normal 0.44721359549996592 0 0.89442719099991197
    outer loop
      vertex 89.719999999999999 -4.0000000000000036 0.040000000000000036
      vertex 89.719999999999999 -10 0.040000000000000036
      vertex 89.799999999999997 -10 0
    endloop
  endfacet
  facet normal 0.44721359549996592 0 0.89442719099991197
    outer loop
      vertex 89.719999999999999 -4.0000000000000036 0.040000000000000036
      vertex 89.799999999999997 -10 0
      vertex 89.799999999999997 0 0
    endloop
  endfacet
  facet normal 0.44721359549996587 -0 0.89442719099991186
    outer loop
      vertex 89.719999999999999 -4.0000000000000036 0.040000000000000036
      vertex 89.799999999999997 0 0
      vertex 89.719999999999999 0 0.040000000000000036
    endloop
  endfacet
  facet normal 0.44721359549996592 0 0.89442719099991197
    outer loop
      vertex 89.719999999999999 0.11999999999999994 0.040000000000000036
      vertex 89.719999999999999 0 0.040000000000000036
      vertex 89.799999999999997 0 0
    endloop
  endfacet
  facet normal 0.44721359549996587 0 0.89442719099991186
    outer loop
      vertex 89.719999999999999 0.11999999999999994 0.040000000000000036
      vertex 89.799999999999997 0 0
      vertex 89.799999999999997 0.20000000000000001 0
    endloop
  endfacet
  facet normal -0 0.44721359549995793 0.89442719099991586
    outer loop
      vertex 89.599999999999994 0.11999999999999994 0.040000000000000036
      vertex 89.719999999999999 0.11999999999999994 0.040000000000000036
      vertex 89.799999999999997 0.20000000000000001 0
    endloop
  endfacet
  facet normal 0 0.44721359549995793 0.89442719099991586
    outer loop
      vertex 89.599999999999994 0.11999999999999994 0.040000000000000036
      vertex 89.799999999999997 0.20000000000000001 0
      vertex 89.599999999999994 0.20000000000000001 0
    endloop
  endfacet
  facet normal 0 0 1
    outer loop
      vertex 89.599999999999994 0.20000000000000001 0
      vertex 89.799999999999997 0.20000000000000001 0
      vertex 89.799999999999997 10 0
    endloop
  endfacet
  facet normal 0 0 1
    outer loop
      vertex 89.599999999999994 0.20000000000000001 0
      vertex 89.799999999999997 10 0
      vertex 89.599999999999994 10 0
    endloop
  endfacet
  facet normal 0 0 1
    outer loop
      vertex 89.599999999999994 10 0
      vertex 89.799999999999997 10 0
      vertex 89.799999999999997 10.199999999999999 0
    endloop
  endfacet
  facet normal 0 0 1
    outer loop
      vertex 89.599999999999994 10 0
      vertex 89.799999999999997 10.199999999999999 0
      vertex 89.599999999999994 10.199999999999999 0
    endloop
  endfacet
  facet normal 0 0 1
    outer loop
      vertex 89.599999999999994 10.199999999999999 0
      vertex 89.799999999999997 10.199999999999999 0
      vertex 89.799999999999997 20 0
    endloop
  endfacet
  facet normal 0 0 1
    outer loop
      vertex 89.599999999999994 10.199999999999999 0
      vertex 89.799999999999997 20 0
      vertex 89.599999999999994 20 0
    endloop
  endfacet
  facet normal 0 0 1
    outer loop
      vertex 89.599999999999994 20 0
      vertex 89.799999999999997 20 0
      vertex 89.799999999999997 20.199999999999999 0
    endloop
  endfacet
  facet normal 0 0 1
    outer loop
      vertex 89.599999999999994 20 0
      vertex 89.799999999999997 20.199999999999999 0
      vertex 89.599999999999994 20.199999999999999 0
    endloop
  endfacet
  facet normal 0 0 1
    outer loop
      vertex 89.599999999999994 20.199999999999999 0
      vertex 89.799999999999997 20.199999999999999 0
      vertex 89.799999999999997 40 0
    endloop
  endfacet
  facet normal 0 0 1
    outer loop
      vertex 89.599999999999994 20.199999999999999 0
      vertex 89.799999999999997 40 0
      vertex 89.599999999999994 40 0
    endloop
  endfacet
  facet normal 0 0 1
    outer loop
      vertex 89.599999999999994 40 0
      vertex 89.799999999999997 40 0
      vertex 89.799999999999997 40.200000000000003 0
    endloop
  endfacet
  facet normal 0 0 1
    outer loop
      vertex 89.599999999999994 40 0
      vertex 89.799999999999997 40.200000000000003 0
      vertex 89.599999999999994 40.200000000000003 0
    endloop
  endfacet
  facet normal 0 0 1
    outer loop
      vertex 89.599999999999994 40.200000000000003 0
      vertex 89.799999999999997 40.200000000000003 0
      vertex 89.799999999999997 60 0
    endloop
  endfacet
  facet normal 0 0 1
    outer loop
      vertex 89.599999999999994 40.200000000000003 0
      vertex 89.799999999999997 60 0
      vertex 89.599999999999994 60 0
    endloop
  endfacet
  facet normal 0 0 1
    outer loop
      vertex 89.599999999999994 60 0
      vertex 89.799999999999997 60 0
      vertex 89.799999999999997 60.200000000000003 0
    endloop
  endfacet
  facet normal 0 0 1
    outer loop
      vertex 89.599999999999994 60 0
      vertex 89.799999999999997 60.200000000000003 0
      vertex 89.599999999999994 60.200000000000003 0
    endloop
  endfacet
  facet normal 0 0 1
    outer loop
      vertex 89.599999999999994 60.200000000000003 0
      vertex 89.799999999999997 60.200000000000003 0
      vertex 89.799999999999997 80 0
    endloop
  endfacet
  facet normal 0 0 1
    outer loop
      vertex 89.599999999999994 60.200000000000003 0
      vertex 89.799999999999997 80 0
      vertex 89.599999999999994 80 0
    endloop
  endfacet
  facet normal 0 0 1
    outer loop
      vertex 89.599999999999994 80 0
      vertex 89.799999999999997 80 0
      vertex 89.799999999999997 80.200000000000003 0
    endloop
  endfacet
  facet normal 0 0 1
    outer loop
      vertex 89.599999999999994 80 0
      vertex 89.799999999999997 80.200000000000003 0
      vertex 89.599999999999994 80.200000000000003 0
    endloop
  endfacet
  facet normal 0 0 1
    outer loop
      vertex 89.599999999999994 80.200000000000003 0
      vertex 89.799999999999997 80.200000000000003 0
      vertex 89.799999999999997 100 0
    endloop
  endfacet
  facet normal 0 0 1
    outer loop
      vertex 89.599999999999994 80.200000000000003 0
      vertex 89.799999999999997 100 0
      vertex 89.599999999999994 100 0
    endloop
  endfacet
  facet normal 0 0 1
    outer loop
      vertex 89.799999999999997 -100 0
      vertex 94.799999999999997 -100 0
      vertex 94.799999999999997 -80.200000000000003 0
    endloop
  endfacet
  facet normal 0 0 1
    outer loop
      vertex 89.799999999999997 -100 0
      vertex 94.799999999999997 -80.200000000000003 0
      vertex 89.799999999999997 -80.200000000000003 0
    endloop
  endfacet
  facet normal 0 0 1
    outer loop
      vertex 89.799999999999997 -80.200000000000003 0
      vertex 94.799999999999997 -80.200000000000003 0
      vertex 94.799999999999997 -80 0
    endloop
  endfacet
  facet normal 0 0 1
    outer loop
      vertex 89.799999999999997 -80.200000000000003 0
      vertex 94.799999999999997 -80 0
      vertex 89.799999999999997 -80 0
    endloop
  endfacet
  facet normal 0 0 1
    outer loop
      vertex 89.799999999999997 -80 0
      vertex 94.799999999999997 -80 0
      vertex 94.799999999999997 -60.200000000000003 0
    endloop
  endfacet
  facet normal 0 0 1
    outer loop
      vertex 89.799999999999997 -80 0
      vertex 94.799999999999997 -60.200000000000003 0
      vertex 89.799999999999997 -60.200000000000003 0
    endloop
  endfacet
  facet normal 0 0 1
    outer loop
      vertex 89.799999999999997 -60.200000000000003 0
      vertex 94.799999999999997 -60.200000000000003 0
      vertex 94.799999999999997 -60 0
    endloop
  endfacet
  facet normal 0 0 1
    outer loop
      vertex 89.799999999999997 -60.200000000000003 0
      vertex 94.799999999999997 -60 0
      vertex 89.799999999999997 -60 0
    endloop
  endfacet
  facet normal 0 0 1
    outer loop
      vertex 89.799999999999997 -60 0
      vertex 94.799999999999997 -60 0
      vertex 94.799999999999997 -40.200000000000003 0
    endloop
  endfacet
  facet normal 0 0 1
    outer loop
      vertex 89.799999999999997 -60 0
      vertex 94.799999999999997 -40.200000000000003 0
      vertex 89.799999999999997 -40.200000000000003 0
    endloop
  endfacet
  facet normal 0 0 1
    outer loop
      vertex 89.799999999999997 -40.200000000000003 0
      vertex 94.799999999999997 -40.200000000000003 0
      vertex 94.799999999999997 -40 0
    endloop
  endfacet
  facet normal 0 0 1
    outer loop
      vertex 89.799999999999997 -40.200000000000003 0
      vertex 94.799999999999997 -40 0
      vertex 89.799999999999997 -40 0
    endloop
  endfacet
  facet normal 0 0 1
    outer loop
      vertex 89.799999999999997 -40 0
      vertex 94.799999999999997 -40 0
      vertex 94.799999999999997 -20.199999999999999 0
    endloop
  endfacet
  facet normal 0 0 1
    outer loop
      vertex 89.799999999999997 -40 0
      vertex 94.799999999999997 -20.199999999999999 0
      vertex 89.799999999999997 -20.199999999999999 0
    endloop
  endfacet
  facet normal 0 0 1
    outer loop
      vertex 89.799999999999997 -20.199999999999999 0
      vertex 94.799999999999997 -20.199999999999999 0
      vertex 94.799999999999997 -20 0
    endloop
  endfacet
  facet normal 0 0 1
    outer loop
      vertex 89.799999999999997 -20.199999999999999 0
      vertex 94.799999999999997 -20 0
      vertex 89.799999999999997 -20 0
    endloop
  endfacet
  facet normal 0 0 1
    outer loop
      vertex 89.799999999999997 -20 0
      vertex 94.799999999999997 -20 0
      vertex 94.799999999999997 -10.199999999999999 0
    endloop
  endfacet
  facet normal 0 0 1
    outer loop
      vertex 89.799999999999997 -20 0
      vertex 94.799999999999997 -10.199999999999999 0
      vertex 89.799999999999997 -10.199999999999999 0
    endloop
  endfacet
  facet normal 0 0 1
    outer loop
      vertex 89.799999999999997 -10.199999999999999 0
      vertex 94.799999999999997 -10.199999999999999 0
      vertex 94.799999999999997 -10 0
    endloop
  endfacet
  facet normal 0 0 1
    outer loop
      vertex 89.799999999999997 -10.199999999999999 0
      vertex 94.799999999999997 -10 0
      vertex 89.799999999999997 -10 0
    endloop
  endfacet
  facet normal 0 0 1
    outer loop
      vertex 89.799999999999997 -10 0
      vertex 94.799999999999997 -10 0
      vertex 94.799999999999997 0 0
    endloop
  endfacet
  facet normal 0 0 1
    outer loop
      vertex 89.799999999999997 -10 0
      vertex 94.799999999999997 0 0
      vertex 89.799999999999997 0 0
    endloop
  endfacet
  facet normal 0 0 1
    outer loop
      vertex 89.799999999999997 0 0
      vertex 94.799999999999997 0 0
      vertex 94.799999999999997 0.20000000000000001 0
    endloop
  endfacet
  facet normal 0 0 1
    outer loop
      vertex 89.799999999999997 0 0
      vertex 94.799999999999997 0.20000000000000001 0
      vertex 89.799999999999997 0.20000000000000001 0
    endloop
  endfacet
  facet normal 0 0 1
    outer loop
      vertex 89.799999999999997 0.20000000000000001 0
      vertex 94.799999999999997 0.20000000000000001 0
      vertex 94.799999999999997 10 0
    endloop
  endfacet
  facet normal 0 0 1
    outer loop
      vertex 89.799999999999997 0.20000000000000001 0
      vertex 94.799999999999997 10 0
      vertex 89.799999999999997 10 0
    endloop
  endfacet
  facet normal 0 0 1
    outer loop
      vertex 89.799999999999997 10 0
      vertex 94.799999999999997 10 0
      vertex 94.799999999999997 10.199999999999999 0
    endloop
  endfacet
  facet normal 0 0 1
    outer loop
      vertex 89.799999999999997 10 0
      vertex 94.799999999999997 10.199999999999999 0
      vertex 89.799999999999997 10.199999999999999 0
    endloop
  endfacet
  facet normal 0 0 1
    outer loop
      vertex 89.799999999999997 10.199999999999999 0
      vertex 94.799999999999997 10.199999999999999 0
      vertex 94.799999999999997 20 0
    endloop
  endfacet
  facet normal 0 0 1
    outer loop
      vertex 89.799999999999997 10.199999999999999 0
      vertex 94.799999999999997 20 0
      vertex 89.799999999999997 20 0
    endloop
  endfacet
  facet normal 0 0 1
    outer loop
      vertex 89.799999999999997 20 0
      vertex 94.799999999999997 20 0
      vertex 94.799999999999997 20.199999999999999 0
    endloop
  endfacet
  facet normal 0 0 1
    outer loop
      vertex 89.799999999999997 20 0
      vertex 94.799999999999997 20.199999999999999 0
      vertex 89.799999999999997 20.199999999999999 0
    endloop
  endfacet
  facet normal 0 0 1
    outer loop
      vertex 89.799999999999997 20.199999999999999 0
      vertex 94.799999999999997 20.199999999999999 0
      vertex 94.799999999999997 40 0
    endloop
  endfacet
  facet normal 0 0 1
    outer loop
      vertex 89.799999999999997 20.199999999999999 0
      vertex 94.799999999999997 40 0
      vertex 89.799999999999997 40 0
    endloop
  endfacet
  facet normal 0 0 1
    outer loop
      vertex 89.799999999999997 40 0
      vertex 94.799999999999997 40 0
      vertex 94.799999999999997 40.200000000000003 0
    endloop
  endfacet
  facet normal 0 0 1
    outer loop
      vertex 89.799999999999997 40 0
      vertex 94.799999999999997 40.200000000000003 0
      vertex 89.799999999999997 40.200000000000003 0
    endloop
  endfacet
  facet normal 0 0 1
    outer loop
      vertex 89.799999999999997 40.200000000000003 0
      vertex 94.799999999999997 40.200000000000003 0
      vertex 94.799999999999997 60 0
    endloop
  endfacet
  facet normal 0 0 1
    outer loop
      vertex 89.799999999999997 40.200000000000003 0
      vertex 94.799999999999997 60 0
      vertex 89.799999999999997 60 0
    endloop
  endfacet
  facet normal 0 0 1
    outer loop
      vertex 89.799999999999997 60 0
      vertex 94.799999999999997 60 0
      vertex 94.799999999999997 60.200000000000003 0
    endloop
  endfacet
  facet normal 0 0 1
    outer loop
      vertex 89.799999999999997 60 0
      vertex 94.799999999999997 60.200000000000003 0
      vertex 89.799999999999997 60.200000000000003 0
    endloop
  endfacet
  facet normal 0 0 1
    outer loop
      vertex 89.799999999999997 60.200000000000003 0
      vertex 94.799999999999997 60.200000000000003 0
      vertex 94.799999999999997 80 0
    endloop
  endfacet
  facet normal 0 0 1
    outer loop
      vertex 89.799999999999997 60.200000000000003 0
      vertex 94.799999999999997 80 0
      vertex 89.799999999999997 80 0
    endloop
  endfacet
  facet normal 0 0 1
    outer loop
      vertex 89.799999999999997 80 0
      vertex 94.799999999999997 80 0
      vertex 94.799999999999997 80.200000000000003 0
    endloop
  endfacet
  facet normal 0 0 1
    outer loop
      vertex 89.799999999999997 80 0
      vertex 94.799999999999997 80.200000000000003 0
      vertex 89.799999999999997 80.200000000000003 0
    endloop
  endfacet
  facet normal 0 0 1
    outer loop
      vertex 89.799999999999997 80.200000000000003 0
      vertex 94.799999999999997 80.200000000000003 0
      vertex 94.799999999999997 100 0
    endloop
  endfacet
  facet normal 0 0 1
    outer loop
      vertex 89.799999999999997 80.200000000000003 0
      vertex 94.799999999999997 100 0
      vertex 89.799999999999997 100 0
    endloop
  endfacet
  facet normal 0 0 1
    outer loop
      vertex 94.799999999999997 -100 0
      vertex 95 -100 0
      vertex 95 -80.200000000000003 0
    endloop
  endfacet
  facet normal 0 0 1
    outer loop
      vertex 94.799999999999997 -100 0
      vertex 95 -80.200000000000003 0
      vertex 94.799999999999997 -80.200000000000003 0
    endloop
  endfacet
  facet normal 0 0 1
    outer loop
      vertex 94.799999999999997 -80.200000000000003 0
      vertex 95 -80.200000000000003 0
      vertex 95 -80 0
    endloop
  endfacet
  facet normal 0 0 1
    outer loop
      vertex 94.799999999999997 -80.200000000000003 0
      vertex 95 -80 0
      vertex 94.799999999999997 -80 0
    endloop
  endfacet
  facet normal 0 0 1
    outer loop
      vertex 94.799999999999997 -80 0
      vertex 95 -80 0
      vertex 95 -60.200000000000003 0
    endloop
  endfacet
  facet normal 0 0 1
    outer loop
      vertex 94.799999999999997 -80 0
      vertex 95 -60.200000000000003 0
      vertex 94.799999999999997 -60.200000000000003 0
    endloop
  endfacet
  facet normal 0 0 1
    outer loop
      vertex 94.799999999999997 -60.200000000000003 0
      vertex 95 -60.200000000000003 0
      vertex 95 -60 0
    endloop
  endfacet
  facet normal 0 0 1
    outer loop
      vertex 94.799999999999997 -60.200000000000003 0
      vertex 95 -60 0
      vertex 94.799999999999997 -60 0
    endloop
  endfacet
  facet normal 0 0 1
    outer loop
      vertex 94.799999999999997 -60 0
      vertex 95 -60 0
      vertex 95 -40.200000000000003 0
    endloop
  endfacet
  facet normal 0 0 1
    outer loop
      vertex 94.799999999999997 -60 0
      vertex 95 -40.200000000000003 0
      vertex 94.799999999999997 -40.200000000000003 0
    endloop
  endfacet
  facet normal 0 0 1
    outer loop
      vertex 94.799999999999997 -40.200000000000003 0
      vertex 95 -40.200000000000003 0
      vertex 95 -40 0
    endloop
  endfacet
  facet normal 0 0 1
    outer loop
      vertex 94.799999999999997 -40.200000000000003 0
      vertex 95 -40 0
      vertex 94.799999999999997 -40 0
    endloop
  endfacet
  facet normal 0 0 1
    outer loop
      vertex 94.799999999999997 -40 0
      vertex 95 -40 0
      vertex 95 -20.199999999999999 0
    endloop
  endfacet
  facet normal 0 0 1
    outer loop
      vertex 94.799999999999997 -40 0
      vertex 95 -20.199999999999999 0
      vertex 94.799999999999997 -20.199999999999999 0
    endloop
  endfacet
  facet normal 0 0 1
    outer loop
      vertex 94.799999999999997 -20.199999999999999 0
      vertex 95 -20.199999999999999 0
      vertex 95 -20 0
    endloop
  endfacet
  facet normal 0 0 1
    outer loop
      vertex 94.799999999999997 -20.199999999999999 0
      vertex 95 -20 0
      vertex 94.799999999999997 -20 0
    endloop
  endfacet
  facet normal 0 0 1
    outer loop
      vertex 94.799999999999997 -20 0
      vertex 95 -20 0
      vertex 95 -10.199999999999999 0
    endloop
  endfacet
  facet normal 0 0 1
    outer loop
      vertex 94.799999999999997 -20 0
      vertex 95 -10.199999999999999 0
      vertex 94.799999999999997 -10.199999999999999 0
    endloop
  endfacet
  facet normal 0 0 1
    outer loop
      vertex 94.799999999999997 -10.199999999999999 0
      vertex 95 -10.199999999999999 0
      vertex 95 -10 0
    endloop
  endfacet
  facet normal 0 0 1
    outer loop
      vertex 94.799999999999997 -10.199999999999999 0
      vertex 95 -10 0
      vertex 94.799999999999997 -10 0
    endloop
  endfacet
  facet normal 0 0 1
    outer loop
      vertex 94.799999999999997 -10 0
      vertex 95 -10 0
      vertex 95 0 0
    endloop
  endfacet
  facet normal 0 0 1
    outer loop
      vertex 94.799999999999997 -10 0
      vertex 95 0 0
      vertex 94.799999999999997 0 0
    endloop
  endfacet
  facet normal 0 0 1
    outer loop
      vertex 95 -100 0
      vertex 95.200000000000003 -100 0
      vertex 95.200000000000003 -80.200000000000003 0
    endloop
  endfacet
  facet normal 0 0 1
    outer loop
      vertex 95 -100 0
      vertex 95.200000000000003 -80.200000000000003 0
      vertex 95 -80.200000000000003 0
    endloop
  endfacet
  facet normal 0 0 1
    outer loop
      vertex 95 -80.200000000000003 0
      vertex 95.200000000000003 -80.200000000000003 0
      vertex 95.200000000000003 -80 0
    endloop
  endfacet
  facet normal 0 0 1
    outer loop
      vertex 95 -80.200000000000003 0
      vertex 95.200000000000003 -80 0
      vertex 95 -80 0
    endloop
  endfacet
  facet normal 0 0 1
    outer loop
      vertex 95 -80 0
      vertex 95.200000000000003 -80 0
      vertex 95.200000000000003 -60.200000000000003 0
    endloop
  endfacet
  facet normal 0 0 1
    outer loop
      vertex 95 -80 0
      vertex 95.200000000000003 -60.200000000000003 0
      vertex 95 -60.200000000000003 0
    endloop
  endfacet
  facet normal 0 0 1
    outer loop
      vertex 95 -60.200000000000003 0
      vertex 95.200000000000003 -60.200000000000003 0
      vertex 95.200000000000003 -60 0
    endloop
  endfacet
  facet normal 0 0 1
    outer loop
      vertex 95 -60.200000000000003 0
      vertex 95.200000000000003 -60 0
      vertex 95 -60 0
    endloop
  endfacet
  facet normal 0 0 1
    outer loop
      vertex 95 -60 0
      vertex 95.200000000000003 -60 0
      vertex 95.200000000000003 -40.200000000000003 0
    endloop
  endfacet
  facet normal 0 0 1
    outer loop
      vertex 95 -60 0
      vertex 95.200000000000003 -40.200000000000003 0
      vertex 95 -40.200000000000003 0
    endloop
  endfacet
  facet normal 0 0 1
    outer loop
      vertex 95 -40.200000000000003 0
      vertex 95.200000000000003 -40.200000000000003 0
      vertex 95.200000000000003 -40 0
    endloop
  endfacet
  facet normal 0 0 1
    outer loop
      vertex 95 -40.200000000000003 0
      vertex 95.200000000000003 -40 0
      vertex 95 -40 0
    endloop
  endfacet
  facet normal 0 0 1
    outer loop
      vertex 95 -40 0
      vertex 95.200000000000003 -40 0
      vertex 95.200000000000003 -20.199999999999999 0
    endloop
  endfacet
  facet normal 0 0 1
    outer loop
      vertex 95 -40 0
      vertex 95.200000000000003 -20.199999999999999 0
      vertex 95 -20.199999999999999 0
    endloop
  endfacet
  facet normal 0 0 1
    outer loop
      vertex 95 -20.199999999999999 0
      vertex 95.200000000000003 -20.199999999999999 0
      vertex 95.200000000000003 -20 0
    endloop
  endfacet
  facet normal 0 0 1
    outer loop
      vertex 95 -20.199999999999999 0
      vertex 95.200000000000003 -20 0
      vertex 95 -20 0
    endloop
  endfacet
  facet normal 0 0 1
    outer loop
      vertex 95 -20 0
      vertex 95.200000000000003 -20 0
      vertex 95.200000000000003 -10.199999999999999 0
    endloop
  endfacet
  facet normal 0 0 1
    outer loop
      vertex 95 -20 0
      vertex 95.200000000000003 -10.199999999999999 0
      vertex 95 -10.199999999999999 0
    endloop
  endfacet
  facet normal 0 0 1
    outer loop
      vertex 95 -10.199999999999999 0
      vertex 95.200000000000003 -10.199999999999999 0
      vertex 95.200000000000003 -10 0
    endloop
  endfacet
  facet normal 0 0 1
    outer loop
      vertex 95 -10.199999999999999 0
      vertex 95.200000000000003 -10 0
      vertex 95 -10 0
    endloop
  endfacet
  facet normal 0 0 1
    outer loop
      vertex 95 -10 0
      vertex 95.200000000000003 -10 0
      vertex 95.200000000000003 0 0
    endloop
  endfacet
  facet normal 0 0 1
    outer loop
      vertex 95 -10 0
      vertex 95.200000000000003 0 0
      vertex 95 0 0
    endloop
  endfacet
  facet normal 0 0 1
    outer loop
      vertex 95.200000000000003 -100 0
      vertex 95.400000000000006 -100 0
      vertex 95.400000000000006 -80.200000000000003 0
    endloop
  endfacet
  facet normal 0 0 1
    outer loop
      vertex 95.200000000000003 -100 0
      vertex 95.400000000000006 -80.200000000000003 0
      vertex 95.200000000000003 -80.200000000000003 0
    endloop
  endfacet
  facet normal 0 0 1
    outer loop
      vertex 95.200000000000003 -60.200000000000003 0
      vertex 95.400000000000006 -60 0
      vertex 95.200000000000003 -60 0
    endloop
  endfacet
  facet normal 0 0 1
    outer loop
      vertex 95.200000000000003 -60 0
      vertex 95.400000000000006 -60 0
      vertex 95.400000000000006 -40.200000000000003 0
    endloop
  endfacet
  facet normal 0 0 1
    outer loop
      vertex 95.200000000000003 -60 0
      vertex 95.400000000000006 -40.200000000000003 0
      vertex 95.200000000000003 -40.200000000000003 0
    endloop
  endfacet
  facet normal 0 0 1
    outer loop
      vertex 95.200000000000003 -40.200000000000003 0
      vertex 95.400000000000006 -40.200000000000003 0
      vertex 95.400000000000006 -40 0
    endloop
  endfacet
  facet normal 0 0 1
    outer loop
      vertex 95.200000000000003 -40.200000000000003 0
      vertex 95.400000000000006 -40 0
      vertex 95.200000000000003 -40 0
    endloop
  endfacet
  facet normal 0 0 1
    outer loop
      vertex 95.200000000000003 -40 0
      vertex 95.400000000000006 -40 0
      vertex 95.400000000000006 -20.199999999999999 0
    endloop
  endfacet
  facet normal 0 0 1
    outer loop
      vertex 95.200000000000003 -40 0
      vertex 95.400000000000006 -20.199999999999999 0
      vertex 95.200000000000003 -20.199999999999999 0
    endloop
  endfacet
  facet normal 0 0 1
    outer loop
      vertex 95.200000000000003 -20.199999999999999 0
      vertex 95.400000000000006 -20.199999999999999 0
      vertex 95.400000000000006 -20 0
    endloop
  endfacet
  facet normal 0 0 1
    outer loop
      vertex 95.200000000000003 -20.199999999999999 0
      vertex 95.400000000000006 -20 0
      vertex 95.200000000000003 -20 0
    endloop
  endfacet
  facet normal 0 0 1
    outer loop
      vertex 95.200000000000003 -20 0
      vertex 95.400000000000006 -20 0
      vertex 95.400000000000006 -10.199999999999999 0
    endloop
  endfacet
  facet normal 0 0 1
    outer loop
      vertex 95.200000000000003 -20 0
      vertex 95.400000000000006 -10.199999999999999 0
      vertex 95.200000000000003 -10.199999999999999 0
    endloop
  endfacet
  facet normal 0 0 1
    outer loop
      vertex 95.200000000000003 -10.199999999999999 0
      vertex 95.400000000000006 -10.199999999999999 0
      vertex 95.400000000000006 -10 0
    endloop
  endfacet
  facet normal 0 0 1
    outer loop
      vertex 95.200000000000003 -10.199999999999999 0
      vertex 95.400000000000006 -10 0
      vertex 95.200000000000003 -10 0
    endloop
  endfacet
  facet normal 0 0 1
    outer loop
      vertex 95.200000000000003 -10 0
      vertex 95.400000000000006 -10 0
      vertex 95.400000000000006 0 0
    endloop
  endfacet
  facet normal 0 0 1
    outer loop
      vertex 95.200000000000003 -10 0
      vertex 95.400000000000006 0 0
      vertex 95.200000000000003 0 0
    endloop
  endfacet
  facet normal 0 0 1
    outer loop
      vertex 95.200000000000003 0 0
      vertex 95.400000000000006 0 0
      vertex 95.400000000000006 0.20000000000000001 0
    endloop
  endfacet
  facet normal 0 0 1
    outer loop
      vertex 95.400000000000006 -100 0
      vertex 100.40000000000001 -100 0
      vertex 100.40000000000001 -80.200000000000003 0
    endloop
  endfacet
  facet normal 0 0 1
    outer loop
      vertex 95.400000000000006 -100 0
      vertex 100.40000000000001 -80.200000000000003 0
      vertex 95.400000000000006 -80.200000000000003 0
    endloop
  endfacet
  facet normal 0 0 1
    outer loop
      vertex 95.400000000000006 -60 0
      vertex 100.40000000000001 -60 0
      vertex 100.40000000000001 -40.200000000000003 0
    endloop
  endfacet
  facet normal 0 0 1
    outer loop
      vertex 95.400000000000006 -60 0
      vertex 100.40000000000001 -40.200000000000003 0
      vertex 95.400000000000006 -40.200000000000003 0
    endloop
  endfacet
  facet normal 0 0 1
    outer loop
      vertex 95.400000000000006 -40.200000000000003 0
      vertex 100.40000000000001 -40.200000000000003 0
      vertex 100.40000000000001 -40 0
    endloop
  endfacet
  facet normal 0 0 1
    outer loop
      vertex 95.400000000000006 -40.200000000000003 0
      vertex 100.40000000000001 -40 0
      vertex 95.400000000000006 -40 0
    endloop
  endfacet
  facet normal 0 0 1
    outer loop
      vertex 95.400000000000006 -40 0
      vertex 100.40000000000001 -40 0
      vertex 100.40000000000001 -20.199999999999999 0
    endloop
  endfacet
  facet normal 0 0 1
    outer loop
      vertex 95.400000000000006 -40 0
      vertex 100.40000000000001 -20.199999999999999 0
      vertex 95.400000000000006 -20.199999999999999 0
    endloop
  endfacet
  facet normal 0 0 1
    outer loop
      vertex 95.400000000000006 -20.199999999999999 0
      vertex 100.40000000000001 -20.199999999999999 0
      vertex 100.40000000000001 -20 0
    endloop
  endfacet
  facet normal 0 0 1
    outer loop
      vertex 95.400000000000006 -20.199999999999999 0
      vertex 100.40000000000001 -20 0
      vertex 95.400000000000006 -20 0
    endloop
  endfacet
  facet normal 0 0 1
    outer loop
      vertex 95.400000000000006 -20 0
      vertex 100.40000000000001 -20 0
      vertex 100.40000000000001 -10.199999999999999 0
    endloop
  endfacet
  facet normal 0 0 1
    outer loop
      vertex 95.400000000000006 -20 0
      vertex 100.40000000000001 -10.199999999999999 0
      vertex 95.400000000000006 -10.199999999999999 0
    endloop
  endfacet
  facet normal 0 0 1
    outer loop
      vertex 95.400000000000006 -10.199999999999999 0
      vertex 100.40000000000001 -10.199999999999999 0
      vertex 100.40000000000001 -10 0
    endloop
  endfacet
  facet normal 0 0 1
    outer loop
      vertex 95.400000000000006 -10.199999999999999 0
      vertex 100.40000000000001 -10 0
      vertex 95.400000000000006 -10 0
    endloop
  endfacet
  facet normal 0 0 1
    outer loop
      vertex 95.400000000000006 -10 0
      vertex 100.40000000000001 -10 0
      vertex 100.40000000000001 0 0
    endloop
  endfacet
  facet normal 0 0 1
    outer loop
      vertex 95.400000000000006 -10 0
      vertex 100.40000000000001 0 0
      vertex 95.400000000000006 0 0
    endloop
  endfacet
  facet normal 0 0 1
    outer loop
      vertex 95.400000000000006 0 0
      vertex 100.40000000000001 0 0
      vertex 100.40000000000001 0.20000000000000001 0
    endloop
  endfacet
  facet normal 0 0 1
    outer loop
      vertex 95.400000000000006 0 0
      vertex 100.40000000000001 0.20000000000000001 0
      vertex 95.400000000000006 0.20000000000000001 0
    endloop
  endfacet
  facet normal 0 0 1
    outer loop
      vertex 95.400000000000006 0.20000000000000001 0
      vertex 100.40000000000001 0.20000000000000001 0
      vertex 100.40000000000001 10 0
    endloop
  endfacet
  facet normal 0 0 1
    outer loop
      vertex 95.400000000000006 0.20000000000000001 0
      vertex 100.40000000000001 10 0
      vertex 95.400000000000006 10 0
    endloop
  endfacet
  facet normal 0 0 1
    outer loop
      vertex 95.400000000000006 10 0
      vertex 100.40000000000001 10 0
      vertex 100.40000000000001 10.199999999999999 0
    endloop
  endfacet
  facet normal 0 0 1
    outer loop
      vertex 95.400000000000006 10 0
      vertex 100.40000000000001 10.199999999999999 0
      vertex 95.400000000000006 10.199999999999999 0
    endloop
  endfacet
  facet normal 0 0 1
    outer loop
      vertex 95.400000000000006 10.199999999999999 0
      vertex 100.40000000000001 10.199999999999999 0
      vertex 100.40000000000001 20 0
    endloop
  endfacet
  facet normal 0 0 1
    outer loop
      vertex 95.400000000000006 10.199999999999999 0
      vertex 100.40000000000001 20 0
      vertex 95.400000000000006 20 0
    endloop
  endfacet
  facet normal 0 0 1
    outer loop
      vertex 95.400000000000006 20 0
      vertex 100.40000000000001 20 0
      vertex 100.40000000000001 20.199999999999999 0
    endloop
  endfacet
  facet normal 0 0 1
    outer loop
      vertex 95.400000000000006 20 0
      vertex 100.40000000000001 20.199999999999999 0
      vertex 95.400000000000006 20.199999999999999 0
    endloop
  endfacet
  facet normal 0 0 1
    outer loop
      vertex 95.400000000000006 20.199999999999999 0
      vertex 100.40000000000001 20.199999999999999 0
      vertex 100.40000000000001 40 0
    endloop
  endfacet
  facet normal 0 0 1
    outer loop
      vertex 95.400000000000006 20.199999999999999 0
      vertex 100.40000000000001 40 0
      vertex 95.400000000000006 40 0
    endloop
  endfacet
  facet normal 0 0 1
    outer loop
      vertex 95.400000000000006 40 0
      vertex 100.40000000000001 40 0
      vertex 100.40000000000001 40.200000000000003 0
    endloop
  endfacet
  facet normal 0 0 1
    outer loop
      vertex 95.400000000000006 40 0
      vertex 100.40000000000001 40.200000000000003 0
      vertex 95.400000000000006 40.200000000000003 0
    endloop
  endfacet
  facet normal 0 0 1
    outer loop
      vertex 95.400000000000006 40.200000000000003 0
      vertex 100.40000000000001 40.200000000000003 0
      vertex 100.40000000000001 60 0
    endloop
  endfacet
  facet normal 0 0 1
    outer loop
      vertex 95.400000000000006 40.200000000000003 0
      vertex 100.40000000000001 60 0
      vertex 95.400000000000006 60 0
    endloop
  endfacet
  facet normal 0 0 1
    outer loop
      vertex 95.400000000000006 60 0
      vertex 100.40000000000001 60 0
      vertex 100.40000000000001 60.200000000000003 0
    endloop
  endfacet
  facet normal 0 0 1
    outer loop
      vertex 95.400000000000006 60 0
      vertex 100.40000000000001 60.200000000000003 0
      vertex 95.400000000000006 60.200000000000003 0
    endloop
  endfacet
  facet normal 0 0 1
    outer loop
      vertex 95.400000000000006 60.200000000000003 0
      vertex 100.40000000000001 60.200000000000003 0
      vertex 100.40000000000001 80 0
    endloop
  endfacet
  facet normal 0 0 1
    outer loop
      vertex 95.400000000000006 60.200000000000003 0
      vertex 100.40000000000001 80 0
      vertex 95.400000000000006 80 0
    endloop
  endfacet
  facet normal 0 0 1
    outer loop
      vertex 95.400000000000006 80 0
      vertex 100.40000000000001 80 0
      vertex 100.40000000000001 80.200000000000003 0
    endloop
  endfacet
  facet normal 0 0 1
    outer loop
      vertex 95.400000000000006 80 0
      vertex 100.40000000000001 80.200000000000003 0
      vertex 95.400000000000006 80.200000000000003 0
    endloop
  endfacet
  facet normal 0 0 1
    outer loop
      vertex 95.400000000000006 80.200000000000003 0
      vertex 100.40000000000001 80.200000000000003 0
      vertex 100.40000000000001 100 0
    endloop
  endfacet
  facet normal 0 0 1
    outer loop
      vertex 95.400000000000006 80.200000000000003 0
      vertex 100.40000000000001 100 0
      vertex 95.400000000000006 100 0
    endloop
  endfacet
  facet normal 0 0 1
    outer loop
      vertex 100.40000000000001 -100 0
      vertex 100.59999999999999 -100 0
      vertex 100.59999999999999 -80.200000000000003 0
    endloop
  endfacet
  facet normal 0 0 1
    outer loop
      vertex 100.40000000000001 -100 0
      vertex 100.59999999999999 -80.200000000000003 0
      vertex 100.40000000000001 -80.200000000000003 0
    endloop
  endfacet
  facet normal 0 0 1
    outer loop
      vertex 100.40000000000001 -60 0
      vertex 100.59999999999999 -60 0
      vertex 100.59999999999999 -40.200000000000003 0
    endloop
  endfacet
  facet normal 0 0 1
    outer loop
      vertex 100.40000000000001 -60 0
      vertex 100.59999999999999 -40.200000000000003 0
      vertex 100.40000000000001 -40.200000000000003 0
    endloop
  endfacet
  facet normal 0 0 1
    outer loop
      vertex 100.40000000000001 -40.200000000000003 0
      vertex 100.59999999999999 -40.200000000000003 0
      vertex 100.59999999999999 -40 0
    endloop
  endfacet
  facet normal 0 0 1
    outer loop
      vertex 100.40000000000001 -40.200000000000003 0
      vertex 100.59999999999999 -40 0
      vertex 100.40000000000001 -40 0
    endloop
  endfacet
  facet normal 0 0 1
    outer loop
      vertex 100.40000000000001 -40 0
      vertex 100.59999999999999 -40 0
      vertex 100.59999999999999 -20.199999999999999 0
    endloop
  endfacet
  facet normal 0 0 1
    outer loop
      vertex 100.40000000000001 -40 0
      vertex 100.59999999999999 -20.199999999999999 0
      vertex 100.40000000000001 -20.199999999999999 0
    endloop
  endfacet
  facet normal 0 0 1
    outer loop
      vertex 100.40000000000001 -20.199999999999999 0
      vertex 100.59999999999999 -20.199999999999999 0
      vertex 100.59999999999999 -20 0
    endloop
  endfacet
  facet normal 0 0 1
    outer loop
      vertex 100.40000000000001 -20.199999999999999 0
      vertex 100.59999999999999 -20 0
      vertex 100.40000000000001 -20 0
    endloop
  endfacet
  facet normal 0 0 1
    outer loop
      vertex 100.40000000000001 -20 0
      vertex 100.59999999999999 -20 0
      vertex 100.59999999999999 -10.199999999999999 0
    endloop
  endfacet
  facet normal 0 0 1
    outer loop
      vertex 100.40000000000001 -20 0
      vertex 100.59999999999999 -10.199999999999999 0
      vertex 100.40000000000001 -10.199999999999999 0
    endloop
  endfacet
  facet normal 0 0 1
    outer loop
      vertex 100.40000000000001 -10.199999999999999 0
      vertex 100.59999999999999 -10.199999999999999 0
      vertex 100.59999999999999 -10 0
    endloop
  endfacet
  facet normal 0 0 1
    outer loop
      vertex 100.40000000000001 -10.199999999999999 0
      vertex 100.59999999999999 -10 0
      vertex 100.40000000000001 -10 0
    endloop
  endfacet
  facet normal 0 0 1
    outer loop
      vertex 100.40000000000001 -10 0
      vertex 100.59999999999999 -10 0
      vertex 100.59999999999999 0 0
    endloop
  endfacet
  facet normal 0 0 1
    outer loop
      vertex 100.40000000000001 -10 0
      vertex 100.59999999999999 0 0
      vertex 100.40000000000001 0 0
    endloop
  endfacet
  facet normal 0 0 1
    outer loop
      vertex 100.40000000000001 60 0
      vertex 100.59999999999999 60.200000000000003 0
      vertex 100.40000000000001 60.200000000000003 0
    endloop
  endfacet
  facet normal 0 0 1
    outer loop
      vertex 100.40000000000001 60.200000000000003 0
      vertex 100.59999999999999 60.200000000000003 0
      vertex 100.59999999999999 80 0
    endloop
  endfacet
  facet normal 0 0 1
    outer loop
      vertex 100.40000000000001 60.200000000000003 0
      vertex 100.59999999999999 80 0
      vertex 100.40000000000001 80 0
    endloop
  endfacet
  facet normal 0 -0.24253562503633805 0.97014250014533054
    outer loop
      vertex 100.56 80.159999999999997 0.040000000000000036
      vertex 100.40000000000001 80 0
      vertex 100.59999999999999 80 0
    endloop
  endfacet
  facet normal 0 -0.24253562503633808 0.97014250014533066
    outer loop
      vertex 100.56 80.159999999999997 0.040000000000000036
      vertex 100.59999999999999 80 0
      vertex 100.59999999999999 80.159999999999997 0.040000000000000036
    endloop
  endfacet
  facet normal -0.24253562503633816 0 0.97014250014533054
    outer loop
      vertex 100.40000000000001 80 0
      vertex 100.56 80.159999999999997 0.040000000000000036
      vertex 100.56 80.200000000000003 0.040000000000000036
    endloop
  endfacet
  facet normal -0.24253562503633805 0 0.97014250014533054
    outer loop
      vertex 100.40000000000001 80 0
      vertex 100.56 80.200000000000003 0.040000000000000036
      vertex 100.40000000000001 80.200000000000003 0
    endloop
  endfacet
  facet normal -0.24253562503633805 0 0.97014250014533066
    outer loop
      vertex 100.56 96.04000000000002 0.040000000000000036
      vertex 100.40000000000001 80.200000000000003 0
      vertex 100.56 80.200000000000003 0.040000000000000036
    endloop
  endfacet
  facet normal -0.24253562503633794 0 0.97014250014533066
    outer loop
      vertex 100.40000000000001 80.200000000000003 0
      vertex 100.56 96.04000000000002 0.040000000000000036
      vertex 100.56 100 0.040000000000000036
    endloop
  endfacet
  facet normal -0.24253562503633805 0 0.97014250014533066
    outer loop
      vertex 100.40000000000001 80.200000000000003 0
      vertex 100.56 100 0.040000000000000036
      vertex 100.40000000000001 100 0
    endloop
  endfacet
  facet normal 0 0 1
    outer loop
      vertex 100.59999999999999 -100 0
      vertex 100.8 -100 0
      vertex 100.8 -80.200000000000003 0
    endloop
  endfacet
  facet normal 0 0 1
    outer loop
      vertex 100.59999999999999 -100 0
      vertex 100.8 -80.200000000000003 0
      vertex 100.59999999999999 -80.200000000000003 0
    endloop
  endfacet
  facet normal 0 0 1
    outer loop
      vertex 100.59999999999999 -60 0
      vertex 100.8 -60 0
      vertex 100.8 -40.200000000000003 0
    endloop
  endfacet
  facet normal 0 0 1
    outer loop
      vertex 100.59999999999999 -60 0
      vertex 100.8 -40.200000000000003 0
      vertex 100.59999999999999 -40.200000000000003 0
    endloop
  endfacet
  facet normal 0 0 1
    outer loop
      vertex 100.59999999999999 -40.200000000000003 0
      vertex 100.8 -40.200000000000003 0
      vertex 100.8 -40 0
    endloop
  endfacet
  facet normal 0 0 1
    outer loop
      vertex 100.59999999999999 -40.200000000000003 0
      vertex 100.8 -40 0
      vertex 100.59999999999999 -40 0
    endloop
  endfacet
  facet normal 0 0 1
    outer loop
      vertex 100.59999999999999 -40 0
      vertex 100.8 -40 0
      vertex 100.8 -20.199999999999999 0
    endloop
  endfacet
  facet normal 0 0 1
    outer loop
      vertex 100.59999999999999 -40 0
      vertex 100.8 -20.199999999999999 0
      vertex 100.59999999999999 -20.199999999999999 0
    endloop
  endfacet
  facet normal 0 0 1
    outer loop
      vertex 100.59999999999999 -20.199999999999999 0
      vertex 100.8 -20.199999999999999 0
      vertex 100.8 -20 0
    endloop
  endfacet
  facet normal 0 0 1
    outer loop
      vertex 100.59999999999999 -20.199999999999999 0
      vertex 100.8 -20 0
      vertex 100.59999999999999 -20 0
    endloop
  endfacet
  facet normal 0 0 1
    outer loop
      vertex 100.59999999999999 -20 0
      vertex 100.8 -20 0
      vertex 100.8 -10.199999999999999 0
    endloop
  endfacet
  facet normal 0 0 1
    outer loop
      vertex 100.59999999999999 -20 0
      vertex 100.8 -10.199999999999999 0
      vertex 100.59999999999999 -10.199999999999999 0
    endloop
  endfacet
  facet normal 0 0 1
    outer loop
      vertex 100.59999999999999 -10.199999999999999 0
      vertex 100.8 -10.199999999999999 0
      vertex 100.8 -10 0
    endloop
  endfacet
  facet normal 0 0 1
    outer loop
      vertex 100.59999999999999 -10.199999999999999 0
      vertex 100.8 -10 0
      vertex 100.59999999999999 -10 0
    endloop
  endfacet
  facet normal 0 0 1
    outer loop
      vertex 100.59999999999999 -10 0
      vertex 100.8 -10 0
      vertex 100.8 0 0
    endloop
  endfacet
  facet normal 0 0 1
    outer loop
      vertex 100.59999999999999 -10 0
      vertex 100.8 0 0
      vertex 100.59999999999999 0 0
    endloop
  endfacet
  facet normal 0 0 1
    outer loop
      vertex 100.59999999999999 60.200000000000003 0
      vertex 100.8 60.200000000000003 0
      vertex 100.8 80 0
    endloop
  endfacet
  facet normal 0 0 1
    outer loop
      vertex 100.59999999999999 60.200000000000003 0
      vertex 100.8 80 0
      vertex 100.59999999999999 80 0
    endloop
  endfacet
  facet normal 0 -0.24253562503633805 0.97014250014533054
    outer loop
      vertex 100.75999999999999 80.159999999999997 0.040000000000000036
      vertex 100.59999999999999 80 0
      vertex 100.8 80 0
    endloop
  endfacet
  facet normal 0 -0.24253562503633805 0.97014250014533066
    outer loop
      vertex 100.75999999999999 80.159999999999997 0.040000000000000036
      vertex 100.8 80 0
      vertex 100.8 80.159999999999997 0.040000000000000036
    endloop
  endfacet
  facet normal 0 -0.24253562503633805 0.97014250014533066
    outer loop
      vertex 100.59999999999999 80.159999999999997 0.040000000000000036
      vertex 100.59999999999999 80 0
      vertex 100.75999999999999 80.159999999999997 0.040000000000000036
    endloop
  endfacet
  facet normal 0 0 1
    outer loop
      vertex 100.8 -100 0
      vertex 105.8 -100 0
      vertex 105.8 -80.200000000000003 0
    endloop
  endfacet
  facet normal 0 0 1
    outer loop
      vertex 100.8 -100 0
      vertex 105.8 -80.200000000000003 0
      vertex 100.8 -80.200000000000003 0
    endloop
  endfacet
  facet normal 0 0 1
    outer loop
      vertex 100.8 -80.200000000000003 0
      vertex 105.8 -80.200000000000003 0
      vertex 105.8 -80 0
    endloop
  endfacet
  facet normal 0 0 1
    outer loop
      vertex 100.8 -60 0
      vertex 105.8 -60 0
      vertex 105.8 -40.200000000000003 0
    endloop
  endfacet
  facet normal 0 0 1
    outer loop
      vertex 100.8 -60 0
      vertex 105.8 -40.200000000000003 0
      vertex 100.8 -40.200000000000003 0
    endloop
  endfacet
  facet normal 0 -0.44721359549996592 0.89442719099991197
    outer loop
      vertex 102.8 -40.120000000000005 0.040000000000000036
      vertex 100.8 -40.200000000000003 0
      vertex 105.8 -40.200000000000003 0
    endloop
  endfacet
  facet normal 0 -0.44721359549996592 0.89442719099991197
    outer loop
      vertex 102.8 -40.120000000000005 0.040000000000000036
      vertex 105.8 -40.200000000000003 0
      vertex 105.8 -40.120000000000005 0.040000000000000036
    endloop
  endfacet
  facet normal -0.019996001199600162 0 0.99980005998000709
    outer loop
      vertex 100.8 -40.200000000000003 0
      vertex 102.8 -40.120000000000005 0.040000000000000036
      vertex 102.8 -40 0.040000000000000036
    endloop
  endfacet
  facet normal -0.019996001199600159 0 0.99980005998000687
    outer loop
      vertex 100.8 -40.200000000000003 0
      vertex 102.8 -40 0.040000000000000036
      vertex 100.8 -40 0
    endloop
  endfacet
  facet normal -0.019996001199600159 0 0.99980005998000698
    outer loop
      vertex 102.8 -32.079999999999991 0.040000000000000036
      vertex 100.8 -40 0
      vertex 102.8 -40 0.040000000000000036
    endloop
  endfacet
  facet normal -0.019996001199600155 0 0.99980005998000698
    outer loop
      vertex 100.8 -40 0
      vertex 102.8 -32.079999999999991 0.040000000000000036
      vertex 102.8 -20.199999999999999 0.040000000000000036
    endloop
  endfacet
  facet normal -0.019996001199600155 0 0.99980005998000698
    outer loop
      vertex 100.8 -40 0
      vertex 102.8 -20.199999999999999 0.040000000000000036
      vertex 100.8 -20.199999999999999 0
    endloop
  endfacet
  facet normal -0.017885682339724117 0.44714205849309924 0.89428411698620502
    outer loop
      vertex 100.8 -20.199999999999999 0
      vertex 102.8 -20.199999999999999 0.040000000000000036
      vertex 105.8 -20.079999999999998 0.040000000000000036
    endloop
  endfacet
  facet normal -0.017885682339724328 0.44714205849310978 0.8942841169861997
    outer loop
      vertex 100.8 -20.199999999999999 0
      vertex 105.8 -20.079999999999998 0.040000000000000036
      vertex 105.8 -20 0
    endloop
  endfacet
  facet normal 0 0 1
    outer loop
      vertex 100.8 -20.199999999999999 0
      vertex 105.8 -20 0
      vertex 100.8 -20 0
    endloop
  endfacet
  facet normal 0 0 1
    outer loop
      vertex 100.8 -20 0
      vertex 105.8 -20 0
      vertex 105.8 -10.199999999999999 0
    endloop
  endfacet
  facet normal 0 0 1
    outer loop
      vertex 100.8 -20 0
      vertex 105.8 -10.199999999999999 0
      vertex 100.8 -10.199999999999999 0
    endloop
  endfacet
  facet normal 0 -0.242535625036333 0.97014250014533199
    outer loop
      vertex 104.8 -10.039999999999999 0.040000000000000036
      vertex 100.8 -10.199999999999999 0
      vertex 105.8 -10.199999999999999 0
    endloop
  endfacet
  facet normal 0 -0.24253562503633297 0.97014250014533188
    outer loop
      vertex 104.8 -10.039999999999999 0.040000000000000036
      vertex 105.8 -10.199999999999999 0
      vertex 105.8 -10.039999999999999 0.040000000000000036
    endloop
  endfacet
  facet normal -0.0099995000374968872 0 0.99995000374968768
    outer loop
      vertex 100.8 -10.199999999999999 0
      vertex 104.8 -10.039999999999999 0.040000000000000036
      vertex 104.8 -10 0.040000000000000036
    endloop
  endfacet
  facet normal -0.0099995000374968838 0 0.99995000374968745
    outer loop
      vertex 100.8 -10.199999999999999 0
      vertex 104.8 -10 0.040000000000000036
      vertex 100.8 -10 0
    endloop
  endfacet
  facet normal -0.0099995000374968855 0 0.99995000374968768
    outer loop
      vertex 104.8 -1.9999999999999933 0.040000000000000036
      vertex 100.8 -10 0
      vertex 104.8 -10 0.040000000000000036
    endloop
  endfacet
  facet normal -0.0099995000374968855 0 0.99995000374968768
    outer loop
      vertex 100.8 -10 0
      vertex 104.8 -1.9999999999999929 0.040000000000000036
      vertex 104.8 0 0.040000000000000036
    endloop
  endfacet
  facet normal -0.0099995000374968838 0 0.99995000374968757
    outer loop
      vertex 100.8 -10 0
      vertex 104.8 0 0.040000000000000036
      vertex 100.8 0 0
    endloop
  endfacet
  facet normal -0.0062468285873950834 0.78085357342438777 0.6246828587395078
    outer loop
      vertex 100.8 0 0
      vertex 104.8 0 0.040000000000000036
      vertex 105.8 0.0079999999999999759 0.040000000000000036
    endloop
  endfacet
  facet normal -0.0062468285873950946 0.78085357342438666 0.62468285873950935
    outer loop
      vertex 100.8 0 0
      vertex 105.8 0.0079999999999999759 0.040000000000000036
      vertex 105.8 0.040000000000000008 0
    endloop
  endfacet
  facet normal 0 0 1
    outer loop
      vertex 100.8 60.200000000000003 0
      vertex 105.8 60.200000000000003 0
      vertex 105.8 80 0
    endloop
  endfacet
  facet normal 0 0 1
    outer loop
      vertex 100.8 60.200000000000003 0
      vertex 105.8 80 0
      vertex 100.8 80 0
    endloop
  endfacet
  facet normal 0 -0.24253562503633805 0.97014250014533066
    outer loop
      vertex 104.8 80.159999999999997 0.040000000000000036
      vertex 100.8 80 0
      vertex 105.8 80 0
    endloop
  endfacet
  facet normal 0 -0.24253562503633802 0.97014250014533054
    outer loop
      vertex 104.8 80.159999999999997 0.040000000000000036
      vertex 105.8 80 0
      vertex 105.8 80.159999999999997 0.040000000000000036
    endloop
  endfacet
  facet normal 0 -0.24253562503633802 0.97014250014533054
    outer loop
      vertex 100.8 80.159999999999997 0.040000000000000036
      vertex 100.8 80 0
      vertex 104.8 80.159999999999997 0.040000000000000036
    endloop
  endfacet
  facet normal 0 0 1
    outer loop
      vertex 105.8 -100 0
      vertex 106 -100 0
      vertex 106 -80.200000000000003 0
    endloop
  endfacet
  facet normal 0 0 1
    outer loop
      vertex 105.8 -100 0
      vertex 106 -80.200000000000003 0
      vertex 105.8 -80.200000000000003 0
    endloop
  endfacet
  facet normal 0 0 1
    outer loop
      vertex 105.8 -80.200000000000003 0
      vertex 106 -80.200000000000003 0
      vertex 106 -80 0
    endloop
  endfacet
  facet normal 0 0 1
    outer loop
      vertex 105.8 -80.200000000000003 0
      vertex 106 -80 0
      vertex 105.8 -80 0
    endloop
  endfacet
  facet normal 0 0 1
    outer loop
      vertex 105.8 -80 0
      vertex 106 -80 0
      vertex 106 -60.200000000000003 0
    endloop
  endfacet
  facet normal 0 0 1
    outer loop
      vertex 105.8 -80 0
      vertex 106 -60.200000000000003 0
      vertex 105.8 -60.200000000000003 0
    endloop
  endfacet
  facet normal 0 0 1
    outer loop
      vertex 105.8 -60.200000000000003 0
      vertex 106 -60.200000000000003 0
      vertex 106 -60 0
    endloop
  endfacet
  facet normal 0 0 1
    outer loop
      vertex 105.8 -60.200000000000003 0
      vertex 106 -60 0
      vertex 105.8 -60 0
    endloop
  endfacet
  facet normal 0 0 1
    outer loop
      vertex 105.8 -60 0
      vertex 106 -60 0
      vertex 106 -40.200000000000003 0
    endloop
  endfacet
  facet normal 0 0 1
    outer loop
      vertex 105.8 -60 0
      vertex 106 -40.200000000000003 0
      vertex 105.8 -40.200000000000003 0
    endloop
  endfacet
  facet normal 0 -0.44721359549996592 0.89442719099991186
    outer loop
      vertex 105.88 -40.120000000000005 0.040000000000000036
      vertex 105.8 -40.200000000000003 0
      vertex 106 -40.200000000000003 0
    endloop
  endfacet
  facet normal 0 -0.44721359549996592 0.89442719099991197
    outer loop
      vertex 105.88 -40.120000000000005 0.040000000000000036
      vertex 106 -40.200000000000003 0
      vertex 106 -40.120000000000005 0.040000000000000036
    endloop
  endfacet
  facet normal 0 -0.44721359549996587 0.89442719099991186
    outer loop
      vertex 105.8 -40.120000000000005 0.040000000000000036
      vertex 105.8 -40.200000000000003 0
      vertex 105.88 -40.120000000000005 0.040000000000000036
    endloop
  endfacet
  facet normal -0 0.44721359549996587 0.89442719099991186
    outer loop
      vertex 105.92 -20.079999999999998 0.040000000000000036
      vertex 106 -20.079999999999998 0.040000000000000036
      vertex 106 -20 0
    endloop
  endfacet
  facet normal -0 0.44721359549996592 0.89442719099991197
    outer loop
      vertex 105.8 -20.079999999999998 0.040000000000000036
      vertex 105.92 -20.079999999999998 0.040000000000000036
      vertex 106 -20 0
    endloop
  endfacet
  facet normal 0 0.44721359549996592 0.89442719099991186
    outer loop
      vertex 105.8 -20.079999999999998 0.040000000000000036
      vertex 106 -20 0
      vertex 105.8 -20 0
    endloop
  endfacet
  facet normal 0 0 1
    outer loop
      vertex 105.8 -20 0
      vertex 106 -20 0
      vertex 106 -10.199999999999999 0
    endloop
  endfacet
  facet normal 0 0 1
    outer loop
      vertex 105.8 -20 0
      vertex 106 -10.199999999999999 0
      vertex 105.8 -10.199999999999999 0
    endloop
  endfacet
  facet normal 0 -0.24253562503633294 0.97014250014533177
    outer loop
      vertex 105.95999999999999 -10.039999999999999 0.040000000000000036
      vertex 105.8 -10.199999999999999 0
      vertex 106 -10.199999999999999 0
    endloop
  endfacet
  facet normal 0 -0.242535625036333 0.97014250014533199
    outer loop
      vertex 105.95999999999999 -10.039999999999999 0.040000000000000036
      vertex 106 -10.199999999999999 0
      vertex 106 -10.039999999999999 0.040000000000000036
    endloop
  endfacet
  facet normal 0 -0.24253562503633297 0.97014250014533188
    outer loop
      vertex 105.8 -10.039999999999999 0.040000000000000036
      vertex 105.8 -10.199999999999999 0
      vertex 105.95999999999999 -10.039999999999999 0.040000000000000036
    endloop
  endfacet
  facet normal -4.4094773938764075e-17 0.78086880944303061 0.62469504755442407
    outer loop
      vertex 105.84 0.03999999999999998 0
      vertex 105.80799999999999 0.0079999999999999655 0.040000000000000036
      vertex 106 0.0079999999999999759 0.040000000000000036
    endloop
  endfacet
  facet normal -1.3545914553989134e-16 0.78086880944303039 0.62469504755442429
    outer loop
      vertex 105.84 0.03999999999999998 0
      vertex 106 0.0079999999999999759 0.040000000000000036
      vertex 106 0.040000000000000008 0
    endloop
  endfacet
  facet normal -1.0582745745309643e-15 0.78086880944303039 0.62469504755442407
    outer loop
      vertex 105.8 0.03999999999999998 0
      vertex 105.8 0.0079999999999999655 0.040000000000000036
      vertex 105.80799999999999 0.0079999999999999759 0.040000000000000036
    endloop
  endfacet
  facet normal -5.4183658215946923e-16 0.7808688094430305 0.62469504755442384
    outer loop
      vertex 105.8 0.03999999999999998 0
      vertex 105.80799999999999 0.0079999999999999759 0.040000000000000036
      vertex 105.84 0.040000000000000008 0
    endloop
  endfacet
  facet normal 0 0 1
    outer loop
      vertex 105.8 60.200000000000003 0
      vertex 106 60.200000000000003 0
      vertex 106 80 0
    endloop
  endfacet
  facet normal 0 0 1
    outer loop
      vertex 105.8 60.200000000000003 0
      vertex 106 80 0
      vertex 105.8 80 0
    endloop
  endfacet
  facet normal 0 -0.24253562503633805 0.97014250014533054
    outer loop
      vertex 105.95999999999999 80.159999999999997 0.040000000000000036
      vertex 105.8 80 0
      vertex 106 80 0
    endloop
  endfacet
  facet normal 0 -0.24253562503633805 0.97014250014533066
    outer loop
      vertex 105.95999999999999 80.159999999999997 0.040000000000000036
      vertex 106 80 0
      vertex 106 80.159999999999997 0.040000000000000036
    endloop
  endfacet
  facet normal 0 -0.24253562503633805 0.97014250014533066
    outer loop
      vertex 105.8 80.159999999999997 0.040000000000000036
      vertex 105.8 80 0
      vertex 105.95999999999999 80.159999999999997 0.040000000000000036
    endloop
  endfacet
  facet normal 0 0 1
    outer loop
      vertex 106 -100 0
      vertex 106.2 -100 0
      vertex 106.2 -80.200000000000003 0
    endloop
  endfacet
  facet normal 0 0 1
    outer loop
      vertex 106 -100 0
      vertex 106.2 -80.200000000000003 0
      vertex 106 -80.200000000000003 0
    endloop
  endfacet
  facet normal 0 0 1
    outer loop
      vertex 106 -80.200000000000003 0
      vertex 106.2 -80.200000000000003 0
      vertex 106.2 -80 0
    endloop
  endfacet
  facet normal 0 0 1
    outer loop
      vertex 106 -80.200000000000003 0
      vertex 106.2 -80 0
      vertex 106 -80 0
    endloop
  endfacet
  facet normal 0 0 1
    outer loop
      vertex 106 -80 0
      vertex 106.2 -80 0
      vertex 106.2 -60.200000000000003 0
    endloop
  endfacet
  facet normal 0 0 1
    outer loop
      vertex 106 -80 0
      vertex 106.2 -60.200000000000003 0
      vertex 106 -60.200000000000003 0
    endloop
  endfacet
  facet normal 0 0 1
    outer loop
      vertex 106 -60.200000000000003 0
      vertex 106.2 -60.200000000000003 0
      vertex 106.2 -60 0
    endloop
  endfacet
  facet normal 0 0 1
    outer loop
      vertex 106 -60.200000000000003 0
      vertex 106.2 -60 0
      vertex 106 -60 0
    endloop
  endfacet
  facet normal 0 0 1
    outer loop
      vertex 106 -60 0
      vertex 106.2 -60 0
      vertex 106.2 -40.200000000000003 0
    endloop
  endfacet
  facet normal 0 0 1
    outer loop
      vertex 106 -60 0
      vertex 106.2 -40.200000000000003 0
      vertex 106 -40.200000000000003 0
    endloop
  endfacet
  facet normal 0 -0.44721359549996592 0.89442719099991186
    outer loop
      vertex 106.08 -40.120000000000005 0.040000000000000036
      vertex 106 -40.200000000000003 0
      vertex 106.2 -40.200000000000003 0
    endloop
  endfacet
  facet normal 0 -0.44721359549996592 0.89442719099991197
    outer loop
      vertex 106.08 -40.120000000000005 0.040000000000000036
      vertex 106.2 -40.200000000000003 0
      vertex 106.2 -40.120000000000005 0.040000000000000036
    endloop
  endfacet
  facet normal 0 -0.44721359549996587 0.89442719099991186
    outer loop
      vertex 106 -40.120000000000005 0.040000000000000036
      vertex 106 -40.200000000000003 0
      vertex 106.08 -40.120000000000005 0.040000000000000036
    endloop
  endfacet
  facet normal -0 0.44721359549996587 0.89442719099991186
    outer loop
      vertex 106.12 -20.079999999999998 0.040000000000000036
      vertex 106.2 -20.079999999999998 0.040000000000000036
      vertex 106.2 -20 0
    endloop
  endfacet
  facet normal -0 0.44721359549996592 0.89442719099991197
    outer loop
      vertex 106 -20.079999999999998 0.040000000000000036
      vertex 106.12 -20.079999999999998 0.040000000000000036
      vertex 106.2 -20 0
    endloop
  endfacet
  facet normal 0 0.44721359549996592 0.89442719099991186
    outer loop
      vertex 106 -20.079999999999998 0.040000000000000036
      vertex 106.2 -20 0
      vertex 106 -20 0
    endloop
  endfacet
  facet normal 0 0 1
    outer loop
      vertex 106 -20 0
      vertex 106.2 -20 0
      vertex 106.2 -10.199999999999999 0
    endloop
  endfacet
  facet normal 0 0 1
    outer loop
      vertex 106 -20 0
      vertex 106.2 -10.199999999999999 0
      vertex 106 -10.199999999999999 0
    endloop
  endfacet
  facet normal 0 -0.24253562503633294 0.97014250014533177
    outer loop
      vertex 106.16 -10.039999999999999 0.040000000000000036
      vertex 106 -10.199999999999999 0
      vertex 106.2 -10.199999999999999 0
    endloop
  endfacet
  facet normal 0 -0.242535625036333 0.97014250014533199
    outer loop
      vertex 106.16 -10.039999999999999 0.040000000000000036
      vertex 106.2 -10.199999999999999 0
      vertex 106.2 -10.039999999999999 0.040000000000000036
    endloop
  endfacet
  facet normal 0 -0.24253562503633297 0.97014250014533188
    outer loop
      vertex 106 -10.039999999999999 0.040000000000000036
      vertex 106 -10.199999999999999 0
      vertex 106.16 -10.039999999999999 0.040000000000000036
    endloop
  endfacet
  facet normal -0 0.24253562503633297 0.97014250014533188
    outer loop
      vertex 106.04000000000001 0.039999999999999869 0.040000000000000036
      vertex 106.2 0.039999999999999869 0.040000000000000036
      vertex 106.2 0.20000000000000001 0
    endloop
  endfacet
  facet normal -0.52981294282595692 0.66226617853255165 0.52981294282604108
    outer loop
      vertex 106 0.03999999999999998 0
      vertex 106 0.0079999999999999655 0.040000000000000036
      vertex 106.04000000000001 0.039999999999999869 0.040000000000000036
    endloop
  endfacet
  facet normal -0.52981294282599056 0.66226617853249758 0.52981294282607483
    outer loop
      vertex 106 0.03999999999999998 0
      vertex 106.04000000000001 0.039999999999999869 0.040000000000000036
      vertex 106.2 0.20000000000000001 0
    endloop
  endfacet
  facet normal 0 0 1
    outer loop
      vertex 106 60.200000000000003 0
      vertex 106.2 60.200000000000003 0
      vertex 106.2 80 0
    endloop
  endfacet
  facet normal 0 0 1
    outer loop
      vertex 106 60.200000000000003 0
      vertex 106.2 80 0
      vertex 106 80 0
    endloop
  endfacet
  facet normal 0 0 1
    outer loop
      vertex 106 80 0
      vertex 106.2 80 0
      vertex 106.2 80.200000000000003 0
    endloop
  endfacet
  facet normal 0.2357022603955205 -0.2357022603955205 0.94280904158206091
    outer loop
      vertex 106 80.159999999999997 0.040000000000000036
      vertex 106 80 0
      vertex 106.2 80.200000000000003 0
    endloop
  endfacet
  facet normal 0.2357022603955205 -0.2357022603955205 0.94280904158206091
    outer loop
      vertex 106 80.159999999999997 0.040000000000000036
      vertex 106.2 80.200000000000003 0
      vertex 106.04000000000001 80.200000000000003 0.040000000000000036
    endloop
  endfacet
  facet normal 0.24253562503633805 0 0.97014250014533066
    outer loop
      vertex 106.04000000000001 84.159999999999982 0.040000000000000036
      vertex 106.04000000000001 80.200000000000003 0.040000000000000036
      vertex 106.2 80.200000000000003 0
    endloop
  endfacet
  facet normal 0.24253562503633808 0 0.97014250014533066
    outer loop
      vertex 106.04000000000001 84.159999999999982 0.040000000000000036
      vertex 106.2 80.200000000000003 0
      vertex 106.2 100 0
    endloop
  endfacet
  facet normal 0.24253562503633805 -0 0.97014250014533066
    outer loop
      vertex 106.04000000000001 84.159999999999997 0.040000000000000036
      vertex 106.2 100 0
      vertex 106.04000000000001 100 0.040000000000000036
    endloop
  endfacet
  facet normal 0 0 1
    outer loop
      vertex 106.2 -100 0
      vertex 106.40000000000001 -100 0
      vertex 106.40000000000001 -80.200000000000003 0
    endloop
  endfacet
  facet normal 0 0 1
    outer loop
      vertex 106.2 -100 0
      vertex 106.40000000000001 -80.200000000000003 0
      vertex 106.2 -80.200000000000003 0
    endloop
  endfacet
  facet normal 0 0 1
    outer loop
      vertex 106.2 -80.200000000000003 0
      vertex 106.40000000000001 -80.200000000000003 0
      vertex 106.40000000000001 -80 0
    endloop
  endfacet
  facet normal 0 0 1
    outer loop
      vertex 106.2 -80.200000000000003 0
      vertex 106.40000000000001 -80 0
      vertex 106.2 -80 0
    endloop
  endfacet
  facet normal 0 0 1
    outer loop
      vertex 106.2 -80 0
      vertex 106.40000000000001 -80 0
      vertex 106.40000000000001 -60.200000000000003 0
    endloop
  endfacet
  facet normal 0 0 1
    outer loop
      vertex 106.2 -80 0
      vertex 106.40000000000001 -60.200000000000003 0
      vertex 106.2 -60.200000000000003 0
    endloop
  endfacet
  facet normal 0 0 1
    outer loop
      vertex 106.2 -60.200000000000003 0
      vertex 106.40000000000001 -60.200000000000003 0
      vertex 106.40000000000001 -60 0
    endloop
  endfacet
  facet normal 0 0 1
    outer loop
      vertex 106.2 -60.200000000000003 0
      vertex 106.40000000000001 -60 0
      vertex 106.2 -60 0
    endloop
  endfacet
  facet normal 0 0 1
    outer loop
      vertex 106.2 -60 0
      vertex 106.40000000000001 -60 0
      vertex 106.40000000000001 -40.200000000000003 0
    endloop
  endfacet
  facet normal 0 0 1
    outer loop
      vertex 106.2 -60 0
      vertex 106.40000000000001 -40.200000000000003 0
      vertex 106.2 -40.200000000000003 0
    endloop
  endfacet
  facet normal 0 -0.44721359549996592 0.89442719099991186
    outer loop
      vertex 106.28 -40.120000000000005 0.040000000000000036
      vertex 106.2 -40.200000000000003 0
      vertex 106.40000000000001 -40.200000000000003 0
    endloop
  endfacet
  facet normal 0 -0.44721359549996592 0.89442719099991197
    outer loop
      vertex 106.28 -40.120000000000005 0.040000000000000036
      vertex 106.40000000000001 -40.200000000000003 0
      vertex 106.40000000000001 -40.120000000000005 0.040000000000000036
    endloop
  endfacet
  facet normal 0 -0.44721359549996587 0.89442719099991186
    outer loop
      vertex 106.2 -40.120000000000005 0.040000000000000036
      vertex 106.2 -40.200000000000003 0
      vertex 106.28 -40.120000000000005 0.040000000000000036
    endloop
  endfacet
  facet normal -0 0.44721359549996587 0.89442719099991186
    outer loop
      vertex 106.32000000000001 -20.079999999999998 0.040000000000000036
      vertex 106.40000000000001 -20.079999999999998 0.040000000000000036
      vertex 106.40000000000001 -20 0
    endloop
  endfacet
  facet normal -0 0.44721359549996592 0.89442719099991197
    outer loop
      vertex 106.2 -20.079999999999998 0.040000000000000036
      vertex 106.32000000000001 -20.079999999999998 0.040000000000000036
      vertex 106.40000000000001 -20 0
    endloop
  endfacet
  facet normal 0 0.44721359549996592 0.89442719099991186
    outer loop
      vertex 106.2 -20.079999999999998 0.040000000000000036
      vertex 106.40000000000001 -20 0
      vertex 106.2 -20 0
    endloop
  endfacet
  facet normal 0 0 1
    outer loop
      vertex 106.2 -20 0
      vertex 106.40000000000001 -20 0
      vertex 106.40000000000001 -10.199999999999999 0
    endloop
  endfacet
  facet normal 0 0 1
    outer loop
      vertex 106.2 -20 0
      vertex 106.40000000000001 -10.199999999999999 0
      vertex 106.2 -10.199999999999999 0
    endloop
  endfacet
  facet normal 0 -0.24253562503633294 0.97014250014533177
    outer loop
      vertex 106.36 -10.039999999999999 0.040000000000000036
      vertex 106.2 -10.199999999999999 0
      vertex 106.40000000000001 -10.199999999999999 0
    endloop
  endfacet
  facet normal 0 -0.242535625036333 0.97014250014533199
    outer loop
      vertex 106.36 -10.039999999999999 0.040000000000000036
      vertex 106.40000000000001 -10.199999999999999 0
      vertex 106.40000000000001 -10.039999999999999 0.040000000000000036
    endloop
  endfacet
  facet normal 0 -0.24253562503633297 0.97014250014533188
    outer loop
      vertex 106.2 -10.039999999999999 0.040000000000000036
      vertex 106.2 -10.199999999999999 0
      vertex 106.36 -10.039999999999999 0.040000000000000036
    endloop
  endfacet
  facet normal -0 0.24253562503633297 0.97014250014533188
    outer loop
      vertex 106.24000000000001 0.039999999999999869 0.040000000000000036
      vertex 106.40000000000001 0.039999999999999869 0.040000000000000036
      vertex 106.40000000000001 0.20000000000000001 0
    endloop
  endfacet
  facet normal -0 0.242535625036333 0.97014250014533199
    outer loop
      vertex 106.2 0.039999999999999869 0.040000000000000036
      vertex 106.24000000000001 0.039999999999999869 0.040000000000000036
      vertex 106.40000000000001 0.20000000000000001 0
    endloop
  endfacet
  facet normal 0 0.24253562503633294 0.97014250014533177
    outer loop
      vertex 106.2 0.039999999999999869 0.040000000000000036
      vertex 106.40000000000001 0.20000000000000001 0
      vertex 106.2 0.20000000000000001 0
    endloop
  endfacet
  facet normal 0 0 1
    outer loop
      vertex 106.2 0.20000000000000001 0
      vertex 106.40000000000001 0.20000000000000001 0
      vertex 106.40000000000001 10 0
    endloop
  endfacet
  facet normal 0 0 1
    outer loop
      vertex 106.2 0.20000000000000001 0
      vertex 106.40000000000001 10 0
      vertex 106.2 10 0
    endloop
  endfacet
  facet normal 0 0 1
    outer loop
      vertex 106.2 10 0
      vertex 106.40000000000001 10 0
      vertex 106.40000000000001 10.199999999999999 0
    endloop
  endfacet
  facet normal 0 0 1
    outer loop
      vertex 106.2 10 0
      vertex 106.40000000000001 10.199999999999999 0
      vertex 106.2 10.199999999999999 0
    endloop
  endfacet
  facet normal 0 0 1
    outer loop
      vertex 106.2 10.199999999999999 0
      vertex 106.40000000000001 10.199999999999999 0
      vertex 106.40000000000001 20 0
    endloop
  endfacet
  facet normal 0 0 1
    outer loop
      vertex 106.2 10.199999999999999 0
      vertex 106.40000000000001 20 0
      vertex 106.2 20 0
    endloop
  endfacet
  facet normal 0 0 1
    outer loop
      vertex 106.2 20 0
      vertex 106.40000000000001 20 0
      vertex 106.40000000000001 20.199999999999999 0
    endloop
  endfacet
  facet normal 0 0 1
    outer loop
      vertex 106.2 20 0
      vertex 106.40000000000001 20.199999999999999 0
      vertex 106.2 20.199999999999999 0
    endloop
  endfacet
  facet normal 0 0 1
    outer loop
      vertex 106.2 20.199999999999999 0
      vertex 106.40000000000001 20.199999999999999 0
      vertex 106.40000000000001 40 0
    endloop
  endfacet
  facet normal 0 0 1
    outer loop
      vertex 106.2 20.199999999999999 0
      vertex 106.40000000000001 40 0
      vertex 106.2 40 0
    endloop
  endfacet
  facet normal 0 0 1
    outer loop
      vertex 106.2 40 0
      vertex 106.40000000000001 40 0
      vertex 106.40000000000001 40.200000000000003 0
    endloop
  endfacet
  facet normal 0 0 1
    outer loop
      vertex 106.2 40 0
      vertex 106.40000000000001 40.200000000000003 0
      vertex 106.2 40.200000000000003 0
    endloop
  endfacet
  facet normal 0 0 1
    outer loop
      vertex 106.2 40.200000000000003 0
      vertex 106.40000000000001 40.200000000000003 0
      vertex 106.40000000000001 60 0
    endloop
  endfacet
  facet normal 0 0 1
    outer loop
      vertex 106.2 40.200000000000003 0
      vertex 106.40000000000001 60 0
      vertex 106.2 60 0
    endloop
  endfacet
  facet normal 0 0 1
    outer loop
      vertex 106.2 60 0
      vertex 106.40000000000001 60 0
      vertex 106.40000000000001 60.200000000000003 0
    endloop
  endfacet
  facet normal 0 0 1
    outer loop
      vertex 106.2 60 0
      vertex 106.40000000000001 60.200000000000003 0
      vertex 106.2 60.200000000000003 0
    endloop
  endfacet
  facet normal 0 0 1
    outer loop
      vertex 106.2 60.200000000000003 0
      vertex 106.40000000000001 60.200000000000003 0
      vertex 106.40000000000001 80 0
    endloop
  endfacet
  facet normal 0 0 1
    outer loop
      vertex 106.2 60.200000000000003 0
      vertex 106.40000000000001 80 0
      vertex 106.2 80 0
    endloop
  endfacet
  facet normal 0 0 1
    outer loop
      vertex 106.2 80 0
      vertex 106.40000000000001 80 0
      vertex 106.40000000000001 80.200000000000003 0
    endloop
  endfacet
  facet normal 0 0 1
    outer loop
      vertex 106.2 80 0
      vertex 106.40000000000001 80.200000000000003 0
      vertex 106.2 80.200000000000003 0
    endloop
  endfacet
  facet normal 0 0 1
    outer loop
      vertex 106.2 80.200000000000003 0
      vertex 106.40000000000001 80.200000000000003 0
      vertex 106.40000000000001 100 0
    endloop
  endfacet
  facet normal 0 0 1
    outer loop
      vertex 106.2 80.200000000000003 0
      vertex 106.40000000000001 100 0
      vertex 106.2 100 0
    endloop
  endfacet
  facet normal 0 0 1
    outer loop
      vertex 106.40000000000001 -100 0
      vertex 106.59999999999999 -100 0
      vertex 106.59999999999999 -80.200000000000003 0
    endloop
  endfacet
  facet normal 0 0 1
    outer loop
      vertex 106.40000000000001 -100 0
      vertex 106.59999999999999 -80.200000000000003 0
      vertex 106.40000000000001 -80.200000000000003 0
    endloop
  endfacet
  facet normal 0 0 1
    outer loop
      vertex 106.40000000000001 -80.200000000000003 0
      vertex 106.59999999999999 -80.200000000000003 0
      vertex 106.59999999999999 -80 0
    endloop
  endfacet
  facet normal 0 0 1
    outer loop
      vertex 106.40000000000001 -80.200000000000003 0
      vertex 106.59999999999999 -80 0
      vertex 106.40000000000001 -80 0
    endloop
  endfacet
  facet normal 0 0 1
    outer loop
      vertex 106.40000000000001 -80 0
      vertex 106.59999999999999 -80 0
      vertex 106.59999999999999 -60.200000000000003 0
    endloop
  endfacet
  facet normal 0 0 1
    outer loop
      vertex 106.40000000000001 -80 0
      vertex 106.59999999999999 -60.200000000000003 0
      vertex 106.40000000000001 -60.200000000000003 0
    endloop
  endfacet
  facet normal 0 0 1
    outer loop
      vertex 106.40000000000001 -60.200000000000003 0
      vertex 106.59999999999999 -60.200000000000003 0
      vertex 106.59999999999999 -60 0
    endloop
  endfacet
  facet normal 0 0 1
    outer loop
      vertex 106.40000000000001 -60.200000000000003 0
      vertex 106.59999999999999 -60 0
      vertex 106.40000000000001 -60 0
    endloop
  endfacet
  facet normal 0 0 1
    outer loop
      vertex 106.40000000000001 -60 0
      vertex 106.59999999999999 -60 0
      vertex 106.59999999999999 -40.200000000000003 0
    endloop
  endfacet
  facet normal 0 0 1
    outer loop
      vertex 106.40000000000001 -60 0
      vertex 106.59999999999999 -40.200000000000003 0
      vertex 106.40000000000001 -40.200000000000003 0
    endloop
  endfacet
  facet normal 0 0 1
    outer loop
      vertex 106.40000000000001 -40.200000000000003 0
      vertex 106.59999999999999 -40.200000000000003 0
      vertex 106.59999999999999 -40 0
    endloop
  endfacet
  facet normal 0.40824829046389333 -0.40824829046386429 0.81649658092771038
    outer loop
      vertex 106.40000000000001 -40.120000000000005 0.040000000000000036
      vertex 106.40000000000001 -40.200000000000003 0
      vertex 106.59999999999999 -40 0
    endloop
  endfacet
  facet normal 0.40824829046387706 -0.40824829046382877 0.81649658092773614
    outer loop
      vertex 106.40000000000001 -40.120000000000005 0.040000000000000036
      vertex 106.59999999999999 -40 0
      vertex 106.52 -40 0.040000000000000036
    endloop
  endfacet
  facet normal 0.44721359549996587 0 0.89442719099991186
    outer loop
      vertex 106.52 -28.120000000000005 0.040000000000000036
      vertex 106.52 -40 0.040000000000000036
      vertex 106.59999999999999 -40 0
    endloop
  endfacet
  facet normal 0.44721359549996587 0 0.89442719099991186
    outer loop
      vertex 106.52 -28.120000000000005 0.040000000000000036
      vertex 106.59999999999999 -40 0
      vertex 106.59999999999999 -20.199999999999999 0
    endloop
  endfacet
  facet normal 0.44721359549996581 -0 0.89442719099991186
    outer loop
      vertex 106.52 -28.120000000000005 0.040000000000000036
      vertex 106.59999999999999 -20.199999999999999 0
      vertex 106.52 -20.199999999999999 0.040000000000000036
    endloop
  endfacet
  facet normal 0.44721359549996587 0 0.89442719099991186
    outer loop
      vertex 106.52 -20.079999999999998 0.040000000000000036
      vertex 106.52 -20.199999999999999 0.040000000000000036
      vertex 106.59999999999999 -20.199999999999999 0
    endloop
  endfacet
  facet normal 0.44721359549996592 0 0.89442719099991186
    outer loop
      vertex 106.52 -20.079999999999998 0.040000000000000036
      vertex 106.59999999999999 -20.199999999999999 0
      vertex 106.59999999999999 -20 0
    endloop
  endfacet
  facet normal -0 0.44721359549996587 0.89442719099991186
    outer loop
      vertex 106.40000000000001 -20.079999999999998 0.040000000000000036
      vertex 106.52 -20.079999999999998 0.040000000000000036
      vertex 106.59999999999999 -20 0
    endloop
  endfacet
  facet normal 0 0.44721359549996592 0.89442719099991186
    outer loop
      vertex 106.40000000000001 -20.079999999999998 0.040000000000000036
      vertex 106.59999999999999 -20 0
      vertex 106.40000000000001 -20 0
    endloop
  endfacet
  facet normal 0 0 1
    outer loop
      vertex 106.40000000000001 -20 0
      vertex 106.59999999999999 -20 0
      vertex 106.59999999999999 -10.199999999999999 0
    endloop
  endfacet
  facet normal 0 0 1
    outer loop
      vertex 106.40000000000001 -20 0
      vertex 106.59999999999999 -10.199999999999999 0
      vertex 106.40000000000001 -10.199999999999999 0
    endloop
  endfacet
  facet normal 0 0 1
    outer loop
      vertex 106.40000000000001 -10.199999999999999 0
      vertex 106.59999999999999 -10.199999999999999 0
      vertex 106.59999999999999 -10 0
    endloop
  endfacet
  facet normal 0.23570226039552772 -0.23570226039551515 0.94280904158206058
    outer loop
      vertex 106.40000000000001 -10.039999999999999 0.040000000000000036
      vertex 106.40000000000001 -10.199999999999999 0
      vertex 106.59999999999999 -10 0
    endloop
  endfacet
  facet normal 0.23570226039552283 -0.23570226039548098 0.94280904158207035
    outer loop
      vertex 106.40000000000001 -10.039999999999999 0.040000000000000036
      vertex 106.59999999999999 -10 0
      vertex 106.44 -10 0.040000000000000036
    endloop
  endfacet
  facet normal 0.24253562503633805 0 0.97014250014533066
    outer loop
      vertex 106.44 -8.0000000000000071 0.040000000000000036
      vertex 106.44 -10 0.040000000000000036
      vertex 106.59999999999999 -10 0
    endloop
  endfacet
  facet normal 0.24253562503633805 0 0.97014250014533066
    outer loop
      vertex 106.44 -8.0000000000000071 0.040000000000000036
      vertex 106.59999999999999 -10 0
      vertex 106.59999999999999 0 0
    endloop
  endfacet
  facet normal 0.24253562503633802 -0 0.97014250014533054
    outer loop
      vertex 106.44 -8.0000000000000071 0.040000000000000036
      vertex 106.59999999999999 0 0
      vertex 106.44 0 0.040000000000000036
    endloop
  endfacet
  facet normal 0.24253562503633805 0 0.97014250014533066
    outer loop
      vertex 106.44 0.039999999999999869 0.040000000000000036
      vertex 106.44 0 0.040000000000000036
      vertex 106.59999999999999 0 0
    endloop
  endfacet
  facet normal 0.24253562503633799 0 0.97014250014533054
    outer loop
      vertex 106.44 0.039999999999999869 0.040000000000000036
      vertex 106.59999999999999 0 0
      vertex 106.59999999999999 0.20000000000000001 0
    endloop
  endfacet
  facet normal -0 0.24253562503633297 0.97014250014533188
    outer loop
      vertex 106.40000000000001 0.039999999999999869 0.040000000000000036
      vertex 106.44 0.039999999999999869 0.040000000000000036
      vertex 106.59999999999999 0.20000000000000001 0
    endloop
  endfacet
  facet normal 0 0.24253562503633294 0.97014250014533177
    outer loop
      vertex 106.40000000000001 0.039999999999999869 0.040000000000000036
      vertex 106.59999999999999 0.20000000000000001 0
      vertex 106.40000000000001 0.20000000000000001 0
    endloop
  endfacet
  facet normal 0 0 1
    outer loop
      vertex 106.40000000000001 0.20000000000000001 0
      vertex 106.59999999999999 0.20000000000000001 0
      vertex 106.59999999999999 10 0
    endloop
  endfacet
  facet normal 0 0 1
    outer loop
      vertex 106.40000000000001 0.20000000000000001 0
      vertex 106.59999999999999 10 0
      vertex 106.40000000000001 10 0
    endloop
  endfacet
  facet normal 0 -0.44721359549995798 0.89442719099991597
    outer loop
      vertex 106.48 10.08 0.040000000000000036
      vertex 106.40000000000001 10 0
      vertex 106.59999999999999 10 0
    endloop
  endfacet
  facet normal 0 -0.44721359549995793 0.89442719099991586
    outer loop
      vertex 106.48 10.08 0.040000000000000036
      vertex 106.59999999999999 10 0
      vertex 106.59999999999999 10.08 0.040000000000000036
    endloop
  endfacet
  facet normal -0.44721359549996598 0 0.89442719099991186
    outer loop
      vertex 106.40000000000001 10 0
      vertex 106.48 10.08 0.040000000000000036
      vertex 106.48 10.199999999999999 0.040000000000000036
    endloop
  endfacet
  facet normal -0.44721359549996592 0 0.89442719099991186
    outer loop
      vertex 106.40000000000001 10 0
      vertex 106.48 10.199999999999999 0.040000000000000036
      vertex 106.40000000000001 10.199999999999999 0
    endloop
  endfacet
  facet normal -0.44721359549996587 0 0.89442719099991186
    outer loop
      vertex 106.48 14.120000000000003 0.040000000000000036
      vertex 106.40000000000001 10.199999999999999 0
      vertex 106.48 10.199999999999999 0.040000000000000036
    endloop
  endfacet
  facet normal -0.44721359549996587 0 0.89442719099991186
    outer loop
      vertex 106.40000000000001 10.199999999999999 0
      vertex 106.48 14.120000000000003 0.040000000000000036
      vertex 106.48 20 0.040000000000000036
    endloop
  endfacet
  facet normal -0.44721359549996592 0 0.89442719099991197
    outer loop
      vertex 106.40000000000001 10.199999999999999 0
      vertex 106.48 20 0.040000000000000036
      vertex 106.40000000000001 20 0
    endloop
  endfacet
  facet normal -0.44721359549996587 0 0.89442719099991186
    outer loop
      vertex 106.48 20.079999999999998 0.040000000000000036
      vertex 106.40000000000001 20 0
      vertex 106.48 20 0.040000000000000036
    endloop
  endfacet
  facet normal -0.44721359549996598 0 0.89442719099991186
    outer loop
      vertex 106.40000000000001 20 0
      vertex 106.48 20.079999999999998 0.040000000000000036
      vertex 106.48 20.199999999999999 0.040000000000000036
    endloop
  endfacet
  facet normal -0.44721359549996592 0 0.89442719099991186
    outer loop
      vertex 106.40000000000001 20 0
      vertex 106.48 20.199999999999999 0.040000000000000036
      vertex 106.40000000000001 20.199999999999999 0
    endloop
  endfacet
  facet normal -0.44721359549996581 0 0.89442719099991186
    outer loop
      vertex 106.48 28.120000000000005 0.040000000000000036
      vertex 106.40000000000001 20.199999999999999 0
      vertex 106.48 20.199999999999999 0.040000000000000036
    endloop
  endfacet
  facet normal -0.44721359549996587 0 0.89442719099991186
    outer loop
      vertex 106.40000000000001 20.199999999999999 0
      vertex 106.48 28.120000000000005 0.040000000000000036
      vertex 106.48 40 0.040000000000000036
    endloop
  endfacet
  facet normal -0.44721359549996587 0 0.89442719099991186
    outer loop
      vertex 106.40000000000001 20.199999999999999 0
      vertex 106.48 40 0.040000000000000036
      vertex 106.40000000000001 40 0
    endloop
  endfacet
  facet normal -0.40824829046387712 0.40824829046382882 0.81649658092773614
    outer loop
      vertex 106.40000000000001 40 0
      vertex 106.48 40 0.040000000000000036
      vertex 106.59999999999999 40.120000000000005 0.040000000000000036
    endloop
  endfacet
  facet normal -0.40824829046389333 0.40824829046386429 0.81649658092771038
    outer loop
      vertex 106.40000000000001 40 0
      vertex 106.59999999999999 40.120000000000005 0.040000000000000036
      vertex 106.59999999999999 40.200000000000003 0
    endloop
  endfacet
  facet normal 0 0 1
    outer loop
      vertex 106.40000000000001 40 0
      vertex 106.59999999999999 40.200000000000003 0
      vertex 106.40000000000001 40.200000000000003 0
    endloop
  endfacet
  facet normal 0 0 1
    outer loop
      vertex 106.40000000000001 40.200000000000003 0
      vertex 106.59999999999999 40.200000000000003 0
      vertex 106.59999999999999 60 0
    endloop
  endfacet
  facet normal 0 0 1
    outer loop
      vertex 106.40000000000001 40.200000000000003 0
      vertex 106.59999999999999 60 0
      vertex 106.40000000000001 60 0
    endloop
  endfacet
  facet normal 0 0 1
    outer loop
      vertex 106.40000000000001 60 0
      vertex 106.59999999999999 60 0
      vertex 106.59999999999999 60.200000000000003 0
    endloop
  endfacet
  facet normal 0 0 1
    outer loop
      vertex 106.40000000000001 60 0
      vertex 106.59999999999999 60.200000000000003 0
      vertex 106.40000000000001 60.200000000000003 0
    endloop
  endfacet
  facet normal 0 0 1
    outer loop
      vertex 106.40000000000001 60.200000000000003 0
      vertex 106.59999999999999 60.200000000000003 0
      vertex 106.59999999999999 80 0
    endloop
  endfacet
  facet normal 0 0 1
    outer loop
      vertex 106.40000000000001 60.200000000000003 0
      vertex 106.59999999999999 80 0
      vertex 106.40000000000001 80 0
    endloop
  endfacet
  facet normal 0 0 1
    outer loop
      vertex 106.59999999999999 -100 0
      vertex 106.8 -100 0
      vertex 106.8 -80.200000000000003 0
    endloop
  endfacet
  facet normal 0 0 1
    outer loop
      vertex 106.59999999999999 -100 0
      vertex 106.8 -80.200000000000003 0
      vertex 106.59999999999999 -80.200000000000003 0
    endloop
  endfacet
  facet normal 0 0 1
    outer loop
      vertex 106.59999999999999 -80.200000000000003 0
      vertex 106.8 -80.200000000000003 0
      vertex 106.8 -80 0
    endloop
  endfacet
  facet normal 0 0 1
    outer loop
      vertex 106.59999999999999 -80.200000000000003 0
      vertex 106.8 -80 0
      vertex 106.59999999999999 -80 0
    endloop
  endfacet
  facet normal 0 0 1
    outer loop
      vertex 106.59999999999999 -80 0
      vertex 106.8 -80 0
      vertex 106.8 -60.200000000000003 0
    endloop
  endfacet
  facet normal 0 0 1
    outer loop
      vertex 106.59999999999999 -80 0
      vertex 106.8 -60.200000000000003 0
      vertex 106.59999999999999 -60.200000000000003 0
    endloop
  endfacet
  facet normal 0 0 1
    outer loop
      vertex 106.59999999999999 -60.200000000000003 0
      vertex 106.8 -60.200000000000003 0
      vertex 106.8 -60 0
    endloop
  endfacet
  facet normal 0 0 1
    outer loop
      vertex 106.59999999999999 -60.200000000000003 0
      vertex 106.8 -60 0
      vertex 106.59999999999999 -60 0
    endloop
  endfacet
  facet normal 0 0 1
    outer loop
      vertex 106.59999999999999 -60 0
      vertex 106.8 -60 0
      vertex 106.8 -40.200000000000003 0
    endloop
  endfacet
  facet normal 0 0 1
    outer loop
      vertex 106.59999999999999 -60 0
      vertex 106.8 -40.200000000000003 0
      vertex 106.59999999999999 -40.200000000000003 0
    endloop
  endfacet
  facet normal 0 0 1
    outer loop
      vertex 106.59999999999999 -40.200000000000003 0
      vertex 106.8 -40.200000000000003 0
      vertex 106.8 -40 0
    endloop
  endfacet
  facet normal 0 0 1
    outer loop
      vertex 106.59999999999999 -40.200000000000003 0
      vertex 106.8 -40 0
      vertex 106.59999999999999 -40 0
    endloop
  endfacet
  facet normal 0 0 1
    outer loop
      vertex 106.59999999999999 -40 0
      vertex 106.8 -40 0
      vertex 106.8 -20.199999999999999 0
    endloop
  endfacet
  facet normal 0 0 1
    outer loop
      vertex 106.59999999999999 -40 0
      vertex 106.8 -20.199999999999999 0
      vertex 106.59999999999999 -20.199999999999999 0
    endloop
  endfacet
  facet normal 0 0 1
    outer loop
      vertex 106.59999999999999 -20.199999999999999 0
      vertex 106.8 -20.199999999999999 0
      vertex 106.8 -20 0
    endloop
  endfacet
  facet normal 0 0 1
    outer loop
      vertex 106.59999999999999 -20.199999999999999 0
      vertex 106.8 -20 0
      vertex 106.59999999999999 -20 0
    endloop
  endfacet
  facet normal 0 0 1
    outer loop
      vertex 106.59999999999999 -20 0
      vertex 106.8 -20 0
      vertex 106.8 -10.199999999999999 0
    endloop
  endfacet
  facet normal 0 0 1
    outer loop
      vertex 106.59999999999999 -20 0
      vertex 106.8 -10.199999999999999 0
      vertex 106.59999999999999 -10.199999999999999 0
    endloop
  endfacet
  facet normal 0 0 1
    outer loop
      vertex 106.59999999999999 -10.199999999999999 0
      vertex 106.8 -10.199999999999999 0
      vertex 106.8 -10 0
    endloop
  endfacet
  facet normal 0 0 1
    outer loop
      vertex 106.59999999999999 -10.199999999999999 0
      vertex 106.8 -10 0
      vertex 106.59999999999999 -10 0
    endloop
  endfacet
  facet normal 0 0 1
    outer loop
      vertex 106.59999999999999 -10 0
      vertex 106.8 -10 0
      vertex 106.8 0 0
    endloop
  endfacet
  facet normal 0 0 1
    outer loop
      vertex 106.59999999999999 -10 0
      vertex 106.8 0 0
      vertex 106.59999999999999 0 0
    endloop
  endfacet
  facet normal 0 0 1
    outer loop
      vertex 106.59999999999999 0 0
      vertex 106.8 0 0
      vertex 106.8 0.20000000000000001 0
    endloop
  endfacet
  facet normal 0 0 1
    outer loop
      vertex 106.59999999999999 0 0
      vertex 106.8 0.20000000000000001 0
      vertex 106.59999999999999 0.20000000000000001 0
    endloop
  endfacet
  facet normal 0 0 1
    outer loop
      vertex 106.59999999999999 0.20000000000000001 0
      vertex 106.8 0.20000000000000001 0
      vertex 106.8 10 0
    endloop
  endfacet
  facet normal 0 0 1
    outer loop
      vertex 106.59999999999999 0.20000000000000001 0
      vertex 106.8 10 0
      vertex 106.59999999999999 10 0
    endloop
  endfacet
  facet normal 0 -0.44721359549995793 0.89442719099991586
    outer loop
      vertex 106.67999999999999 10.08 0.040000000000000036
      vertex 106.59999999999999 10 0
      vertex 106.8 10 0
    endloop
  endfacet
  facet normal 0 -0.44721359549995793 0.89442719099991586
    outer loop
      vertex 106.67999999999999 10.08 0.040000000000000036
      vertex 106.8 10 0
      vertex 106.8 10.08 0.040000000000000036
    endloop
  endfacet
  facet normal 0 -0.44721359549995793 0.89442719099991586
    outer loop
      vertex 106.59999999999999 10.08 0.040000000000000036
      vertex 106.59999999999999 10 0
      vertex 106.67999999999999 10.08 0.040000000000000036
    endloop
  endfacet
  facet normal -0 0.44721359549996587 0.89442719099991186
    outer loop
      vertex 106.72 40.120000000000005 0.040000000000000036
      vertex 106.8 40.120000000000005 0.040000000000000036
      vertex 106.8 40.200000000000003 0
    endloop
  endfacet
  facet normal -0 0.44721359549996592 0.89442719099991197
    outer loop
      vertex 106.59999999999999 40.120000000000005 0.040000000000000036
      vertex 106.72 40.120000000000005 0.040000000000000036
      vertex 106.8 40.200000000000003 0
    endloop
  endfacet
  facet normal 0 0.44721359549996592 0.89442719099991186
    outer loop
      vertex 106.59999999999999 40.120000000000005 0.040000000000000036
      vertex 106.8 40.200000000000003 0
      vertex 106.59999999999999 40.200000000000003 0
    endloop
  endfacet
  facet normal 0 0 1
    outer loop
      vertex 106.59999999999999 40.200000000000003 0
      vertex 106.8 40.200000000000003 0
      vertex 106.8 60 0
    endloop
  endfacet
  facet normal 0 0 1
    outer loop
      vertex 106.59999999999999 40.200000000000003 0
      vertex 106.8 60 0
      vertex 106.59999999999999 60 0
    endloop
  endfacet
  facet normal 0 0 1
    outer loop
      vertex 106.59999999999999 60 0
      vertex 106.8 60 0
      vertex 106.8 60.200000000000003 0
    endloop
  endfacet
  facet normal 0 0 1
    outer loop
      vertex 106.59999999999999 60 0
      vertex 106.8 60.200000000000003 0
      vertex 106.59999999999999 60.200000000000003 0
    endloop
  endfacet
  facet normal 0 0 1
    outer loop
      vertex 106.59999999999999 60.200000000000003 0
      vertex 106.8 60.200000000000003 0
      vertex 106.8 80 0
    endloop
  endfacet
  facet normal 0 0 1
    outer loop
      vertex 106.59999999999999 60.200000000000003 0
      vertex 106.8 80 0
      vertex 106.59999999999999 80 0
    endloop
  endfacet
  facet normal 0 0 1
    outer loop
      vertex 106.8 -100 0
      vertex 107 -100 0
      vertex 107 -80.200000000000003 0
    endloop
  endfacet
  facet normal 0 0 1
    outer loop
      vertex 106.8 -100 0
      vertex 107 -80.200000000000003 0
      vertex 106.8 -80.200000000000003 0
    endloop
  endfacet
  facet normal 0 0 1
    outer loop
      vertex 106.8 -80.200000000000003 0
      vertex 107 -80.200000000000003 0
      vertex 107 -80 0
    endloop
  endfacet
  facet normal 0 0 1
    outer loop
      vertex 106.8 -80.200000000000003 0
      vertex 107 -80 0
      vertex 106.8 -80 0
    endloop
  endfacet
  facet normal 0 0 1
    outer loop
      vertex 106.8 -80 0
      vertex 107 -80 0
      vertex 107 -60.200000000000003 0
    endloop
  endfacet
  facet normal 0 0 1
    outer loop
      vertex 106.8 -80 0
      vertex 107 -60.200000000000003 0
      vertex 106.8 -60.200000000000003 0
    endloop
  endfacet
  facet normal 0 0 1
    outer loop
      vertex 106.8 -60.200000000000003 0
      vertex 107 -60.200000000000003 0
      vertex 107 -60 0
    endloop
  endfacet
  facet normal 0 0 1
    outer loop
      vertex 106.8 -60.200000000000003 0
      vertex 107 -60 0
      vertex 106.8 -60 0
    endloop
  endfacet
  facet normal 0 0 1
    outer loop
      vertex 106.8 -60 0
      vertex 107 -60 0
      vertex 107 -40.200000000000003 0
    endloop
  endfacet
  facet normal 0 0 1
    outer loop
      vertex 106.8 -60 0
      vertex 107 -40.200000000000003 0
      vertex 106.8 -40.200000000000003 0
    endloop
  endfacet
  facet normal 0 0 1
    outer loop
      vertex 106.8 -40.200000000000003 0
      vertex 107 -40.200000000000003 0
      vertex 107 -40 0
    endloop
  endfacet
  facet normal 0 0 1
    outer loop
      vertex 106.8 -40.200000000000003 0
      vertex 107 -40 0
      vertex 106.8 -40 0
    endloop
  endfacet
  facet normal 0 0 1
    outer loop
      vertex 106.8 -40 0
      vertex 107 -40 0
      vertex 107 -20.199999999999999 0
    endloop
  endfacet
  facet normal 0 0 1
    outer loop
      vertex 106.8 -40 0
      vertex 107 -20.199999999999999 0
      vertex 106.8 -20.199999999999999 0
    endloop
  endfacet
  facet normal 0 0 1
    outer loop
      vertex 106.8 -20.199999999999999 0
      vertex 107 -20.199999999999999 0
      vertex 107 -20 0
    endloop
  endfacet
  facet normal 0 0 1
    outer loop
      vertex 106.8 -20.199999999999999 0
      vertex 107 -20 0
      vertex 106.8 -20 0
    endloop
  endfacet
  facet normal 0 0 1
    outer loop
      vertex 106.8 -20 0
      vertex 107 -20 0
      vertex 107 -10.199999999999999 0
    endloop
  endfacet
  facet normal 0 0 1
    outer loop
      vertex 106.8 -20 0
      vertex 107 -10.199999999999999 0
      vertex 106.8 -10.199999999999999 0
    endloop
  endfacet
  facet normal 0 0 1
    outer loop
      vertex 106.8 -10.199999999999999 0
      vertex 107 -10.199999999999999 0
      vertex 107 -10 0
    endloop
  endfacet
  facet normal 0 0 1
    outer loop
      vertex 106.8 -10.199999999999999 0
      vertex 107 -10 0
      vertex 106.8 -10 0
    endloop
  endfacet
  facet normal 0 0 1
    outer loop
      vertex 106.8 -10 0
      vertex 107 -10 0
      vertex 107 0 0
    endloop
  endfacet
  facet normal 0 0 1
    outer loop
      vertex 106.8 -10 0
      vertex 107 0 0
      vertex 106.8 0 0
    endloop
  endfacet
  facet normal 0 0 1
    outer loop
      vertex 106.8 0 0
      vertex 107 0 0
      vertex 107 0.20000000000000001 0
    endloop
  endfacet
  facet normal 0 0 1
    outer loop
      vertex 106.8 0 0
      vertex 107 0.20000000000000001 0
      vertex 106.8 0.20000000000000001 0
    endloop
  endfacet
  facet normal 0 0 1
    outer loop
      vertex 106.8 0.20000000000000001 0
      vertex 107 0.20000000000000001 0
      vertex 107 10 0
    endloop
  endfacet
  facet normal 0 0 1
    outer loop
      vertex 106.8 0.20000000000000001 0
      vertex 107 10 0
      vertex 106.8 10 0
    endloop
  endfacet
  facet normal 0 -0.44721359549995793 0.89442719099991586
    outer loop
      vertex 106.88 10.08 0.040000000000000036
      vertex 106.8 10 0
      vertex 107 10 0
    endloop
  endfacet
  facet normal 0 -0.44721359549995793 0.89442719099991586
    outer loop
      vertex 106.88 10.08 0.040000000000000036
      vertex 107 10 0
      vertex 107 10.08 0.040000000000000036
    endloop
  endfacet
  facet normal 0 -0.44721359549995793 0.89442719099991586
    outer loop
      vertex 106.8 10.08 0.040000000000000036
      vertex 106.8 10 0
      vertex 106.88 10.08 0.040000000000000036
    endloop
  endfacet
  facet normal -0 0.44721359549996587 0.89442719099991186
    outer loop
      vertex 106.92 40.120000000000005 0.040000000000000036
      vertex 107 40.120000000000005 0.040000000000000036
      vertex 107 40.200000000000003 0
    endloop
  endfacet
  facet normal -0 0.44721359549996592 0.89442719099991197
    outer loop
      vertex 106.8 40.120000000000005 0.040000000000000036
      vertex 106.92 40.120000000000005 0.040000000000000036
      vertex 107 40.200000000000003 0
    endloop
  endfacet
  facet normal 0 0.44721359549996592 0.89442719099991186
    outer loop
      vertex 106.8 40.120000000000005 0.040000000000000036
      vertex 107 40.200000000000003 0
      vertex 106.8 40.200000000000003 0
    endloop
  endfacet
  facet normal 0 0 1
    outer loop
      vertex 106.8 40.200000000000003 0
      vertex 107 40.200000000000003 0
      vertex 107 60 0
    endloop
  endfacet
  facet normal 0 0 1
    outer loop
      vertex 106.8 40.200000000000003 0
      vertex 107 60 0
      vertex 106.8 60 0
    endloop
  endfacet
  facet normal 0 0 1
    outer loop
      vertex 106.8 60 0
      vertex 107 60 0
      vertex 107 60.200000000000003 0
    endloop
  endfacet
  facet normal 0 0 1
    outer loop
      vertex 106.8 60 0
      vertex 107 60.200000000000003 0
      vertex 106.8 60.200000000000003 0
    endloop
  endfacet
  facet normal 0 0 1
    outer loop
      vertex 106.8 60.200000000000003 0
      vertex 107 60.200000000000003 0
      vertex 107 80 0
    endloop
  endfacet
  facet normal 0 0 1
    outer loop
      vertex 106.8 60.200000000000003 0
      vertex 107 80 0
      vertex 106.8 80 0
    endloop
  endfacet
  facet normal 0 0 1
    outer loop
      vertex 107 -100 0
      vertex 107.2 -100 0
      vertex 107.2 -80.200000000000003 0
    endloop
  endfacet
  facet normal 0 0 1
    outer loop
      vertex 107 -100 0
      vertex 107.2 -80.200000000000003 0
      vertex 107 -80.200000000000003 0
    endloop
  endfacet
  facet normal 0 0 1
    outer loop
      vertex 107 -80.200000000000003 0
      vertex 107.2 -80.200000000000003 0
      vertex 107.2 -80 0
    endloop
  endfacet
  facet normal 0 0 1
    outer loop
      vertex 107 -80.200000000000003 0
      vertex 107.2 -80 0
      vertex 107 -80 0
    endloop
  endfacet
  facet normal 0 0 1
    outer loop
      vertex 107 -80 0
      vertex 107.2 -80 0
      vertex 107.2 -60.200000000000003 0
    endloop
  endfacet
  facet normal 0 0 1
    outer loop
      vertex 107 -80 0
      vertex 107.2 -60.200000000000003 0
      vertex 107 -60.200000000000003 0
    endloop
  endfacet
  facet normal 0 0 1
    outer loop
      vertex 107 -60.200000000000003 0
      vertex 107.2 -60.200000000000003 0
      vertex 107.2 -60 0
    endloop
  endfacet
  facet normal 0 0 1
    outer loop
      vertex 107 -60.200000000000003 0
      vertex 107.2 -60 0
      vertex 107 -60 0
    endloop
  endfacet
  facet normal 0 0 1
    outer loop
      vertex 107 -60 0
      vertex 107.2 -60 0
      vertex 107.2 -40.200000000000003 0
    endloop
  endfacet
  facet normal 0 0 1
    outer loop
      vertex 107 -60 0
      vertex 107.2 -40.200000000000003 0
      vertex 107 -40.200000000000003 0
    endloop
  endfacet
  facet normal 0 0 1
    outer loop
      vertex 107 -40.200000000000003 0
      vertex 107.2 -40.200000000000003 0
      vertex 107.2 -40 0
    endloop
  endfacet
  facet normal 0 0 1
    outer loop
      vertex 107 -40.200000000000003 0
      vertex 107.2 -40 0
      vertex 107 -40 0
    endloop
  endfacet
  facet normal 0 0 1
    outer loop
      vertex 107 -40 0
      vertex 107.2 -40 0
      vertex 107.2 -20.199999999999999 0
    endloop
  endfacet
  facet normal 0 0 1
    outer loop
      vertex 107 -40 0
      vertex 107.2 -20.199999999999999 0
      vertex 107 -20.199999999999999 0
    endloop
  endfacet
  facet normal 0 0 1
    outer loop
      vertex 107 -20.199999999999999 0
      vertex 107.2 -20.199999999999999 0
      vertex 107.2 -20 0
    endloop
  endfacet
  facet normal 0 0 1
    outer loop
      vertex 107 -20.199999999999999 0
      vertex 107.2 -20 0
      vertex 107 -20 0
    endloop
  endfacet
  facet normal 0 0 1
    outer loop
      vertex 107 -20 0
      vertex 107.2 -20 0
      vertex 107.2 -10.199999999999999 0
    endloop
  endfacet
  facet normal 0 0 1
    outer loop
      vertex 107 -20 0
      vertex 107.2 -10.199999999999999 0
      vertex 107 -10.199999999999999 0
    endloop
  endfacet
  facet normal 0 0 1
    outer loop
      vertex 107 -10.199999999999999 0
      vertex 107.2 -10.199999999999999 0
      vertex 107.2 -10 0
    endloop
  endfacet
  facet normal 0 0 1
    outer loop
      vertex 107 -10.199999999999999 0
      vertex 107.2 -10 0
      vertex 107 -10 0
    endloop
  endfacet
  facet normal 0 0 1
    outer loop
      vertex 107 -10 0
      vertex 107.2 -10 0
      vertex 107.2 0 0
    endloop
  endfacet
  facet normal 0 0 1
    outer loop
      vertex 107 -10 0
      vertex 107.2 0 0
      vertex 107 0 0
    endloop
  endfacet
  facet normal 0 0 1
    outer loop
      vertex 107 0 0
      vertex 107.2 0 0
      vertex 107.2 0.20000000000000001 0
    endloop
  endfacet
  facet normal 0 0 1
    outer loop
      vertex 107 0 0
      vertex 107.2 0.20000000000000001 0
      vertex 107 0.20000000000000001 0
    endloop
  endfacet
  facet normal 0 0 1
    outer loop
      vertex 107 0.20000000000000001 0
      vertex 107.2 0.20000000000000001 0
      vertex 107.2 10 0
    endloop
  endfacet
  facet normal 0 0 1
    outer loop
      vertex 107 0.20000000000000001 0
      vertex 107.2 10 0
      vertex 107 10 0
    endloop
  endfacet
  facet normal 0 -0.44721359549995793 0.89442719099991586
    outer loop
      vertex 107.08 10.08 0.040000000000000036
      vertex 107 10 0
      vertex 107.2 10 0
    endloop
  endfacet
  facet normal 0 -0.44721359549995793 0.89442719099991586
    outer loop
      vertex 107.08 10.08 0.040000000000000036
      vertex 107.2 10 0
      vertex 107.2 10.08 0.040000000000000036
    endloop
  endfacet
  facet normal 0 -0.44721359549995793 0.89442719099991586
    outer loop
      vertex 107 10.08 0.040000000000000036
      vertex 107 10 0
      vertex 107.08 10.08 0.040000000000000036
    endloop
  endfacet
  facet normal -0 0.44721359549996587 0.89442719099991186
    outer loop
      vertex 107.12 40.120000000000005 0.040000000000000036
      vertex 107.2 40.120000000000005 0.040000000000000036
      vertex 107.2 40.200000000000003 0
    endloop
  endfacet
  facet normal -0 0.44721359549996592 0.89442719099991197
    outer loop
      vertex 107 40.120000000000005 0.040000000000000036
      vertex 107.12 40.120000000000005 0.040000000000000036
      vertex 107.2 40.200000000000003 0
    endloop
  endfacet
  facet normal 0 0.44721359549996592 0.89442719099991186
    outer loop
      vertex 107 40.120000000000005 0.040000000000000036
      vertex 107.2 40.200000000000003 0
      vertex 107 40.200000000000003 0
    endloop
  endfacet
  facet normal 0 0 1
    outer loop
      vertex 107 40.200000000000003 0
      vertex 107.2 40.200000000000003 0
      vertex 107.2 60 0
    endloop
  endfacet
  facet normal 0 0 1
    outer loop
      vertex 107 40.200000000000003 0
      vertex 107.2 60 0
      vertex 107 60 0
    endloop
  endfacet
  facet normal 0 0 1
    outer loop
      vertex 107 60 0
      vertex 107.2 60 0
      vertex 107.2 60.200000000000003 0
    endloop
  endfacet
  facet normal 0 0 1
    outer loop
      vertex 107 60 0
      vertex 107.2 60.200000000000003 0
      vertex 107 60.200000000000003 0
    endloop
  endfacet
  facet normal 0 0 1
    outer loop
      vertex 107 60.200000000000003 0
      vertex 107.2 60.200000000000003 0
      vertex 107.2 80 0
    endloop
  endfacet
  facet normal 0 0 1
    outer loop
      vertex 107 60.200000000000003 0
      vertex 107.2 80 0
      vertex 107 80 0
    endloop
  endfacet
  facet normal 0 0 1
    outer loop
      vertex 107.2 -80.200000000000003 0
      vertex 107.40000000000001 -80 0
      vertex 107.2 -80 0
    endloop
  endfacet
  facet normal 0 0 1
    outer loop
      vertex 107.2 -80 0
      vertex 107.40000000000001 -80 0
      vertex 107.40000000000001 -60.200000000000003 0
    endloop
  endfacet
  facet normal 0 0 1
    outer loop
      vertex 107.2 -80 0
      vertex 107.40000000000001 -60.200000000000003 0
      vertex 107.2 -60.200000000000003 0
    endloop
  endfacet
  facet normal 0 0 1
    outer loop
      vertex 107.2 -40.200000000000003 0
      vertex 107.40000000000001 -40 0
      vertex 107.2 -40 0
    endloop
  endfacet
  facet normal 0 0 1
    outer loop
      vertex 107.2 -40 0
      vertex 107.40000000000001 -40 0
      vertex 107.40000000000001 -20.199999999999999 0
    endloop
  endfacet
  facet normal 0 0 1
    outer loop
      vertex 107.2 -40 0
      vertex 107.40000000000001 -20.199999999999999 0
      vertex 107.2 -20.199999999999999 0
    endloop
  endfacet
  facet normal 0 -0.44721359549996592 0.89442719099991186
    outer loop
      vertex 107.28 -20.120000000000001 0.040000000000000036
      vertex 107.2 -20.199999999999999 0
      vertex 107.40000000000001 -20.199999999999999 0
    endloop
  endfacet
  facet normal 0 -0.44721359549996592 0.89442719099991197
    outer loop
      vertex 107.28 -20.120000000000001 0.040000000000000036
      vertex 107.40000000000001 -20.199999999999999 0
      vertex 107.40000000000001 -20.120000000000001 0.040000000000000036
    endloop
  endfacet
  facet normal -0.44721359549996598 0 0.89442719099991186
    outer loop
      vertex 107.2 -20.199999999999999 0
      vertex 107.28 -20.120000000000001 0.040000000000000036
      vertex 107.28 -20 0.040000000000000036
    endloop
  endfacet
  facet normal -0.44721359549996592 0 0.89442719099991186
    outer loop
      vertex 107.2 -20.199999999999999 0
      vertex 107.28 -20 0.040000000000000036
      vertex 107.2 -20 0
    endloop
  endfacet
  facet normal -0.44721359549996592 0 0.89442719099991186
    outer loop
      vertex 107.28 -16.079999999999998 0.040000000000000036
      vertex 107.2 -20 0
      vertex 107.28 -20 0.040000000000000036
    endloop
  endfacet
  facet normal -0.44721359549996581 0 0.89442719099991175
    outer loop
      vertex 107.2 -20 0
      vertex 107.28 -16.079999999999995 0.040000000000000036
      vertex 107.28 -10.199999999999999 0.040000000000000036
    endloop
  endfacet
  facet normal -0.44721359549996592 0 0.89442719099991197
    outer loop
      vertex 107.2 -20 0
      vertex 107.28 -10.199999999999999 0.040000000000000036
      vertex 107.2 -10.199999999999999 0
    endloop
  endfacet
  facet normal -0.40824829046386601 0.40824829046388428 0.81649658092771393
    outer loop
      vertex 107.2 -10.199999999999999 0
      vertex 107.28 -10.199999999999999 0.040000000000000036
      vertex 107.40000000000001 -10.08 0.040000000000000036
    endloop
  endfacet
  facet normal -0.40824829046385702 0.40824829046386429 0.81649658092772837
    outer loop
      vertex 107.2 -10.199999999999999 0
      vertex 107.40000000000001 -10.08 0.040000000000000036
      vertex 107.40000000000001 -10 0
    endloop
  endfacet
  facet normal 0 0 1
    outer loop
      vertex 107.2 -10.199999999999999 0
      vertex 107.40000000000001 -10 0
      vertex 107.2 -10 0
    endloop
  endfacet
  facet normal 0 0 1
    outer loop
      vertex 107.2 -10 0
      vertex 107.40000000000001 -10 0
      vertex 107.40000000000001 0 0
    endloop
  endfacet
  facet normal 0 0 1
    outer loop
      vertex 107.2 -10 0
      vertex 107.40000000000001 0 0
      vertex 107.2 0 0
    endloop
  endfacet
  facet normal 0 0 1
    outer loop
      vertex 107.2 0 0
      vertex 107.40000000000001 0 0
      vertex 107.40000000000001 0.20000000000000001 0
    endloop
  endfacet
  facet normal 0 0 1
    outer loop
      vertex 107.2 0 0
      vertex 107.40000000000001 0.20000000000000001 0
      vertex 107.2 0.20000000000000001 0
    endloop
  endfacet
  facet normal 0 0 1
    outer loop
      vertex 107.2 0.20000000000000001 0
      vertex 107.40000000000001 0.20000000000000001 0
      vertex 107.40000000000001 10 0
    endloop
  endfacet
  facet normal 0 0 1
    outer loop
      vertex 107.2 0.20000000000000001 0
      vertex 107.40000000000001 10 0
      vertex 107.2 10 0
    endloop
  endfacet
  facet normal 0 0 1
    outer loop
      vertex 107.2 10 0
      vertex 107.40000000000001 10 0
      vertex 107.40000000000001 10.199999999999999 0
    endloop
  endfacet
  facet normal 0.40824829046385697 -0.40824829046386418 0.81649658092772837
    outer loop
      vertex 107.2 10.08 0.040000000000000036
      vertex 107.2 10 0
      vertex 107.40000000000001 10.199999999999999 0
    endloop
  endfacet
  facet normal 0.40824829046386601 -0.40824829046388417 0.81649658092771393
    outer loop
      vertex 107.2 10.08 0.040000000000000036
      vertex 107.40000000000001 10.199999999999999 0
      vertex 107.32000000000001 10.199999999999999 0.040000000000000036
    endloop
  endfacet
  facet normal 0.44721359549996587 0 0.89442719099991186
    outer loop
      vertex 107.32000000000001 16.079999999999995 0.040000000000000036
      vertex 107.32000000000001 10.199999999999999 0.040000000000000036
      vertex 107.40000000000001 10.199999999999999 0
    endloop
  endfacet
  facet normal 0.44721359549996587 0 0.89442719099991197
    outer loop
      vertex 107.32000000000001 16.079999999999995 0.040000000000000036
      vertex 107.40000000000001 10.199999999999999 0
      vertex 107.40000000000001 20 0
    endloop
  endfacet
  facet normal 0.44721359549996592 -0 0.89442719099991186
    outer loop
      vertex 107.32000000000001 16.079999999999998 0.040000000000000036
      vertex 107.40000000000001 20 0
      vertex 107.32000000000001 20 0.040000000000000036
    endloop
  endfacet
  facet normal 0.44721359549996587 0 0.89442719099991186
    outer loop
      vertex 107.32000000000001 20.120000000000001 0.040000000000000036
      vertex 107.32000000000001 20 0.040000000000000036
      vertex 107.40000000000001 20 0
    endloop
  endfacet
  facet normal 0.44721359549996592 0 0.89442719099991186
    outer loop
      vertex 107.32000000000001 20.120000000000001 0.040000000000000036
      vertex 107.40000000000001 20 0
      vertex 107.40000000000001 20.199999999999999 0
    endloop
  endfacet
  facet normal 0.44721359549996587 -0 0.89442719099991186
    outer loop
      vertex 107.32000000000001 20.120000000000001 0.040000000000000036
      vertex 107.40000000000001 20.199999999999999 0
      vertex 107.32000000000001 20.199999999999999 0.040000000000000036
    endloop
  endfacet
  facet normal 0.44721359549996598 0 0.89442719099991197
    outer loop
      vertex 107.32000000000001 32.079999999999991 0.040000000000000036
      vertex 107.32000000000001 20.199999999999999 0.040000000000000036
      vertex 107.40000000000001 20.199999999999999 0
    endloop
  endfacet
  facet normal 0.44721359549996587 0 0.89442719099991186
    outer loop
      vertex 107.32000000000001 32.079999999999991 0.040000000000000036
      vertex 107.40000000000001 20.199999999999999 0
      vertex 107.40000000000001 40 0
    endloop
  endfacet
  facet normal 0.44721359549996592 -0 0.89442719099991186
    outer loop
      vertex 107.32000000000001 32.079999999999991 0.040000000000000036
      vertex 107.40000000000001 40 0
      vertex 107.32000000000001 40 0.040000000000000036
    endloop
  endfacet
  facet normal 0.44721359549996592 0 0.89442719099991197
    outer loop
      vertex 107.32000000000001 40.120000000000005 0.040000000000000036
      vertex 107.32000000000001 40 0.040000000000000036
      vertex 107.40000000000001 40 0
    endloop
  endfacet
  facet normal 0.44721359549996592 0 0.89442719099991186
    outer loop
      vertex 107.32000000000001 40.120000000000005 0.040000000000000036
      vertex 107.40000000000001 40 0
      vertex 107.40000000000001 40.200000000000003 0
    endloop
  endfacet
  facet normal -0 0.44721359549996592 0.89442719099991197
    outer loop
      vertex 107.2 40.120000000000005 0.040000000000000036
      vertex 107.32000000000001 40.120000000000005 0.040000000000000036
      vertex 107.40000000000001 40.200000000000003 0
    endloop
  endfacet
  facet normal 0 0.44721359549996592 0.89442719099991186
    outer loop
      vertex 107.2 40.120000000000005 0.040000000000000036
      vertex 107.40000000000001 40.200000000000003 0
      vertex 107.2 40.200000000000003 0
    endloop
  endfacet
  facet normal 0 0 1
    outer loop
      vertex 107.2 40.200000000000003 0
      vertex 107.40000000000001 40.200000000000003 0
      vertex 107.40000000000001 60 0
    endloop
  endfacet
  facet normal 0 0 1
    outer loop
      vertex 107.2 40.200000000000003 0
      vertex 107.40000000000001 60 0
      vertex 107.2 60 0
    endloop
  endfacet
  facet normal 0 0 1
    outer loop
      vertex 107.2 60 0
      vertex 107.40000000000001 60 0
      vertex 107.40000000000001 60.200000000000003 0
    endloop
  endfacet
  facet normal 0 0 1
    outer loop
      vertex 107.2 60 0
      vertex 107.40000000000001 60.200000000000003 0
      vertex 107.2 60.200000000000003 0
    endloop
  endfacet
  facet normal 0 0 1
    outer loop
      vertex 107.2 60.200000000000003 0
      vertex 107.40000000000001 60.200000000000003 0
      vertex 107.40000000000001 80 0
    endloop
  endfacet
  facet normal 0 0 1
    outer loop
      vertex 107.2 60.200000000000003 0
      vertex 107.40000000000001 80 0
      vertex 107.2 80 0
    endloop
  endfacet
  facet normal 0 0 1
    outer loop
      vertex 107.2 80 0
      vertex 107.40000000000001 80 0
      vertex 107.40000000000001 80.200000000000003 0
    endloop
  endfacet
  facet normal 0 0 1
    outer loop
      vertex 107.40000000000001 -80 0
      vertex 107.59999999999999 -80 0
      vertex 107.59999999999999 -60.200000000000003 0
    endloop
  endfacet
  facet normal 0 0 1
    outer loop
      vertex 107.40000000000001 -80 0
      vertex 107.59999999999999 -60.200000000000003 0
      vertex 107.40000000000001 -60.200000000000003 0
    endloop
  endfacet
  facet normal 0 0 1
    outer loop
      vertex 107.40000000000001 -40 0
      vertex 107.59999999999999 -40 0
      vertex 107.59999999999999 -20.199999999999999 0
    endloop
  endfacet
  facet normal 0 0 1
    outer loop
      vertex 107.40000000000001 -40 0
      vertex 107.59999999999999 -20.199999999999999 0
      vertex 107.40000000000001 -20.199999999999999 0
    endloop
  endfacet
  facet normal 0 -0.44721359549996587 0.89442719099991197
    outer loop
      vertex 107.48 -20.120000000000001 0.040000000000000036
      vertex 107.40000000000001 -20.199999999999999 0
      vertex 107.59999999999999 -20.199999999999999 0
    endloop
  endfacet
  facet normal 0 -0.44721359549996587 0.89442719099991186
    outer loop
      vertex 107.48 -20.120000000000001 0.040000000000000036
      vertex 107.59999999999999 -20.199999999999999 0
      vertex 107.59999999999999 -20.120000000000001 0.040000000000000036
    endloop
  endfacet
  facet normal 0 -0.44721359549996587 0.89442719099991186
    outer loop
      vertex 107.40000000000001 -20.120000000000001 0.040000000000000036
      vertex 107.40000000000001 -20.199999999999999 0
      vertex 107.48 -20.120000000000001 0.040000000000000036
    endloop
  endfacet
  facet normal -0 0.44721359549995793 0.89442719099991586
    outer loop
      vertex 107.52 -10.08 0.040000000000000036
      vertex 107.59999999999999 -10.08 0.040000000000000036
      vertex 107.59999999999999 -10 0
    endloop
  endfacet
  facet normal -0 0.44721359549995793 0.89442719099991586
    outer loop
      vertex 107.40000000000001 -10.08 0.040000000000000036
      vertex 107.52 -10.08 0.040000000000000036
      vertex 107.59999999999999 -10 0
    endloop
  endfacet
  facet normal 0 0.44721359549995798 0.89442719099991597
    outer loop
      vertex 107.40000000000001 -10.08 0.040000000000000036
      vertex 107.59999999999999 -10 0
      vertex 107.40000000000001 -10 0
    endloop
  endfacet
  facet normal 0 0 1
    outer loop
      vertex 107.40000000000001 -10 0
      vertex 107.59999999999999 -10 0
      vertex 107.59999999999999 0 0
    endloop
  endfacet
  facet normal 0 0 1
    outer loop
      vertex 107.40000000000001 -10 0
      vertex 107.59999999999999 0 0
      vertex 107.40000000000001 0 0
    endloop
  endfacet
  facet normal 0 0 1
    outer loop
      vertex 107.40000000000001 0 0
      vertex 107.59999999999999 0 0
      vertex 107.59999999999999 0.20000000000000001 0
    endloop
  endfacet
  facet normal 0 0 1
    outer loop
      vertex 107.40000000000001 0 0
      vertex 107.59999999999999 0.20000000000000001 0
      vertex 107.40000000000001 0.20000000000000001 0
    endloop
  endfacet
  facet normal 0 0 1
    outer loop
      vertex 107.40000000000001 0.20000000000000001 0
      vertex 107.59999999999999 0.20000000000000001 0
      vertex 107.59999999999999 10 0
    endloop
  endfacet
  facet normal 0 0 1
    outer loop
      vertex 107.40000000000001 0.20000000000000001 0
      vertex 107.59999999999999 10 0
      vertex 107.40000000000001 10 0
    endloop
  endfacet
  facet normal 0 0 1
    outer loop
      vertex 107.40000000000001 10 0
      vertex 107.59999999999999 10 0
      vertex 107.59999999999999 10.199999999999999 0
    endloop
  endfacet
  facet normal 0 0 1
    outer loop
      vertex 107.40000000000001 10 0
      vertex 107.59999999999999 10.199999999999999 0
      vertex 107.40000000000001 10.199999999999999 0
    endloop
  endfacet
  facet normal 0 0 1
    outer loop
      vertex 107.40000000000001 10.199999999999999 0
      vertex 107.59999999999999 10.199999999999999 0
      vertex 107.59999999999999 20 0
    endloop
  endfacet
  facet normal 0 0 1
    outer loop
      vertex 107.40000000000001 10.199999999999999 0
      vertex 107.59999999999999 20 0
      vertex 107.40000000000001 20 0
    endloop
  endfacet
  facet normal 0 0 1
    outer loop
      vertex 107.40000000000001 20 0
      vertex 107.59999999999999 20 0
      vertex 107.59999999999999 20.199999999999999 0
    endloop
  endfacet
  facet normal 0 0 1
    outer loop
      vertex 107.40000000000001 20 0
      vertex 107.59999999999999 20.199999999999999 0
      vertex 107.40000000000001 20.199999999999999 0
    endloop
  endfacet
  facet normal 0 0 1
    outer loop
      vertex 107.40000000000001 20.199999999999999 0
      vertex 107.59999999999999 20.199999999999999 0
      vertex 107.59999999999999 40 0
    endloop
  endfacet
  facet normal 0 0 1
    outer loop
      vertex 107.40000000000001 20.199999999999999 0
      vertex 107.59999999999999 40 0
      vertex 107.40000000000001 40 0
    endloop
  endfacet
  facet normal 0 0 1
    outer loop
      vertex 107.40000000000001 40 0
      vertex 107.59999999999999 40 0
      vertex 107.59999999999999 40.200000000000003 0
    endloop
  endfacet
  facet normal 0 0 1
    outer loop
      vertex 107.40000000000001 40 0
      vertex 107.59999999999999 40.200000000000003 0
      vertex 107.40000000000001 40.200000000000003 0
    endloop
  endfacet
  facet normal 0 0 1
    outer loop
      vertex 107.40000000000001 40.200000000000003 0
      vertex 107.59999999999999 40.200000000000003 0
      vertex 107.59999999999999 60 0
    endloop
  endfacet
  facet normal 0 0 1
    outer loop
      vertex 107.40000000000001 40.200000000000003 0
      vertex 107.59999999999999 60 0
      vertex 107.40000000000001 60 0
    endloop
  endfacet
  facet normal 0 0 1
    outer loop
      vertex 107.40000000000001 60 0
      vertex 107.59999999999999 60 0
      vertex 107.59999999999999 60.200000000000003 0
    endloop
  endfacet
  facet normal 0 0 1
    outer loop
      vertex 107.40000000000001 60 0
      vertex 107.59999999999999 60.200000000000003 0
      vertex 107.40000000000001 60.200000000000003 0
    endloop
  endfacet
  facet normal 0 0 1
    outer loop
      vertex 107.40000000000001 60.200000000000003 0
      vertex 107.59999999999999 60.200000000000003 0
      vertex 107.59999999999999 80 0
    endloop
  endfacet
  facet normal 0 0 1
    outer loop
      vertex 107.40000000000001 60.200000000000003 0
      vertex 107.59999999999999 80 0
      vertex 107.40000000000001 80 0
    endloop
  endfacet
  facet normal 0 0 1
    outer loop
      vertex 107.40000000000001 80 0
      vertex 107.59999999999999 80 0
      vertex 107.59999999999999 80.200000000000003 0
    endloop
  endfacet
  facet normal 0 0 1
    outer loop
      vertex 107.40000000000001 80 0
      vertex 107.59999999999999 80.200000000000003 0
      vertex 107.40000000000001 80.200000000000003 0
    endloop
  endfacet
  facet normal 0 0 1
    outer loop
      vertex 107.40000000000001 80.200000000000003 0
      vertex 107.59999999999999 80.200000000000003 0
      vertex 107.59999999999999 100 0
    endloop
  endfacet
  facet normal 0 0 1
    outer loop
      vertex 107.40000000000001 80.200000000000003 0
      vertex 107.59999999999999 100 0
      vertex 107.40000000000001 100 0
    endloop
  endfacet
  facet normal 0 0 1
    outer loop
      vertex 107.59999999999999 -80 0
      vertex 107.8 -80 0
      vertex 107.8 -60.200000000000003 0
    endloop
  endfacet
  facet normal 0 0 1
    outer loop
      vertex 107.59999999999999 -80 0
      vertex 107.8 -60.200000000000003 0
      vertex 107.59999999999999 -60.200000000000003 0
    endloop
  endfacet
  facet normal 0 0 1
    outer loop
      vertex 107.59999999999999 -40 0
      vertex 107.8 -40 0
      vertex 107.8 -20.199999999999999 0
    endloop
  endfacet
  facet normal 0 0 1
    outer loop
      vertex 107.59999999999999 -40 0
      vertex 107.8 -20.199999999999999 0
      vertex 107.59999999999999 -20.199999999999999 0
    endloop
  endfacet
  facet normal 0 -0.44721359549996592 0.89442719099991186
    outer loop
      vertex 107.67999999999999 -20.120000000000001 0.040000000000000036
      vertex 107.59999999999999 -20.199999999999999 0
      vertex 107.8 -20.199999999999999 0
    endloop
  endfacet
  facet normal 0 -0.44721359549996592 0.89442719099991197
    outer loop
      vertex 107.67999999999999 -20.120000000000001 0.040000000000000036
      vertex 107.8 -20.199999999999999 0
      vertex 107.8 -20.120000000000001 0.040000000000000036
    endloop
  endfacet
  facet normal 0 -0.44721359549996587 0.89442719099991186
    outer loop
      vertex 107.59999999999999 -20.120000000000001 0.040000000000000036
      vertex 107.59999999999999 -20.199999999999999 0
      vertex 107.67999999999999 -20.120000000000001 0.040000000000000036
    endloop
  endfacet
  facet normal -0 0.44721359549995793 0.89442719099991586
    outer loop
      vertex 107.72 -10.08 0.040000000000000036
      vertex 107.8 -10.08 0.040000000000000036
      vertex 107.8 -10 0
    endloop
  endfacet
  facet normal -0 0.44721359549995793 0.89442719099991586
    outer loop
      vertex 107.59999999999999 -10.08 0.040000000000000036
      vertex 107.72 -10.08 0.040000000000000036
      vertex 107.8 -10 0
    endloop
  endfacet
  facet normal 0 0.44721359549995793 0.89442719099991586
    outer loop
      vertex 107.59999999999999 -10.08 0.040000000000000036
      vertex 107.8 -10 0
      vertex 107.59999999999999 -10 0
    endloop
  endfacet
  facet normal 0 0 1
    outer loop
      vertex 107.59999999999999 -10 0
      vertex 107.8 -10 0
      vertex 107.8 0 0
    endloop
  endfacet
  facet normal 0 0 1
    outer loop
      vertex 107.59999999999999 -10 0
      vertex 107.8 0 0
      vertex 107.59999999999999 0 0
    endloop
  endfacet
  facet normal 0 0 1
    outer loop
      vertex 107.59999999999999 0 0
      vertex 107.8 0 0
      vertex 107.8 0.20000000000000001 0
    endloop
  endfacet
  facet normal 0 0 1
    outer loop
      vertex 107.59999999999999 0 0
      vertex 107.8 0.20000000000000001 0
      vertex 107.59999999999999 0.20000000000000001 0
    endloop
  endfacet
  facet normal 0 0 1
    outer loop
      vertex 107.59999999999999 0.20000000000000001 0
      vertex 107.8 0.20000000000000001 0
      vertex 107.8 10 0
    endloop
  endfacet
  facet normal 0 0 1
    outer loop
      vertex 107.59999999999999 0.20000000000000001 0
      vertex 107.8 10 0
      vertex 107.59999999999999 10 0
    endloop
  endfacet
  facet normal 0 0 1
    outer loop
      vertex 107.59999999999999 10 0
      vertex 107.8 10 0
      vertex 107.8 10.199999999999999 0
    endloop
  endfacet
  facet normal 0 0 1
    outer loop
      vertex 107.59999999999999 10 0
      vertex 107.8 10.199999999999999 0
      vertex 107.59999999999999 10.199999999999999 0
    endloop
  endfacet
  facet normal 0 0 1
    outer loop
      vertex 107.59999999999999 10.199999999999999 0
      vertex 107.8 10.199999999999999 0
      vertex 107.8 20 0
    endloop
  endfacet
  facet normal 0 0 1
    outer loop
      vertex 107.59999999999999 10.199999999999999 0
      vertex 107.8 20 0
      vertex 107.59999999999999 20 0
    endloop
  endfacet
  facet normal 0 0 1
    outer loop
      vertex 107.59999999999999 20 0
      vertex 107.8 20 0
      vertex 107.8 20.199999999999999 0
    endloop
  endfacet
  facet normal 0 0 1
    outer loop
      vertex 107.59999999999999 20 0
      vertex 107.8 20.199999999999999 0
      vertex 107.59999999999999 20.199999999999999 0
    endloop
  endfacet
  facet normal 0 0 1
    outer loop
      vertex 107.59999999999999 20.199999999999999 0
      vertex 107.8 20.199999999999999 0
      vertex 107.8 40 0
    endloop
  endfacet
  facet normal 0 0 1
    outer loop
      vertex 107.59999999999999 20.199999999999999 0
      vertex 107.8 40 0
      vertex 107.59999999999999 40 0
    endloop
  endfacet
  facet normal 0 0 1
    outer loop
      vertex 107.59999999999999 40 0
      vertex 107.8 40 0
      vertex 107.8 40.200000000000003 0
    endloop
  endfacet
  facet normal 0 0 1
    outer loop
      vertex 107.59999999999999 40 0
      vertex 107.8 40.200000000000003 0
      vertex 107.59999999999999 40.200000000000003 0
    endloop
  endfacet
  facet normal 0 0 1
    outer loop
      vertex 107.59999999999999 40.200000000000003 0
      vertex 107.8 40.200000000000003 0
      vertex 107.8 60 0
    endloop
  endfacet
  facet normal 0 0 1
    outer loop
      vertex 107.59999999999999 40.200000000000003 0
      vertex 107.8 60 0
      vertex 107.59999999999999 60 0
    endloop
  endfacet
  facet normal 0 0 1
    outer loop
      vertex 107.59999999999999 60 0
      vertex 107.8 60 0
      vertex 107.8 60.200000000000003 0
    endloop
  endfacet
  facet normal 0 0 1
    outer loop
      vertex 107.59999999999999 60 0
      vertex 107.8 60.200000000000003 0
      vertex 107.59999999999999 60.200000000000003 0
    endloop
  endfacet
  facet normal 0 0 1
    outer loop
      vertex 107.59999999999999 60.200000000000003 0
      vertex 107.8 60.200000000000003 0
      vertex 107.8 80 0
    endloop
  endfacet
  facet normal 0 0 1
    outer loop
      vertex 107.59999999999999 60.200000000000003 0
      vertex 107.8 80 0
      vertex 107.59999999999999 80 0
    endloop
  endfacet
  facet normal 0 0 1
    outer loop
      vertex 107.59999999999999 80 0
      vertex 107.8 80 0
      vertex 107.8 80.200000000000003 0
    endloop
  endfacet
  facet normal 0 0 1
    outer loop
      vertex 107.59999999999999 80 0
      vertex 107.8 80.200000000000003 0
      vertex 107.59999999999999 80.200000000000003 0
    endloop
  endfacet
  facet normal 0 0 1
    outer loop
      vertex 107.59999999999999 80.200000000000003 0
      vertex 107.8 80.200000000000003 0
      vertex 107.8 100 0
    endloop
  endfacet
  facet normal 0 0 1
    outer loop
      vertex 107.59999999999999 80.200000000000003 0
      vertex 107.8 100 0
      vertex 107.59999999999999 100 0
    endloop
  endfacet
  facet normal 0 0 1
    outer loop
      vertex 107.8 -80 0
      vertex 108 -80 0
      vertex 108 -60.200000000000003 0
    endloop
  endfacet
  facet normal 0 0 1
    outer loop
      vertex 107.8 -80 0
      vertex 108 -60.200000000000003 0
      vertex 107.8 -60.200000000000003 0
    endloop
  endfacet
  facet normal 0 0 1
    outer loop
      vertex 107.8 -40 0
      vertex 108 -40 0
      vertex 108 -20.199999999999999 0
    endloop
  endfacet
  facet normal 0 0 1
    outer loop
      vertex 107.8 -40 0
      vertex 108 -20.199999999999999 0
      vertex 107.8 -20.199999999999999 0
    endloop
  endfacet
  facet normal 0 -0.44721359549996592 0.89442719099991186
    outer loop
      vertex 107.88 -20.120000000000001 0.040000000000000036
      vertex 107.8 -20.199999999999999 0
      vertex 108 -20.199999999999999 0
    endloop
  endfacet
  facet normal 0 -0.44721359549996592 0.89442719099991197
    outer loop
      vertex 107.88 -20.120000000000001 0.040000000000000036
      vertex 108 -20.199999999999999 0
      vertex 108 -20.120000000000001 0.040000000000000036
    endloop
  endfacet
  facet normal 0 -0.44721359549996587 0.89442719099991186
    outer loop
      vertex 107.8 -20.120000000000001 0.040000000000000036
      vertex 107.8 -20.199999999999999 0
      vertex 107.88 -20.120000000000001 0.040000000000000036
    endloop
  endfacet
  facet normal -0 0.44721359549995793 0.89442719099991586
    outer loop
      vertex 107.92 -10.08 0.040000000000000036
      vertex 108 -10.08 0.040000000000000036
      vertex 108 -10 0
    endloop
  endfacet
  facet normal -0 0.44721359549995793 0.89442719099991586
    outer loop
      vertex 107.8 -10.08 0.040000000000000036
      vertex 107.92 -10.08 0.040000000000000036
      vertex 108 -10 0
    endloop
  endfacet
  facet normal 0 0.44721359549995793 0.89442719099991586
    outer loop
      vertex 107.8 -10.08 0.040000000000000036
      vertex 108 -10 0
      vertex 107.8 -10 0
    endloop
  endfacet
  facet normal 0 0 1
    outer loop
      vertex 107.8 -10 0
      vertex 108 -10 0
      vertex 108 0 0
    endloop
  endfacet
  facet normal 0 0 1
    outer loop
      vertex 107.8 -10 0
      vertex 108 0 0
      vertex 107.8 0 0
    endloop
  endfacet
  facet normal 0 0 1
    outer loop
      vertex 107.8 0 0
      vertex 108 0 0
      vertex 108 0.20000000000000001 0
    endloop
  endfacet
  facet normal 0 0 1
    outer loop
      vertex 107.8 0 0
      vertex 108 0.20000000000000001 0
      vertex 107.8 0.20000000000000001 0
    endloop
  endfacet
  facet normal 0 0 1
    outer loop
      vertex 107.8 0.20000000000000001 0
      vertex 108 0.20000000000000001 0
      vertex 108 10 0
    endloop
  endfacet
  facet normal 0 0 1
    outer loop
      vertex 107.8 0.20000000000000001 0
      vertex 108 10 0
      vertex 107.8 10 0
    endloop
  endfacet
  facet normal 0 0 1
    outer loop
      vertex 107.8 10 0
      vertex 108 10 0
      vertex 108 10.199999999999999 0
    endloop
  endfacet
  facet normal 0 0 1
    outer loop
      vertex 107.8 10 0
      vertex 108 10.199999999999999 0
      vertex 107.8 10.199999999999999 0
    endloop
  endfacet
  facet normal 0 0 1
    outer loop
      vertex 107.8 10.199999999999999 0
      vertex 108 10.199999999999999 0
      vertex 108 20 0
    endloop
  endfacet
  facet normal 0 0 1
    outer loop
      vertex 107.8 10.199999999999999 0
      vertex 108 20 0
      vertex 107.8 20 0
    endloop
  endfacet
  facet normal 0 0 1
    outer loop
      vertex 107.8 20 0
      vertex 108 20 0
      vertex 108 20.199999999999999 0
    endloop
  endfacet
  facet normal 0 0 1
    outer loop
      vertex 107.8 20 0
      vertex 108 20.199999999999999 0
      vertex 107.8 20.199999999999999 0
    endloop
  endfacet
  facet normal 0 0 1
    outer loop
      vertex 107.8 20.199999999999999 0
      vertex 108 20.199999999999999 0
      vertex 108 40 0
    endloop
  endfacet
  facet normal 0 0 1
    outer loop
      vertex 107.8 20.199999999999999 0
      vertex 108 40 0
      vertex 107.8 40 0
    endloop
  endfacet
  facet normal 0 0 1
    outer loop
      vertex 107.8 40 0
      vertex 108 40 0
      vertex 108 40.200000000000003 0
    endloop
  endfacet
  facet normal 0 0 1
    outer loop
      vertex 107.8 40 0
      vertex 108 40.200000000000003 0
      vertex 107.8 40.200000000000003 0
    endloop
  endfacet
  facet normal 0 0 1
    outer loop
      vertex 107.8 40.200000000000003 0
      vertex 108 40.200000000000003 0
      vertex 108 60 0
    endloop
  endfacet
  facet normal 0 0 1
    outer loop
      vertex 107.8 40.200000000000003 0
      vertex 108 60 0
      vertex 107.8 60 0
    endloop
  endfacet
  facet normal 0 0 1
    outer loop
      vertex 107.8 60 0
      vertex 108 60 0
      vertex 108 60.200000000000003 0
    endloop
  endfacet
  facet normal 0 0 1
    outer loop
      vertex 107.8 60 0
      vertex 108 60.200000000000003 0
      vertex 107.8 60.200000000000003 0
    endloop
  endfacet
  facet normal 0 0 1
    outer loop
      vertex 107.8 60.200000000000003 0
      vertex 108 60.200000000000003 0
      vertex 108 80 0
    endloop
  endfacet
  facet normal 0 0 1
    outer loop
      vertex 107.8 60.200000000000003 0
      vertex 108 80 0
      vertex 107.8 80 0
    endloop
  endfacet
  facet normal 0 0 1
    outer loop
      vertex 107.8 80 0
      vertex 108 80 0
      vertex 108 80.200000000000003 0
    endloop
  endfacet
  facet normal 0 0 1
    outer loop
      vertex 107.8 80 0
      vertex 108 80.200000000000003 0
      vertex 107.8 80.200000000000003 0
    endloop
  endfacet
  facet normal 0 0 1
    outer loop
      vertex 107.8 80.200000000000003 0
      vertex 108 80.200000000000003 0
      vertex 108 100 0
    endloop
  endfacet
  facet normal 0 0 1
    outer loop
      vertex 107.8 80.200000000000003 0
      vertex 108 100 0
      vertex 107.8 100 0
    endloop
  endfacet
  facet normal 0 0 1
    outer loop
      vertex 108 -80 0
      vertex 108.2 -80 0
      vertex 108.2 -60.200000000000003 0
    endloop
  endfacet
  facet normal 0 0 1
    outer loop
      vertex 108 -80 0
      vertex 108.2 -60.200000000000003 0
      vertex 108 -60.200000000000003 0
    endloop
  endfacet
  facet normal 0 0 1
    outer loop
      vertex 108 -60.200000000000003 0
      vertex 108.2 -60.200000000000003 0
      vertex 108.2 -60 0
    endloop
  endfacet
  facet normal 0 0 1
    outer loop
      vertex 108 -40 0
      vertex 108.2 -40 0
      vertex 108.2 -20.199999999999999 0
    endloop
  endfacet
  facet normal 0 0 1
    outer loop
      vertex 108 -40 0
      vertex 108.2 -20.199999999999999 0
      vertex 108 -20.199999999999999 0
    endloop
  endfacet
  facet normal 0 0 1
    outer loop
      vertex 108 -20.199999999999999 0
      vertex 108.2 -20.199999999999999 0
      vertex 108.2 -20 0
    endloop
  endfacet
  facet normal 0.40824829046386307 -0.40824829046387034 0.81649658092772248
    outer loop
      vertex 108 -20.120000000000001 0.040000000000000036
      vertex 108 -20.199999999999999 0
      vertex 108.2 -20 0
    endloop
  endfacet
  facet normal 0.40824829046386701 -0.40824829046387912 0.81649658092771604
    outer loop
      vertex 108 -20.120000000000001 0.040000000000000036
      vertex 108.2 -20 0
      vertex 108.12 -20 0.040000000000000036
    endloop
  endfacet
  facet normal 0.44721359549996581 0 0.89442719099991186
    outer loop
      vertex 108.12 -14.120000000000003 0.040000000000000036
      vertex 108.12 -20 0.040000000000000036
      vertex 108.2 -20 0
    endloop
  endfacet
  facet normal 0.44721359549996587 0 0.89442719099991197
    outer loop
      vertex 108.12 -14.120000000000003 0.040000000000000036
      vertex 108.2 -20 0
      vertex 108.2 -10.199999999999999 0
    endloop
  endfacet
  facet normal 0.44721359549996587 -0 0.89442719099991186
    outer loop
      vertex 108.12 -14.120000000000003 0.040000000000000036
      vertex 108.2 -10.199999999999999 0
      vertex 108.12 -10.199999999999999 0.040000000000000036
    endloop
  endfacet
  facet normal 0.44721359549996592 0 0.89442719099991186
    outer loop
      vertex 108.12 -10.08 0.040000000000000036
      vertex 108.12 -10.199999999999999 0.040000000000000036
      vertex 108.2 -10.199999999999999 0
    endloop
  endfacet
  facet normal 0.44721359549996592 0 0.89442719099991186
    outer loop
      vertex 108.12 -10.08 0.040000000000000036
      vertex 108.2 -10.199999999999999 0
      vertex 108.2 -10 0
    endloop
  endfacet
  facet normal -0 0.44721359549995793 0.89442719099991586
    outer loop
      vertex 108 -10.08 0.040000000000000036
      vertex 108.12 -10.08 0.040000000000000036
      vertex 108.2 -10 0
    endloop
  endfacet
  facet normal 0 0.44721359549995793 0.89442719099991586
    outer loop
      vertex 108 -10.08 0.040000000000000036
      vertex 108.2 -10 0
      vertex 108 -10 0
    endloop
  endfacet
  facet normal 0 0 1
    outer loop
      vertex 108 -10 0
      vertex 108.2 -10 0
      vertex 108.2 0 0
    endloop
  endfacet
  facet normal 0 0 1
    outer loop
      vertex 108 -10 0
      vertex 108.2 0 0
      vertex 108 0 0
    endloop
  endfacet
  facet normal 0 0 1
    outer loop
      vertex 108 0 0
      vertex 108.2 0 0
      vertex 108.2 0.20000000000000001 0
    endloop
  endfacet
  facet normal 0 0 1
    outer loop
      vertex 108 0 0
      vertex 108.2 0.20000000000000001 0
      vertex 108 0.20000000000000001 0
    endloop
  endfacet
  facet normal 0 0 1
    outer loop
      vertex 108 0.20000000000000001 0
      vertex 108.2 0.20000000000000001 0
      vertex 108.2 10 0
    endloop
  endfacet
  facet normal 0 0 1
    outer loop
      vertex 108 0.20000000000000001 0
      vertex 108.2 10 0
      vertex 108 10 0
    endloop
  endfacet
  facet normal 0 0 1
    outer loop
      vertex 108 10 0
      vertex 108.2 10 0
      vertex 108.2 10.199999999999999 0
    endloop
  endfacet
  facet normal 0 0 1
    outer loop
      vertex 108 10 0
      vertex 108.2 10.199999999999999 0
      vertex 108 10.199999999999999 0
    endloop
  endfacet
  facet normal 0 0 1
    outer loop
      vertex 108 10.199999999999999 0
      vertex 108.2 10.199999999999999 0
      vertex 108.2 20 0
    endloop
  endfacet
  facet normal 0 0 1
    outer loop
      vertex 108 10.199999999999999 0
      vertex 108.2 20 0
      vertex 108 20 0
    endloop
  endfacet
  facet normal 0 0 1
    outer loop
      vertex 108 20 0
      vertex 108.2 20 0
      vertex 108.2 20.199999999999999 0
    endloop
  endfacet
  facet normal 0 0 1
    outer loop
      vertex 108 20 0
      vertex 108.2 20.199999999999999 0
      vertex 108 20.199999999999999 0
    endloop
  endfacet
  facet normal 0 0 1
    outer loop
      vertex 108 20.199999999999999 0
      vertex 108.2 20.199999999999999 0
      vertex 108.2 40 0
    endloop
  endfacet
  facet normal 0 0 1
    outer loop
      vertex 108 20.199999999999999 0
      vertex 108.2 40 0
      vertex 108 40 0
    endloop
  endfacet
  facet normal 0 0 1
    outer loop
      vertex 108 40 0
      vertex 108.2 40 0
      vertex 108.2 40.200000000000003 0
    endloop
  endfacet
  facet normal 0 0 1
    outer loop
      vertex 108 40 0
      vertex 108.2 40.200000000000003 0
      vertex 108 40.200000000000003 0
    endloop
  endfacet
  facet normal 0 0 1
    outer loop
      vertex 108 40.200000000000003 0
      vertex 108.2 40.200000000000003 0
      vertex 108.2 60 0
    endloop
  endfacet
  facet normal 0 0 1
    outer loop
      vertex 108 40.200000000000003 0
      vertex 108.2 60 0
      vertex 108 60 0
    endloop
  endfacet
  facet normal 0 0 1
    outer loop
      vertex 108 60 0
      vertex 108.2 60 0
      vertex 108.2 60.200000000000003 0
    endloop
  endfacet
  facet normal 0 0 1
    outer loop
      vertex 108 60 0
      vertex 108.2 60.200000000000003 0
      vertex 108 60.200000000000003 0
    endloop
  endfacet
  facet normal 0 0 1
    outer loop
      vertex 108 60.200000000000003 0
      vertex 108.2 60.200000000000003 0
      vertex 108.2 80 0
    endloop
  endfacet
  facet normal 0 0 1
    outer loop
      vertex 108 60.200000000000003 0
      vertex 108.2 80 0
      vertex 108 80 0
    endloop
  endfacet
  facet normal 0 0 1
    outer loop
      vertex 108 80 0
      vertex 108.2 80 0
      vertex 108.2 80.200000000000003 0
    endloop
  endfacet
  facet normal 0 0 1
    outer loop
      vertex 108 80 0
      vertex 108.2 80.200000000000003 0
      vertex 108 80.200000000000003 0
    endloop
  endfacet
  facet normal 0 0 1
    outer loop
      vertex 108 80.200000000000003 0
      vertex 108.2 80.200000000000003 0
      vertex 108.2 100 0
    endloop
  endfacet
  facet normal 0 0 1
    outer loop
      vertex 108 80.200000000000003 0
      vertex 108.2 100 0
      vertex 108 100 0
    endloop
  endfacet
endsolid terrain_band_6
