solid terrain_band_1
  facet normal 0 0 1
    outer loop
      vertex -20 -60 0
      vertex 0 -60 0
      vertex 0 -40 0
    endloop
  endfacet
  facet normal 0 0 1
    outer loop
      vertex -20 -60 0
      vertex 0 -40 0
      vertex -20 -40 0
    endloop
  endfacet
  facet normal 0 0 1
    outer loop
      vertex -20 -40 0
      vertex 0 -40 0
      vertex 0 -20 0
    endloop
  endfacet
  facet normal 0 0 1
    outer loop
      vertex -20 -40 0
      vertex 0 -20 0
      vertex -20 -20 0
    endloop
  endfacet
  facet normal 0 0 1
    outer loop
      vertex -20 -20 0
      vertex 0 -20 0
      vertex 0 -10 0
    endloop
  endfacet
  facet normal 0 0 1
    outer loop
      vertex -20 -20 0
      vertex 0 -10 0
      vertex -20 -10 0
    endloop
  endfacet
  facet normal 0 0 1
    outer loop
      vertex -20 -10 0
      vertex 0 -10 0
      vertex 0 0 0
    endloop
  endfacet
  facet normal 0 0 1
    outer loop
      vertex -20 -10 0
      vertex 0 0 0
      vertex -20 0 0
    endloop
  endfacet
  facet normal 0 0 1
    outer loop
      vertex -20 0 0
      vertex 0 0 0
      vertex 0 0.001 0
    endloop
  endfacet
  facet normal 0 0 1
    outer loop
      vertex -20 0 0
      vertex 0 0.001 0
      vertex -20 0.001 0
    endloop
  endfacet
  facet normal 0 0 1
    outer loop
      vertex -20 0.001 0
      vertex 0 0.001 0
      vertex 0 10 0
    endloop
  endfacet
  facet normal 0 0 1
    outer loop
      vertex -20 0.001 0
      vertex 0 10 0
      vertex -20 10 0
    endloop
  endfacet
  facet normal 0 0 1
    outer loop
      vertex -20 10 0
      vertex 0 10 0
      vertex 0 20 0
    endloop
  endfacet
  facet normal 0 0 1
    outer loop
      vertex -20 10 0
      vertex 0 20 0
      vertex -20 20 0
    endloop
  endfacet
  facet normal 0 0 1
    outer loop
      vertex -20 20 0
      vertex 0 20 0
      vertex 0 40 0
    endloop
  endfacet
  facet normal 0 0 1
    outer loop
      vertex -20 20 0
      vertex 0 40 0
      vertex -20 40 0
    endloop
  endfacet
  facet normal 0 0 1
    outer loop
      vertex -20 40 0
      vertex 0 40 0
      vertex 0 60 0
    endloop
  endfacet
  facet normal 0 0 1
    outer loop
      vertex -20 40 0
      vertex 0 60 0
      vertex -20 60 0
    endloop
  endfacet
  facet normal 0 0 1
    outer loop
      vertex 0 -60 0
      vertex 50 -60 0
      vertex 50 -40 0
    endloop
  endfacet
  facet normal 0 0 1
    outer loop
      vertex 0 -60 0
      vertex 50 -40 0
      vertex 0 -40 0
    endloop
  endfacet
  facet normal 0 0 1
    outer loop
      vertex 0 -40 0
      vertex 50 -40 0
      vertex 50 -20 0
    endloop
  endfacet
  facet normal 0 0 1
    outer loop
      vertex 0 -40 0
      vertex 50 -20 0
      vertex 0 -20 0
    endloop
  endfacet
  facet normal 0 0 1
    outer loop
      vertex 0 -20 0
      vertex 50 -20 0
      vertex 50 -10 0
    endloop
  endfacet
  facet normal 0 0 1
    outer loop
      vertex 0 -20 0
      vertex 50 -10 0
      vertex 0 -10 0
    endloop
  endfacet
  facet normal 0 0 1
    outer loop
      vertex 0 -10 0
      vertex 50 -10 0
      vertex 50 0 0
    endloop
  endfacet
  facet normal 0 0 1
    outer loop
      vertex 0 -10 0
      vertex 50 0 0
      vertex 0 0 0
    endloop
  endfacet
  facet normal 0 0 1
    outer loop
      vertex 0 0 0
      vertex 50 0 0
      vertex 50 0.001 0
    endloop
  endfacet
  facet normal 0 0 1
    outer loop
      vertex 0 0 0
      vertex 50 0.001 0
      vertex 0 0.001 0
    endloop
  endfacet
  facet normal 0 0 1
    outer loop
      vertex 0 0.001 0
      vertex 50 0.001 0
      vertex 50 10 0
    endloop
  endfacet
  facet normal 0 0 1
    outer loop
      vertex 0 0.001 0
      vertex 50 10 0
      vertex 0 10 0
    endloop
  endfacet
  facet normal 0 0 1
    outer loop
      vertex 0 10 0
      vertex 50 10 0
      vertex 50 20 0
    endloop
  endfacet
  facet normal 0 0 1
    outer loop
      vertex 0 10 0
      vertex 50 20 0
      vertex 0 20 0
    endloop
  endfacet
  facet normal 0 0 1
    outer loop
      vertex 0 20 0
      vertex 50 20 0
      vertex 50 40 0
    endloop
  endfacet
  facet normal 0 0 1
    outer loop
      vertex 0 20 0
      vertex 50 40 0
      vertex 0 40 0
    endloop
  endfacet
  facet normal 0 0 1
    outer loop
      vertex 0 40 0
      vertex 50 40 0
      vertex 50 60 0
    endloop
  endfacet
  facet normal 0 0 1
    outer loop
      vertex 0 40 0
      vertex 50 60 0
      vertex 0 60 0
    endloop
  endfacet
  facet normal -0.44721359549996559 0 0.89442719099991208
    outer loop
      vertex 50.039999999999999 -56 0.02
      vertex 50 -60 0
      vertex 50.039999999999999 -60 0.02
    endloop
  endfacet
  facet normal -0.44721359549996559 0 0.89442719099991208
    outer loop
      vertex 50 -60 0
      vertex 50.039999999999999 -56 0.02
      vertex 50.039999999999999 -40 0.02
    endloop
  endfacet
  facet normal -0.44721359549996559 0 0.89442719099991208
    outer loop
      vertex 50 -60 0
      vertex 50.039999999999999 -40 0.02
      vertex 50 -40 0
    endloop
  endfacet
  facet normal -0.44721359549996559 0 0.89442719099991208
    outer loop
      vertex 50.039999999999999 -36 0.02
      vertex 50 -40 0
      vertex 50.039999999999999 -40 0.02
    endloop
  endfacet
  facet normal -0.44721359549996559 0 0.89442719099991208
    outer loop
      vertex 50 -40 0
      vertex 50.039999999999999 -36 0.02
      vertex 50.039999999999999 -20 0.02
    endloop
  endfacet
  facet normal -0.44721359549996559 0 0.89442719099991208
    outer loop
      vertex 50 -40 0
      vertex 50.039999999999999 -20 0.02
      vertex 50 -20 0
    endloop
  endfacet
  facet normal -0.44721359549996559 0 0.89442719099991208
    outer loop
      vertex 50.039999999999999 -18 0.02
      vertex 50 -20 0
      vertex 50.039999999999999 -20 0.02
    endloop
  endfacet
  facet normal -0.44721359549996559 0 0.89442719099991208
    outer loop
      vertex 50 -20 0
      vertex 50.039999999999999 -18 0.02
      vertex 50.039999999999999 -10 0.02
    endloop
  endfacet
  facet normal -0.44721359549996559 0 0.89442719099991208
    outer loop
      vertex 50 -20 0
      vertex 50.039999999999999 -10 0.02
      vertex 50 -10 0
    endloop
  endfacet
  facet normal -0.44721359549996553 0 0.89442719099991197
    outer loop
      vertex 50.039999999999999 -7.9999999999999991 0.02
      vertex 50 -10 0
      vertex 50.039999999999999 -10 0.02
    endloop
  endfacet
  facet normal -0.44721359549996559 0 0.89442719099991208
    outer loop
      vertex 50 -10 0
      vertex 50.039999999999999 -8 0.02
      vertex 50.039999999999999 0 0.02
    endloop
  endfacet
  facet normal -0.44721359549996559 0 0.89442719099991208
    outer loop
      vertex 50 -10 0
      vertex 50.039999999999999 0 0.02
      vertex 50 0 0
    endloop
  endfacet
  facet normal -0.44721359549996553 0 0.89442719099991208
    outer loop
      vertex 50.039999999999999 0.00020000000000000009 0.02
      vertex 50 0 0
      vertex 50.039999999999999 0 0.02
    endloop
  endfacet
  facet normal -0.44721359549996559 0 0.89442719099991208
    outer loop
      vertex 50 0 0
      vertex 50.039999999999999 0.00019999999999999998 0.02
      vertex 50.039999999999999 0.001 0.02
    endloop
  endfacet
  facet normal -0.44721359549996564 0 0.89442719099991219
    outer loop
      vertex 50 0 0
      vertex 50.039999999999999 0.001 0.02
      vertex 50 0.001 0
    endloop
  endfacet
  facet normal -0.44721359549996559 0 0.89442719099991208
    outer loop
      vertex 50.039999999999999 2.0007999999999999 0.02
      vertex 50 0.001 0
      vertex 50.039999999999999 0.001 0.02
    endloop
  endfacet
  facet normal -0.44721359549996559 0 0.89442719099991208
    outer loop
      vertex 50 0.001 0
      vertex 50.039999999999999 2.0007999999999999 0.02
      vertex 50.039999999999999 10 0.02
    endloop
  endfacet
  facet normal -0.44721359549996559 0 0.89442719099991208
    outer loop
      vertex 50 0.001 0
      vertex 50.039999999999999 10 0.02
      vertex 50 10 0
    endloop
  endfacet
  facet normal -0.44721359549996559 0 0.89442719099991208
    outer loop
      vertex 50.039999999999999 12 0.02
      vertex 50 10 0
      vertex 50.039999999999999 10 0.02
    endloop
  endfacet
  facet normal -0.44721359549996559 0 0.89442719099991208
    outer loop
      vertex 50 10 0
      vertex 50.039999999999999 12 0.02
      vertex 50.039999999999999 20 0.02
    endloop
  endfacet
  facet normal -0.44721359549996559 0 0.89442719099991208
    outer loop
      vertex 50 10 0
      vertex 50.039999999999999 20 0.02
      vertex 50 20 0
    endloop
  endfacet
  facet normal -0.44721359549996559 0 0.89442719099991208
    outer loop
      vertex 50.039999999999999 24 0.02
      vertex 50 20 0
      vertex 50.039999999999999 20 0.02
    endloop
  endfacet
  facet normal -0.44721359549996559 0 0.89442719099991208
    outer loop
      vertex 50 20 0
      vertex 50.039999999999999 24 0.02
      vertex 50.039999999999999 40 0.02
    endloop
  endfacet
  facet normal -0.44721359549996559 0 0.89442719099991208
    outer loop
      vertex 50 20 0
      vertex 50.039999999999999 40 0.02
      vertex 50 40 0
    endloop
  endfacet
  facet normal -0.44721359549996559 0 0.89442719099991208
    outer loop
      vertex 50.039999999999999 44 0.02
      vertex 50 40 0
      vertex 50.039999999999999 40 0.02
    endloop
  endfacet
  facet normal -0.44721359549996559 0 0.89442719099991208
    outer loop
      vertex 50 40 0
      vertex 50.039999999999999 44 0.02
      vertex 50.039999999999999 60 0.02
    endloop
  endfacet
  facet normal -0.44721359549996559 0 0.89442719099991208
    outer loop
      vertex 50 40 0
      vertex 50.039999999999999 60 0.02
      vertex 50 60 0
    endloop
  endfacet
  facet normal 0.44721359549996559 0 0.89442719099991208
    outer loop
      vertex 50.960000000000001 -44 0.02
      vertex 50.960000000000001 -60 0.02
      vertex 51 -60 0
    endloop
  endfacet
  facet normal 0.44721359549996559 0 0.89442719099991208
    outer loop
      vertex 50.960000000000001 -44 0.02
      vertex 51 -60 0
      vertex 51 -40 0
    endloop
  endfacet
  facet normal 0.44721359549996559 -0 0.89442719099991208
    outer loop
      vertex 50.960000000000001 -44 0.02
      vertex 51 -40 0
      vertex 50.960000000000001 -40 0.02
    endloop
  endfacet
  facet normal 0.44721359549996559 0 0.89442719099991208
    outer loop
      vertex 50.960000000000001 -24 0.02
      vertex 50.960000000000001 -40 0.02
      vertex 51 -40 0
    endloop
  endfacet
  facet normal 0.44721359549996559 0 0.89442719099991208
    outer loop
      vertex 50.960000000000001 -24 0.02
      vertex 51 -40 0
      vertex 51 -20 0
    endloop
  endfacet
  facet normal 0.44721359549996559 -0 0.89442719099991208
    outer loop
      vertex 50.960000000000001 -24 0.02
      vertex 51 -20 0
      vertex 50.960000000000001 -20 0.02
    endloop
  endfacet
  facet normal 0.44721359549996559 0 0.89442719099991208
    outer loop
      vertex 50.960000000000001 -12 0.02
      vertex 50.960000000000001 -20 0.02
      vertex 51 -20 0
    endloop
  endfacet
  facet normal 0.44721359549996559 0 0.89442719099991208
    outer loop
      vertex 50.960000000000001 -12 0.02
      vertex 51 -20 0
      vertex 51 -10 0
    endloop
  endfacet
  facet normal 0.44721359549996559 -0 0.89442719099991208
    outer loop
      vertex 50.960000000000001 -12 0.02
      vertex 51 -10 0
      vertex 50.960000000000001 -10 0.02
    endloop
  endfacet
  facet normal 0.44721359549996559 0 0.89442719099991208
    outer loop
      vertex 50.960000000000001 -1.9999999999999998 0.02
      vertex 50.960000000000001 -10 0.02
      vertex 51 -10 0
    endloop
  endfacet
  facet normal 0.44721359549996559 0 0.89442719099991208
    outer loop
      vertex 50.960000000000001 -1.9999999999999998 0.02
      vertex 51 -10 0
      vertex 51 0 0
    endloop
  endfacet
  facet normal 0.44721359549996553 -0 0.89442719099991197
    outer loop
      vertex 50.960000000000001 -2.0000000000000009 0.02
      vertex 51 0 0
      vertex 50.960000000000001 0 0.02
    endloop
  endfacet
  facet normal 0.44721359549996559 0 0.89442719099991208
    outer loop
      vertex 50.960000000000001 0.00080000000000000004 0.02
      vertex 50.960000000000001 0 0.02
      vertex 51 0 0
    endloop
  endfacet
  facet normal 0.44721359549996564 0 0.89442719099991219
    outer loop
      vertex 50.960000000000001 0.00080000000000000004 0.02
      vertex 51 0 0
      vertex 51 0.001 0
    endloop
  endfacet
  facet normal 0.44721359549996553 -0 0.89442719099991208
    outer loop
      vertex 50.960000000000001 0.00079999999999999993 0.02
      vertex 51 0.001 0
      vertex 50.960000000000001 0.001 0.02
    endloop
  endfacet
  facet normal 0.44721359549996559 0 0.89442719099991208
    outer loop
      vertex 50.960000000000001 8.0001999999999995 0.02
      vertex 50.960000000000001 0.001 0.02
      vertex 51 0.001 0
    endloop
  endfacet
  facet normal 0.44721359549996559 0 0.89442719099991197
    outer loop
      vertex 50.960000000000001 8.0001999999999995 0.02
      vertex 51 0.001 0
      vertex 51 10 0
    endloop
  endfacet
  facet normal 0.44721359549996559 -0 0.89442719099991208
    outer loop
      vertex 50.960000000000001 8.0001999999999995 0.02
      vertex 51 10 0
      vertex 50.960000000000001 10 0.02
    endloop
  endfacet
  facet normal 0.44721359549996559 0 0.89442719099991208
    outer loop
      vertex 50.960000000000001 18 0.02
      vertex 50.960000000000001 10 0.02
      vertex 51 10 0
    endloop
  endfacet
  facet normal 0.44721359549996559 0 0.89442719099991208
    outer loop
      vertex 50.960000000000001 18 0.02
      vertex 51 10 0
      vertex 51 20 0
    endloop
  endfacet
  facet normal 0.44721359549996559 -0 0.89442719099991208
    outer loop
      vertex 50.960000000000001 18 0.02
      vertex 51 20 0
      vertex 50.960000000000001 20 0.02
    endloop
  endfacet
  facet normal 0.44721359549996559 0 0.89442719099991208
    outer loop
      vertex 50.960000000000001 36 0.02
      vertex 50.960000000000001 20 0.02
      vertex 51 20 0
    endloop
  endfacet
  facet normal 0.44721359549996559 0 0.89442719099991208
    outer loop
      vertex 50.960000000000001 36 0.02
      vertex 51 20 0
      vertex 51 40 0
    endloop
  endfacet
  facet normal 0.44721359549996559 -0 0.89442719099991208
    outer loop
      vertex 50.960000000000001 36 0.02
      vertex 51 40 0
      vertex 50.960000000000001 40 0.02
    endloop
  endfacet
  facet normal 0.44721359549996559 0 0.89442719099991208
    outer loop
      vertex 50.960000000000001 56 0.02
      vertex 50.960000000000001 40 0.02
      vertex 51 40 0
    endloop
  endfacet
  facet normal 0.44721359549996559 0 0.89442719099991208
    outer loop
      vertex 50.960000000000001 56 0.02
      vertex 51 40 0
      vertex 51 60 0
    endloop
  endfacet
  facet normal 0.44721359549996559 -0 0.89442719099991208
    outer loop
      vertex 50.960000000000001 56 0.02
      vertex 51 60 0
      vertex 50.960000000000001 60 0.02
    endloop
  endfacet
  facet normal 0 0 1
    outer loop
      vertex 51 -60 0
      vertex 51.200000000000003 -60 0
      vertex 51.200000000000003 -40 0
    endloop
  endfacet
  facet normal 0 0 1
    outer loop
      vertex 51 -60 0
      vertex 51.200000000000003 -40 0
      vertex 51 -40 0
    endloop
  endfacet
  facet normal 0 0 1
    outer loop
      vertex 51 -40 0
      vertex 51.200000000000003 -40 0
      vertex 51.200000000000003 -20 0
    endloop
  endfacet
  facet normal 0 0 1
    outer loop
      vertex 51 -40 0
      vertex 51.200000000000003 -20 0
      vertex 51 -20 0
    endloop
  endfacet
  facet normal 0 0 1
    outer loop
      vertex 51 -20 0
      vertex 51.200000000000003 -20 0
      vertex 51.200000000000003 -10 0
    endloop
  endfacet
  facet normal 0 0 1
    outer loop
      vertex 51 -20 0
      vertex 51.200000000000003 -10 0
      vertex 51 -10 0
    endloop
  endfacet
  facet normal 0 0 1
    outer loop
      vertex 51 -10 0
      vertex 51.200000000000003 -10 0
      vertex 51.200000000000003 0 0
    endloop
  endfacet
  facet normal 0 0 1
    outer loop
      vertex 51 -10 0
      vertex 51.200000000000003 0 0
      vertex 51 0 0
    endloop
  endfacet
  facet normal 0 0 1
    outer loop
      vertex 51 0 0
      vertex 51.200000000000003 0 0
      vertex 51.200000000000003 0.001 0
    endloop
  endfacet
  facet normal 0 0 1
    outer loop
      vertex 51 0 0
      vertex 51.200000000000003 0.001 0
      vertex 51 0.001 0
    endloop
  endfacet
  facet normal 0 0 1
    outer loop
      vertex 51 0.001 0
      vertex 51.200000000000003 0.001 0
      vertex 51.200000000000003 10 0
    endloop
  endfacet
  facet normal 0 0 1
    outer loop
      vertex 51 0.001 0
      vertex 51.200000000000003 10 0
      vertex 51 10 0
    endloop
  endfacet
  facet normal 0 0 1
    outer loop
      vertex 51 10 0
      vertex 51.200000000000003 10 0
      vertex 51.200000000000003 20 0
    endloop
  endfacet
  facet normal 0 0 1
    outer loop
      vertex 51 10 0
      vertex 51.200000000000003 20 0
      vertex 51 20 0
    endloop
  endfacet
  facet normal 0 0 1
    outer loop
      vertex 51 20 0
      vertex 51.200000000000003 20 0
      vertex 51.200000000000003 40 0
    endloop
  endfacet
  facet normal 0 0 1
    outer loop
      vertex 51 20 0
      vertex 51.200000000000003 40 0
      vertex 51 40 0
    endloop
  endfacet
  facet normal 0 0 1
    outer loop
      vertex 51 40 0
      vertex 51.200000000000003 40 0
      vertex 51.200000000000003 60 0
    endloop
  endfacet
  facet normal 0 0 1
    outer loop
      vertex 51 40 0
      vertex 51.200000000000003 60 0
      vertex 51 60 0
    endloop
  endfacet
  facet normal 0 0 1
    outer loop
      vertex 51.200000000000003 -60 0
      vertex 51.399999999999999 -60 0
      vertex 51.399999999999999 -40 0
    endloop
  endfacet
  facet normal 0 0 1
    outer loop
      vertex 51.200000000000003 -60 0
      vertex 51.399999999999999 -40 0
      vertex 51.200000000000003 -40 0
    endloop
  endfacet
  facet normal 0 0 1
    outer loop
      vertex 51.200000000000003 -40 0
      vertex 51.399999999999999 -40 0
      vertex 51.399999999999999 -20 0
    endloop
  endfacet
  facet normal 0 0 1
    outer loop
      vertex 51.200000000000003 -40 0
      vertex 51.399999999999999 -20 0
      vertex 51.200000000000003 -20 0
    endloop
  endfacet
  facet normal 0 0 1
    outer loop
      vertex 51.200000000000003 -20 0
      vertex 51.399999999999999 -20 0
      vertex 51.399999999999999 -10 0
    endloop
  endfacet
  facet normal 0 0 1
    outer loop
      vertex 51.200000000000003 -20 0
      vertex 51.399999999999999 -10 0
      vertex 51.200000000000003 -10 0
    endloop
  endfacet
  facet normal 0 0 1
    outer loop
      vertex 51.200000000000003 -10 0
      vertex 51.399999999999999 -10 0
      vertex 51.399999999999999 0 0
    endloop
  endfacet
  facet normal 0 0 1
    outer loop
      vertex 51.200000000000003 -10 0
      vertex 51.399999999999999 0 0
      vertex 51.200000000000003 0 0
    endloop
  endfacet
  facet normal 0 0 1
    outer loop
      vertex 51.200000000000003 0 0
      vertex 51.399999999999999 0 0
      vertex 51.399999999999999 0.001 0
    endloop
  endfacet
  facet normal 0 0 1
    outer loop
      vertex 51.200000000000003 0 0
      vertex 51.399999999999999 0.001 0
      vertex 51.200000000000003 0.001 0
    endloop
  endfacet
  facet normal 0 0 1
    outer loop
      vertex 51.200000000000003 0.001 0
      vertex 51.399999999999999 0.001 0
      vertex 51.399999999999999 10 0
    endloop
  endfacet
  facet normal 0 0 1
    outer loop
      vertex 51.200000000000003 0.001 0
      vertex 51.399999999999999 10 0
      vertex 51.200000000000003 10 0
    endloop
  endfacet
  facet normal 0 0 1
    outer loop
      vertex 51.200000000000003 10 0
      vertex 51.399999999999999 10 0
      vertex 51.399999999999999 20 0
    endloop
  endfacet
  facet normal 0 0 1
    outer loop
      vertex 51.200000000000003 10 0
      vertex 51.399999999999999 20 0
      vertex 51.200000000000003 20 0
    endloop
  endfacet
  facet normal 0 0 1
    outer loop
      vertex 51.200000000000003 20 0
      vertex 51.399999999999999 20 0
      vertex 51.399999999999999 40 0
    endloop
  endfacet
  facet normal 0 0 1
    outer loop
      vertex 51.200000000000003 20 0
      vertex 51.399999999999999 40 0
      vertex 51.200000000000003 40 0
    endloop
  endfacet
  facet normal 0 0 1
    outer loop
      vertex 51.200000000000003 40 0
      vertex 51.399999999999999 40 0
      vertex 51.399999999999999 60 0
    endloop
  endfacet
  facet normal 0 0 1
    outer loop
      vertex 51.200000000000003 40 0
      vertex 51.399999999999999 60 0
      vertex 51.200000000000003 60 0
    endloop
  endfacet
  facet normal 0 0 1
    outer loop
      vertex 51.399999999999999 -60 0
      vertex 51.600000000000001 -60 0
      vertex 51.600000000000001 -40 0
    endloop
  endfacet
  facet normal 0 0 1
    outer loop
      vertex 51.399999999999999 -60 0
      vertex 51.600000000000001 -40 0
      vertex 51.399999999999999 -40 0
    endloop
  endfacet
  facet normal 0 0 1
    outer loop
      vertex 51.399999999999999 -40 0
      vertex 51.600000000000001 -40 0
      vertex 51.600000000000001 -20 0
    endloop
  endfacet
  facet normal 0 0 1
    outer loop
      vertex 51.399999999999999 -40 0
      vertex 51.600000000000001 -20 0
      vertex 51.399999999999999 -20 0
    endloop
  endfacet
  facet normal 0 0 1
    outer loop
      vertex 51.399999999999999 -20 0
      vertex 51.600000000000001 -20 0
      vertex 51.600000000000001 -10 0
    endloop
  endfacet
  facet normal 0 0 1
    outer loop
      vertex 51.399999999999999 -20 0
      vertex 51.600000000000001 -10 0
      vertex 51.399999999999999 -10 0
    endloop
  endfacet
  facet normal 0 0 1
    outer loop
      vertex 51.399999999999999 -10 0
      vertex 51.600000000000001 -10 0
      vertex 51.600000000000001 0 0
    endloop
  endfacet
  facet normal 0 0 1
    outer loop
      vertex 51.399999999999999 -10 0
      vertex 51.600000000000001 0 0
      vertex 51.399999999999999 0 0
    endloop
  endfacet
  facet normal 0 0 1
    outer loop
      vertex 51.399999999999999 0 0
      vertex 51.600000000000001 0 0
      vertex 51.600000000000001 0.001 0
    endloop
  endfacet
  facet normal 0 0 1
    outer loop
      vertex 51.399999999999999 0 0
      vertex 51.600000000000001 0.001 0
      vertex 51.399999999999999 0.001 0
    endloop
  endfacet
  facet normal 0 0 1
    outer loop
      vertex 51.399999999999999 0.001 0
      vertex 51.600000000000001 0.001 0
      vertex 51.600000000000001 10 0
    endloop
  endfacet
  facet normal 0 0 1
    outer loop
      vertex 51.399999999999999 0.001 0
      vertex 51.600000000000001 10 0
      vertex 51.399999999999999 10 0
    endloop
  endfacet
  facet normal 0 0 1
    outer loop
      vertex 51.399999999999999 10 0
      vertex 51.600000000000001 10 0
      vertex 51.600000000000001 20 0
    endloop
  endfacet
  facet normal 0 0 1
    outer loop
      vertex 51.399999999999999 10 0
      vertex 51.600000000000001 20 0
      vertex 51.399999999999999 20 0
    endloop
  endfacet
  facet normal 0 0 1
    outer loop
      vertex 51.399999999999999 20 0
      vertex 51.600000000000001 20 0
      vertex 51.600000000000001 40 0
    endloop
  endfacet
  facet normal 0 0 1
    outer loop
      vertex 51.399999999999999 20 0
      vertex 51.600000000000001 40 0
      vertex 51.399999999999999 40 0
    endloop
  endfacet
  facet normal 0 0 1
    outer loop
      vertex 51.399999999999999 40 0
      vertex 51.600000000000001 40 0
      vertex 51.600000000000001 60 0
    endloop
  endfacet
  facet normal 0 0 1
    outer loop
      vertex 51.399999999999999 40 0
      vertex 51.600000000000001 60 0
      vertex 51.399999999999999 60 0
    endloop
  endfacet
  facet normal 0 0 1
    outer loop
      vertex 51.600000000000001 -60 0
      vertex 51.799999999999997 -60 0
      vertex 51.799999999999997 -40 0
    endloop
  endfacet
  facet normal 0 0 1
    outer loop
      vertex 51.600000000000001 -60 0
      vertex 51.799999999999997 -40 0
      vertex 51.600000000000001 -40 0
    endloop
  endfacet
  facet normal 0 0 1
    outer loop
      vertex 51.600000000000001 -40 0
      vertex 51.799999999999997 -40 0
      vertex 51.799999999999997 -20 0
    endloop
  endfacet
  facet normal 0 0 1
    outer loop
      vertex 51.600000000000001 -40 0
      vertex 51.799999999999997 -20 0
      vertex 51.600000000000001 -20 0
    endloop
  endfacet
  facet normal 0 0 1
    outer loop
      vertex 51.600000000000001 -20 0
      vertex 51.799999999999997 -20 0
      vertex 51.799999999999997 -10 0
    endloop
  endfacet
  facet normal 0 0 1
    outer loop
      vertex 51.600000000000001 -20 0
      vertex 51.799999999999997 -10 0
      vertex 51.600000000000001 -10 0
    endloop
  endfacet
  facet normal 0 0 1
    outer loop
      vertex 51.600000000000001 -10 0
      vertex 51.799999999999997 -10 0
      vertex 51.799999999999997 0 0
    endloop
  endfacet
  facet normal 0 0 1
    outer loop
      vertex 51.600000000000001 -10 0
      vertex 51.799999999999997 0 0
      vertex 51.600000000000001 0 0
    endloop
  endfacet
  facet normal 0 0 1
    outer loop
      vertex 51.600000000000001 0 0
      vertex 51.799999999999997 0 0
      vertex 51.799999999999997 0.001 0
    endloop
  endfacet
  facet normal 0 0 1
    outer loop
      vertex 51.600000000000001 0 0
      vertex 51.799999999999997 0.001 0
      vertex 51.600000000000001 0.001 0
    endloop
  endfacet
  facet normal 0 0 1
    outer loop
      vertex 51.600000000000001 0.001 0
      vertex 51.799999999999997 0.001 0
      vertex 51.799999999999997 10 0
    endloop
  endfacet
  facet normal 0 0 1
    outer loop
      vertex 51.600000000000001 0.001 0
      vertex 51.799999999999997 10 0
      vertex 51.600000000000001 10 0
    endloop
  endfacet
  facet normal 0 0 1
    outer loop
      vertex 51.600000000000001 10 0
      vertex 51.799999999999997 10 0
      vertex 51.799999999999997 20 0
    endloop
  endfacet
  facet normal 0 0 1
    outer loop
      vertex 51.600000000000001 10 0
      vertex 51.799999999999997 20 0
      vertex 51.600000000000001 20 0
    endloop
  endfacet
  facet normal 0 0 1
    outer loop
      vertex 51.600000000000001 20 0
      vertex 51.799999999999997 20 0
      vertex 51.799999999999997 40 0
    endloop
  endfacet
  facet normal 0 0 1
    outer loop
      vertex 51.600000000000001 20 0
      vertex 51.799999999999997 40 0
      vertex 51.600000000000001 40 0
    endloop
  endfacet
  facet normal 0 0 1
    outer loop
      vertex 51.600000000000001 40 0
      vertex 51.799999999999997 40 0
      vertex 51.799999999999997 60 0
    endloop
  endfacet
  facet normal 0 0 1
    outer loop
      vertex 51.600000000000001 40 0
      vertex 51.799999999999997 60 0
      vertex 51.600000000000001 60 0
    endloop
  endfacet
  facet normal 0 0 1
    outer loop
      vertex 51.799999999999997 -60 0
      vertex 52 -60 0
      vertex 52 -40 0
    endloop
  endfacet
  facet normal 0 0 1
    outer loop
      vertex 51.799999999999997 -60 0
      vertex 52 -40 0
      vertex 51.799999999999997 -40 0
    endloop
  endfacet
  facet normal 0 0 1
    outer loop
      vertex 51.799999999999997 -40 0
      vertex 52 -40 0
      vertex 52 -20 0
    endloop
  endfacet
  facet normal 0 0 1
    outer loop
      vertex 51.799999999999997 -40 0
      vertex 52 -20 0
      vertex 51.799999999999997 -20 0
    endloop
  endfacet
  facet normal 0 0 1
    outer loop
      vertex 51.799999999999997 -20 0
      vertex 52 -20 0
      vertex 52 -10 0
    endloop
  endfacet
  facet normal 0 0 1
    outer loop
      vertex 51.799999999999997 -20 0
      vertex 52 -10 0
      vertex 51.799999999999997 -10 0
    endloop
  endfacet
  facet normal 0 0 1
    outer loop
      vertex 51.799999999999997 -10 0
      vertex 52 -10 0
      vertex 52 0 0
    endloop
  endfacet
  facet normal 0 0 1
    outer loop
      vertex 51.799999999999997 -10 0
      vertex 52 0 0
      vertex 51.799999999999997 0 0
    endloop
  endfacet
  facet normal 0 0 1
    outer loop
      vertex 51.799999999999997 0 0
      vertex 52 0 0
      vertex 52 0.001 0
    endloop
  endfacet
  facet normal 0 0 1
    outer loop
      vertex 51.799999999999997 0 0
      vertex 52 0.001 0
      vertex 51.799999999999997 0.001 0
    endloop
  endfacet
  facet normal 0 0 1
    outer loop
      vertex 51.799999999999997 0.001 0
      vertex 52 0.001 0
      vertex 52 10 0
    endloop
  endfacet
  facet normal 0 0 1
    outer loop
      vertex 51.799999999999997 0.001 0
      vertex 52 10 0
      vertex 51.799999999999997 10 0
    endloop
  endfacet
  facet normal 0 0 1
    outer loop
      vertex 51.799999999999997 10 0
      vertex 52 10 0
      vertex 52 20 0
    endloop
  endfacet
  facet normal 0 0 1
    outer loop
      vertex 51.799999999999997 10 0
      vertex 52 20 0
      vertex 51.799999999999997 20 0
    endloop
  endfacet
  facet normal 0 0 1
    outer loop
      vertex 51.799999999999997 20 0
      vertex 52 20 0
      vertex 52 40 0
    endloop
  endfacet
  facet normal 0 0 1
    outer loop
      vertex 51.799999999999997 20 0
      vertex 52 40 0
      vertex 51.799999999999997 40 0
    endloop
  endfacet
  facet normal 0 0 1
    outer loop
      vertex 51.799999999999997 40 0
      vertex 52 40 0
      vertex 52 60 0
    endloop
  endfacet
  facet normal 0 0 1
    outer loop
      vertex 51.799999999999997 40 0
      vertex 52 60 0
      vertex 51.799999999999997 60 0
    endloop
  endfacet
  facet normal 0 0 1
    outer loop
      vertex 52 -60 0
      vertex 52.200000000000003 -60 0
      vertex 52.200000000000003 -40 0
    endloop
  endfacet
  facet normal 0 0 1
    outer loop
      vertex 52 -60 0
      vertex 52.200000000000003 -40 0
      vertex 52 -40 0
    endloop
  endfacet
  facet normal 0 0 1
    outer loop
      vertex 52 -40 0
      vertex 52.200000000000003 -40 0
      vertex 52.200000000000003 -20 0
    endloop
  endfacet
  facet normal 0 0 1
    outer loop
      vertex 52 -40 0
      vertex 52.200000000000003 -20 0
      vertex 52 -20 0
    endloop
  endfacet
  facet normal 0 0 1
    outer loop
      vertex 52 -20 0
      vertex 52.200000000000003 -20 0
      vertex 52.200000000000003 -10 0
    endloop
  endfacet
  facet normal 0 0 1
    outer loop
      vertex 52 -20 0
      vertex 52.200000000000003 -10 0
      vertex 52 -10 0
    endloop
  endfacet
  facet normal 0 0 1
    outer loop
      vertex 52 -10 0
      vertex 52.200000000000003 -10 0
      vertex 52.200000000000003 0 0
    endloop
  endfacet
  facet normal 0 0 1
    outer loop
      vertex 52 -10 0
      vertex 52.200000000000003 0 0
      vertex 52 0 0
    endloop
  endfacet
  facet normal 0 0 1
    outer loop
      vertex 52 0 0
      vertex 52.200000000000003 0 0
      vertex 52.200000000000003 0.001 0
    endloop
  endfacet
  facet normal 0 0 1
    outer loop
      vertex 52 0 0
      vertex 52.200000000000003 0.001 0
      vertex 52 0.001 0
    endloop
  endfacet
  facet normal 0 0 1
    outer loop
      vertex 52 0.001 0
      vertex 52.200000000000003 0.001 0
      vertex 52.200000000000003 10 0
    endloop
  endfacet
  facet normal 0 0 1
    outer loop
      vertex 52 0.001 0
      vertex 52.200000000000003 10 0
      vertex 52 10 0
    endloop
  endfacet
  facet normal 0 0 1
    outer loop
      vertex 52 10 0
      vertex 52.200000000000003 10 0
      vertex 52.200000000000003 20 0
    endloop
  endfacet
  facet normal 0 0 1
    outer loop
      vertex 52 10 0
      vertex 52.200000000000003 20 0
      vertex 52 20 0
    endloop
  endfacet
  facet normal 0 0 1
    outer loop
      vertex 52 20 0
      vertex 52.200000000000003 20 0
      vertex 52.200000000000003 40 0
    endloop
  endfacet
  facet normal 0 0 1
    outer loop
      vertex 52 20 0
      vertex 52.200000000000003 40 0
      vertex 52 40 0
    endloop
  endfacet
  facet normal 0 0 1
    outer loop
      vertex 52 40 0
      vertex 52.200000000000003 40 0
      vertex 52.200000000000003 60 0
    endloop
  endfacet
  facet normal 0 0 1
    outer loop
      vertex 52 40 0
      vertex 52.200000000000003 60 0
      vertex 52 60 0
    endloop
  endfacet
  facet normal 0 0 1
    outer loop
      vertex 52.200000000000003 -60 0
      vertex 52.399999999999999 -60 0
      vertex 52.399999999999999 -40 0
    endloop
  endfacet
  facet normal 0 0 1
    outer loop
      vertex 52.200000000000003 -60 0
      vertex 52.399999999999999 -40 0
      vertex 52.200000000000003 -40 0
    endloop
  endfacet
  facet normal 0 0 1
    outer loop
      vertex 52.200000000000003 -40 0
      vertex 52.399999999999999 -40 0
      vertex 52.399999999999999 -20 0
    endloop
  endfacet
  facet normal 0 0 1
    outer loop
      vertex 52.200000000000003 -40 0
      vertex 52.399999999999999 -20 0
      vertex 52.200000000000003 -20 0
    endloop
  endfacet
  facet normal 0 0 1
    outer loop
      vertex 52.200000000000003 -20 0
      vertex 52.399999999999999 -20 0
      vertex 52.399999999999999 -10 0
    endloop
  endfacet
  facet normal 0 0 1
    outer loop
      vertex 52.200000000000003 -20 0
      vertex 52.399999999999999 -10 0
      vertex 52.200000000000003 -10 0
    endloop
  endfacet
  facet normal 0 0 1
    outer loop
      vertex 52.200000000000003 -10 0
      vertex 52.399999999999999 -10 0
      vertex 52.399999999999999 0 0
    endloop
  endfacet
  facet normal 0 0 1
    outer loop
      vertex 52.200000000000003 -10 0
      vertex 52.399999999999999 0 0
      vertex 52.200000000000003 0 0
    endloop
  endfacet
  facet normal 0 0 1
    outer loop
      vertex 52.200000000000003 0 0
      vertex 52.399999999999999 0 0
      vertex 52.399999999999999 0.001 0
    endloop
  endfacet
  facet normal 0 0 1
    outer loop
      vertex 52.200000000000003 0 0
      vertex 52.399999999999999 0.001 0
      vertex 52.200000000000003 0.001 0
    endloop
  endfacet
  facet normal 0 0 1
    outer loop
      vertex 52.200000000000003 0.001 0
      vertex 52.399999999999999 0.001 0
      vertex 52.399999999999999 10 0
    endloop
  endfacet
  facet normal 0 0 1
    outer loop
      vertex 52.200000000000003 0.001 0
      vertex 52.399999999999999 10 0
      vertex 52.200000000000003 10 0
    endloop
  endfacet
  facet normal 0 0 1
    outer loop
      vertex 52.200000000000003 10 0
      vertex 52.399999999999999 10 0
      vertex 52.399999999999999 20 0
    endloop
  endfacet
  facet normal 0 0 1
    outer loop
      vertex 52.200000000000003 10 0
      vertex 52.399999999999999 20 0
      vertex 52.200000000000003 20 0
    endloop
  endfacet
  facet normal 0 0 1
    outer loop
      vertex 52.200000000000003 20 0
      vertex 52.399999999999999 20 0
      vertex 52.399999999999999 40 0
    endloop
  endfacet
  facet normal 0 0 1
    outer loop
      vertex 52.200000000000003 20 0
      vertex 52.399999999999999 40 0
      vertex 52.200000000000003 40 0
    endloop
  endfacet
  facet normal 0 0 1
    outer loop
      vertex 52.200000000000003 40 0
      vertex 52.399999999999999 40 0
      vertex 52.399999999999999 60 0
    endloop
  endfacet
  facet normal 0 0 1
    outer loop
      vertex 52.200000000000003 40 0
      vertex 52.399999999999999 60 0
      vertex 52.200000000000003 60 0
    endloop
  endfacet
  facet normal 0 0 1
    outer loop
      vertex 52.399999999999999 -60 0
      vertex 52.600000000000001 -60 0
      vertex 52.600000000000001 -40 0
    endloop
  endfacet
  facet normal 0 0 1
    outer loop
      vertex 52.399999999999999 -60 0
      vertex 52.600000000000001 -40 0
      vertex 52.399999999999999 -40 0
    endloop
  endfacet
  facet normal 0 0 1
    outer loop
      vertex 52.399999999999999 -40 0
      vertex 52.600000000000001 -40 0
      vertex 52.600000000000001 -20 0
    endloop
  endfacet
  facet normal 0 0 1
    outer loop
      vertex 52.399999999999999 -40 0
      vertex 52.600000000000001 -20 0
      vertex 52.399999999999999 -20 0
    endloop
  endfacet
  facet normal 0 0 1
    outer loop
      vertex 52.399999999999999 -20 0
      vertex 52.600000000000001 -20 0
      vertex 52.600000000000001 -10 0
    endloop
  endfacet
  facet normal 0 0 1
    outer loop
      vertex 52.399999999999999 -20 0
      vertex 52.600000000000001 -10 0
      vertex 52.399999999999999 -10 0
    endloop
  endfacet
  facet normal 0 0 1
    outer loop
      vertex 52.399999999999999 -10 0
      vertex 52.600000000000001 -10 0
      vertex 52.600000000000001 0 0
    endloop
  endfacet
  facet normal 0 0 1
    outer loop
      vertex 52.399999999999999 -10 0
      vertex 52.600000000000001 0 0
      vertex 52.399999999999999 0 0
    endloop
  endfacet
  facet normal 0 0 1
    outer loop
      vertex 52.399999999999999 0 0
      vertex 52.600000000000001 0 0
      vertex 52.600000000000001 0.001 0
    endloop
  endfacet
  facet normal 0 0 1
    outer loop
      vertex 52.399999999999999 0 0
      vertex 52.600000000000001 0.001 0
      vertex 52.399999999999999 0.001 0
    endloop
  endfacet
  facet normal 0 0 1
    outer loop
      vertex 52.399999999999999 0.001 0
      vertex 52.600000000000001 0.001 0
      vertex 52.600000000000001 10 0
    endloop
  endfacet
  facet normal 0 0 1
    outer loop
      vertex 52.399999999999999 0.001 0
      vertex 52.600000000000001 10 0
      vertex 52.399999999999999 10 0
    endloop
  endfacet
  facet normal 0 0 1
    outer loop
      vertex 52.399999999999999 10 0
      vertex 52.600000000000001 10 0
      vertex 52.600000000000001 20 0
    endloop
  endfacet
  facet normal 0 0 1
    outer loop
      vertex 52.399999999999999 10 0
      vertex 52.600000000000001 20 0
      vertex 52.399999999999999 20 0
    endloop
  endfacet
  facet normal 0 0 1
    outer loop
      vertex 52.399999999999999 20 0
      vertex 52.600000000000001 20 0
      vertex 52.600000000000001 40 0
    endloop
  endfacet
  facet normal 0 0 1
    outer loop
      vertex 52.399999999999999 20 0
      vertex 52.600000000000001 40 0
      vertex 52.399999999999999 40 0
    endloop
  endfacet
  facet normal 0 0 1
    outer loop
      vertex 52.399999999999999 40 0
      vertex 52.600000000000001 40 0
      vertex 52.600000000000001 60 0
    endloop
  endfacet
  facet normal 0 0 1
    outer loop
      vertex 52.399999999999999 40 0
      vertex 52.600000000000001 60 0
      vertex 52.399999999999999 60 0
    endloop
  endfacet
  facet normal 0 0 1
    outer loop
      vertex 52.600000000000001 -60 0
      vertex 52.799999999999997 -60 0
      vertex 52.799999999999997 -40 0
    endloop
  endfacet
  facet normal 0 0 1
    outer loop
      vertex 52.600000000000001 -60 0
      vertex 52.799999999999997 -40 0
      vertex 52.600000000000001 -40 0
    endloop
  endfacet
  facet normal 0 0 1
    outer loop
      vertex 52.600000000000001 -40 0
      vertex 52.799999999999997 -40 0
      vertex 52.799999999999997 -20 0
    endloop
  endfacet
  facet normal 0 0 1
    outer loop
      vertex 52.600000000000001 -40 0
      vertex 52.799999999999997 -20 0
      vertex 52.600000000000001 -20 0
    endloop
  endfacet
  facet normal 0 0 1
    outer loop
      vertex 52.600000000000001 -20 0
      vertex 52.799999999999997 -20 0
      vertex 52.799999999999997 -10 0
    endloop
  endfacet
  facet normal 0 0 1
    outer loop
      vertex 52.600000000000001 -20 0
      vertex 52.799999999999997 -10 0
      vertex 52.600000000000001 -10 0
    endloop
  endfacet
  facet normal 0 0 1
    outer loop
      vertex 52.600000000000001 -10 0
      vertex 52.799999999999997 -10 0
      vertex 52.799999999999997 0 0
    endloop
  endfacet
  facet normal 0 0 1
    outer loop
      vertex 52.600000000000001 -10 0
      vertex 52.799999999999997 0 0
      vertex 52.600000000000001 0 0
    endloop
  endfacet
  facet normal 0 0 1
    outer loop
      vertex 52.600000000000001 0 0
      vertex 52.799999999999997 0 0
      vertex 52.799999999999997 0.001 0
    endloop
  endfacet
  facet normal 0 0 1
    outer loop
      vertex 52.600000000000001 0 0
      vertex 52.799999999999997 0.001 0
      vertex 52.600000000000001 0.001 0
    endloop
  endfacet
  facet normal 0 0 1
    outer loop
      vertex 52.600000000000001 0.001 0
      vertex 52.799999999999997 0.001 0
      vertex 52.799999999999997 10 0
    endloop
  endfacet
  facet normal 0 0 1
    outer loop
      vertex 52.600000000000001 0.001 0
      vertex 52.799999999999997 10 0
      vertex 52.600000000000001 10 0
    endloop
  endfacet
  facet normal 0 0 1
    outer loop
      vertex 52.600000000000001 10 0
      vertex 52.799999999999997 10 0
      vertex 52.799999999999997 20 0
    endloop
  endfacet
  facet normal 0 0 1
    outer loop
      vertex 52.600000000000001 10 0
      vertex 52.799999999999997 20 0
      vertex 52.600000000000001 20 0
    endloop
  endfacet
  facet normal 0 0 1
    outer loop
      vertex 52.600000000000001 20 0
      vertex 52.799999999999997 20 0
      vertex 52.799999999999997 40 0
    endloop
  endfacet
  facet normal 0 0 1
    outer loop
      vertex 52.600000000000001 20 0
      vertex 52.799999999999997 40 0
      vertex 52.600000000000001 40 0
    endloop
  endfacet
  facet normal 0 0 1
    outer loop
      vertex 52.600000000000001 40 0
      vertex 52.799999999999997 40 0
      vertex 52.799999999999997 60 0
    endloop
  endfacet
  facet normal 0 0 1
    outer loop
      vertex 52.600000000000001 40 0
      vertex 52.799999999999997 60 0
      vertex 52.600000000000001 60 0
    endloop
  endfacet
  facet normal 0 0 1
    outer loop
      vertex 52.799999999999997 -60 0
      vertex 53 -60 0
      vertex 53 -40 0
    endloop
  endfacet
  facet normal 0 0 1
    outer loop
      vertex 52.799999999999997 -60 0
      vertex 53 -40 0
      vertex 52.799999999999997 -40 0
    endloop
  endfacet
  facet normal 0 0 1
    outer loop
      vertex 52.799999999999997 -40 0
      vertex 53 -40 0
      vertex 53 -20 0
    endloop
  endfacet
  facet normal 0 0 1
    outer loop
      vertex 52.799999999999997 -40 0
      vertex 53 -20 0
      vertex 52.799999999999997 -20 0
    endloop
  endfacet
  facet normal 0 0 1
    outer loop
      vertex 52.799999999999997 -20 0
      vertex 53 -20 0
      vertex 53 -10 0
    endloop
  endfacet
  facet normal 0 0 1
    outer loop
      vertex 52.799999999999997 -20 0
      vertex 53 -10 0
      vertex 52.799999999999997 -10 0
    endloop
  endfacet
  facet normal 0 0 1
    outer loop
      vertex 52.799999999999997 -10 0
      vertex 53 -10 0
      vertex 53 0 0
    endloop
  endfacet
  facet normal 0 0 1
    outer loop
      vertex 52.799999999999997 -10 0
      vertex 53 0 0
      vertex 52.799999999999997 0 0
    endloop
  endfacet
  facet normal 0 0 1
    outer loop
      vertex 52.799999999999997 0 0
      vertex 53 0 0
      vertex 53 0.001 0
    endloop
  endfacet
  facet normal 0 0 1
    outer loop
      vertex 52.799999999999997 0 0
      vertex 53 0.001 0
      vertex 52.799999999999997 0.001 0
    endloop
  endfacet
  facet normal 0 0 1
    outer loop
      vertex 52.799999999999997 0.001 0
      vertex 53 0.001 0
      vertex 53 10 0
    endloop
  endfacet
  facet normal 0 0 1
    outer loop
      vertex 52.799999999999997 0.001 0
      vertex 53 10 0
      vertex 52.799999999999997 10 0
    endloop
  endfacet
  facet normal 0 0 1
    outer loop
      vertex 52.799999999999997 10 0
      vertex 53 10 0
      vertex 53 20 0
    endloop
  endfacet
  facet normal 0 0 1
    outer loop
      vertex 52.799999999999997 10 0
      vertex 53 20 0
      vertex 52.799999999999997 20 0
    endloop
  endfacet
  facet normal 0 0 1
    outer loop
      vertex 52.799999999999997 20 0
      vertex 53 20 0
      vertex 53 40 0
    endloop
  endfacet
  facet normal 0 0 1
    outer loop
      vertex 52.799999999999997 20 0
      vertex 53 40 0
      vertex 52.799999999999997 40 0
    endloop
  endfacet
  facet normal 0 0 1
    outer loop
      vertex 52.799999999999997 40 0
      vertex 53 40 0
      vertex 53 60 0
    endloop
  endfacet
  facet normal 0 0 1
    outer loop
      vertex 52.799999999999997 40 0
      vertex 53 60 0
      vertex 52.799999999999997 60 0
    endloop
  endfacet
  facet normal 0 0 1
    outer loop
      vertex 53 -60 0
      vertex 53.200000000000003 -60 0
      vertex 53.200000000000003 -40 0
    endloop
  endfacet
  facet normal 0 0 1
    outer loop
      vertex 53 -60 0
      vertex 53.200000000000003 -40 0
      vertex 53 -40 0
    endloop
  endfacet
  facet normal 0 0 1
    outer loop
      vertex 53 -40 0
      vertex 53.200000000000003 -40 0
      vertex 53.200000000000003 -20 0
    endloop
  endfacet
  facet normal 0 0 1
    outer loop
      vertex 53 -40 0
      vertex 53.200000000000003 -20 0
      vertex 53 -20 0
    endloop
  endfacet
  facet normal 0 0 1
    outer loop
      vertex 53 -20 0
      vertex 53.200000000000003 -20 0
      vertex 53.200000000000003 -10 0
    endloop
  endfacet
  facet normal 0 0 1
    outer loop
      vertex 53 -20 0
      vertex 53.200000000000003 -10 0
      vertex 53 -10 0
    endloop
  endfacet
  facet normal 0 0 1
    outer loop
      vertex 53 -10 0
      vertex 53.200000000000003 -10 0
      vertex 53.200000000000003 0 0
    endloop
  endfacet
  facet normal 0 0 1
    outer loop
      vertex 53 -10 0
      vertex 53.200000000000003 0 0
      vertex 53 0 0
    endloop
  endfacet
  facet normal 0 0 1
    outer loop
      vertex 53 0 0
      vertex 53.200000000000003 0 0
      vertex 53.200000000000003 0.001 0
    endloop
  endfacet
  facet normal 0 0 1
    outer loop
      vertex 53 0 0
      vertex 53.200000000000003 0.001 0
      vertex 53 0.001 0
    endloop
  endfacet
  facet normal 0 0 1
    outer loop
      vertex 53 0.001 0
      vertex 53.200000000000003 0.001 0
      vertex 53.200000000000003 10 0
    endloop
  endfacet
  facet normal 0 0 1
    outer loop
      vertex 53 0.001 0
      vertex 53.200000000000003 10 0
      vertex 53 10 0
    endloop
  endfacet
  facet normal 0 0 1
    outer loop
      vertex 53 10 0
      vertex 53.200000000000003 10 0
      vertex 53.200000000000003 20 0
    endloop
  endfacet
  facet normal 0 0 1
    outer loop
      vertex 53 10 0
      vertex 53.200000000000003 20 0
      vertex 53 20 0
    endloop
  endfacet
  facet normal 0 0 1
    outer loop
      vertex 53 20 0
      vertex 53.200000000000003 20 0
      vertex 53.200000000000003 40 0
    endloop
  endfacet
  facet normal 0 0 1
    outer loop
      vertex 53 20 0
      vertex 53.200000000000003 40 0
      vertex 53 40 0
    endloop
  endfacet
  facet normal 0 0 1
    outer loop
      vertex 53 40 0
      vertex 53.200000000000003 40 0
      vertex 53.200000000000003 60 0
    endloop
  endfacet
  facet normal 0 0 1
    outer loop
      vertex 53 40 0
      vertex 53.200000000000003 60 0
      vertex 53 60 0
    endloop
  endfacet
  facet normal 0 0 1
    outer loop
      vertex 53.200000000000003 -60 0
      vertex 53.399999999999999 -60 0
      vertex 53.399999999999999 -40 0
    endloop
  endfacet
  facet normal 0 0 1
    outer loop
      vertex 53.200000000000003 -60 0
      vertex 53.399999999999999 -40 0
      vertex 53.200000000000003 -40 0
    endloop
  endfacet
  facet normal 0 0 1
    outer loop
      vertex 53.200000000000003 -40 0
      vertex 53.399999999999999 -40 0
      vertex 53.399999999999999 -20 0
    endloop
  endfacet
  facet normal 0 0 1
    outer loop
      vertex 53.200000000000003 -40 0
      vertex 53.399999999999999 -20 0
      vertex 53.200000000000003 -20 0
    endloop
  endfacet
  facet normal 0 0 1
    outer loop
      vertex 53.200000000000003 -20 0
      vertex 53.399999999999999 -20 0
      vertex 53.399999999999999 -10 0
    endloop
  endfacet
  facet normal 0 0 1
    outer loop
      vertex 53.200000000000003 -20 0
      vertex 53.399999999999999 -10 0
      vertex 53.200000000000003 -10 0
    endloop
  endfacet
  facet normal 0 0 1
    outer loop
      vertex 53.200000000000003 -10 0
      vertex 53.399999999999999 -10 0
      vertex 53.399999999999999 0 0
    endloop
  endfacet
  facet normal 0 0 1
    outer loop
      vertex 53.200000000000003 -10 0
      vertex 53.399999999999999 0 0
      vertex 53.200000000000003 0 0
    endloop
  endfacet
  facet normal 0 0 1
    outer loop
      vertex 53.200000000000003 0 0
      vertex 53.399999999999999 0 0
      vertex 53.399999999999999 0.001 0
    endloop
  endfacet
  facet normal 0 0 1
    outer loop
      vertex 53.200000000000003 0 0
      vertex 53.399999999999999 0.001 0
      vertex 53.200000000000003 0.001 0
    endloop
  endfacet
  facet normal 0 0 1
    outer loop
      vertex 53.200000000000003 0.001 0
      vertex 53.399999999999999 0.001 0
      vertex 53.399999999999999 10 0
    endloop
  endfacet
  facet normal 0 0 1
    outer loop
      vertex 53.200000000000003 0.001 0
      vertex 53.399999999999999 10 0
      vertex 53.200000000000003 10 0
    endloop
  endfacet
  facet normal 0 0 1
    outer loop
      vertex 53.200000000000003 10 0
      vertex 53.399999999999999 10 0
      vertex 53.399999999999999 20 0
    endloop
  endfacet
  facet normal 0 0 1
    outer loop
      vertex 53.200000000000003 10 0
      vertex 53.399999999999999 20 0
      vertex 53.200000000000003 20 0
    endloop
  endfacet
  facet normal 0 0 1
    outer loop
      vertex 53.200000000000003 20 0
      vertex 53.399999999999999 20 0
      vertex 53.399999999999999 40 0
    endloop
  endfacet
  facet normal 0 0 1
    outer loop
      vertex 53.200000000000003 20 0
      vertex 53.399999999999999 40 0
      vertex 53.200000000000003 40 0
    endloop
  endfacet
  facet normal 0 0 1
    outer loop
      vertex 53.200000000000003 40 0
      vertex 53.399999999999999 40 0
      vertex 53.399999999999999 60 0
    endloop
  endfacet
  facet normal 0 0 1
    outer loop
      vertex 53.200000000000003 40 0
      vertex 53.399999999999999 60 0
      vertex 53.200000000000003 60 0
    endloop
  endfacet
  facet normal 0 0 1
    outer loop
      vertex 53.399999999999999 -60 0
      vertex 53.600000000000001 -60 0
      vertex 53.600000000000001 -40 0
    endloop
  endfacet
  facet normal 0 0 1
    outer loop
      vertex 53.399999999999999 -60 0
      vertex 53.600000000000001 -40 0
      vertex 53.399999999999999 -40 0
    endloop
  endfacet
  facet normal 0 0 1
    outer loop
      vertex 53.399999999999999 -40 0
      vertex 53.600000000000001 -40 0
      vertex 53.600000000000001 -20 0
    endloop
  endfacet
  facet normal 0 0 1
    outer loop
      vertex 53.399999999999999 -40 0
      vertex 53.600000000000001 -20 0
      vertex 53.399999999999999 -20 0
    endloop
  endfacet
  facet normal 0 0 1
    outer loop
      vertex 53.399999999999999 -20 0
      vertex 53.600000000000001 -20 0
      vertex 53.600000000000001 -10 0
    endloop
  endfacet
  facet normal 0 0 1
    outer loop
      vertex 53.399999999999999 -20 0
      vertex 53.600000000000001 -10 0
      vertex 53.399999999999999 -10 0
    endloop
  endfacet
  facet normal 0 0 1
    outer loop
      vertex 53.399999999999999 -10 0
      vertex 53.600000000000001 -10 0
      vertex 53.600000000000001 0 0
    endloop
  endfacet
  facet normal 0 0 1
    outer loop
      vertex 53.399999999999999 -10 0
      vertex 53.600000000000001 0 0
      vertex 53.399999999999999 0 0
    endloop
  endfacet
  facet normal 0 0 1
    outer loop
      vertex 53.399999999999999 0 0
      vertex 53.600000000000001 0 0
      vertex 53.600000000000001 0.001 0
    endloop
  endfacet
  facet normal 0 0 1
    outer loop
      vertex 53.399999999999999 0 0
      vertex 53.600000000000001 0.001 0
      vertex 53.399999999999999 0.001 0
    endloop
  endfacet
  facet normal 0 0 1
    outer loop
      vertex 53.399999999999999 0.001 0
      vertex 53.600000000000001 0.001 0
      vertex 53.600000000000001 10 0
    endloop
  endfacet
  facet normal 0 0 1
    outer loop
      vertex 53.399999999999999 0.001 0
      vertex 53.600000000000001 10 0
      vertex 53.399999999999999 10 0
    endloop
  endfacet
  facet normal 0 0 1
    outer loop
      vertex 53.399999999999999 10 0
      vertex 53.600000000000001 10 0
      vertex 53.600000000000001 20 0
    endloop
  endfacet
  facet normal 0 0 1
    outer loop
      vertex 53.399999999999999 10 0
      vertex 53.600000000000001 20 0
      vertex 53.399999999999999 20 0
    endloop
  endfacet
  facet normal 0 0 1
    outer loop
      vertex 53.399999999999999 20 0
      vertex 53.600000000000001 20 0
      vertex 53.600000000000001 40 0
    endloop
  endfacet
  facet normal 0 0 1
    outer loop
      vertex 53.399999999999999 20 0
      vertex 53.600000000000001 40 0
      vertex 53.399999999999999 40 0
    endloop
  endfacet
  facet normal 0 0 1
    outer loop
      vertex 53.399999999999999 40 0
      vertex 53.600000000000001 40 0
      vertex 53.600000000000001 60 0
    endloop
  endfacet
  facet normal 0 0 1
    outer loop
      vertex 53.399999999999999 40 0
      vertex 53.600000000000001 60 0
      vertex 53.399999999999999 60 0
    endloop
  endfacet
  facet normal 0 0 1
    outer loop
      vertex 53.600000000000001 -60 0
      vertex 53.799999999999997 -60 0
      vertex 53.799999999999997 -40 0
    endloop
  endfacet
  facet normal 0 0 1
    outer loop
      vertex 53.600000000000001 -60 0
      vertex 53.799999999999997 -40 0
      vertex 53.600000000000001 -40 0
    endloop
  endfacet
  facet normal 0 0 1
    outer loop
      vertex 53.600000000000001 -40 0
      vertex 53.799999999999997 -40 0
      vertex 53.799999999999997 -20 0
    endloop
  endfacet
  facet normal 0 0 1
    outer loop
      vertex 53.600000000000001 -40 0
      vertex 53.799999999999997 -20 0
      vertex 53.600000000000001 -20 0
    endloop
  endfacet
  facet normal 0 0 1
    outer loop
      vertex 53.600000000000001 -20 0
      vertex 53.799999999999997 -20 0
      vertex 53.799999999999997 -10 0
    endloop
  endfacet
  facet normal 0 0 1
    outer loop
      vertex 53.600000000000001 -20 0
      vertex 53.799999999999997 -10 0
      vertex 53.600000000000001 -10 0
    endloop
  endfacet
  facet normal 0 0 1
    outer loop
      vertex 53.600000000000001 -10 0
      vertex 53.799999999999997 -10 0
      vertex 53.799999999999997 0 0
    endloop
  endfacet
  facet normal 0 0 1
    outer loop
      vertex 53.600000000000001 -10 0
      vertex 53.799999999999997 0 0
      vertex 53.600000000000001 0 0
    endloop
  endfacet
  facet normal 0 0 1
    outer loop
      vertex 53.600000000000001 0 0
      vertex 53.799999999999997 0 0
      vertex 53.799999999999997 0.001 0
    endloop
  endfacet
  facet normal 0 0 1
    outer loop
      vertex 53.600000000000001 0 0
      vertex 53.799999999999997 0.001 0
      vertex 53.600000000000001 0.001 0
    endloop
  endfacet
  facet normal 0 0 1
    outer loop
      vertex 53.600000000000001 0.001 0
      vertex 53.799999999999997 0.001 0
      vertex 53.799999999999997 10 0
    endloop
  endfacet
  facet normal 0 0 1
    outer loop
      vertex 53.600000000000001 0.001 0
      vertex 53.799999999999997 10 0
      vertex 53.600000000000001 10 0
    endloop
  endfacet
  facet normal 0 0 1
    outer loop
      vertex 53.600000000000001 10 0
      vertex 53.799999999999997 10 0
      vertex 53.799999999999997 20 0
    endloop
  endfacet
  facet normal 0 0 1
    outer loop
      vertex 53.600000000000001 10 0
      vertex 53.799999999999997 20 0
      vertex 53.600000000000001 20 0
    endloop
  endfacet
  facet normal 0 0 1
    outer loop
      vertex 53.600000000000001 20 0
      vertex 53.799999999999997 20 0
      vertex 53.799999999999997 40 0
    endloop
  endfacet
  facet normal 0 0 1
    outer loop
      vertex 53.600000000000001 20 0
      vertex 53.799999999999997 40 0
      vertex 53.600000000000001 40 0
    endloop
  endfacet
  facet normal 0 0 1
    outer loop
      vertex 53.600000000000001 40 0
      vertex 53.799999999999997 40 0
      vertex 53.799999999999997 60 0
    endloop
  endfacet
  facet normal 0 0 1
    outer loop
      vertex 53.600000000000001 40 0
      vertex 53.799999999999997 60 0
      vertex 53.600000000000001 60 0
    endloop
  endfacet
  facet normal 0 0 1
    outer loop
      vertex 53.799999999999997 -60 0
      vertex 54 -60 0
      vertex 54 -40 0
    endloop
  endfacet
  facet normal 0 0 1
    outer loop
      vertex 53.799999999999997 -60 0
      vertex 54 -40 0
      vertex 53.799999999999997 -40 0
    endloop
  endfacet
  facet normal 0 0 1
    outer loop
      vertex 53.799999999999997 -40 0
      vertex 54 -40 0
      vertex 54 -20 0
    endloop
  endfacet
  facet normal 0 0 1
    outer loop
      vertex 53.799999999999997 -40 0
      vertex 54 -20 0
      vertex 53.799999999999997 -20 0
    endloop
  endfacet
  facet normal 0 0 1
    outer loop
      vertex 53.799999999999997 -20 0
      vertex 54 -20 0
      vertex 54 -10 0
    endloop
  endfacet
  facet normal 0 0 1
    outer loop
      vertex 53.799999999999997 -20 0
      vertex 54 -10 0
      vertex 53.799999999999997 -10 0
    endloop
  endfacet
  facet normal 0 0 1
    outer loop
      vertex 53.799999999999997 -10 0
      vertex 54 -10 0
      vertex 54 0 0
    endloop
  endfacet
  facet normal 0 0 1
    outer loop
      vertex 53.799999999999997 -10 0
      vertex 54 0 0
      vertex 53.799999999999997 0 0
    endloop
  endfacet
  facet normal 0 0 1
    outer loop
      vertex 53.799999999999997 0 0
      vertex 54 0 0
      vertex 54 0.001 0
    endloop
  endfacet
  facet normal 0 0 1
    outer loop
      vertex 53.799999999999997 0 0
      vertex 54 0.001 0
      vertex 53.799999999999997 0.001 0
    endloop
  endfacet
  facet normal 0 0 1
    outer loop
      vertex 53.799999999999997 0.001 0
      vertex 54 0.001 0
      vertex 54 10 0
    endloop
  endfacet
  facet normal 0 0 1
    outer loop
      vertex 53.799999999999997 0.001 0
      vertex 54 10 0
      vertex 53.799999999999997 10 0
    endloop
  endfacet
  facet normal 0 0 1
    outer loop
      vertex 53.799999999999997 10 0
      vertex 54 10 0
      vertex 54 20 0
    endloop
  endfacet
  facet normal 0 0 1
    outer loop
      vertex 53.799999999999997 10 0
      vertex 54 20 0
      vertex 53.799999999999997 20 0
    endloop
  endfacet
  facet normal 0 0 1
    outer loop
      vertex 53.799999999999997 20 0
      vertex 54 20 0
      vertex 54 40 0
    endloop
  endfacet
  facet normal 0 0 1
    outer loop
      vertex 53.799999999999997 20 0
      vertex 54 40 0
      vertex 53.799999999999997 40 0
    endloop
  endfacet
  facet normal 0 0 1
    outer loop
      vertex 53.799999999999997 40 0
      vertex 54 40 0
      vertex 54 60 0
    endloop
  endfacet
  facet normal 0 0 1
    outer loop
      vertex 53.799999999999997 40 0
      vertex 54 60 0
      vertex 53.799999999999997 60 0
    endloop
  endfacet
  facet normal 0 0 1
    outer loop
      vertex 54 -60 0
      vertex 54.200000000000003 -60 0
      vertex 54.200000000000003 -40 0
    endloop
  endfacet
  facet normal 0 0 1
    outer loop
      vertex 54 -60 0
      vertex 54.200000000000003 -40 0
      vertex 54 -40 0
    endloop
  endfacet
  facet normal 0 0 1
    outer loop
      vertex 54 -40 0
      vertex 54.200000000000003 -40 0
      vertex 54.200000000000003 -20 0
    endloop
  endfacet
  facet normal 0 0 1
    outer loop
      vertex 54 -40 0
      vertex 54.200000000000003 -20 0
      vertex 54 -20 0
    endloop
  endfacet
  facet normal 0 0 1
    outer loop
      vertex 54 -20 0
      vertex 54.200000000000003 -20 0
      vertex 54.200000000000003 -10 0
    endloop
  endfacet
  facet normal 0 0 1
    outer loop
      vertex 54 -20 0
      vertex 54.200000000000003 -10 0
      vertex 54 -10 0
    endloop
  endfacet
  facet normal 0 0 1
    outer loop
      vertex 54 -10 0
      vertex 54.200000000000003 -10 0
      vertex 54.200000000000003 0 0
    endloop
  endfacet
  facet normal 0 0 1
    outer loop
      vertex 54 -10 0
      vertex 54.200000000000003 0 0
      vertex 54 0 0
    endloop
  endfacet
  facet normal 0 0 1
    outer loop
      vertex 54 0 0
      vertex 54.200000000000003 0 0
      vertex 54.200000000000003 0.001 0
    endloop
  endfacet
  facet normal 0 0 1
    outer loop
      vertex 54 0 0
      vertex 54.200000000000003 0.001 0
      vertex 54 0.001 0
    endloop
  endfacet
  facet normal 0 0 1
    outer loop
      vertex 54 0.001 0
      vertex 54.200000000000003 0.001 0
      vertex 54.200000000000003 10 0
    endloop
  endfacet
  facet normal 0 0 1
    outer loop
      vertex 54 0.001 0
      vertex 54.200000000000003 10 0
      vertex 54 10 0
    endloop
  endfacet
  facet normal 0 0 1
    outer loop
      vertex 54 10 0
      vertex 54.200000000000003 10 0
      vertex 54.200000000000003 20 0
    endloop
  endfacet
  facet normal 0 0 1
    outer loop
      vertex 54 10 0
      vertex 54.200000000000003 20 0
      vertex 54 20 0
    endloop
  endfacet
  facet normal 0 0 1
    outer loop
      vertex 54 20 0
      vertex 54.200000000000003 20 0
      vertex 54.200000000000003 40 0
    endloop
  endfacet
  facet normal 0 0 1
    outer loop
      vertex 54 20 0
      vertex 54.200000000000003 40 0
      vertex 54 40 0
    endloop
  endfacet
  facet normal 0 0 1
    outer loop
      vertex 54 40 0
      vertex 54.200000000000003 40 0
      vertex 54.200000000000003 60 0
    endloop
  endfacet
  facet normal 0 0 1
    outer loop
      vertex 54 40 0
      vertex 54.200000000000003 60 0
      vertex 54 60 0
    endloop
  endfacet
  facet normal 0 0 1
    outer loop
      vertex 54.200000000000003 -60 0
      vertex 54.399999999999999 -60 0
      vertex 54.399999999999999 -40 0
    endloop
  endfacet
  facet normal 0 0 1
    outer loop
      vertex 54.200000000000003 -60 0
      vertex 54.399999999999999 -40 0
      vertex 54.200000000000003 -40 0
    endloop
  endfacet
  facet normal 0 0 1
    outer loop
      vertex 54.200000000000003 -40 0
      vertex 54.399999999999999 -40 0
      vertex 54.399999999999999 -20 0
    endloop
  endfacet
  facet normal 0 0 1
    outer loop
      vertex 54.200000000000003 -40 0
      vertex 54.399999999999999 -20 0
      vertex 54.200000000000003 -20 0
    endloop
  endfacet
  facet normal 0 0 1
    outer loop
      vertex 54.200000000000003 -20 0
      vertex 54.399999999999999 -20 0
      vertex 54.399999999999999 -10 0
    endloop
  endfacet
  facet normal 0 0 1
    outer loop
      vertex 54.200000000000003 -20 0
      vertex 54.399999999999999 -10 0
      vertex 54.200000000000003 -10 0
    endloop
  endfacet
  facet normal 0 0 1
    outer loop
      vertex 54.200000000000003 -10 0
      vertex 54.399999999999999 -10 0
      vertex 54.399999999999999 0 0
    endloop
  endfacet
  facet normal 0 0 1
    outer loop
      vertex 54.200000000000003 -10 0
      vertex 54.399999999999999 0 0
      vertex 54.200000000000003 0 0
    endloop
  endfacet
  facet normal 0 0 1
    outer loop
      vertex 54.200000000000003 0 0
      vertex 54.399999999999999 0 0
      vertex 54.399999999999999 0.001 0
    endloop
  endfacet
  facet normal 0 0 1
    outer loop
      vertex 54.200000000000003 0 0
      vertex 54.399999999999999 0.001 0
      vertex 54.200000000000003 0.001 0
    endloop
  endfacet
  facet normal 0 0 1
    outer loop
      vertex 54.200000000000003 0.001 0
      vertex 54.399999999999999 0.001 0
      vertex 54.399999999999999 10 0
    endloop
  endfacet
  facet normal 0 0 1
    outer loop
      vertex 54.200000000000003 0.001 0
      vertex 54.399999999999999 10 0
      vertex 54.200000000000003 10 0
    endloop
  endfacet
  facet normal 0 0 1
    outer loop
      vertex 54.200000000000003 10 0
      vertex 54.399999999999999 10 0
      vertex 54.399999999999999 20 0
    endloop
  endfacet
  facet normal 0 0 1
    outer loop
      vertex 54.200000000000003 10 0
      vertex 54.399999999999999 20 0
      vertex 54.200000000000003 20 0
    endloop
  endfacet
  facet normal 0 0 1
    outer loop
      vertex 54.200000000000003 20 0
      vertex 54.399999999999999 20 0
      vertex 54.399999999999999 40 0
    endloop
  endfacet
  facet normal 0 0 1
    outer loop
      vertex 54.200000000000003 20 0
      vertex 54.399999999999999 40 0
      vertex 54.200000000000003 40 0
    endloop
  endfacet
  facet normal 0 0 1
    outer loop
      vertex 54.200000000000003 40 0
      vertex 54.399999999999999 40 0
      vertex 54.399999999999999 60 0
    endloop
  endfacet
  facet normal 0 0 1
    outer loop
      vertex 54.200000000000003 40 0
      vertex 54.399999999999999 60 0
      vertex 54.200000000000003 60 0
    endloop
  endfacet
  facet normal 0 0 1
    outer loop
      vertex 54.399999999999999 -60 0
      vertex 54.600000000000001 -60 0
      vertex 54.600000000000001 -40 0
    endloop
  endfacet
  facet normal 0 0 1
    outer loop
      vertex 54.399999999999999 -60 0
      vertex 54.600000000000001 -40 0
      vertex 54.399999999999999 -40 0
    endloop
  endfacet
  facet normal 0 0 1
    outer loop
      vertex 54.399999999999999 -40 0
      vertex 54.600000000000001 -40 0
      vertex 54.600000000000001 -20 0
    endloop
  endfacet
  facet normal 0 0 1
    outer loop
      vertex 54.399999999999999 -40 0
      vertex 54.600000000000001 -20 0
      vertex 54.399999999999999 -20 0
    endloop
  endfacet
  facet normal 0 0 1
    outer loop
      vertex 54.399999999999999 -20 0
      vertex 54.600000000000001 -20 0
      vertex 54.600000000000001 -10 0
    endloop
  endfacet
  facet normal 0 0 1
    outer loop
      vertex 54.399999999999999 -20 0
      vertex 54.600000000000001 -10 0
      vertex 54.399999999999999 -10 0
    endloop
  endfacet
  facet normal 0 0 1
    outer loop
      vertex 54.399999999999999 -10 0
      vertex 54.600000000000001 -10 0
      vertex 54.600000000000001 0 0
    endloop
  endfacet
  facet normal 0 0 1
    outer loop
      vertex 54.399999999999999 -10 0
      vertex 54.600000000000001 0 0
      vertex 54.399999999999999 0 0
    endloop
  endfacet
  facet normal 0 0 1
    outer loop
      vertex 54.399999999999999 0 0
      vertex 54.600000000000001 0 0
      vertex 54.600000000000001 0.001 0
    endloop
  endfacet
  facet normal 0 0 1
    outer loop
      vertex 54.399999999999999 0 0
      vertex 54.600000000000001 0.001 0
      vertex 54.399999999999999 0.001 0
    endloop
  endfacet
  facet normal 0 0 1
    outer loop
      vertex 54.399999999999999 0.001 0
      vertex 54.600000000000001 0.001 0
      vertex 54.600000000000001 10 0
    endloop
  endfacet
  facet normal 0 0 1
    outer loop
      vertex 54.399999999999999 0.001 0
      vertex 54.600000000000001 10 0
      vertex 54.399999999999999 10 0
    endloop
  endfacet
  facet normal 0 0 1
    outer loop
      vertex 54.399999999999999 10 0
      vertex 54.600000000000001 10 0
      vertex 54.600000000000001 20 0
    endloop
  endfacet
  facet normal 0 0 1
    outer loop
      vertex 54.399999999999999 10 0
      vertex 54.600000000000001 20 0
      vertex 54.399999999999999 20 0
    endloop
  endfacet
  facet normal 0 0 1
    outer loop
      vertex 54.399999999999999 20 0
      vertex 54.600000000000001 20 0
      vertex 54.600000000000001 40 0
    endloop
  endfacet
  facet normal 0 0 1
    outer loop
      vertex 54.399999999999999 20 0
      vertex 54.600000000000001 40 0
      vertex 54.399999999999999 40 0
    endloop
  endfacet
  facet normal 0 0 1
    outer loop
      vertex 54.399999999999999 40 0
      vertex 54.600000000000001 40 0
      vertex 54.600000000000001 60 0
    endloop
  endfacet
  facet normal 0 0 1
    outer loop
      vertex 54.399999999999999 40 0
      vertex 54.600000000000001 60 0
      vertex 54.399999999999999 60 0
    endloop
  endfacet
  facet normal 0 0 1
    outer loop
      vertex 54.600000000000001 -60 0
      vertex 54.799999999999997 -60 0
      vertex 54.799999999999997 -40 0
    endloop
  endfacet
  facet normal 0 0 1
    outer loop
      vertex 54.600000000000001 -60 0
      vertex 54.799999999999997 -40 0
      vertex 54.600000000000001 -40 0
    endloop
  endfacet
  facet normal 0 0 1
    outer loop
      vertex 54.600000000000001 -40 0
      vertex 54.799999999999997 -40 0
      vertex 54.799999999999997 -20 0
    endloop
  endfacet
  facet normal 0 0 1
    outer loop
      vertex 54.600000000000001 -40 0
      vertex 54.799999999999997 -20 0
      vertex 54.600000000000001 -20 0
    endloop
  endfacet
  facet normal 0 0 1
    outer loop
      vertex 54.600000000000001 -20 0
      vertex 54.799999999999997 -20 0
      vertex 54.799999999999997 -10 0
    endloop
  endfacet
  facet normal 0 0 1
    outer loop
      vertex 54.600000000000001 -20 0
      vertex 54.799999999999997 -10 0
      vertex 54.600000000000001 -10 0
    endloop
  endfacet
  facet normal 0 0 1
    outer loop
      vertex 54.600000000000001 -10 0
      vertex 54.799999999999997 -10 0
      vertex 54.799999999999997 0 0
    endloop
  endfacet
  facet normal 0 0 1
    outer loop
      vertex 54.600000000000001 -10 0
      vertex 54.799999999999997 0 0
      vertex 54.600000000000001 0 0
    endloop
  endfacet
  facet normal 0 0 1
    outer loop
      vertex 54.600000000000001 0 0
      vertex 54.799999999999997 0 0
      vertex 54.799999999999997 0.001 0
    endloop
  endfacet
  facet normal 0 0 1
    outer loop
      vertex 54.600000000000001 0 0
      vertex 54.799999999999997 0.001 0
      vertex 54.600000000000001 0.001 0
    endloop
  endfacet
  facet normal 0 0 1
    outer loop
      vertex 54.600000000000001 0.001 0
      vertex 54.799999999999997 0.001 0
      vertex 54.799999999999997 10 0
    endloop
  endfacet
  facet normal 0 0 1
    outer loop
      vertex 54.600000000000001 0.001 0
      vertex 54.799999999999997 10 0
      vertex 54.600000000000001 10 0
    endloop
  endfacet
  facet normal 0 0 1
    outer loop
      vertex 54.600000000000001 10 0
      vertex 54.799999999999997 10 0
      vertex 54.799999999999997 20 0
    endloop
  endfacet
  facet normal 0 0 1
    outer loop
      vertex 54.600000000000001 10 0
      vertex 54.799999999999997 20 0
      vertex 54.600000000000001 20 0
    endloop
  endfacet
  facet normal 0 0 1
    outer loop
      vertex 54.600000000000001 20 0
      vertex 54.799999999999997 20 0
      vertex 54.799999999999997 40 0
    endloop
  endfacet
  facet normal 0 0 1
    outer loop
      vertex 54.600000000000001 20 0
      vertex 54.799999999999997 40 0
      vertex 54.600000000000001 40 0
    endloop
  endfacet
  facet normal 0 0 1
    outer loop
      vertex 54.600000000000001 40 0
      vertex 54.799999999999997 40 0
      vertex 54.799999999999997 60 0
    endloop
  endfacet
  facet normal 0 0 1
    outer loop
      vertex 54.600000000000001 40 0
      vertex 54.799999999999997 60 0
      vertex 54.600000000000001 60 0
    endloop
  endfacet
  facet normal 0 0 1
    outer loop
      vertex 54.799999999999997 -60 0
      vertex 55 -60 0
      vertex 55 -40 0
    endloop
  endfacet
  facet normal 0 0 1
    outer loop
      vertex 54.799999999999997 -60 0
      vertex 55 -40 0
      vertex 54.799999999999997 -40 0
    endloop
  endfacet
  facet normal 0 0 1
    outer loop
      vertex 54.799999999999997 -40 0
      vertex 55 -40 0
      vertex 55 -20 0
    endloop
  endfacet
  facet normal 0 0 1
    outer loop
      vertex 54.799999999999997 -40 0
      vertex 55 -20 0
      vertex 54.799999999999997 -20 0
    endloop
  endfacet
  facet normal 0 0 1
    outer loop
      vertex 54.799999999999997 -20 0
      vertex 55 -20 0
      vertex 55 -10 0
    endloop
  endfacet
  facet normal 0 0 1
    outer loop
      vertex 54.799999999999997 -20 0
      vertex 55 -10 0
      vertex 54.799999999999997 -10 0
    endloop
  endfacet
  facet normal 0 0 1
    outer loop
      vertex 54.799999999999997 -10 0
      vertex 55 -10 0
      vertex 55 0 0
    endloop
  endfacet
  facet normal 0 0 1
    outer loop
      vertex 54.799999999999997 -10 0
      vertex 55 0 0
      vertex 54.799999999999997 0 0
    endloop
  endfacet
  facet normal 0 0 1
    outer loop
      vertex 54.799999999999997 0 0
      vertex 55 0 0
      vertex 55 0.001 0
    endloop
  endfacet
  facet normal 0 0 1
    outer loop
      vertex 54.799999999999997 0 0
      vertex 55 0.001 0
      vertex 54.799999999999997 0.001 0
    endloop
  endfacet
  facet normal 0 0 1
    outer loop
      vertex 54.799999999999997 0.001 0
      vertex 55 0.001 0
      vertex 55 10 0
    endloop
  endfacet
  facet normal 0 0 1
    outer loop
      vertex 54.799999999999997 0.001 0
      vertex 55 10 0
      vertex 54.799999999999997 10 0
    endloop
  endfacet
  facet normal 0 0 1
    outer loop
      vertex 54.799999999999997 10 0
      vertex 55 10 0
      vertex 55 20 0
    endloop
  endfacet
  facet normal 0 0 1
    outer loop
      vertex 54.799999999999997 10 0
      vertex 55 20 0
      vertex 54.799999999999997 20 0
    endloop
  endfacet
  facet normal 0 0 1
    outer loop
      vertex 54.799999999999997 20 0
      vertex 55 20 0
      vertex 55 40 0
    endloop
  endfacet
  facet normal 0 0 1
    outer loop
      vertex 54.799999999999997 20 0
      vertex 55 40 0
      vertex 54.799999999999997 40 0
    endloop
  endfacet
  facet normal 0 0 1
    outer loop
      vertex 54.799999999999997 40 0
      vertex 55 40 0
      vertex 55 60 0
    endloop
  endfacet
  facet normal 0 0 1
    outer loop
      vertex 54.799999999999997 40 0
      vertex 55 60 0
      vertex 54.799999999999997 60 0
    endloop
  endfacet
  facet normal 0 0 1
    outer loop
      vertex 55 -60 0
      vertex 75 -60 0
      vertex 75 -40 0
    endloop
  endfacet
  facet normal 0 0 1
    outer loop
      vertex 55 -60 0
      vertex 75 -40 0
      vertex 55 -40 0
    endloop
  endfacet
  facet normal 0 0 1
    outer loop
      vertex 55 -40 0
      vertex 75 -40 0
      vertex 75 -20 0
    endloop
  endfacet
  facet normal 0 0 1
    outer loop
      vertex 55 -40 0
      vertex 75 -20 0
      vertex 55 -20 0
    endloop
  endfacet
  facet normal 0 0 1
    outer loop
      vertex 55 -20 0
      vertex 75 -20 0
      vertex 75 -10 0
    endloop
  endfacet
  facet normal 0 0 1
    outer loop
      vertex 55 -20 0
      vertex 75 -10 0
      vertex 55 -10 0
    endloop
  endfacet
  facet normal 0 0 1
    outer loop
      vertex 55 -10 0
      vertex 75 -10 0
      vertex 75 0 0
    endloop
  endfacet
  facet normal 0 0 1
    outer loop
      vertex 55 -10 0
      vertex 75 0 0
      vertex 55 0 0
    endloop
  endfacet
  facet normal 0 0 1
    outer loop
      vertex 55 0 0
      vertex 75 0 0
      vertex 75 0.001 0
    endloop
  endfacet
  facet normal 0 0 1
    outer loop
      vertex 55 0 0
      vertex 75 0.001 0
      vertex 55 0.001 0
    endloop
  endfacet
  facet normal 0 0 1
    outer loop
      vertex 55 0.001 0
      vertex 75 0.001 0
      vertex 75 10 0
    endloop
  endfacet
  facet normal 0 0 1
    outer loop
      vertex 55 0.001 0
      vertex 75 10 0
      vertex 55 10 0
    endloop
  endfacet
  facet normal 0 0 1
    outer loop
      vertex 55 10 0
      vertex 75 10 0
      vertex 75 20 0
    endloop
  endfacet
  facet normal 0 0 1
    outer loop
      vertex 55 10 0
      vertex 75 20 0
      vertex 55 20 0
    endloop
  endfacet
  facet normal 0 0 1
    outer loop
      vertex 55 20 0
      vertex 75 20 0
      vertex 75 40 0
    endloop
  endfacet
  facet normal 0 0 1
    outer loop
      vertex 55 20 0
      vertex 75 40 0
      vertex 55 40 0
    endloop
  endfacet
  facet normal 0 0 1
    outer loop
      vertex 55 40 0
      vertex 75 40 0
      vertex 75 60 0
    endloop
  endfacet
  facet normal 0 0 1
    outer loop
      vertex 55 40 0
      vertex 75 60 0
      vertex 55 60 0
    endloop
  endfacet
  facet normal -0.44721359549990203 0 0.89442719099994383
    outer loop
      vertex 75.040000000000006 -56 0.02
      vertex 75 -60 0
      vertex 75.040000000000006 -60 0.02
    endloop
  endfacet
  facet normal -0.44721359549990203 0 0.89442719099994383
    outer loop
      vertex 75 -60 0
      vertex 75.040000000000006 -56 0.02
      vertex 75.040000000000006 -40 0.02
    endloop
  endfacet
  facet normal -0.44721359549990203 0 0.89442719099994383
    outer loop
      vertex 75 -60 0
      vertex 75.040000000000006 -40 0.02
      vertex 75 -40 0
    endloop
  endfacet
  facet normal -0.44721359549990203 0 0.89442719099994383
    outer loop
      vertex 75.040000000000006 -36 0.02
      vertex 75 -40 0
      vertex 75.040000000000006 -40 0.02
    endloop
  endfacet
  facet normal -0.44721359549990203 0 0.89442719099994383
    outer loop
      vertex 75 -40 0
      vertex 75.040000000000006 -36 0.02
      vertex 75.040000000000006 -20 0.02
    endloop
  endfacet
  facet normal -0.44721359549990203 0 0.89442719099994383
    outer loop
      vertex 75 -40 0
      vertex 75.040000000000006 -20 0.02
      vertex 75 -20 0
    endloop
  endfacet
  facet normal -0.44721359549990203 0 0.89442719099994383
    outer loop
      vertex 75.040000000000006 -18 0.02
      vertex 75 -20 0
      vertex 75.040000000000006 -20 0.02
    endloop
  endfacet
  facet normal -0.44721359549990203 0 0.89442719099994383
    outer loop
      vertex 75 -20 0
      vertex 75.040000000000006 -18 0.02
      vertex 75.040000000000006 -10 0.02
    endloop
  endfacet
  facet normal -0.44721359549990203 0 0.89442719099994383
    outer loop
      vertex 75 -20 0
      vertex 75.040000000000006 -10 0.02
      vertex 75 -10 0
    endloop
  endfacet
  facet normal -0.44721359549990203 0 0.89442719099994383
    outer loop
      vertex 75.040000000000006 -7.9999999999999991 0.02
      vertex 75 -10 0
      vertex 75.040000000000006 -10 0.02
    endloop
  endfacet
  facet normal -0.44721359549990203 0 0.89442719099994383
    outer loop
      vertex 75 -10 0
      vertex 75.040000000000006 -8 0.02
      vertex 75.040000000000006 0 0.02
    endloop
  endfacet
  facet normal -0.44721359549990203 0 0.89442719099994383
    outer loop
      vertex 75 -10 0
      vertex 75.040000000000006 0 0.02
      vertex 75 0 0
    endloop
  endfacet
  facet normal -0.44721359549990197 0 0.89442719099994394
    outer loop
      vertex 75.040000000000006 0.00020000000000000009 0.02
      vertex 75 0 0
      vertex 75.040000000000006 0 0.02
    endloop
  endfacet
  facet normal -0.44721359549990214 0 0.89442719099994383
    outer loop
      vertex 75 0 0
      vertex 75.040000000000006 0.00019999999999999998 0.02
      vertex 75.040000000000006 0.001 0.02
    endloop
  endfacet
  facet normal -0.44721359549990208 0 0.89442719099994383
    outer loop
      vertex 75 0 0
      vertex 75.040000000000006 0.001 0.02
      vertex 75 0.001 0
    endloop
  endfacet
  facet normal -0.44721359549990203 0 0.89442719099994383
    outer loop
      vertex 75.040000000000006 2.0007999999999999 0.02
      vertex 75 0.001 0
      vertex 75.040000000000006 0.001 0.02
    endloop
  endfacet
  facet normal -0.44721359549990203 0 0.89442719099994383
    outer loop
      vertex 75 0.001 0
      vertex 75.040000000000006 2.0007999999999999 0.02
      vertex 75.040000000000006 10 0.02
    endloop
  endfacet
  facet normal -0.44721359549990203 0 0.89442719099994383
    outer loop
      vertex 75 0.001 0
      vertex 75.040000000000006 10 0.02
      vertex 75 10 0
    endloop
  endfacet
  facet normal -0.44721359549990203 0 0.89442719099994383
    outer loop
      vertex 75.040000000000006 12 0.02
      vertex 75 10 0
      vertex 75.040000000000006 10 0.02
    endloop
  endfacet
  facet normal -0.44721359549990203 0 0.89442719099994383
    outer loop
      vertex 75 10 0
      vertex 75.040000000000006 12 0.02
      vertex 75.040000000000006 20 0.02
    endloop
  endfacet
  facet normal -0.44721359549990203 0 0.89442719099994383
    outer loop
      vertex 75 10 0
      vertex 75.040000000000006 20 0.02
      vertex 75 20 0
    endloop
  endfacet
  facet normal -0.44721359549990203 0 0.89442719099994383
    outer loop
      vertex 75.040000000000006 24 0.02
      vertex 75 20 0
      vertex 75.040000000000006 20 0.02
    endloop
  endfacet
  facet normal -0.44721359549990203 0 0.89442719099994383
    outer loop
      vertex 75 20 0
      vertex 75.040000000000006 24 0.02
      vertex 75.040000000000006 40 0.02
    endloop
  endfacet
  facet normal -0.44721359549990203 0 0.89442719099994383
    outer loop
      vertex 75 20 0
      vertex 75.040000000000006 40 0.02
      vertex 75 40 0
    endloop
  endfacet
  facet normal -0.44721359549990203 0 0.89442719099994383
    outer loop
      vertex 75.040000000000006 44 0.02
      vertex 75 40 0
      vertex 75.040000000000006 40 0.02
    endloop
  endfacet
  facet normal -0.44721359549990203 0 0.89442719099994383
    outer loop
      vertex 75 40 0
      vertex 75.040000000000006 44 0.02
      vertex 75.040000000000006 60 0.02
    endloop
  endfacet
  facet normal -0.44721359549990203 0 0.89442719099994383
    outer loop
      vertex 75 40 0
      vertex 75.040000000000006 60 0.02
      vertex 75 60 0
    endloop
  endfacet
  facet normal 0.44721359549990203 0 0.89442719099994383
    outer loop
      vertex 77.959999999999994 -44 0.02
      vertex 77.959999999999994 -60 0.02
      vertex 78 -60 0
    endloop
  endfacet
  facet normal 0.44721359549990203 0 0.89442719099994383
    outer loop
      vertex 77.959999999999994 -44 0.02
      vertex 78 -60 0
      vertex 78 -40 0
    endloop
  endfacet
  facet normal 0.44721359549990203 -0 0.89442719099994383
    outer loop
      vertex 77.959999999999994 -44 0.02
      vertex 78 -40 0
      vertex 77.959999999999994 -40 0.02
    endloop
  endfacet
  facet normal 0.44721359549990203 0 0.89442719099994383
    outer loop
      vertex 77.959999999999994 -24 0.02
      vertex 77.959999999999994 -40 0.02
      vertex 78 -40 0
    endloop
  endfacet
  facet normal 0.44721359549990203 0 0.89442719099994383
    outer loop
      vertex 77.959999999999994 -24 0.02
      vertex 78 -40 0
      vertex 78 -20 0
    endloop
  endfacet
  facet normal 0.44721359549990203 -0 0.89442719099994383
    outer loop
      vertex 77.959999999999994 -24 0.02
      vertex 78 -20 0
      vertex 77.959999999999994 -20 0.02
    endloop
  endfacet
  facet normal 0.44721359549990203 0 0.89442719099994383
    outer loop
      vertex 77.959999999999994 -12 0.02
      vertex 77.959999999999994 -20 0.02
      vertex 78 -20 0
    endloop
  endfacet
  facet normal 0.44721359549990203 0 0.89442719099994383
    outer loop
      vertex 77.959999999999994 -12 0.02
      vertex 78 -20 0
      vertex 78 -10 0
    endloop
  endfacet
  facet normal 0.44721359549990203 -0 0.89442719099994383
    outer loop
      vertex 77.959999999999994 -12 0.02
      vertex 78 -10 0
      vertex 77.959999999999994 -10 0.02
    endloop
  endfacet
  facet normal 0.44721359549990203 0 0.89442719099994383
    outer loop
      vertex 77.959999999999994 -1.9999999999999998 0.02
      vertex 77.959999999999994 -10 0.02
      vertex 78 -10 0
    endloop
  endfacet
  facet normal 0.44721359549990203 0 0.89442719099994383
    outer loop
      vertex 77.959999999999994 -1.9999999999999998 0.02
      vertex 78 -10 0
      vertex 78 0 0
    endloop
  endfacet
  facet normal 0.44721359549990203 -0 0.89442719099994383
    outer loop
      vertex 77.959999999999994 -2.0000000000000009 0.02
      vertex 78 0 0
      vertex 77.959999999999994 0 0.02
    endloop
  endfacet
  facet normal 0.44721359549990208 0 0.89442719099994394
    outer loop
      vertex 77.959999999999994 0.00080000000000000004 0.02
      vertex 77.959999999999994 0 0.02
      vertex 78 0 0
    endloop
  endfacet
  facet normal 0.44721359549990197 0 0.89442719099994383
    outer loop
      vertex 77.959999999999994 0.00080000000000000004 0.02
      vertex 78 0 0
      vertex 78 0.001 0
    endloop
  endfacet
  facet normal 0.44721359549990197 -0 0.89442719099994394
    outer loop
      vertex 77.959999999999994 0.00079999999999999993 0.02
      vertex 78 0.001 0
      vertex 77.959999999999994 0.001 0.02
    endloop
  endfacet
  facet normal 0.44721359549990197 0 0.89442719099994383
    outer loop
      vertex 77.959999999999994 8.0001999999999995 0.02
      vertex 77.959999999999994 0.001 0.02
      vertex 78 0.001 0
    endloop
  endfacet
  facet normal 0.44721359549990203 0 0.89442719099994383
    outer loop
      vertex 77.959999999999994 8.0001999999999995 0.02
      vertex 78 0.001 0
      vertex 78 10 0
    endloop
  endfacet
  facet normal 0.44721359549990203 -0 0.89442719099994383
    outer loop
      vertex 77.959999999999994 8.0001999999999995 0.02
      vertex 78 10 0
      vertex 77.959999999999994 10 0.02
    endloop
  endfacet
  facet normal 0.44721359549990203 0 0.89442719099994383
    outer loop
      vertex 77.959999999999994 18 0.02
      vertex 77.959999999999994 10 0.02
      vertex 78 10 0
    endloop
  endfacet
  facet normal 0.44721359549990203 0 0.89442719099994383
    outer loop
      vertex 77.959999999999994 18 0.02
      vertex 78 10 0
      vertex 78 20 0
    endloop
  endfacet
  facet normal 0.44721359549990203 -0 0.89442719099994383
    outer loop
      vertex 77.959999999999994 18 0.02
      vertex 78 20 0
      vertex 77.959999999999994 20 0.02
    endloop
  endfacet
  facet normal 0.44721359549990203 0 0.89442719099994383
    outer loop
      vertex 77.959999999999994 36 0.02
      vertex 77.959999999999994 20 0.02
      vertex 78 20 0
    endloop
  endfacet
  facet normal 0.44721359549990203 0 0.89442719099994383
    outer loop
      vertex 77.959999999999994 36 0.02
      vertex 78 20 0
      vertex 78 40 0
    endloop
  endfacet
  facet normal 0.44721359549990203 -0 0.89442719099994383
    outer loop
      vertex 77.959999999999994 36 0.02
      vertex 78 40 0
      vertex 77.959999999999994 40 0.02
    endloop
  endfacet
  facet normal 0.44721359549990203 0 0.89442719099994383
    outer loop
      vertex 77.959999999999994 56 0.02
      vertex 77.959999999999994 40 0.02
      vertex 78 40 0
    endloop
  endfacet
  facet normal 0.44721359549990203 0 0.89442719099994383
    outer loop
      vertex 77.959999999999994 56 0.02
      vertex 78 40 0
      vertex 78 60 0
    endloop
  endfacet
  facet normal 0.44721359549990203 -0 0.89442719099994383
    outer loop
      vertex 77.959999999999994 56 0.02
      vertex 78 60 0
      vertex 77.959999999999994 60 0.02
    endloop
  endfacet
  facet normal 0 0 1
    outer loop
      vertex 78 -60 0
      vertex 78.200000000000003 -60 0
      vertex 78.200000000000003 -40 0
    endloop
  endfacet
  facet normal 0 0 1
    outer loop
      vertex 78 -60 0
      vertex 78.200000000000003 -40 0
      vertex 78 -40 0
    endloop
  endfacet
  facet normal 0 0 1
    outer loop
      vertex 78 -40 0
      vertex 78.200000000000003 -40 0
      vertex 78.200000000000003 -20 0
    endloop
  endfacet
  facet normal 0 0 1
    outer loop
      vertex 78 -40 0
      vertex 78.200000000000003 -20 0
      vertex 78 -20 0
    endloop
  endfacet
  facet normal 0 0 1
    outer loop
      vertex 78 -20 0
      vertex 78.200000000000003 -20 0
      vertex 78.200000000000003 -10 0
    endloop
  endfacet
  facet normal 0 0 1
    outer loop
      vertex 78 -20 0
      vertex 78.200000000000003 -10 0
      vertex 78 -10 0
    endloop
  endfacet
  facet normal 0 0 1
    outer loop
      vertex 78 -10 0
      vertex 78.200000000000003 -10 0
      vertex 78.200000000000003 0 0
    endloop
  endfacet
  facet normal 0 0 1
    outer loop
      vertex 78 -10 0
      vertex 78.200000000000003 0 0
      vertex 78 0 0
    endloop
  endfacet
  facet normal 0 0 1
    outer loop
      vertex 78 0 0
      vertex 78.200000000000003 0 0
      vertex 78.200000000000003 0.001 0
    endloop
  endfacet
  facet normal 0 0 1
    outer loop
      vertex 78 0 0
      vertex 78.200000000000003 0.001 0
      vertex 78 0.001 0
    endloop
  endfacet
  facet normal 0 0 1
    outer loop
      vertex 78 0.001 0
      vertex 78.200000000000003 0.001 0
      vertex 78.200000000000003 10 0
    endloop
  endfacet
  facet normal 0 0 1
    outer loop
      vertex 78 0.001 0
      vertex 78.200000000000003 10 0
      vertex 78 10 0
    endloop
  endfacet
  facet normal 0 0 1
    outer loop
      vertex 78 10 0
      vertex 78.200000000000003 10 0
      vertex 78.200000000000003 20 0
    endloop
  endfacet
  facet normal 0 0 1
    outer loop
      vertex 78 10 0
      vertex 78.200000000000003 20 0
      vertex 78 20 0
    endloop
  endfacet
  facet normal 0 0 1
    outer loop
      vertex 78 20 0
      vertex 78.200000000000003 20 0
      vertex 78.200000000000003 40 0
    endloop
  endfacet
  facet normal 0 0 1
    outer loop
      vertex 78 20 0
      vertex 78.200000000000003 40 0
      vertex 78 40 0
    endloop
  endfacet
  facet normal 0 0 1
    outer loop
      vertex 78 40 0
      vertex 78.200000000000003 40 0
      vertex 78.200000000000003 60 0
    endloop
  endfacet
  facet normal 0 0 1
    outer loop
      vertex 78 40 0
      vertex 78.200000000000003 60 0
      vertex 78 60 0
    endloop
  endfacet
  facet normal 0 0 1
    outer loop
      vertex 78.200000000000003 -60 0
      vertex 78.400000000000006 -60 0
      vertex 78.400000000000006 -40 0
    endloop
  endfacet
  facet normal 0 0 1
    outer loop
      vertex 78.200000000000003 -60 0
      vertex 78.400000000000006 -40 0
      vertex 78.200000000000003 -40 0
    endloop
  endfacet
  facet normal 0 0 1
    outer loop
      vertex 78.200000000000003 -40 0
      vertex 78.400000000000006 -40 0
      vertex 78.400000000000006 -20 0
    endloop
  endfacet
  facet normal 0 0 1
    outer loop
      vertex 78.200000000000003 -40 0
      vertex 78.400000000000006 -20 0
      vertex 78.200000000000003 -20 0
    endloop
  endfacet
  facet normal 0 0 1
    outer loop
      vertex 78.200000000000003 -20 0
      vertex 78.400000000000006 -20 0
      vertex 78.400000000000006 -10 0
    endloop
  endfacet
  facet normal 0 0 1
    outer loop
      vertex 78.200000000000003 -20 0
      vertex 78.400000000000006 -10 0
      vertex 78.200000000000003 -10 0
    endloop
  endfacet
  facet normal 0 0 1
    outer loop
      vertex 78.200000000000003 -10 0
      vertex 78.400000000000006 -10 0
      vertex 78.400000000000006 0 0
    endloop
  endfacet
  facet normal 0 0 1
    outer loop
      vertex 78.200000000000003 -10 0
      vertex 78.400000000000006 0 0
      vertex 78.200000000000003 0 0
    endloop
  endfacet
  facet normal 0 0 1
    outer loop
      vertex 78.200000000000003 0 0
      vertex 78.400000000000006 0 0
      vertex 78.400000000000006 0.001 0
    endloop
  endfacet
  facet normal 0 0 1
    outer loop
      vertex 78.200000000000003 0 0
      vertex 78.400000000000006 0.001 0
      vertex 78.200000000000003 0.001 0
    endloop
  endfacet
  facet normal 0 0 1
    outer loop
      vertex 78.200000000000003 0.001 0
      vertex 78.400000000000006 0.001 0
      vertex 78.400000000000006 10 0
    endloop
  endfacet
  facet normal 0 0 1
    outer loop
      vertex 78.200000000000003 0.001 0
      vertex 78.400000000000006 10 0
      vertex 78.200000000000003 10 0
    endloop
  endfacet
  facet normal 0 0 1
    outer loop
      vertex 78.200000000000003 10 0
      vertex 78.400000000000006 10 0
      vertex 78.400000000000006 20 0
    endloop
  endfacet
  facet normal 0 0 1
    outer loop
      vertex 78.200000000000003 10 0
      vertex 78.400000000000006 20 0
      vertex 78.200000000000003 20 0
    endloop
  endfacet
  facet normal 0 0 1
    outer loop
      vertex 78.200000000000003 20 0
      vertex 78.400000000000006 20 0
      vertex 78.400000000000006 40 0
    endloop
  endfacet
  facet normal 0 0 1
    outer loop
      vertex 78.200000000000003 20 0
      vertex 78.400000000000006 40 0
      vertex 78.200000000000003 40 0
    endloop
  endfacet
  facet normal 0 0 1
    outer loop
      vertex 78.200000000000003 40 0
      vertex 78.400000000000006 40 0
      vertex 78.400000000000006 60 0
    endloop
  endfacet
  facet normal 0 0 1
    outer loop
      vertex 78.200000000000003 40 0
      vertex 78.400000000000006 60 0
      vertex 78.200000000000003 60 0
    endloop
  endfacet
  facet normal 0 0 1
    outer loop
      vertex 78.400000000000006 -60 0
      vertex 78.599999999999994 -60 0
      vertex 78.599999999999994 -40 0
    endloop
  endfacet
  facet normal 0 0 1
    outer loop
      vertex 78.400000000000006 -60 0
      vertex 78.599999999999994 -40 0
      vertex 78.400000000000006 -40 0
    endloop
  endfacet
  facet normal 0 0 1
    outer loop
      vertex 78.400000000000006 -40 0
      vertex 78.599999999999994 -40 0
      vertex 78.599999999999994 -20 0
    endloop
  endfacet
  facet normal 0 0 1
    outer loop
      vertex 78.400000000000006 -40 0
      vertex 78.599999999999994 -20 0
      vertex 78.400000000000006 -20 0
    endloop
  endfacet
  facet normal 0 0 1
    outer loop
      vertex 78.400000000000006 -20 0
      vertex 78.599999999999994 -20 0
      vertex 78.599999999999994 -10 0
    endloop
  endfacet
  facet normal 0 0 1
    outer loop
      vertex 78.400000000000006 -20 0
      vertex 78.599999999999994 -10 0
      vertex 78.400000000000006 -10 0
    endloop
  endfacet
  facet normal 0 0 1
    outer loop
      vertex 78.400000000000006 -10 0
      vertex 78.599999999999994 -10 0
      vertex 78.599999999999994 0 0
    endloop
  endfacet
  facet normal 0 0 1
    outer loop
      vertex 78.400000000000006 -10 0
      vertex 78.599999999999994 0 0
      vertex 78.400000000000006 0 0
    endloop
  endfacet
  facet normal 0 0 1
    outer loop
      vertex 78.400000000000006 0 0
      vertex 78.599999999999994 0 0
      vertex 78.599999999999994 0.001 0
    endloop
  endfacet
  facet normal 0 0 1
    outer loop
      vertex 78.400000000000006 0 0
      vertex 78.599999999999994 0.001 0
      vertex 78.400000000000006 0.001 0
    endloop
  endfacet
  facet normal 0 0 1
    outer loop
      vertex 78.400000000000006 0.001 0
      vertex 78.599999999999994 0.001 0
      vertex 78.599999999999994 10 0
    endloop
  endfacet
  facet normal 0 0 1
    outer loop
      vertex 78.400000000000006 0.001 0
      vertex 78.599999999999994 10 0
      vertex 78.400000000000006 10 0
    endloop
  endfacet
  facet normal 0 0 1
    outer loop
      vertex 78.400000000000006 10 0
      vertex 78.599999999999994 10 0
      vertex 78.599999999999994 20 0
    endloop
  endfacet
  facet normal 0 0 1
    outer loop
      vertex 78.400000000000006 10 0
      vertex 78.599999999999994 20 0
      vertex 78.400000000000006 20 0
    endloop
  endfacet
  facet normal 0 0 1
    outer loop
      vertex 78.400000000000006 20 0
      vertex 78.599999999999994 20 0
      vertex 78.599999999999994 40 0
    endloop
  endfacet
  facet normal 0 0 1
    outer loop
      vertex 78.400000000000006 20 0
      vertex 78.599999999999994 40 0
      vertex 78.400000000000006 40 0
    endloop
  endfacet
  facet normal 0 0 1
    outer loop
      vertex 78.400000000000006 40 0
      vertex 78.599999999999994 40 0
      vertex 78.599999999999994 60 0
    endloop
  endfacet
  facet normal 0 0 1
    outer loop
      vertex 78.400000000000006 40 0
      vertex 78.599999999999994 60 0
      vertex 78.400000000000006 60 0
    endloop
  endfacet
  facet normal 0 0 1
    outer loop
      vertex 78.599999999999994 -60 0
      vertex 78.799999999999997 -60 0
      vertex 78.799999999999997 -40 0
    endloop
  endfacet
  facet normal 0 0 1
    outer loop
      vertex 78.599999999999994 -60 0
      vertex 78.799999999999997 -40 0
      vertex 78.599999999999994 -40 0
    endloop
  endfacet
  facet normal 0 0 1
    outer loop
      vertex 78.599999999999994 -40 0
      vertex 78.799999999999997 -40 0
      vertex 78.799999999999997 -20 0
    endloop
  endfacet
  facet normal 0 0 1
    outer loop
      vertex 78.599999999999994 -40 0
      vertex 78.799999999999997 -20 0
      vertex 78.599999999999994 -20 0
    endloop
  endfacet
  facet normal 0 0 1
    outer loop
      vertex 78.599999999999994 -20 0
      vertex 78.799999999999997 -20 0
      vertex 78.799999999999997 -10 0
    endloop
  endfacet
  facet normal 0 0 1
    outer loop
      vertex 78.599999999999994 -20 0
      vertex 78.799999999999997 -10 0
      vertex 78.599999999999994 -10 0
    endloop
  endfacet
  facet normal 0 0 1
    outer loop
      vertex 78.599999999999994 -10 0
      vertex 78.799999999999997 -10 0
      vertex 78.799999999999997 0 0
    endloop
  endfacet
  facet normal 0 0 1
    outer loop
      vertex 78.599999999999994 -10 0
      vertex 78.799999999999997 0 0
      vertex 78.599999999999994 0 0
    endloop
  endfacet
  facet normal 0 0 1
    outer loop
      vertex 78.599999999999994 0 0
      vertex 78.799999999999997 0 0
      vertex 78.799999999999997 0.001 0
    endloop
  endfacet
  facet normal 0 0 1
    outer loop
      vertex 78.599999999999994 0 0
      vertex 78.799999999999997 0.001 0
      vertex 78.599999999999994 0.001 0
    endloop
  endfacet
  facet normal 0 0 1
    outer loop
      vertex 78.599999999999994 0.001 0
      vertex 78.799999999999997 0.001 0
      vertex 78.799999999999997 10 0
    endloop
  endfacet
  facet normal 0 0 1
    outer loop
      vertex 78.599999999999994 0.001 0
      vertex 78.799999999999997 10 0
      vertex 78.599999999999994 10 0
    endloop
  endfacet
  facet normal 0 0 1
    outer loop
      vertex 78.599999999999994 10 0
      vertex 78.799999999999997 10 0
      vertex 78.799999999999997 20 0
    endloop
  endfacet
  facet normal 0 0 1
    outer loop
      vertex 78.599999999999994 10 0
      vertex 78.799999999999997 20 0
      vertex 78.599999999999994 20 0
    endloop
  endfacet
  facet normal 0 0 1
    outer loop
      vertex 78.599999999999994 20 0
      vertex 78.799999999999997 20 0
      vertex 78.799999999999997 40 0
    endloop
  endfacet
  facet normal 0 0 1
    outer loop
      vertex 78.599999999999994 20 0
      vertex 78.799999999999997 40 0
      vertex 78.599999999999994 40 0
    endloop
  endfacet
  facet normal 0 0 1
    outer loop
      vertex 78.599999999999994 40 0
      vertex 78.799999999999997 40 0
      vertex 78.799999999999997 60 0
    endloop
  endfacet
  facet normal 0 0 1
    outer loop
      vertex 78.599999999999994 40 0
      vertex 78.799999999999997 60 0
      vertex 78.599999999999994 60 0
    endloop
  endfacet
  facet normal 0 0 1
    outer loop
      vertex 78.799999999999997 -60 0
      vertex 79 -60 0
      vertex 79 -40 0
    endloop
  endfacet
  facet normal 0 0 1
    outer loop
      vertex 78.799999999999997 -60 0
      vertex 79 -40 0
      vertex 78.799999999999997 -40 0
    endloop
  endfacet
  facet normal 0 0 1
    outer loop
      vertex 78.799999999999997 -40 0
      vertex 79 -40 0
      vertex 79 -20 0
    endloop
  endfacet
  facet normal 0 0 1
    outer loop
      vertex 78.799999999999997 -40 0
      vertex 79 -20 0
      vertex 78.799999999999997 -20 0
    endloop
  endfacet
  facet normal 0 0 1
    outer loop
      vertex 78.799999999999997 -20 0
      vertex 79 -20 0
      vertex 79 -10 0
    endloop
  endfacet
  facet normal 0 0 1
    outer loop
      vertex 78.799999999999997 -20 0
      vertex 79 -10 0
      vertex 78.799999999999997 -10 0
    endloop
  endfacet
  facet normal 0 0 1
    outer loop
      vertex 78.799999999999997 -10 0
      vertex 79 -10 0
      vertex 79 0 0
    endloop
  endfacet
  facet normal 0 0 1
    outer loop
      vertex 78.799999999999997 -10 0
      vertex 79 0 0
      vertex 78.799999999999997 0 0
    endloop
  endfacet
  facet normal 0 0 1
    outer loop
      vertex 78.799999999999997 0 0
      vertex 79 0 0
      vertex 79 0.001 0
    endloop
  endfacet
  facet normal 0 0 1
    outer loop
      vertex 78.799999999999997 0 0
      vertex 79 0.001 0
      vertex 78.799999999999997 0.001 0
    endloop
  endfacet
  facet normal 0 0 1
    outer loop
      vertex 78.799999999999997 0.001 0
      vertex 79 0.001 0
      vertex 79 10 0
    endloop
  endfacet
  facet normal 0 0 1
    outer loop
      vertex 78.799999999999997 0.001 0
      vertex 79 10 0
      vertex 78.799999999999997 10 0
    endloop
  endfacet
  facet normal 0 0 1
    outer loop
      vertex 78.799999999999997 10 0
      vertex 79 10 0
      vertex 79 20 0
    endloop
  endfacet
  facet normal 0 0 1
    outer loop
      vertex 78.799999999999997 10 0
      vertex 79 20 0
      vertex 78.799999999999997 20 0
    endloop
  endfacet
  facet normal 0 0 1
    outer loop
      vertex 78.799999999999997 20 0
      vertex 79 20 0
      vertex 79 40 0
    endloop
  endfacet
  facet normal 0 0 1
    outer loop
      vertex 78.799999999999997 20 0
      vertex 79 40 0
      vertex 78.799999999999997 40 0
    endloop
  endfacet
  facet normal 0 0 1
    outer loop
      vertex 78.799999999999997 40 0
      vertex 79 40 0
      vertex 79 60 0
    endloop
  endfacet
  facet normal 0 0 1
    outer loop
      vertex 78.799999999999997 40 0
      vertex 79 60 0
      vertex 78.799999999999997 60 0
    endloop
  endfacet
  facet normal 0 0 1
    outer loop
      vertex 79 -60 0
      vertex 79.200000000000003 -60 0
      vertex 79.200000000000003 -40 0
    endloop
  endfacet
  facet normal 0 0 1
    outer loop
      vertex 79 -60 0
      vertex 79.200000000000003 -40 0
      vertex 79 -40 0
    endloop
  endfacet
  facet normal 0 0 1
    outer loop
      vertex 79 -40 0
      vertex 79.200000000000003 -40 0
      vertex 79.200000000000003 -20 0
    endloop
  endfacet
  facet normal 0 0 1
    outer loop
      vertex 79 -40 0
      vertex 79.200000000000003 -20 0
      vertex 79 -20 0
    endloop
  endfacet
  facet normal 0 0 1
    outer loop
      vertex 79 -20 0
      vertex 79.200000000000003 -20 0
      vertex 79.200000000000003 -10 0
    endloop
  endfacet
  facet normal 0 0 1
    outer loop
      vertex 79 -20 0
      vertex 79.200000000000003 -10 0
      vertex 79 -10 0
    endloop
  endfacet
  facet normal 0 0 1
    outer loop
      vertex 79 -10 0
      vertex 79.200000000000003 -10 0
      vertex 79.200000000000003 0 0
    endloop
  endfacet
  facet normal 0 0 1
    outer loop
      vertex 79 -10 0
      vertex 79.200000000000003 0 0
      vertex 79 0 0
    endloop
  endfacet
  facet normal 0 0 1
    outer loop
      vertex 79 0 0
      vertex 79.200000000000003 0 0
      vertex 79.200000000000003 0.001 0
    endloop
  endfacet
  facet normal 0 0 1
    outer loop
      vertex 79 0 0
      vertex 79.200000000000003 0.001 0
      vertex 79 0.001 0
    endloop
  endfacet
  facet normal 0 0 1
    outer loop
      vertex 79 0.001 0
      vertex 79.200000000000003 0.001 0
      vertex 79.200000000000003 10 0
    endloop
  endfacet
  facet normal 0 0 1
    outer loop
      vertex 79 0.001 0
      vertex 79.200000000000003 10 0
      vertex 79 10 0
    endloop
  endfacet
  facet normal 0 0 1
    outer loop
      vertex 79 10 0
      vertex 79.200000000000003 10 0
      vertex 79.200000000000003 20 0
    endloop
  endfacet
  facet normal 0 0 1
    outer loop
      vertex 79 10 0
      vertex 79.200000000000003 20 0
      vertex 79 20 0
    endloop
  endfacet
  facet normal 0 0 1
    outer loop
      vertex 79 20 0
      vertex 79.200000000000003 20 0
      vertex 79.200000000000003 40 0
    endloop
  endfacet
  facet normal 0 0 1
    outer loop
      vertex 79 20 0
      vertex 79.200000000000003 40 0
      vertex 79 40 0
    endloop
  endfacet
  facet normal 0 0 1
    outer loop
      vertex 79 40 0
      vertex 79.200000000000003 40 0
      vertex 79.200000000000003 60 0
    endloop
  endfacet
  facet normal 0 0 1
    outer loop
      vertex 79 40 0
      vertex 79.200000000000003 60 0
      vertex 79 60 0
    endloop
  endfacet
  facet normal 0 0 1
    outer loop
      vertex 79.200000000000003 -60 0
      vertex 79.400000000000006 -60 0
      vertex 79.400000000000006 -40 0
    endloop
  endfacet
  facet normal 0 0 1
    outer loop
      vertex 79.200000000000003 -60 0
      vertex 79.400000000000006 -40 0
      vertex 79.200000000000003 -40 0
    endloop
  endfacet
  facet normal 0 0 1
    outer loop
      vertex 79.200000000000003 -40 0
      vertex 79.400000000000006 -40 0
      vertex 79.400000000000006 -20 0
    endloop
  endfacet
  facet normal 0 0 1
    outer loop
      vertex 79.200000000000003 -40 0
      vertex 79.400000000000006 -20 0
      vertex 79.200000000000003 -20 0
    endloop
  endfacet
  facet normal 0 0 1
    outer loop
      vertex 79.200000000000003 -20 0
      vertex 79.400000000000006 -20 0
      vertex 79.400000000000006 -10 0
    endloop
  endfacet
  facet normal 0 0 1
    outer loop
      vertex 79.200000000000003 -20 0
      vertex 79.400000000000006 -10 0
      vertex 79.200000000000003 -10 0
    endloop
  endfacet
  facet normal 0 0 1
    outer loop
      vertex 79.200000000000003 -10 0
      vertex 79.400000000000006 -10 0
      vertex 79.400000000000006 0 0
    endloop
  endfacet
  facet normal 0 0 1
    outer loop
      vertex 79.200000000000003 -10 0
      vertex 79.400000000000006 0 0
      vertex 79.200000000000003 0 0
    endloop
  endfacet
  facet normal 0 0 1
    outer loop
      vertex 79.200000000000003 0 0
      vertex 79.400000000000006 0 0
      vertex 79.400000000000006 0.001 0
    endloop
  endfacet
  facet normal 0 0 1
    outer loop
      vertex 79.200000000000003 0 0
      vertex 79.400000000000006 0.001 0
      vertex 79.200000000000003 0.001 0
    endloop
  endfacet
  facet normal 0 0 1
    outer loop
      vertex 79.200000000000003 0.001 0
      vertex 79.400000000000006 0.001 0
      vertex 79.400000000000006 10 0
    endloop
  endfacet
  facet normal 0 0 1
    outer loop
      vertex 79.200000000000003 0.001 0
      vertex 79.400000000000006 10 0
      vertex 79.200000000000003 10 0
    endloop
  endfacet
  facet normal 0 0 1
    outer loop
      vertex 79.200000000000003 10 0
      vertex 79.400000000000006 10 0
      vertex 79.400000000000006 20 0
    endloop
  endfacet
  facet normal 0 0 1
    outer loop
      vertex 79.200000000000003 10 0
      vertex 79.400000000000006 20 0
      vertex 79.200000000000003 20 0
    endloop
  endfacet
  facet normal 0 0 1
    outer loop
      vertex 79.200000000000003 20 0
      vertex 79.400000000000006 20 0
      vertex 79.400000000000006 40 0
    endloop
  endfacet
  facet normal 0 0 1
    outer loop
      vertex 79.200000000000003 20 0
      vertex 79.400000000000006 40 0
      vertex 79.200000000000003 40 0
    endloop
  endfacet
  facet normal 0 0 1
    outer loop
      vertex 79.200000000000003 40 0
      vertex 79.400000000000006 40 0
      vertex 79.400000000000006 60 0
    endloop
  endfacet
  facet normal 0 0 1
    outer loop
      vertex 79.200000000000003 40 0
      vertex 79.400000000000006 60 0
      vertex 79.200000000000003 60 0
    endloop
  endfacet
  facet normal 0 0 1
    outer loop
      vertex 79.400000000000006 -60 0
      vertex 79.599999999999994 -60 0
      vertex 79.599999999999994 -40 0
    endloop
  endfacet
  facet normal 0 0 1
    outer loop
      vertex 79.400000000000006 -60 0
      vertex 79.599999999999994 -40 0
      vertex 79.400000000000006 -40 0
    endloop
  endfacet
  facet normal 0 0 1
    outer loop
      vertex 79.400000000000006 -40 0
      vertex 79.599999999999994 -40 0
      vertex 79.599999999999994 -20 0
    endloop
  endfacet
  facet normal 0 0 1
    outer loop
      vertex 79.400000000000006 -40 0
      vertex 79.599999999999994 -20 0
      vertex 79.400000000000006 -20 0
    endloop
  endfacet
  facet normal 0 0 1
    outer loop
      vertex 79.400000000000006 -20 0
      vertex 79.599999999999994 -20 0
      vertex 79.599999999999994 -10 0
    endloop
  endfacet
  facet normal 0 0 1
    outer loop
      vertex 79.400000000000006 -20 0
      vertex 79.599999999999994 -10 0
      vertex 79.400000000000006 -10 0
    endloop
  endfacet
  facet normal 0 0 1
    outer loop
      vertex 79.400000000000006 -10 0
      vertex 79.599999999999994 -10 0
      vertex 79.599999999999994 0 0
    endloop
  endfacet
  facet normal 0 0 1
    outer loop
      vertex 79.400000000000006 -10 0
      vertex 79.599999999999994 0 0
      vertex 79.400000000000006 0 0
    endloop
  endfacet
  facet normal 0 0 1
    outer loop
      vertex 79.400000000000006 0 0
      vertex 79.599999999999994 0 0
      vertex 79.599999999999994 0.001 0
    endloop
  endfacet
  facet normal 0 0 1
    outer loop
      vertex 79.400000000000006 0 0
      vertex 79.599999999999994 0.001 0
      vertex 79.400000000000006 0.001 0
    endloop
  endfacet
  facet normal 0 0 1
    outer loop
      vertex 79.400000000000006 0.001 0
      vertex 79.599999999999994 0.001 0
      vertex 79.599999999999994 10 0
    endloop
  endfacet
  facet normal 0 0 1
    outer loop
      vertex 79.400000000000006 0.001 0
      vertex 79.599999999999994 10 0
      vertex 79.400000000000006 10 0
    endloop
  endfacet
  facet normal 0 0 1
    outer loop
      vertex 79.400000000000006 10 0
      vertex 79.599999999999994 10 0
      vertex 79.599999999999994 20 0
    endloop
  endfacet
  facet normal 0 0 1
    outer loop
      vertex 79.400000000000006 10 0
      vertex 79.599999999999994 20 0
      vertex 79.400000000000006 20 0
    endloop
  endfacet
  facet normal 0 0 1
    outer loop
      vertex 79.400000000000006 20 0
      vertex 79.599999999999994 20 0
      vertex 79.599999999999994 40 0
    endloop
  endfacet
  facet normal 0 0 1
    outer loop
      vertex 79.400000000000006 20 0
      vertex 79.599999999999994 40 0
      vertex 79.400000000000006 40 0
    endloop
  endfacet
  facet normal 0 0 1
    outer loop
      vertex 79.400000000000006 40 0
      vertex 79.599999999999994 40 0
      vertex 79.599999999999994 60 0
    endloop
  endfacet
  facet normal 0 0 1
    outer loop
      vertex 79.400000000000006 40 0
      vertex 79.599999999999994 60 0
      vertex 79.400000000000006 60 0
    endloop
  endfacet
  facet normal 0 0 1
    outer loop
      vertex 79.599999999999994 -60 0
      vertex 79.799999999999997 -60 0
      vertex 79.799999999999997 -40 0
    endloop
  endfacet
  facet normal 0 0 1
    outer loop
      vertex 79.599999999999994 -60 0
      vertex 79.799999999999997 -40 0
      vertex 79.599999999999994 -40 0
    endloop
  endfacet
  facet normal 0 0 1
    outer loop
      vertex 79.599999999999994 -40 0
      vertex 79.799999999999997 -40 0
      vertex 79.799999999999997 -20 0
    endloop
  endfacet
  facet normal 0 0 1
    outer loop
      vertex 79.599999999999994 -40 0
      vertex 79.799999999999997 -20 0
      vertex 79.599999999999994 -20 0
    endloop
  endfacet
  facet normal 0 0 1
    outer loop
      vertex 79.599999999999994 -20 0
      vertex 79.799999999999997 -20 0
      vertex 79.799999999999997 -10 0
    endloop
  endfacet
  facet normal 0 0 1
    outer loop
      vertex 79.599999999999994 -20 0
      vertex 79.799999999999997 -10 0
      vertex 79.599999999999994 -10 0
    endloop
  endfacet
  facet normal 0 0 1
    outer loop
      vertex 79.599999999999994 -10 0
      vertex 79.799999999999997 -10 0
      vertex 79.799999999999997 0 0
    endloop
  endfacet
  facet normal 0 0 1
    outer loop
      vertex 79.599999999999994 -10 0
      vertex 79.799999999999997 0 0
      vertex 79.599999999999994 0 0
    endloop
  endfacet
  facet normal 0 0 1
    outer loop
      vertex 79.599999999999994 0 0
      vertex 79.799999999999997 0 0
      vertex 79.799999999999997 0.001 0
    endloop
  endfacet
  facet normal 0 0 1
    outer loop
      vertex 79.599999999999994 0 0
      vertex 79.799999999999997 0.001 0
      vertex 79.599999999999994 0.001 0
    endloop
  endfacet
  facet normal 0 0 1
    outer loop
      vertex 79.599999999999994 0.001 0
      vertex 79.799999999999997 0.001 0
      vertex 79.799999999999997 10 0
    endloop
  endfacet
  facet normal 0 0 1
    outer loop
      vertex 79.599999999999994 0.001 0
      vertex 79.799999999999997 10 0
      vertex 79.599999999999994 10 0
    endloop
  endfacet
  facet normal 0 0 1
    outer loop
      vertex 79.599999999999994 10 0
      vertex 79.799999999999997 10 0
      vertex 79.799999999999997 20 0
    endloop
  endfacet
  facet normal 0 0 1
    outer loop
      vertex 79.599999999999994 10 0
      vertex 79.799999999999997 20 0
      vertex 79.599999999999994 20 0
    endloop
  endfacet
  facet normal 0 0 1
    outer loop
      vertex 79.599999999999994 20 0
      vertex 79.799999999999997 20 0
      vertex 79.799999999999997 40 0
    endloop
  endfacet
  facet normal 0 0 1
    outer loop
      vertex 79.599999999999994 20 0
      vertex 79.799999999999997 40 0
      vertex 79.599999999999994 40 0
    endloop
  endfacet
  facet normal 0 0 1
    outer loop
      vertex 79.599999999999994 40 0
      vertex 79.799999999999997 40 0
      vertex 79.799999999999997 60 0
    endloop
  endfacet
  facet normal 0 0 1
    outer loop
      vertex 79.599999999999994 40 0
      vertex 79.799999999999997 60 0
      vertex 79.599999999999994 60 0
    endloop
  endfacet
  facet normal 0 0 1
    outer loop
      vertex 79.799999999999997 -60 0
      vertex 80 -60 0
      vertex 80 -40 0
    endloop
  endfacet
  facet normal 0 0 1
    outer loop
      vertex 79.799999999999997 -60 0
      vertex 80 -40 0
      vertex 79.799999999999997 -40 0
    endloop
  endfacet
  facet normal 0 0 1
    outer loop
      vertex 79.799999999999997 -40 0
      vertex 80 -40 0
      vertex 80 -20 0
    endloop
  endfacet
  facet normal 0 0 1
    outer loop
      vertex 79.799999999999997 -40 0
      vertex 80 -20 0
      vertex 79.799999999999997 -20 0
    endloop
  endfacet
  facet normal 0 0 1
    outer loop
      vertex 79.799999999999997 -20 0
      vertex 80 -20 0
      vertex 80 -10 0
    endloop
  endfacet
  facet normal 0 0 1
    outer loop
      vertex 79.799999999999997 -20 0
      vertex 80 -10 0
      vertex 79.799999999999997 -10 0
    endloop
  endfacet
  facet normal 0 0 1
    outer loop
      vertex 79.799999999999997 -10 0
      vertex 80 -10 0
      vertex 80 0 0
    endloop
  endfacet
  facet normal 0 0 1
    outer loop
      vertex 79.799999999999997 -10 0
      vertex 80 0 0
      vertex 79.799999999999997 0 0
    endloop
  endfacet
  facet normal 0 0 1
    outer loop
      vertex 79.799999999999997 0 0
      vertex 80 0 0
      vertex 80 0.001 0
    endloop
  endfacet
  facet normal 0 0 1
    outer loop
      vertex 79.799999999999997 0 0
      vertex 80 0.001 0
      vertex 79.799999999999997 0.001 0
    endloop
  endfacet
  facet normal 0 0 1
    outer loop
      vertex 79.799999999999997 0.001 0
      vertex 80 0.001 0
      vertex 80 10 0
    endloop
  endfacet
  facet normal 0 0 1
    outer loop
      vertex 79.799999999999997 0.001 0
      vertex 80 10 0
      vertex 79.799999999999997 10 0
    endloop
  endfacet
  facet normal 0 0 1
    outer loop
      vertex 79.799999999999997 10 0
      vertex 80 10 0
      vertex 80 20 0
    endloop
  endfacet
  facet normal 0 0 1
    outer loop
      vertex 79.799999999999997 10 0
      vertex 80 20 0
      vertex 79.799999999999997 20 0
    endloop
  endfacet
  facet normal 0 0 1
    outer loop
      vertex 79.799999999999997 20 0
      vertex 80 20 0
      vertex 80 40 0
    endloop
  endfacet
  facet normal 0 0 1
    outer loop
      vertex 79.799999999999997 20 0
      vertex 80 40 0
      vertex 79.799999999999997 40 0
    endloop
  endfacet
  facet normal 0 0 1
    outer loop
      vertex 79.799999999999997 40 0
      vertex 80 40 0
      vertex 80 60 0
    endloop
  endfacet
  facet normal 0 0 1
    outer loop
      vertex 79.799999999999997 40 0
      vertex 80 60 0
      vertex 79.799999999999997 60 0
    endloop
  endfacet
  facet normal 0 0 1
    outer loop
      vertex 80 -60 0
      vertex 90 -60 0
      vertex 90 -40 0
    endloop
  endfacet
  facet normal 0 0 1
    outer loop
      vertex 80 -60 0
      vertex 90 -40 0
      vertex 80 -40 0
    endloop
  endfacet
  facet normal 0 0 1
    outer loop
      vertex 80 -40 0
      vertex 90 -40 0
      vertex 90 -20 0
    endloop
  endfacet
  facet normal 0 0 1
    outer loop
      vertex 80 -40 0
      vertex 90 -20 0
      vertex 80 -20 0
    endloop
  endfacet
  facet normal 0 0 1
    outer loop
      vertex 80 -20 0
      vertex 90 -20 0
      vertex 90 -10 0
    endloop
  endfacet
  facet normal 0 0 1
    outer loop
      vertex 80 -20 0
      vertex 90 -10 0
      vertex 80 -10 0
    endloop
  endfacet
  facet normal 0 0 1
    outer loop
      vertex 80 -10 0
      vertex 90 -10 0
      vertex 90 0 0
    endloop
  endfacet
  facet normal 0 0 1
    outer loop
      vertex 80 -10 0
      vertex 90 0 0
      vertex 80 0 0
    endloop
  endfacet
  facet normal 0 0 1
    outer loop
      vertex 80 0 0
      vertex 90 0 0
      vertex 90 0.001 0
    endloop
  endfacet
  facet normal 0 0 1
    outer loop
      vertex 80 0 0
      vertex 90 0.001 0
      vertex 80 0.001 0
    endloop
  endfacet
  facet normal 0 0 1
    outer loop
      vertex 80 0.001 0
      vertex 90 0.001 0
      vertex 90 10 0
    endloop
  endfacet
  facet normal 0 0 1
    outer loop
      vertex 80 0.001 0
      vertex 90 10 0
      vertex 80 10 0
    endloop
  endfacet
  facet normal 0 0 1
    outer loop
      vertex 80 10 0
      vertex 90 10 0
      vertex 90 20 0
    endloop
  endfacet
  facet normal 0 0 1
    outer loop
      vertex 80 10 0
      vertex 90 20 0
      vertex 80 20 0
    endloop
  endfacet
  facet normal 0 0 1
    outer loop
      vertex 80 20 0
      vertex 90 20 0
      vertex 90 40 0
    endloop
  endfacet
  facet normal 0 0 1
    outer loop
      vertex 80 20 0
      vertex 90 40 0
      vertex 80 40 0
    endloop
  endfacet
  facet normal 0 0 1
    outer loop
      vertex 80 40 0
      vertex 90 40 0
      vertex 90 60 0
    endloop
  endfacet
  facet normal 0 0 1
    outer loop
      vertex 80 40 0
      vertex 90 60 0
      vertex 80 60 0
    endloop
  endfacet
  facet normal 0 0 1
    outer loop
      vertex 90 -60 0
      vertex 100 -60 0
      vertex 100 -40 0
    endloop
  endfacet
  facet normal 0 0 1
    outer loop
      vertex 90 -60 0
      vertex 100 -40 0
      vertex 90 -40 0
    endloop
  endfacet
  facet normal 0 0 1
    outer loop
      vertex 90 -40 0
      vertex 100 -40 0
      vertex 100 -20 0
    endloop
  endfacet
  facet normal 0 0 1
    outer loop
      vertex 90 -40 0
      vertex 100 -20 0
      vertex 90 -20 0
    endloop
  endfacet
  facet normal 0 0 1
    outer loop
      vertex 90 -20 0
      vertex 100 -20 0
      vertex 100 -10 0
    endloop
  endfacet
  facet normal 0 0 1
    outer loop
      vertex 90 -20 0
      vertex 100 -10 0
      vertex 90 -10 0
    endloop
  endfacet
  facet normal 0 0 1
    outer loop
      vertex 90 -10 0
      vertex 100 -10 0
      vertex 100 0 0
    endloop
  endfacet
  facet normal 0 0 1
    outer loop
      vertex 90 -10 0
      vertex 100 0 0
      vertex 90 0 0
    endloop
  endfacet
  facet normal 0 0 1
    outer loop
      vertex 90 0 0
      vertex 100 0 0
      vertex 100 0.001 0
    endloop
  endfacet
  facet normal 0 0 1
    outer loop
      vertex 90 0 0
      vertex 100 0.001 0
      vertex 90 0.001 0
    endloop
  endfacet
  facet normal 0 0 1
    outer loop
      vertex 90 0.001 0
      vertex 100 0.001 0
      vertex 100 10 0
    endloop
  endfacet
  facet normal 0 0 1
    outer loop
      vertex 90 0.001 0
      vertex 100 10 0
      vertex 90 10 0
    endloop
  endfacet
  facet normal 0 0 1
    outer loop
      vertex 90 10 0
      vertex 100 10 0
      vertex 100 20 0
    endloop
  endfacet
  facet normal 0 0 1
    outer loop
      vertex 90 10 0
      vertex 100 20 0
      vertex 90 20 0
    endloop
  endfacet
  facet normal 0 0 1
    outer loop
      vertex 90 20 0
      vertex 100 20 0
      vertex 100 40 0
    endloop
  endfacet
  facet normal 0 0 1
    outer loop
      vertex 90 20 0
      vertex 100 40 0
      vertex 90 40 0
    endloop
  endfacet
  facet normal 0 0 1
    outer loop
      vertex 90 40 0
      vertex 100 40 0
      vertex 100 60 0
    endloop
  endfacet
  facet normal 0 0 1
    outer loop
      vertex 90 40 0
      vertex 100 60 0
      vertex 90 60 0
    endloop
  endfacet
  facet normal 0 0 1
    outer loop
      vertex 100 -60 0
      vertex 110 -60 0
      vertex 110 -40 0
    endloop
  endfacet
  facet normal 0 0 1
    outer loop
      vertex 100 -60 0
      vertex 110 -40 0
      vertex 100 -40 0
    endloop
  endfacet
  facet normal 0 0 1
    outer loop
      vertex 100 -40 0
      vertex 110 -40 0
      vertex 110 -20 0
    endloop
  endfacet
  facet normal 0 0 1
    outer loop
      vertex 100 -40 0
      vertex 110 -20 0
      vertex 100 -20 0
    endloop
  endfacet
  facet normal 0 0 1
    outer loop
      vertex 100 -20 0
      vertex 110 -20 0
      vertex 110 -10 0
    endloop
  endfacet
  facet normal 0 0 1
    outer loop
      vertex 100 -20 0
      vertex 110 -10 0
      vertex 100 -10 0
    endloop
  endfacet
  facet normal 0 0 1
    outer loop
      vertex 100 -10 0
      vertex 110 -10 0
      vertex 110 0 0
    endloop
  endfacet
  facet normal 0 0 1
    outer loop
      vertex 100 -10 0
      vertex 110 0 0
      vertex 100 0 0
    endloop
  endfacet
  facet normal 0 0 1
    outer loop
      vertex 100 0 0
      vertex 110 0 0
      vertex 110 0.001 0
    endloop
  endfacet
  facet normal 0 0 1
    outer loop
      vertex 100 0 0
      vertex 110 0.001 0
      vertex 100 0.001 0
    endloop
  endfacet
  facet normal 0 0 1
    outer loop
      vertex 100 0.001 0
      vertex 110 0.001 0
      vertex 110 10 0
    endloop
  endfacet
  facet normal 0 0 1
    outer loop
      vertex 100 0.001 0
      vertex 110 10 0
      vertex 100 10 0
    endloop
  endfacet
  facet normal 0 0 1
    outer loop
      vertex 100 10 0
      vertex 110 10 0
      vertex 110 20 0
    endloop
  endfacet
  facet normal 0 0 1
    outer loop
      vertex 100 10 0
      vertex 110 20 0
      vertex 100 20 0
    endloop
  endfacet
  facet normal 0 0 1
    outer loop
      vertex 100 20 0
      vertex 110 20 0
      vertex 110 40 0
    endloop
  endfacet
  facet normal 0 0 1
    outer loop
      vertex 100 20 0
      vertex 110 40 0
      vertex 100 40 0
    endloop
  endfacet
  facet normal 0 0 1
    outer loop
      vertex 100 40 0
      vertex 110 40 0
      vertex 110 60 0
    endloop
  endfacet
  facet normal 0 0 1
    outer loop
      vertex 100 40 0
      vertex 110 60 0
      vertex 100 60 0
    endloop
  endfacet
  facet normal 0 0 1
    outer loop
      vertex 110 -60 0
      vertex 120 -60 0
      vertex 120 -40 0
    endloop
  endfacet
  facet normal 0 0 1
    outer loop
      vertex 110 -60 0
      vertex 120 -40 0
      vertex 110 -40 0
    endloop
  endfacet
  facet normal 0 0 1
    outer loop
      vertex 110 -40 0
      vertex 120 -40 0
      vertex 120 -20 0
    endloop
  endfacet
  facet normal 0 0 1
    outer loop
      vertex 110 -40 0
      vertex 120 -20 0
      vertex 110 -20 0
    endloop
  endfacet
  facet normal 0 0 1
    outer loop
      vertex 110 -20 0
      vertex 120 -20 0
      vertex 120 -10 0
    endloop
  endfacet
  facet normal 0 0 1
    outer loop
      vertex 110 -20 0
      vertex 120 -10 0
      vertex 110 -10 0
    endloop
  endfacet
  facet normal 0 0 1
    outer loop
      vertex 110 -10 0
      vertex 120 -10 0
      vertex 120 0 0
    endloop
  endfacet
  facet normal 0 0 1
    outer loop
      vertex 110 -10 0
      vertex 120 0 0
      vertex 110 0 0
    endloop
  endfacet
  facet normal 0 0 1
    outer loop
      vertex 110 0 0
      vertex 120 0 0
      vertex 120 0.001 0
    endloop
  endfacet
  facet normal 0 0 1
    outer loop
      vertex 110 0 0
      vertex 120 0.001 0
      vertex 110 0.001 0
    endloop
  endfacet
  facet normal 0 0 1
    outer loop
      vertex 110 0.001 0
      vertex 120 0.001 0
      vertex 120 10 0
    endloop
  endfacet
  facet normal 0 0 1
    outer loop
      vertex 110 0.001 0
      vertex 120 10 0
      vertex 110 10 0
    endloop
  endfacet
  facet normal 0 0 1
    outer loop
      vertex 110 10 0
      vertex 120 10 0
      vertex 120 20 0
    endloop
  endfacet
  facet normal 0 0 1
    outer loop
      vertex 110 10 0
      vertex 120 20 0
      vertex 110 20 0
    endloop
  endfacet
  facet normal 0 0 1
    outer loop
      vertex 110 20 0
      vertex 120 20 0
      vertex 120 40 0
    endloop
  endfacet
  facet normal 0 0 1
    outer loop
      vertex 110 20 0
      vertex 120 40 0
      vertex 110 40 0
    endloop
  endfacet
  facet normal 0 0 1
    outer loop
      vertex 110 40 0
      vertex 120 40 0
      vertex 120 60 0
    endloop
  endfacet
  facet normal 0 0 1
    outer loop
      vertex 110 40 0
      vertex 120 60 0
      vertex 110 60 0
    endloop
  endfacet
endsolid terrain_band_1
