solid terrain_band_4
  facet normal -4.040582931717655e-17 0.44721359549995798 0.89442719099991586
    outer loop
      vertex 51.359999999999999 0.15999999999999998 -0.079999999999999988
      vertex 51.280000000000001 0.080000000000000016 -0.040000000000000008
      vertex 51.399999999999999 0.080000000000000029 -0.040000000000000008
    endloop
  endfacet
  facet normal -0 0.44721359549995804 0.89442719099991586
    outer loop
      vertex 51.359999999999999 0.15999999999999998 -0.079999999999999988
      vertex 51.399999999999999 0.080000000000000029 -0.040000000000000008
      vertex 51.399999999999999 0.15999999999999998 -0.079999999999999988
    endloop
  endfacet
  facet normal 0.44721359549996531 0 0.8944271909999123
    outer loop
      vertex 51.280000000000001 0.080000000000000029 -0.040000000000000008
      vertex 51.359999999999999 0.15999999999999998 -0.079999999999999988
      vertex 51.359999999999999 0.20000000000000001 -0.079999999999999988
    endloop
  endfacet
  facet normal 0.44721359549996537 -0 0.89442719099991208
    outer loop
      vertex 51.280000000000001 0.080000000000000029 -0.040000000000000008
      vertex 51.359999999999999 0.20000000000000001 -0.079999999999999988
      vertex 51.280000000000001 0.20000000000000001 -0.040000000000000008
    endloop
  endfacet
  facet normal 0.44721359549996537 0 0.89442719099991219
    outer loop
      vertex 51.359999999999999 8.0399999999999974 -0.079999999999999988
      vertex 51.280000000000001 4.1200000000000001 -0.040000000000000008
      vertex 51.280000000000001 0.20000000000000001 -0.040000000000000008
    endloop
  endfacet
  facet normal 0.44721359549996537 0 0.89442719099991219
    outer loop
      vertex 51.359999999999999 8.0399999999999974 -0.079999999999999988
      vertex 51.280000000000001 0.20000000000000001 -0.040000000000000008
      vertex 51.359999999999999 0.20000000000000001 -0.079999999999999988
    endloop
  endfacet
  facet normal 0.44721359549996542 0 0.89442719099991208
    outer loop
      vertex 51.280000000000001 4.120000000000001 -0.040000000000000008
      vertex 51.359999999999999 8.0399999999999991 -0.079999999999999988
      vertex 51.359999999999999 10 -0.079999999999999988
    endloop
  endfacet
  facet normal 0.44721359549996542 -0 0.89442719099991219
    outer loop
      vertex 51.280000000000001 4.120000000000001 -0.040000000000000008
      vertex 51.359999999999999 10 -0.079999999999999988
      vertex 51.280000000000001 10 -0.040000000000000008
    endloop
  endfacet
  facet normal 0.43643578047199216 -0.21821789023599122 0.87287156094396612
    outer loop
      vertex 51.359999999999999 10.16 -0.040000000000000008
      vertex 51.280000000000001 10 -0.040000000000000008
      vertex 51.359999999999999 10 -0.079999999999999988
    endloop
  endfacet
  facet normal 0.43643578047199216 -0.21821789023599122 0.87287156094396612
    outer loop
      vertex 51.359999999999999 10.16 -0.040000000000000008
      vertex 51.359999999999999 10 -0.079999999999999988
      vertex 51.399999999999999 10.08 -0.079999999999999988
    endloop
  endfacet
  facet normal 0.43643578047198933 -0.21821789023599306 0.87287156094396701
    outer loop
      vertex 51.359999999999999 10.16 -0.040000000000000008
      vertex 51.399999999999999 10.08 -0.079999999999999988
      vertex 51.399999999999999 10.199999999999999 -0.050000000000000003
    endloop
  endfacet
  facet normal 0.24253562503633774 -0 0.97014250014533077
    outer loop
      vertex 51.359999999999999 10.16 -0.040000000000000008
      vertex 51.399999999999999 10.199999999999999 -0.050000000000000003
      vertex 51.359999999999999 10.199999999999999 -0.040000000000000008
    endloop
  endfacet
  facet normal 0.24253562503633769 0 0.97014250014533066
    outer loop
      vertex 51.359999999999999 18.039999999999999 -0.040000000000000008
      vertex 51.359999999999999 10.199999999999999 -0.040000000000000008
      vertex 51.399999999999999 10.199999999999999 -0.050000000000000003
    endloop
  endfacet
  facet normal 0.24253562503633769 0 0.97014250014533077
    outer loop
      vertex 51.359999999999999 18.039999999999999 -0.040000000000000008
      vertex 51.399999999999999 10.199999999999999 -0.050000000000000003
      vertex 51.399999999999999 20 -0.050000000000000003
    endloop
  endfacet
  facet normal 0.24253562503633774 -0 0.97014250014533066
    outer loop
      vertex 51.359999999999999 18.040000000000003 -0.040000000000000008
      vertex 51.399999999999999 20 -0.050000000000000003
      vertex 51.359999999999999 20 -0.040000000000000008
    endloop
  endfacet
  facet normal 0.23570226039552022 -0.23570226039552022 0.94280904158206125
    outer loop
      vertex 51.359999999999999 20 -0.040000000000000008
      vertex 51.399999999999999 20 -0.050000000000000003
      vertex 51.399999999999999 20.039999999999999 -0.040000000000000008
    endloop
  endfacet
  facet normal 0 0.44721359549996542 0.8944271909999123
    outer loop
      vertex 51.359999999999999 40.160000000000004 -0.079999999999999988
      vertex 51.280000000000001 40.080000000000005 -0.040000000000000008
      vertex 51.399999999999999 40.080000000000005 -0.040000000000000008
    endloop
  endfacet
  facet normal -0 0.44721359549996542 0.89442719099991219
    outer loop
      vertex 51.359999999999999 40.160000000000004 -0.079999999999999988
      vertex 51.399999999999999 40.080000000000005 -0.040000000000000008
      vertex 51.399999999999999 40.160000000000004 -0.079999999999999988
    endloop
  endfacet
  facet normal 0.44721359549996526 0 0.89442719099991208
    outer loop
      vertex 51.280000000000001 40.080000000000005 -0.040000000000000008
      vertex 51.359999999999999 40.160000000000004 -0.079999999999999988
      vertex 51.359999999999999 40.200000000000003 -0.079999999999999988
    endloop
  endfacet
  facet normal 0.44721359549996542 -0 0.8944271909999123
    outer loop
      vertex 51.280000000000001 40.080000000000005 -0.040000000000000008
      vertex 51.359999999999999 40.200000000000003 -0.079999999999999988
      vertex 51.280000000000001 40.200000000000003 -0.040000000000000008
    endloop
  endfacet
  facet normal 0.4472135954999652 0 0.89442719099991208
    outer loop
      vertex 51.359999999999999 56.039999999999999 -0.079999999999999988
      vertex 51.280000000000001 48.120000000000005 -0.040000000000000008
      vertex 51.280000000000001 40.200000000000003 -0.040000000000000008
    endloop
  endfacet
  facet normal 0.44721359549996537 0 0.89442719099991219
    outer loop
      vertex 51.359999999999999 56.039999999999999 -0.079999999999999988
      vertex 51.280000000000001 40.200000000000003 -0.040000000000000008
      vertex 51.359999999999999 40.200000000000003 -0.079999999999999988
    endloop
  endfacet
  facet normal 0.44721359549996537 0 0.89442719099991219
    outer loop
      vertex 51.280000000000001 48.120000000000005 -0.040000000000000008
      vertex 51.359999999999999 56.039999999999999 -0.079999999999999988
      vertex 51.359999999999999 60 -0.079999999999999988
    endloop
  endfacet
  facet normal 0.44721359549996537 -0 0.89442719099991208
    outer loop
      vertex 51.280000000000001 48.120000000000005 -0.040000000000000008
      vertex 51.359999999999999 60 -0.079999999999999988
      vertex 51.280000000000001 60 -0.040000000000000008
    endloop
  endfacet
  facet normal 0.43643578047202392 0.21821789023598293 0.87287156094395224
    outer loop
      vertex 51.306666666666665 60.106666666666669 -0.079999999999999988
      vertex 51.253333333333337 60.053333333333335 -0.040000000000000008
      vertex 51.280000000000001 60 -0.040000000000000008
    endloop
  endfacet
  facet normal 0.43643578047199172 0.21821789023599586 0.87287156094396534
    outer loop
      vertex 51.306666666666665 60.106666666666669 -0.079999999999999988
      vertex 51.280000000000001 60 -0.040000000000000008
      vertex 51.359999999999999 60 -0.079999999999999988
    endloop
  endfacet
  facet normal 0.60000000000004206 0 0.7999999999999684
    outer loop
      vertex 51.253333333333337 60.053333333333335 -0.040000000000000008
      vertex 51.306666666666665 60.106666666666669 -0.079999999999999988
      vertex 51.306666666666665 60.200000000000003 -0.079999999999999988
    endloop
  endfacet
  facet normal 0.60000000000004206 -0 0.7999999999999684
    outer loop
      vertex 51.253333333333337 60.053333333333335 -0.040000000000000008
      vertex 51.306666666666665 60.200000000000003 -0.079999999999999988
      vertex 51.253333333333337 60.200000000000003 -0.040000000000000008
    endloop
  endfacet
  facet normal 0.60000000000004217 0 0.79999999999996851
    outer loop
      vertex 51.306666666666665 70.760000000000005 -0.079999999999999988
      vertex 51.253333333333337 65.480000000000004 -0.040000000000000008
      vertex 51.253333333333337 60.200000000000003 -0.040000000000000008
    endloop
  endfacet
  facet normal 0.60000000000004217 0 0.79999999999996851
    outer loop
      vertex 51.306666666666665 70.760000000000005 -0.079999999999999988
      vertex 51.253333333333337 60.200000000000003 -0.040000000000000008
      vertex 51.306666666666665 60.200000000000003 -0.079999999999999988
    endloop
  endfacet
  facet normal 0.60000000000004206 0 0.7999999999999684
    outer loop
      vertex 51.253333333333337 65.480000000000004 -0.040000000000000008
      vertex 51.306666666666665 70.760000000000005 -0.079999999999999988
      vertex 51.306666666666665 80 -0.079999999999999988
    endloop
  endfacet
  facet normal 0.60000000000004206 -0 0.7999999999999684
    outer loop
      vertex 51.253333333333337 65.480000000000004 -0.040000000000000008
      vertex 51.306666666666665 80 -0.079999999999999988
      vertex 51.253333333333337 80 -0.040000000000000008
    endloop
  endfacet
  facet normal 0.58834840541457567 0.19611613513819187 0.78446454055271642
    outer loop
      vertex 51.280000000000001 80.079999999999998 -0.079999999999999988
      vertex 51.240000000000002 80.040000000000006 -0.040000000000000008
      vertex 51.253333333333337 80 -0.040000000000000008
    endloop
  endfacet
  facet normal 0.58834840541459377 0.19611613513818052 0.78446454055270565
    outer loop
      vertex 51.280000000000001 80.079999999999998 -0.079999999999999988
      vertex 51.253333333333337 80 -0.040000000000000008
      vertex 51.306666666666665 80 -0.079999999999999988
    endloop
  endfacet
  facet normal 0.70710678118655501 0 0.70710678118654013
    outer loop
      vertex 51.240000000000002 80.040000000000006 -0.040000000000000008
      vertex 51.280000000000001 80.079999999999998 -0.079999999999999988
      vertex 51.280000000000001 80.200000000000003 -0.079999999999999988
    endloop
  endfacet
  facet normal 0.7071067811865549 -0 0.70710678118654013
    outer loop
      vertex 51.240000000000002 80.040000000000006 -0.040000000000000008
      vertex 51.280000000000001 80.200000000000003 -0.079999999999999988
      vertex 51.240000000000002 80.200000000000003 -0.040000000000000008
    endloop
  endfacet
  facet normal 0.7071067811865549 0 0.70710678118654013
    outer loop
      vertex 51.280000000000001 88.120000000000005 -0.079999999999999988
      vertex 51.240000000000002 84.160000000000011 -0.040000000000000008
      vertex 51.240000000000002 80.200000000000003 -0.040000000000000008
    endloop
  endfacet
  facet normal 0.7071067811865549 0 0.70710678118654013
    outer loop
      vertex 51.280000000000001 88.120000000000005 -0.079999999999999988
      vertex 51.240000000000002 80.200000000000003 -0.040000000000000008
      vertex 51.280000000000001 80.200000000000003 -0.079999999999999988
    endloop
  endfacet
  facet normal 0.7071067811865549 0 0.70710678118654013
    outer loop
      vertex 51.240000000000002 84.160000000000011 -0.040000000000000008
      vertex 51.280000000000001 88.120000000000005 -0.079999999999999988
      vertex 51.280000000000001 100 -0.079999999999999988
    endloop
  endfacet
  facet normal 0.7071067811865549 -0 0.70710678118654025
    outer loop
      vertex 51.240000000000002 84.160000000000011 -0.040000000000000008
      vertex 51.280000000000001 100 -0.079999999999999988
      vertex 51.240000000000002 100 -0.040000000000000008
    endloop
  endfacet
  facet normal -4.040582931717655e-17 0.44721359549995798 0.89442719099991586
    outer loop
      vertex 51.560000000000002 0.15999999999999998 -0.079999999999999988
      vertex 51.480000000000004 0.080000000000000016 -0.040000000000000008
      vertex 51.600000000000001 0.080000000000000029 -0.040000000000000008
    endloop
  endfacet
  facet normal -0 0.44721359549995804 0.89442719099991586
    outer loop
      vertex 51.560000000000002 0.15999999999999998 -0.079999999999999988
      vertex 51.600000000000001 0.080000000000000029 -0.040000000000000008
      vertex 51.600000000000001 0.15999999999999998 -0.079999999999999988
    endloop
  endfacet
  facet normal -6.0608743975759436e-17 0.44721359549995793 0.89442719099991586
    outer loop
      vertex 51.399999999999999 0.15999999999999998 -0.079999999999999988
      vertex 51.399999999999999 0.080000000000000016 -0.040000000000000008
      vertex 51.480000000000004 0.080000000000000029 -0.040000000000000008
    endloop
  endfacet
  facet normal -0 0.44721359549995798 0.89442719099991586
    outer loop
      vertex 51.399999999999999 0.15999999999999998 -0.079999999999999988
      vertex 51.480000000000004 0.080000000000000029 -0.040000000000000008
      vertex 51.560000000000002 0.15999999999999998 -0.079999999999999988
    endloop
  endfacet
  facet normal 0 -0.24253562503633433 0.97014250014533154
    outer loop
      vertex 51.479999999999997 10.08 -0.079999999999999988
      vertex 51.600000000000001 10.08 -0.079999999999999988
      vertex 51.600000000000001 10.199999999999999 -0.050000000000000003
    endloop
  endfacet
  facet normal 0 -0.24253562503633436 0.97014250014533154
    outer loop
      vertex 51.399999999999999 10.08 -0.079999999999999988
      vertex 51.479999999999997 10.08 -0.079999999999999988
      vertex 51.600000000000001 10.199999999999999 -0.050000000000000003
    endloop
  endfacet
  facet normal 0 -0.24253562503633438 0.97014250014533165
    outer loop
      vertex 51.399999999999999 10.08 -0.079999999999999988
      vertex 51.600000000000001 10.199999999999999 -0.050000000000000003
      vertex 51.399999999999999 10.199999999999999 -0.050000000000000003
    endloop
  endfacet
  facet normal 0 0 1
    outer loop
      vertex 51.399999999999999 10.199999999999999 -0.050000000000000003
      vertex 51.600000000000001 10.199999999999999 -0.050000000000000003
      vertex 51.600000000000001 20 -0.050000000000000003
    endloop
  endfacet
  facet normal 0 0 1
    outer loop
      vertex 51.399999999999999 10.199999999999999 -0.050000000000000003
      vertex 51.600000000000001 20 -0.050000000000000003
      vertex 51.399999999999999 20 -0.050000000000000003
    endloop
  endfacet
  facet normal 0 -0.24253562503633774 0.97014250014533077
    outer loop
      vertex 51.439999999999998 20.039999999999999 -0.040000000000000008
      vertex 51.399999999999999 20 -0.050000000000000003
      vertex 51.600000000000001 20 -0.050000000000000003
    endloop
  endfacet
  facet normal 0 -0.24253562503633769 0.97014250014533066
    outer loop
      vertex 51.439999999999998 20.039999999999999 -0.040000000000000008
      vertex 51.600000000000001 20 -0.050000000000000003
      vertex 51.600000000000001 20.039999999999999 -0.040000000000000008
    endloop
  endfacet
  facet normal 0 -0.24253562503633774 0.97014250014533077
    outer loop
      vertex 51.399999999999999 20.039999999999999 -0.040000000000000008
      vertex 51.399999999999999 20 -0.050000000000000003
      vertex 51.439999999999998 20.039999999999999 -0.040000000000000008
    endloop
  endfacet
  facet normal 0 0.44721359549996542 0.8944271909999123
    outer loop
      vertex 51.560000000000002 40.160000000000004 -0.079999999999999988
      vertex 51.480000000000004 40.080000000000005 -0.040000000000000008
      vertex 51.600000000000001 40.080000000000005 -0.040000000000000008
    endloop
  endfacet
  facet normal -0 0.44721359549996542 0.89442719099991219
    outer loop
      vertex 51.560000000000002 40.160000000000004 -0.079999999999999988
      vertex 51.600000000000001 40.080000000000005 -0.040000000000000008
      vertex 51.600000000000001 40.160000000000004 -0.079999999999999988
    endloop
  endfacet
  facet normal 0 0.44721359549996537 0.89442719099991208
    outer loop
      vertex 51.399999999999999 40.160000000000004 -0.079999999999999988
      vertex 51.399999999999999 40.080000000000005 -0.040000000000000008
      vertex 51.480000000000004 40.080000000000005 -0.040000000000000008
    endloop
  endfacet
  facet normal -0 0.44721359549996537 0.89442719099991219
    outer loop
      vertex 51.399999999999999 40.160000000000004 -0.079999999999999988
      vertex 51.480000000000004 40.080000000000005 -0.040000000000000008
      vertex 51.560000000000002 40.160000000000004 -0.079999999999999988
    endloop
  endfacet
  facet normal -1.6162331726870276e-18 0.44721359549995798 0.89442719099991586
    outer loop
      vertex 55.600000000000001 0.15999999999999998 -0.079999999999999988
      vertex 53.600000000000001 0.080000000000000016 -0.040000000000000008
      vertex 56.600000000000001 0.080000000000000029 -0.040000000000000008
    endloop
  endfacet
  facet normal -0 0.44721359549995798 0.89442719099991586
    outer loop
      vertex 55.600000000000001 0.15999999999999998 -0.079999999999999988
      vertex 56.600000000000001 0.080000000000000029 -0.040000000000000008
      vertex 56.600000000000001 0.15999999999999998 -0.079999999999999988
    endloop
  endfacet
  facet normal -2.4243497590305413e-18 0.44721359549995793 0.89442719099991586
    outer loop
      vertex 51.600000000000001 0.15999999999999998 -0.079999999999999988
      vertex 51.600000000000001 0.080000000000000016 -0.040000000000000008
      vertex 53.600000000000001 0.080000000000000029 -0.040000000000000008
    endloop
  endfacet
  facet normal -0 0.44721359549995798 0.89442719099991586
    outer loop
      vertex 51.600000000000001 0.15999999999999998 -0.079999999999999988
      vertex 53.600000000000001 0.080000000000000029 -0.040000000000000008
      vertex 55.600000000000001 0.15999999999999998 -0.079999999999999988
    endloop
  endfacet
  facet normal 0 -0.24253562503633433 0.97014250014533154
    outer loop
      vertex 53.600000000000001 10.08 -0.079999999999999988
      vertex 56.600000000000001 10.08 -0.079999999999999988
      vertex 56.600000000000001 10.199999999999999 -0.050000000000000003
    endloop
  endfacet
  facet normal 0 -0.24253562503633436 0.97014250014533154
    outer loop
      vertex 51.600000000000001 10.08 -0.079999999999999988
      vertex 53.600000000000001 10.08 -0.079999999999999988
      vertex 56.600000000000001 10.199999999999999 -0.050000000000000003
    endloop
  endfacet
  facet normal 0 -0.24253562503633433 0.97014250014533154
    outer loop
      vertex 51.600000000000001 10.08 -0.079999999999999988
      vertex 56.600000000000001 10.199999999999999 -0.050000000000000003
      vertex 51.600000000000001 10.199999999999999 -0.050000000000000003
    endloop
  endfacet
  facet normal 0 0 1
    outer loop
      vertex 51.600000000000001 10.199999999999999 -0.050000000000000003
      vertex 56.600000000000001 10.199999999999999 -0.050000000000000003
      vertex 56.600000000000001 20 -0.050000000000000003
    endloop
  endfacet
  facet normal 0 0 1
    outer loop
      vertex 51.600000000000001 10.199999999999999 -0.050000000000000003
      vertex 56.600000000000001 20 -0.050000000000000003
      vertex 51.600000000000001 20 -0.050000000000000003
    endloop
  endfacet
  facet normal 0 -0.24253562503633774 0.97014250014533077
    outer loop
      vertex 52.600000000000001 20.039999999999999 -0.040000000000000008
      vertex 51.600000000000001 20 -0.050000000000000003
      vertex 56.600000000000001 20 -0.050000000000000003
    endloop
  endfacet
  facet normal 0 -0.24253562503633772 0.97014250014533066
    outer loop
      vertex 52.600000000000001 20.039999999999999 -0.040000000000000008
      vertex 56.600000000000001 20 -0.050000000000000003
      vertex 56.600000000000001 20.039999999999999 -0.040000000000000008
    endloop
  endfacet
  facet normal 0 -0.24253562503633772 0.97014250014533066
    outer loop
      vertex 51.600000000000001 20.039999999999999 -0.040000000000000008
      vertex 51.600000000000001 20 -0.050000000000000003
      vertex 52.600000000000001 20.039999999999999 -0.040000000000000008
    endloop
  endfacet
  facet normal 0 0.44721359549996537 0.89442719099991208
    outer loop
      vertex 55.600000000000001 40.160000000000004 -0.079999999999999988
      vertex 53.600000000000001 40.080000000000005 -0.040000000000000008
      vertex 56.600000000000001 40.080000000000005 -0.040000000000000008
    endloop
  endfacet
  facet normal -0 0.44721359549996537 0.89442719099991208
    outer loop
      vertex 55.600000000000001 40.160000000000004 -0.079999999999999988
      vertex 56.600000000000001 40.080000000000005 -0.040000000000000008
      vertex 56.600000000000001 40.160000000000004 -0.079999999999999988
    endloop
  endfacet
  facet normal 0 0.44721359549996537 0.89442719099991208
    outer loop
      vertex 51.600000000000001 40.160000000000004 -0.079999999999999988
      vertex 51.600000000000001 40.080000000000005 -0.040000000000000008
      vertex 53.600000000000001 40.080000000000005 -0.040000000000000008
    endloop
  endfacet
  facet normal -0 0.44721359549996537 0.89442719099991208
    outer loop
      vertex 51.600000000000001 40.160000000000004 -0.079999999999999988
      vertex 53.600000000000001 40.080000000000005 -0.040000000000000008
      vertex 55.600000000000001 40.160000000000004 -0.079999999999999988
    endloop
  endfacet
  facet normal -4.040582931717655e-17 0.44721359549995798 0.89442719099991586
    outer loop
      vertex 56.759999999999998 0.15999999999999998 -0.079999999999999988
      vertex 56.68 0.080000000000000016 -0.040000000000000008
      vertex 56.799999999999997 0.080000000000000029 -0.040000000000000008
    endloop
  endfacet
  facet normal -0 0.44721359549995804 0.89442719099991586
    outer loop
      vertex 56.759999999999998 0.15999999999999998 -0.079999999999999988
      vertex 56.799999999999997 0.080000000000000029 -0.040000000000000008
      vertex 56.799999999999997 0.15999999999999998 -0.079999999999999988
    endloop
  endfacet
  facet normal -6.0608743975764822e-17 0.44721359549995793 0.89442719099991586
    outer loop
      vertex 56.600000000000001 0.15999999999999998 -0.079999999999999988
      vertex 56.600000000000001 0.080000000000000016 -0.040000000000000008
      vertex 56.68 0.080000000000000029 -0.040000000000000008
    endloop
  endfacet
  facet normal -0 0.44721359549995804 0.89442719099991586
    outer loop
      vertex 56.600000000000001 0.15999999999999998 -0.079999999999999988
      vertex 56.68 0.080000000000000029 -0.040000000000000008
      vertex 56.759999999999998 0.15999999999999998 -0.079999999999999988
    endloop
  endfacet
  facet normal 0 -0.24253562503633433 0.97014250014533154
    outer loop
      vertex 56.68 10.08 -0.079999999999999988
      vertex 56.799999999999997 10.08 -0.079999999999999988
      vertex 56.799999999999997 10.199999999999999 -0.050000000000000003
    endloop
  endfacet
  facet normal 0 -0.24253562503633436 0.97014250014533154
    outer loop
      vertex 56.600000000000001 10.08 -0.079999999999999988
      vertex 56.68 10.08 -0.079999999999999988
      vertex 56.799999999999997 10.199999999999999 -0.050000000000000003
    endloop
  endfacet
  facet normal 0 -0.24253562503633436 0.97014250014533154
    outer loop
      vertex 56.600000000000001 10.08 -0.079999999999999988
      vertex 56.799999999999997 10.199999999999999 -0.050000000000000003
      vertex 56.600000000000001 10.199999999999999 -0.050000000000000003
    endloop
  endfacet
  facet normal 0 0 1
    outer loop
      vertex 56.600000000000001 10.199999999999999 -0.050000000000000003
      vertex 56.799999999999997 10.199999999999999 -0.050000000000000003
      vertex 56.799999999999997 20 -0.050000000000000003
    endloop
  endfacet
  facet normal 0 0 1
    outer loop
      vertex 56.600000000000001 10.199999999999999 -0.050000000000000003
      vertex 56.799999999999997 20 -0.050000000000000003
      vertex 56.600000000000001 20 -0.050000000000000003
    endloop
  endfacet
  facet normal 0 -0.2425356250363378 0.97014250014533077
    outer loop
      vertex 56.640000000000001 20.039999999999999 -0.040000000000000008
      vertex 56.600000000000001 20 -0.050000000000000003
      vertex 56.799999999999997 20 -0.050000000000000003
    endloop
  endfacet
  facet normal 0 -0.24253562503633774 0.97014250014533077
    outer loop
      vertex 56.640000000000001 20.039999999999999 -0.040000000000000008
      vertex 56.799999999999997 20 -0.050000000000000003
      vertex 56.799999999999997 20.039999999999999 -0.040000000000000008
    endloop
  endfacet
  facet normal 0 -0.24253562503633774 0.97014250014533077
    outer loop
      vertex 56.600000000000001 20.039999999999999 -0.040000000000000008
      vertex 56.600000000000001 20 -0.050000000000000003
      vertex 56.640000000000001 20.039999999999999 -0.040000000000000008
    endloop
  endfacet
  facet normal 0 0.44721359549996542 0.8944271909999123
    outer loop
      vertex 56.759999999999998 40.160000000000004 -0.079999999999999988
      vertex 56.68 40.080000000000005 -0.040000000000000008
      vertex 56.799999999999997 40.080000000000005 -0.040000000000000008
    endloop
  endfacet
  facet normal -0 0.44721359549996542 0.89442719099991219
    outer loop
      vertex 56.759999999999998 40.160000000000004 -0.079999999999999988
      vertex 56.799999999999997 40.080000000000005 -0.040000000000000008
      vertex 56.799999999999997 40.160000000000004 -0.079999999999999988
    endloop
  endfacet
  facet normal 0 0.44721359549996542 0.89442719099991219
    outer loop
      vertex 56.600000000000001 40.160000000000004 -0.079999999999999988
      vertex 56.600000000000001 40.080000000000005 -0.040000000000000008
      vertex 56.68 40.080000000000005 -0.040000000000000008
    endloop
  endfacet
  facet normal -0 0.44721359549996542 0.89442719099991219
    outer loop
      vertex 56.600000000000001 40.160000000000004 -0.079999999999999988
      vertex 56.68 40.080000000000005 -0.040000000000000008
      vertex 56.759999999999998 40.160000000000004 -0.079999999999999988
    endloop
  endfacet
  facet normal -0.017885682339724072 0.44714205849310185 0.89428411698620369
    outer loop
      vertex 56.799999999999997 0.15999999999999998 -0.079999999999999988
      vertex 56.799999999999997 0.080000000000000016 -0.040000000000000008
      vertex 59.799999999999997 0.20000000000000001 -0.040000000000000008
    endloop
  endfacet
  facet normal -0.017885682339724072 0.44714205849310135 0.89428411698620391
    outer loop
      vertex 56.799999999999997 0.15999999999999998 -0.079999999999999988
      vertex 59.799999999999997 0.20000000000000001 -0.040000000000000008
      vertex 57.799999999999997 0.20000000000000001 -0.079999999999999988
    endloop
  endfacet
  facet normal -0.019996001199600131 0 0.99980005998000698
    outer loop
      vertex 59.799999999999997 6.0799999999999983 -0.040000000000000008
      vertex 57.799999999999997 2.160000000000001 -0.079999999999999988
      vertex 57.799999999999997 0.20000000000000001 -0.079999999999999988
    endloop
  endfacet
  facet normal -0.019996001199600131 0 0.99980005998000709
    outer loop
      vertex 59.799999999999997 6.0799999999999983 -0.040000000000000008
      vertex 57.799999999999997 0.20000000000000001 -0.079999999999999988
      vertex 59.799999999999997 0.20000000000000001 -0.040000000000000008
    endloop
  endfacet
  facet normal -0.019996001199600131 0 0.99980005998000698
    outer loop
      vertex 57.799999999999997 2.1600000000000019 -0.079999999999999988
      vertex 59.799999999999997 6.0800000000000001 -0.040000000000000008
      vertex 59.799999999999997 10 -0.040000000000000008
    endloop
  endfacet
  facet normal -0.019996001199600131 0 0.99980005998000698
    outer loop
      vertex 57.799999999999997 2.1600000000000019 -0.079999999999999988
      vertex 59.799999999999997 10 -0.040000000000000008
      vertex 57.799999999999997 10 -0.079999999999999988
    endloop
  endfacet
  facet normal -0.019996001199600131 0 0.99980005998000698
    outer loop
      vertex 59.799999999999997 10.119999999999999 -0.040000000000000008
      vertex 57.799999999999997 10.039999999999999 -0.079999999999999988
      vertex 57.799999999999997 10 -0.079999999999999988
    endloop
  endfacet
  facet normal -0.019996001199600131 0 0.99980005998000698
    outer loop
      vertex 59.799999999999997 10.119999999999999 -0.040000000000000008
      vertex 57.799999999999997 10 -0.079999999999999988
      vertex 59.799999999999997 10 -0.040000000000000008
    endloop
  endfacet
  facet normal -0.0097009684960299609 -0.24252421240074343 0.97009684960298581
    outer loop
      vertex 56.799999999999997 10.08 -0.079999999999999988
      vertex 57.799999999999997 10.039999999999999 -0.079999999999999988
      vertex 59.799999999999997 10.119999999999999 -0.040000000000000008
    endloop
  endfacet
  facet normal -0.0097009684960298985 -0.2425242124007472 0.97009684960298481
    outer loop
      vertex 56.799999999999997 10.08 -0.079999999999999988
      vertex 59.799999999999997 10.119999999999999 -0.040000000000000008
      vertex 57.799999999999997 10.199999999999999 -0.040000000000000008
    endloop
  endfacet
  facet normal -0.0097009684960298447 -0.24252421240074765 0.9700968496029847
    outer loop
      vertex 56.799999999999997 10.08 -0.079999999999999988
      vertex 57.799999999999997 10.199999999999999 -0.040000000000000008
      vertex 56.799999999999997 10.199999999999999 -0.050000000000000003
    endloop
  endfacet
  facet normal -0.0099995000374968716 0 0.99995000374968757
    outer loop
      vertex 57.799999999999997 12.159999999999997 -0.040000000000000008
      vertex 56.799999999999997 10.199999999999999 -0.050000000000000003
      vertex 57.799999999999997 10.199999999999999 -0.040000000000000008
    endloop
  endfacet
  facet normal -0.0099995000374968716 0 0.99995000374968757
    outer loop
      vertex 56.799999999999997 10.199999999999999 -0.050000000000000003
      vertex 57.799999999999997 12.159999999999998 -0.040000000000000008
      vertex 57.799999999999997 20 -0.040000000000000008
    endloop
  endfacet
  facet normal -0.0099995000374968716 0 0.99995000374968757
    outer loop
      vertex 56.799999999999997 10.199999999999999 -0.050000000000000003
      vertex 57.799999999999997 20 -0.040000000000000008
      vertex 56.799999999999997 20 -0.050000000000000003
    endloop
  endfacet
  facet normal -0.0099995000374968716 0 0.99995000374968768
    outer loop
      vertex 57.799999999999997 20.039999999999999 -0.040000000000000008
      vertex 56.799999999999997 20 -0.050000000000000003
      vertex 57.799999999999997 20 -0.040000000000000008
    endloop
  endfacet
  facet normal 0 -0.24253562503633772 0.97014250014533066
    outer loop
      vertex 56.799999999999997 20.039999999999999 -0.040000000000000008
      vertex 56.799999999999997 20 -0.050000000000000003
      vertex 57.799999999999997 20.039999999999999 -0.040000000000000008
    endloop
  endfacet
  facet normal -0.017885682339723992 0.44714205849310934 0.89428411698620003
    outer loop
      vertex 56.799999999999997 40.160000000000004 -0.079999999999999988
      vertex 56.799999999999997 40.080000000000005 -0.040000000000000008
      vertex 59.799999999999997 40.200000000000003 -0.040000000000000008
    endloop
  endfacet
  facet normal -0.017885682339723992 0.44714205849310934 0.89428411698620003
    outer loop
      vertex 56.799999999999997 40.160000000000004 -0.079999999999999988
      vertex 59.799999999999997 40.200000000000003 -0.040000000000000008
      vertex 57.799999999999997 40.200000000000003 -0.079999999999999988
    endloop
  endfacet
  facet normal -0.019996001199600127 0 0.99980005998000698
    outer loop
      vertex 59.799999999999997 52.079999999999998 -0.040000000000000008
      vertex 57.799999999999997 44.160000000000004 -0.079999999999999988
      vertex 57.799999999999997 40.200000000000003 -0.079999999999999988
    endloop
  endfacet
  facet normal -0.019996001199600127 0 0.99980005998000698
    outer loop
      vertex 59.799999999999997 52.079999999999998 -0.040000000000000008
      vertex 57.799999999999997 40.200000000000003 -0.079999999999999988
      vertex 59.799999999999997 40.200000000000003 -0.040000000000000008
    endloop
  endfacet
  facet normal -0.019996001199600127 0 0.99980005998000698
    outer loop
      vertex 57.799999999999997 44.160000000000004 -0.079999999999999988
      vertex 59.799999999999997 52.079999999999998 -0.040000000000000008
      vertex 59.799999999999997 60 -0.040000000000000008
    endloop
  endfacet
  facet normal -0.019996001199600127 0 0.99980005998000698
    outer loop
      vertex 57.799999999999997 44.160000000000004 -0.079999999999999988
      vertex 59.799999999999997 60 -0.040000000000000008
      vertex 57.799999999999997 60 -0.079999999999999988
    endloop
  endfacet
  facet normal -0.019996001199600131 0 0.99980005998000698
    outer loop
      vertex 59.799999999999997 60.119999999999997 -0.040000000000000008
      vertex 57.799999999999997 60.039999999999999 -0.079999999999999988
      vertex 57.799999999999997 60 -0.079999999999999988
    endloop
  endfacet
  facet normal -0.019996001199600131 0 0.99980005998000698
    outer loop
      vertex 59.799999999999997 60.119999999999997 -0.040000000000000008
      vertex 57.799999999999997 60 -0.079999999999999988
      vertex 59.799999999999997 60 -0.040000000000000008
    endloop
  endfacet
  facet normal -0.029091956313326128 0.24243296927770056 0.96973187711091624
    outer loop
      vertex 57.799999999999997 60.039999999999999 -0.079999999999999988
      vertex 59.799999999999997 60.119999999999997 -0.040000000000000008
      vertex 60.466666666666661 60.200000000000003 -0.040000000000000008
    endloop
  endfacet
  facet normal -0.029091956313327404 0.2424329692777232 0.96973187711091047
    outer loop
      vertex 57.799999999999997 60.039999999999999 -0.079999999999999988
      vertex 60.466666666666661 60.200000000000003 -0.040000000000000008
      vertex 59.133333333333333 60.200000000000003 -0.079999999999999988
    endloop
  endfacet
  facet normal -0.029986509105671098 0 0.99955030352236673
    outer loop
      vertex 60.466666666666661 74.719999999999999 -0.040000000000000008
      vertex 59.133333333333333 69.439999999999998 -0.079999999999999988
      vertex 59.133333333333333 60.200000000000003 -0.079999999999999988
    endloop
  endfacet
  facet normal -0.029986509105671091 0 0.99955030352236662
    outer loop
      vertex 60.466666666666661 74.719999999999999 -0.040000000000000008
      vertex 59.133333333333333 60.200000000000003 -0.079999999999999988
      vertex 60.466666666666661 60.200000000000003 -0.040000000000000008
    endloop
  endfacet
  facet normal -0.029986509105671091 0 0.99955030352236673
    outer loop
      vertex 59.133333333333333 69.439999999999998 -0.079999999999999988
      vertex 60.466666666666661 74.719999999999999 -0.040000000000000008
      vertex 60.466666666666661 80 -0.040000000000000008
    endloop
  endfacet
  facet normal -0.029986509105671091 0 0.99955030352236673
    outer loop
      vertex 59.133333333333333 69.439999999999998 -0.079999999999999988
      vertex 60.466666666666661 80 -0.040000000000000008
      vertex 59.133333333333333 80 -0.079999999999999988
    endloop
  endfacet
  facet normal -0.029986509105671088 0 0.99955030352236673
    outer loop
      vertex 60.466666666666661 80.146666666666661 -0.040000000000000008
      vertex 59.133333333333333 80.093333333333334 -0.079999999999999988
      vertex 59.133333333333333 80 -0.079999999999999988
    endloop
  endfacet
  facet normal -0.029986509105671091 0 0.99955030352236673
    outer loop
      vertex 60.466666666666661 80.146666666666661 -0.040000000000000008
      vertex 59.133333333333333 80 -0.079999999999999988
      vertex 60.466666666666661 80 -0.040000000000000008
    endloop
  endfacet
  facet normal -0.038776514554653023 0.24235321596654533 0.96941286386640535
    outer loop
      vertex 59.133333333333333 80.093333333333334 -0.079999999999999988
      vertex 60.466666666666661 80.146666666666661 -0.040000000000000008
      vertex 60.799999999999997 80.200000000000003 -0.040000000000000008
    endloop
  endfacet
  facet normal -0.038776514554655722 0.24235321596659182 0.96941286386639369
    outer loop
      vertex 59.133333333333333 80.093333333333334 -0.079999999999999988
      vertex 60.799999999999997 80.200000000000003 -0.040000000000000008
      vertex 59.799999999999997 80.200000000000003 -0.079999999999999988
    endloop
  endfacet
  facet normal -0.039968038348871561 0 0.99920095872178949
    outer loop
      vertex 60.799999999999997 96.039999999999992 -0.040000000000000008
      vertex 59.799999999999997 92.079999999999998 -0.079999999999999988
      vertex 59.799999999999997 80.200000000000003 -0.079999999999999988
    endloop
  endfacet
  facet normal -0.039968038348871561 0 0.99920095872178949
    outer loop
      vertex 60.799999999999997 96.039999999999992 -0.040000000000000008
      vertex 59.799999999999997 80.200000000000003 -0.079999999999999988
      vertex 60.799999999999997 80.200000000000003 -0.040000000000000008
    endloop
  endfacet
  facet normal -0.039968038348871554 0 0.99920095872178938
    outer loop
      vertex 59.799999999999997 92.079999999999998 -0.079999999999999988
      vertex 60.799999999999997 96.039999999999992 -0.040000000000000008
      vertex 60.799999999999997 100 -0.040000000000000008
    endloop
  endfacet
  facet normal -0.039968038348871561 0 0.99920095872178949
    outer loop
      vertex 59.799999999999997 92.079999999999998 -0.079999999999999988
      vertex 60.799999999999997 100 -0.040000000000000008
      vertex 59.799999999999997 100 -0.079999999999999988
    endloop
  endfacet
  facet normal 0.0099995000374968699 0 0.99995000374968757
    outer loop
      vertex 66.400000000000006 -84.159999999999997 -0.040000000000000008
      vertex 66.400000000000006 -100 -0.040000000000000008
      vertex 67.400000000000006 -100 -0.050000000000000003
    endloop
  endfacet
  facet normal 0.0099995000374968699 0 0.99995000374968757
    outer loop
      vertex 66.400000000000006 -84.159999999999997 -0.040000000000000008
      vertex 67.400000000000006 -100 -0.050000000000000003
      vertex 67.400000000000006 -80.200000000000003 -0.050000000000000003
    endloop
  endfacet
  facet normal 0.0099995000374968699 -0 0.99995000374968757
    outer loop
      vertex 66.400000000000006 -84.159999999999997 -0.040000000000000008
      vertex 67.400000000000006 -80.200000000000003 -0.050000000000000003
      vertex 66.400000000000006 -80.200000000000003 -0.040000000000000008
    endloop
  endfacet
  facet normal 0.0079997440122877937 -0.59998080092149075 0.79997440122877972
    outer loop
      vertex 66.400000000000006 -80.200000000000003 -0.040000000000000008
      vertex 67.400000000000006 -80.200000000000003 -0.050000000000000003
      vertex 67.400000000000006 -80.186666666666667 -0.040000000000000008
    endloop
  endfacet
  facet normal 0 0 1
    outer loop
      vertex 67.400000000000006 -100 -0.050000000000000003
      vertex 67.599999999999994 -100 -0.050000000000000003
      vertex 67.599999999999994 -80.200000000000003 -0.050000000000000003
    endloop
  endfacet
  facet normal 0 0 1
    outer loop
      vertex 67.400000000000006 -100 -0.050000000000000003
      vertex 67.599999999999994 -80.200000000000003 -0.050000000000000003
      vertex 67.400000000000006 -80.200000000000003 -0.050000000000000003
    endloop
  endfacet
  facet normal 0 -0.59999999999993969 0.80000000000004523
    outer loop
      vertex 67.413333333333341 -80.186666666666667 -0.040000000000000008
      vertex 67.400000000000006 -80.200000000000003 -0.050000000000000003
      vertex 67.599999999999994 -80.200000000000003 -0.050000000000000003
    endloop
  endfacet
  facet normal 0 -0.5999999999999398 0.80000000000004523
    outer loop
      vertex 67.413333333333341 -80.186666666666667 -0.040000000000000008
      vertex 67.599999999999994 -80.200000000000003 -0.050000000000000003
      vertex 67.599999999999994 -80.186666666666667 -0.040000000000000008
    endloop
  endfacet
  facet normal 0 -0.59999999999993969 0.80000000000004512
    outer loop
      vertex 67.400000000000006 -80.186666666666667 -0.040000000000000008
      vertex 67.400000000000006 -80.200000000000003 -0.050000000000000003
      vertex 67.413333333333341 -80.186666666666667 -0.040000000000000008
    endloop
  endfacet
  facet normal 0 0 1
    outer loop
      vertex 67.599999999999994 -100 -0.050000000000000003
      vertex 69.599999999999994 -100 -0.050000000000000003
      vertex 69.599999999999994 -80.200000000000003 -0.050000000000000003
    endloop
  endfacet
  facet normal 0 0 1
    outer loop
      vertex 67.599999999999994 -100 -0.050000000000000003
      vertex 69.599999999999994 -80.200000000000003 -0.050000000000000003
      vertex 67.599999999999994 -80.200000000000003 -0.050000000000000003
    endloop
  endfacet
  facet normal 0 -0.5999999999999398 0.80000000000004512
    outer loop
      vertex 67.733333333333334 -80.186666666666667 -0.040000000000000008
      vertex 67.599999999999994 -80.200000000000003 -0.050000000000000003
      vertex 69.599999999999994 -80.200000000000003 -0.050000000000000003
    endloop
  endfacet
  facet normal 0 -0.59999999999993991 0.80000000000004523
    outer loop
      vertex 67.733333333333334 -80.186666666666667 -0.040000000000000008
      vertex 69.599999999999994 -80.200000000000003 -0.050000000000000003
      vertex 69.599999999999994 -80.186666666666667 -0.040000000000000008
    endloop
  endfacet
  facet normal 0 -0.5999999999999398 0.80000000000004523
    outer loop
      vertex 67.599999999999994 -80.186666666666667 -0.040000000000000008
      vertex 67.599999999999994 -80.200000000000003 -0.050000000000000003
      vertex 67.733333333333334 -80.186666666666667 -0.040000000000000008
    endloop
  endfacet
  facet normal 0 0 1
    outer loop
      vertex 69.599999999999994 -100 -0.050000000000000003
      vertex 69.799999999999997 -100 -0.050000000000000003
      vertex 69.799999999999997 -80.200000000000003 -0.050000000000000003
    endloop
  endfacet
  facet normal 0 0 1
    outer loop
      vertex 69.599999999999994 -100 -0.050000000000000003
      vertex 69.799999999999997 -80.200000000000003 -0.050000000000000003
      vertex 69.599999999999994 -80.200000000000003 -0.050000000000000003
    endloop
  endfacet
  facet normal 0 -0.5999999999999398 0.80000000000004523
    outer loop
      vertex 69.61333333333333 -80.186666666666667 -0.040000000000000008
      vertex 69.599999999999994 -80.200000000000003 -0.050000000000000003
      vertex 69.799999999999997 -80.200000000000003 -0.050000000000000003
    endloop
  endfacet
  facet normal 0 -0.5999999999999398 0.80000000000004512
    outer loop
      vertex 69.61333333333333 -80.186666666666667 -0.040000000000000008
      vertex 69.799999999999997 -80.200000000000003 -0.050000000000000003
      vertex 69.799999999999997 -80.186666666666667 -0.040000000000000008
    endloop
  endfacet
  facet normal 0 -0.59999999999993969 0.80000000000004512
    outer loop
      vertex 69.599999999999994 -80.186666666666667 -0.040000000000000008
      vertex 69.599999999999994 -80.200000000000003 -0.050000000000000003
      vertex 69.61333333333333 -80.186666666666667 -0.040000000000000008
    endloop
  endfacet
  facet normal -0.24253562503629716 0 0.97014250014534087
    outer loop
      vertex 69.840000000000003 -96.040000000000006 -0.040000000000000008
      vertex 69.799999999999997 -100 -0.050000000000000003
      vertex 69.840000000000003 -100 -0.040000000000000008
    endloop
  endfacet
  facet normal -0.24253562503629719 0 0.97014250014534087
    outer loop
      vertex 69.799999999999997 -100 -0.050000000000000003
      vertex 69.840000000000003 -96.040000000000006 -0.040000000000000008
      vertex 69.840000000000003 -80.200000000000003 -0.040000000000000008
    endloop
  endfacet
  facet normal -0.24253562503629716 0 0.97014250014534087
    outer loop
      vertex 69.799999999999997 -100 -0.050000000000000003
      vertex 69.840000000000003 -80.200000000000003 -0.040000000000000008
      vertex 69.799999999999997 -80.200000000000003 -0.050000000000000003
    endloop
  endfacet
  facet normal -0.24253562503629716 0 0.97014250014534087
    outer loop
      vertex 69.840000000000003 -80.159999999999997 -0.040000000000000008
      vertex 69.799999999999997 -80.200000000000003 -0.050000000000000003
      vertex 69.840000000000003 -80.200000000000003 -0.040000000000000008
    endloop
  endfacet
  facet normal 0.37139067635407153 -0.55708601453110729 0.74278135270825962
    outer loop
      vertex 69.799999999999997 -80.186666666666667 -0.040000000000000008
      vertex 69.799999999999997 -80.200000000000003 -0.050000000000000003
      vertex 69.840000000000003 -80.159999999999997 -0.040000000000000008
    endloop
  endfacet
  facet normal -0 0.24253562503633297 0.97014250014533188
    outer loop
      vertex 94.959999999999994 0.16000000000000003 -0.040000000000000008
      vertex 95 0.16000000000000003 -0.040000000000000008
      vertex 95 0.20000000000000001 -0.050000000000000003
    endloop
  endfacet
  facet normal 0.24253562503629716 -0 0.97014250014534087
    outer loop
      vertex 94.959999999999994 0.16000000000000003 -0.040000000000000008
      vertex 95 0.20000000000000001 -0.050000000000000003
      vertex 94.959999999999994 0.20000000000000001 -0.040000000000000008
    endloop
  endfacet
  facet normal 0.24253562503629716 0 0.97014250014534087
    outer loop
      vertex 94.959999999999994 8.0400000000000009 -0.040000000000000008
      vertex 94.959999999999994 0.20000000000000001 -0.040000000000000008
      vertex 95 0.20000000000000001 -0.050000000000000003
    endloop
  endfacet
  facet normal 0.24253562503629714 0 0.97014250014534076
    outer loop
      vertex 94.959999999999994 8.0400000000000009 -0.040000000000000008
      vertex 95 0.20000000000000001 -0.050000000000000003
      vertex 95 10 -0.050000000000000003
    endloop
  endfacet
  facet normal 0.24253562503629719 -0 0.97014250014534076
    outer loop
      vertex 94.959999999999994 8.0400000000000027 -0.040000000000000008
      vertex 95 10 -0.050000000000000003
      vertex 94.959999999999994 10 -0.040000000000000008
    endloop
  endfacet
  facet normal 0.2357022603955205 0.23570226039551526 0.94280904158206236
    outer loop
      vertex 94.959999999999994 10.16 -0.079999999999999988
      vertex 94.879999999999995 10.08 -0.040000000000000008
      vertex 94.959999999999994 10 -0.040000000000000008
    endloop
  endfacet
  facet normal 0.23570226039548095 0.23570226039551756 0.94280904158207168
    outer loop
      vertex 94.959999999999994 10.16 -0.079999999999999988
      vertex 94.959999999999994 10 -0.040000000000000008
      vertex 95 10 -0.050000000000000003
    endloop
  endfacet
  facet normal 0.23570226039548745 0.23570226039551884 0.9428090415820698
    outer loop
      vertex 94.959999999999994 10.16 -0.079999999999999988
      vertex 95 10 -0.050000000000000003
      vertex 95 10.119999999999999 -0.079999999999999988
    endloop
  endfacet
  facet normal 0.44721359549996548 0 0.89442719099991208
    outer loop
      vertex 94.879999999999995 10.08 -0.040000000000000008
      vertex 94.959999999999994 10.16 -0.079999999999999988
      vertex 94.959999999999994 10.199999999999999 -0.079999999999999988
    endloop
  endfacet
  facet normal 0.44721359549996548 -0 0.89442719099991219
    outer loop
      vertex 94.879999999999995 10.08 -0.040000000000000008
      vertex 94.959999999999994 10.199999999999999 -0.079999999999999988
      vertex 94.879999999999995 10.199999999999999 -0.040000000000000008
    endloop
  endfacet
  facet normal 0.44721359549996526 0 0.89442719099991219
    outer loop
      vertex 94.959999999999994 18.039999999999999 -0.079999999999999988
      vertex 94.879999999999995 14.120000000000001 -0.040000000000000008
      vertex 94.879999999999995 10.199999999999999 -0.040000000000000008
    endloop
  endfacet
  facet normal 0.44721359549996537 0 0.89442719099991219
    outer loop
      vertex 94.959999999999994 18.039999999999999 -0.079999999999999988
      vertex 94.879999999999995 10.199999999999999 -0.040000000000000008
      vertex 94.959999999999994 10.199999999999999 -0.079999999999999988
    endloop
  endfacet
  facet normal 0.44721359549996542 0 0.89442719099991208
    outer loop
      vertex 94.879999999999995 14.120000000000001 -0.040000000000000008
      vertex 94.959999999999994 18.039999999999999 -0.079999999999999988
      vertex 94.959999999999994 20 -0.079999999999999988
    endloop
  endfacet
  facet normal 0.44721359549996542 -0 0.89442719099991219
    outer loop
      vertex 94.879999999999995 14.120000000000001 -0.040000000000000008
      vertex 94.959999999999994 20 -0.079999999999999988
      vertex 94.879999999999995 20 -0.040000000000000008
    endloop
  endfacet
  facet normal 0.43643578047206644 0.21821789023594607 0.87287156094394025
    outer loop
      vertex 94.906666666666666 20.106666666666666 -0.079999999999999988
      vertex 94.853333333333339 20.053333333333335 -0.040000000000000008
      vertex 94.879999999999995 20 -0.040000000000000008
    endloop
  endfacet
  facet normal 0.43643578047199383 0.21821789023597513 0.87287156094396934
    outer loop
      vertex 94.906666666666666 20.106666666666666 -0.079999999999999988
      vertex 94.879999999999995 20 -0.040000000000000008
      vertex 94.959999999999994 20 -0.079999999999999988
    endloop
  endfacet
  facet normal 0.60000000000004206 0 0.7999999999999684
    outer loop
      vertex 94.853333333333339 20.053333333333335 -0.040000000000000008
      vertex 94.906666666666666 20.106666666666666 -0.079999999999999988
      vertex 94.906666666666666 20.199999999999999 -0.079999999999999988
    endloop
  endfacet
  facet normal 0.60000000000004217 -0 0.7999999999999684
    outer loop
      vertex 94.853333333333339 20.053333333333335 -0.040000000000000008
      vertex 94.906666666666666 20.199999999999999 -0.079999999999999988
      vertex 94.853333333333339 20.199999999999999 -0.040000000000000008
    endloop
  endfacet
  facet normal 0.60000000000004206 0 0.79999999999996829
    outer loop
      vertex 94.906666666666666 30.759999999999998 -0.079999999999999988
      vertex 94.853333333333339 25.48 -0.040000000000000008
      vertex 94.853333333333339 20.199999999999999 -0.040000000000000008
    endloop
  endfacet
  facet normal 0.60000000000004217 0 0.7999999999999684
    outer loop
      vertex 94.906666666666666 30.759999999999998 -0.079999999999999988
      vertex 94.853333333333339 20.199999999999999 -0.040000000000000008
      vertex 94.906666666666666 20.199999999999999 -0.079999999999999988
    endloop
  endfacet
  facet normal 0.60000000000004194 0 0.79999999999996851
    outer loop
      vertex 94.853333333333339 25.48 -0.040000000000000008
      vertex 94.906666666666666 30.759999999999998 -0.079999999999999988
      vertex 94.906666666666666 40 -0.079999999999999988
    endloop
  endfacet
  facet normal 0.60000000000004206 -0 0.7999999999999684
    outer loop
      vertex 94.853333333333339 25.48 -0.040000000000000008
      vertex 94.906666666666666 40 -0.079999999999999988
      vertex 94.853333333333339 40 -0.040000000000000008
    endloop
  endfacet
  facet normal 0.58834840541458777 0.19611613513823076 0.78446454055269765
    outer loop
      vertex 94.879999999999995 40.079999999999998 -0.079999999999999988
      vertex 94.840000000000003 40.039999999999999 -0.040000000000000008
      vertex 94.853333333333339 40 -0.040000000000000008
    endloop
  endfacet
  facet normal 0.58834840541458777 0.19611613513823076 0.78446454055269765
    outer loop
      vertex 94.879999999999995 40.079999999999998 -0.079999999999999988
      vertex 94.853333333333339 40 -0.040000000000000008
      vertex 94.906666666666666 40 -0.079999999999999988
    endloop
  endfacet
  facet normal 0.70710678118661763 0 0.70710678118647741
    outer loop
      vertex 94.840000000000003 40.039999999999999 -0.040000000000000008
      vertex 94.879999999999995 40.079999999999998 -0.079999999999999988
      vertex 94.879999999999995 40.200000000000003 -0.079999999999999988
    endloop
  endfacet
  facet normal 0.70710678118661763 -0 0.70710678118647741
    outer loop
      vertex 94.840000000000003 40.039999999999999 -0.040000000000000008
      vertex 94.879999999999995 40.200000000000003 -0.079999999999999988
      vertex 94.840000000000003 40.200000000000003 -0.040000000000000008
    endloop
  endfacet
  facet normal 0.70710678118661774 0 0.7071067811864773
    outer loop
      vertex 94.879999999999995 48.119999999999997 -0.079999999999999988
      vertex 94.840000000000003 44.160000000000004 -0.040000000000000008
      vertex 94.840000000000003 40.200000000000003 -0.040000000000000008
    endloop
  endfacet
  facet normal 0.70710678118661774 0 0.70710678118647741
    outer loop
      vertex 94.879999999999995 48.119999999999997 -0.079999999999999988
      vertex 94.840000000000003 40.200000000000003 -0.040000000000000008
      vertex 94.879999999999995 40.200000000000003 -0.079999999999999988
    endloop
  endfacet
  facet normal 0.70710678118661763 0 0.70710678118647741
    outer loop
      vertex 94.840000000000003 44.160000000000004 -0.040000000000000008
      vertex 94.879999999999995 48.119999999999997 -0.079999999999999988
      vertex 94.879999999999995 60 -0.079999999999999988
    endloop
  endfacet
  facet normal 0.70710678118661763 -0 0.70710678118647741
    outer loop
      vertex 94.840000000000003 44.160000000000004 -0.040000000000000008
      vertex 94.879999999999995 60 -0.079999999999999988
      vertex 94.840000000000003 60 -0.040000000000000008
    endloop
  endfacet
  facet normal 0.6246950475544869 -0.46852128566581663 0.624695047554363
    outer loop
      vertex 94.959999999999994 60.160000000000004 -0.040000000000000008
      vertex 94.840000000000003 60 -0.040000000000000008
      vertex 94.879999999999995 60 -0.079999999999999988
    endloop
  endfacet
  facet normal 0.6246950475543841 -0.46852128566579498 0.62469504755448202
    outer loop
      vertex 94.959999999999994 60.160000000000004 -0.040000000000000008
      vertex 94.879999999999995 60 -0.079999999999999988
      vertex 95 60.160000000000004 -0.079999999999999988
    endloop
  endfacet
  facet normal 0.62469504755436167 -0.46852128566585444 0.62469504755445959
    outer loop
      vertex 94.959999999999994 60.160000000000004 -0.040000000000000008
      vertex 95 60.160000000000004 -0.079999999999999988
      vertex 95 60.200000000000003 -0.050000000000000003
    endloop
  endfacet
  facet normal 0.24253562503629719 -0 0.97014250014534087
    outer loop
      vertex 94.959999999999994 60.160000000000004 -0.040000000000000008
      vertex 95 60.200000000000003 -0.050000000000000003
      vertex 94.959999999999994 60.200000000000003 -0.040000000000000008
    endloop
  endfacet
  facet normal 0.24253562503629719 0 0.97014250014534087
    outer loop
      vertex 94.959999999999994 76.040000000000006 -0.040000000000000008
      vertex 94.959999999999994 60.200000000000003 -0.040000000000000008
      vertex 95 60.200000000000003 -0.050000000000000003
    endloop
  endfacet
  facet normal 0.24253562503629716 0 0.97014250014534087
    outer loop
      vertex 94.959999999999994 76.040000000000006 -0.040000000000000008
      vertex 95 60.200000000000003 -0.050000000000000003
      vertex 95 80 -0.050000000000000003
    endloop
  endfacet
  facet normal 0.24253562503629716 -0 0.97014250014534087
    outer loop
      vertex 94.959999999999994 76.040000000000006 -0.040000000000000008
      vertex 95 80 -0.050000000000000003
      vertex 94.959999999999994 80 -0.040000000000000008
    endloop
  endfacet
  facet normal 0.23570226039552022 0.23570226039552022 0.94280904158206125
    outer loop
      vertex 94.959999999999994 80.159999999999997 -0.079999999999999988
      vertex 94.879999999999995 80.079999999999998 -0.040000000000000008
      vertex 94.959999999999994 80 -0.040000000000000008
    endloop
  endfacet
  facet normal 0.23570226039548067 0.2357022603955225 0.94280904158207046
    outer loop
      vertex 94.959999999999994 80.159999999999997 -0.079999999999999988
      vertex 94.959999999999994 80 -0.040000000000000008
      vertex 95 80 -0.050000000000000003
    endloop
  endfacet
  facet normal 0.23570226039542871 0.23570226039551245 0.942809041582086
    outer loop
      vertex 94.959999999999994 80.159999999999997 -0.079999999999999988
      vertex 95 80 -0.050000000000000003
      vertex 95 80.120000000000005 -0.079999999999999988
    endloop
  endfacet
  facet normal 0.44721359549996531 0 0.89442719099991219
    outer loop
      vertex 94.879999999999995 80.079999999999998 -0.040000000000000008
      vertex 94.959999999999994 80.159999999999997 -0.079999999999999988
      vertex 94.959999999999994 80.200000000000003 -0.079999999999999988
    endloop
  endfacet
  facet normal 0.44721359549996542 -0 0.89442719099991219
    outer loop
      vertex 94.879999999999995 80.079999999999998 -0.040000000000000008
      vertex 94.959999999999994 80.200000000000003 -0.079999999999999988
      vertex 94.879999999999995 80.200000000000003 -0.040000000000000008
    endloop
  endfacet
  facet normal 0.44721359549996537 0 0.89442719099991208
    outer loop
      vertex 94.959999999999994 96.039999999999992 -0.079999999999999988
      vertex 94.879999999999995 88.120000000000005 -0.040000000000000008
      vertex 94.879999999999995 80.200000000000003 -0.040000000000000008
    endloop
  endfacet
  facet normal 0.44721359549996542 0 0.89442719099991219
    outer loop
      vertex 94.959999999999994 96.039999999999992 -0.079999999999999988
      vertex 94.879999999999995 80.200000000000003 -0.040000000000000008
      vertex 94.959999999999994 80.200000000000003 -0.079999999999999988
    endloop
  endfacet
  facet normal 0.44721359549996537 0 0.8944271909999123
    outer loop
      vertex 94.879999999999995 88.120000000000005 -0.040000000000000008
      vertex 94.959999999999994 96.039999999999992 -0.079999999999999988
      vertex 94.959999999999994 100 -0.079999999999999988
    endloop
  endfacet
  facet normal 0.44721359549996537 -0 0.89442719099991208
    outer loop
      vertex 94.879999999999995 88.120000000000005 -0.040000000000000008
      vertex 94.959999999999994 100 -0.079999999999999988
      vertex 94.879999999999995 100 -0.040000000000000008
    endloop
  endfacet
  facet normal -0 0.24253562503633297 0.97014250014533188
    outer loop
      vertex 95.159999999999997 0.16000000000000003 -0.040000000000000008
      vertex 95.200000000000003 0.16000000000000003 -0.040000000000000008
      vertex 95.200000000000003 0.20000000000000001 -0.050000000000000003
    endloop
  endfacet
  facet normal -0 0.24253562503633297 0.97014250014533188
    outer loop
      vertex 95 0.16000000000000003 -0.040000000000000008
      vertex 95.159999999999997 0.16000000000000003 -0.040000000000000008
      vertex 95.200000000000003 0.20000000000000001 -0.050000000000000003
    endloop
  endfacet
  facet normal 0 0.242535625036333 0.97014250014533199
    outer loop
      vertex 95 0.16000000000000003 -0.040000000000000008
      vertex 95.200000000000003 0.20000000000000001 -0.050000000000000003
      vertex 95 0.20000000000000001 -0.050000000000000003
    endloop
  endfacet
  facet normal 0 0 1
    outer loop
      vertex 95 0.20000000000000001 -0.050000000000000003
      vertex 95.200000000000003 0.20000000000000001 -0.050000000000000003
      vertex 95.200000000000003 10 -0.050000000000000003
    endloop
  endfacet
  facet normal 0 0 1
    outer loop
      vertex 95 0.20000000000000001 -0.050000000000000003
      vertex 95.200000000000003 10 -0.050000000000000003
      vertex 95 10 -0.050000000000000003
    endloop
  endfacet
  facet normal 0 0.24253562503633438 0.97014250014533165
    outer loop
      vertex 95.120000000000005 10.119999999999999 -0.079999999999999988
      vertex 95 10 -0.050000000000000003
      vertex 95.200000000000003 10 -0.050000000000000003
    endloop
  endfacet
  facet normal -0 0.24253562503633436 0.97014250014533154
    outer loop
      vertex 95.120000000000005 10.119999999999999 -0.079999999999999988
      vertex 95.200000000000003 10 -0.050000000000000003
      vertex 95.200000000000003 10.119999999999999 -0.079999999999999988
    endloop
  endfacet
  facet normal -0 0.24253562503633433 0.97014250014533154
    outer loop
      vertex 95 10.119999999999999 -0.079999999999999988
      vertex 95 10 -0.050000000000000003
      vertex 95.120000000000005 10.119999999999999 -0.079999999999999988
    endloop
  endfacet
  facet normal 0 -0.60000000000000797 0.79999999999999405
    outer loop
      vertex 95.159999999999997 60.160000000000004 -0.079999999999999988
      vertex 95.200000000000003 60.160000000000004 -0.079999999999999988
      vertex 95.200000000000003 60.200000000000003 -0.050000000000000003
    endloop
  endfacet
  facet normal 0 -0.60000000000000797 0.79999999999999394
    outer loop
      vertex 95 60.160000000000004 -0.079999999999999988
      vertex 95.159999999999997 60.160000000000004 -0.079999999999999988
      vertex 95.200000000000003 60.200000000000003 -0.050000000000000003
    endloop
  endfacet
  facet normal 0 -0.60000000000000808 0.79999999999999405
    outer loop
      vertex 95 60.160000000000004 -0.079999999999999988
      vertex 95.200000000000003 60.200000000000003 -0.050000000000000003
      vertex 95 60.200000000000003 -0.050000000000000003
    endloop
  endfacet
  facet normal 0 0 1
    outer loop
      vertex 95 60.200000000000003 -0.050000000000000003
      vertex 95.200000000000003 60.200000000000003 -0.050000000000000003
      vertex 95.200000000000003 80 -0.050000000000000003
    endloop
  endfacet
  facet normal 0 0 1
    outer loop
      vertex 95 60.200000000000003 -0.050000000000000003
      vertex 95.200000000000003 80 -0.050000000000000003
      vertex 95 80 -0.050000000000000003
    endloop
  endfacet
  facet normal 0 0.24253562503632423 0.97014250014533399
    outer loop
      vertex 95.120000000000005 80.120000000000005 -0.079999999999999988
      vertex 95 80 -0.050000000000000003
      vertex 95.200000000000003 80 -0.050000000000000003
    endloop
  endfacet
  facet normal -0 0.2425356250363242 0.97014250014533399
    outer loop
      vertex 95.120000000000005 80.120000000000005 -0.079999999999999988
      vertex 95.200000000000003 80 -0.050000000000000003
      vertex 95.200000000000003 80.120000000000005 -0.079999999999999988
    endloop
  endfacet
  facet normal -0 0.24253562503632425 0.97014250014533421
    outer loop
      vertex 95 80.120000000000005 -0.079999999999999988
      vertex 95 80 -0.050000000000000003
      vertex 95.120000000000005 80.120000000000005 -0.079999999999999988
    endloop
  endfacet
  facet normal 0 0.70710678118661763 0.70710678118647741
    outer loop
      vertex 95.280000000000001 -80.120000000000005 -0.079999999999999988
      vertex 95.240000000000009 -80.159999999999997 -0.040000000000000008
      vertex 95.400000000000006 -80.159999999999997 -0.040000000000000008
    endloop
  endfacet
  facet normal -0 0.70710678118661763 0.70710678118647741
    outer loop
      vertex 95.280000000000001 -80.120000000000005 -0.079999999999999988
      vertex 95.400000000000006 -80.159999999999997 -0.040000000000000008
      vertex 95.400000000000006 -80.120000000000005 -0.079999999999999988
    endloop
  endfacet
  facet normal 0.70710678118661785 0 0.70710678118647741
    outer loop
      vertex 95.240000000000009 -80.159999999999997 -0.040000000000000008
      vertex 95.280000000000001 -80.120000000000005 -0.079999999999999988
      vertex 95.280000000000001 -80 -0.079999999999999988
    endloop
  endfacet
  facet normal 0.70710678118661774 -0 0.70710678118647741
    outer loop
      vertex 95.240000000000009 -80.159999999999997 -0.040000000000000008
      vertex 95.280000000000001 -80 -0.079999999999999988
      vertex 95.240000000000009 -80 -0.040000000000000008
    endloop
  endfacet
  facet normal 0.70710678118661774 0 0.7071067811864773
    outer loop
      vertex 95.280000000000001 -72.079999999999998 -0.079999999999999988
      vertex 95.240000000000009 -76.039999999999992 -0.040000000000000008
      vertex 95.240000000000009 -80 -0.040000000000000008
    endloop
  endfacet
  facet normal 0.70710678118661774 0 0.7071067811864773
    outer loop
      vertex 95.280000000000001 -72.079999999999998 -0.079999999999999988
      vertex 95.240000000000009 -80 -0.040000000000000008
      vertex 95.280000000000001 -80 -0.079999999999999988
    endloop
  endfacet
  facet normal 0.70710678118661774 0 0.70710678118647741
    outer loop
      vertex 95.240000000000009 -76.039999999999992 -0.040000000000000008
      vertex 95.280000000000001 -72.079999999999998 -0.079999999999999988
      vertex 95.280000000000001 -60.200000000000003 -0.079999999999999988
    endloop
  endfacet
  facet normal 0.70710678118661774 -0 0.70710678118647741
    outer loop
      vertex 95.240000000000009 -76.039999999999992 -0.040000000000000008
      vertex 95.280000000000001 -60.200000000000003 -0.079999999999999988
      vertex 95.240000000000009 -60.200000000000003 -0.040000000000000008
    endloop
  endfacet
  facet normal 0.57735026918966392 -0.57735026918966403 0.57735026918954935
    outer loop
      vertex 95.240000000000009 -60.200000000000003 -0.040000000000000008
      vertex 95.280000000000001 -60.200000000000003 -0.079999999999999988
      vertex 95.400000000000006 -60.079999999999998 -0.079999999999999988
    endloop
  endfacet
  facet normal 0.57735026918964671 -0.57735026918962118 0.5773502691896093
    outer loop
      vertex 95.240000000000009 -60.200000000000003 -0.040000000000000008
      vertex 95.400000000000006 -60.079999999999998 -0.079999999999999988
      vertex 95.400000000000006 -60.039999999999999 -0.040000000000000008
    endloop
  endfacet
  facet normal -0.23570226039548095 0.23570226039551789 0.94280904158207157
    outer loop
      vertex 95.200000000000003 0.16000000000000003 -0.040000000000000008
      vertex 95.240000000000009 0.20000000000000001 -0.040000000000000008
      vertex 95.200000000000003 0.20000000000000001 -0.050000000000000003
    endloop
  endfacet
  facet normal -0.24253562503629716 0 0.97014250014534076
    outer loop
      vertex 95.240000000000009 2.1599999999999975 -0.040000000000000008
      vertex 95.200000000000003 0.20000000000000001 -0.050000000000000003
      vertex 95.240000000000009 0.20000000000000001 -0.040000000000000008
    endloop
  endfacet
  facet normal -0.24253562503629722 0 0.97014250014534087
    outer loop
      vertex 95.200000000000003 0.20000000000000001 -0.050000000000000003
      vertex 95.240000000000009 2.1599999999999993 -0.040000000000000008
      vertex 95.240000000000009 10 -0.040000000000000008
    endloop
  endfacet
  facet normal -0.24253562503629719 0 0.97014250014534076
    outer loop
      vertex 95.200000000000003 0.20000000000000001 -0.050000000000000003
      vertex 95.240000000000009 10 -0.040000000000000008
      vertex 95.200000000000003 10 -0.050000000000000003
    endloop
  endfacet
  facet normal -0.24253562503629719 0 0.97014250014534087
    outer loop
      vertex 95.240000000000009 10.039999999999999 -0.040000000000000008
      vertex 95.200000000000003 10 -0.050000000000000003
      vertex 95.240000000000009 10 -0.040000000000000008
    endloop
  endfacet
  facet normal -0.4364357804719266 0.21821789023600044 0.87287156094399665
    outer loop
      vertex 95.200000000000003 10.119999999999999 -0.079999999999999988
      vertex 95.200000000000003 10 -0.050000000000000003
      vertex 95.240000000000009 10.039999999999999 -0.040000000000000008
    endloop
  endfacet
  facet normal -0.43643578047196269 0.21821789023597646 0.87287156094398455
    outer loop
      vertex 95.200000000000003 10.119999999999999 -0.079999999999999988
      vertex 95.240000000000009 10.039999999999999 -0.040000000000000008
      vertex 95.320000000000007 10.199999999999999 -0.040000000000000008
    endloop
  endfacet
  facet normal -0.4364357804719885 0.21821789023602814 0.87287156094395879
    outer loop
      vertex 95.200000000000003 10.119999999999999 -0.079999999999999988
      vertex 95.320000000000007 10.199999999999999 -0.040000000000000008
      vertex 95.240000000000009 10.199999999999999 -0.079999999999999988
    endloop
  endfacet
  facet normal -0.44721359549996542 0 0.89442719099991208
    outer loop
      vertex 95.320000000000007 16.079999999999998 -0.040000000000000008
      vertex 95.240000000000009 12.16 -0.079999999999999988
      vertex 95.240000000000009 10.199999999999999 -0.079999999999999988
    endloop
  endfacet
  facet normal -0.44721359549996542 0 0.89442719099991219
    outer loop
      vertex 95.320000000000007 16.079999999999998 -0.040000000000000008
      vertex 95.240000000000009 10.199999999999999 -0.079999999999999988
      vertex 95.320000000000007 10.199999999999999 -0.040000000000000008
    endloop
  endfacet
  facet normal -0.44721359549996548 0 0.89442719099991208
    outer loop
      vertex 95.240000000000009 12.160000000000002 -0.079999999999999988
      vertex 95.320000000000007 16.079999999999998 -0.040000000000000008
      vertex 95.320000000000007 20 -0.040000000000000008
    endloop
  endfacet
  facet normal -0.44721359549996537 0 0.89442719099991208
    outer loop
      vertex 95.240000000000009 12.160000000000002 -0.079999999999999988
      vertex 95.320000000000007 20 -0.040000000000000008
      vertex 95.240000000000009 20 -0.079999999999999988
    endloop
  endfacet
  facet normal -0.44721359549996526 0 0.89442719099991208
    outer loop
      vertex 95.320000000000007 20.119999999999997 -0.040000000000000008
      vertex 95.240000000000009 20.039999999999999 -0.079999999999999988
      vertex 95.240000000000009 20 -0.079999999999999988
    endloop
  endfacet
  facet normal -0.44721359549996542 0 0.8944271909999123
    outer loop
      vertex 95.320000000000007 20.119999999999997 -0.040000000000000008
      vertex 95.240000000000009 20 -0.079999999999999988
      vertex 95.320000000000007 20 -0.040000000000000008
    endloop
  endfacet
  facet normal -0.58834840541449629 0.19611613513808707 0.78446454055280213
    outer loop
      vertex 95.240000000000009 20.039999999999999 -0.079999999999999988
      vertex 95.320000000000007 20.119999999999997 -0.040000000000000008
      vertex 95.346666666666664 20.199999999999999 -0.040000000000000008
    endloop
  endfacet
  facet normal -0.58834840541459443 0.19611613513817636 0.78446454055270642
    outer loop
      vertex 95.240000000000009 20.039999999999999 -0.079999999999999988
      vertex 95.346666666666664 20.199999999999999 -0.040000000000000008
      vertex 95.293333333333337 20.199999999999999 -0.079999999999999988
    endloop
  endfacet
  facet normal -0.60000000000004206 0 0.79999999999996851
    outer loop
      vertex 95.346666666666664 34.719999999999999 -0.040000000000000008
      vertex 95.293333333333337 29.439999999999998 -0.079999999999999988
      vertex 95.293333333333337 20.199999999999999 -0.079999999999999988
    endloop
  endfacet
  facet normal -0.60000000000004206 0 0.7999999999999684
    outer loop
      vertex 95.346666666666664 34.719999999999999 -0.040000000000000008
      vertex 95.293333333333337 20.199999999999999 -0.079999999999999988
      vertex 95.346666666666664 20.199999999999999 -0.040000000000000008
    endloop
  endfacet
  facet normal -0.60000000000004206 0 0.79999999999996829
    outer loop
      vertex 95.293333333333337 29.440000000000001 -0.079999999999999988
      vertex 95.346666666666664 34.719999999999999 -0.040000000000000008
      vertex 95.346666666666664 40 -0.040000000000000008
    endloop
  endfacet
  facet normal -0.60000000000004217 0 0.7999999999999684
    outer loop
      vertex 95.293333333333337 29.440000000000001 -0.079999999999999988
      vertex 95.346666666666664 40 -0.040000000000000008
      vertex 95.293333333333337 40 -0.079999999999999988
    endloop
  endfacet
  facet normal -0.60000000000004206 0 0.7999999999999684
    outer loop
      vertex 95.346666666666664 40.146666666666668 -0.040000000000000008
      vertex 95.293333333333337 40.093333333333334 -0.079999999999999988
      vertex 95.293333333333337 40 -0.079999999999999988
    endloop
  endfacet
  facet normal -0.60000000000004206 0 0.7999999999999684
    outer loop
      vertex 95.346666666666664 40.146666666666668 -0.040000000000000008
      vertex 95.293333333333337 40 -0.079999999999999988
      vertex 95.346666666666664 40 -0.040000000000000008
    endloop
  endfacet
  facet normal -0.69631062382285558 0.17407765595573707 0.69631062382271736
    outer loop
      vertex 95.293333333333337 40.093333333333334 -0.079999999999999988
      vertex 95.346666666666664 40.146666666666668 -0.040000000000000008
      vertex 95.359999999999999 40.200000000000003 -0.040000000000000008
    endloop
  endfacet
  facet normal -0.69631062382285558 0.17407765595573707 0.69631062382271736
    outer loop
      vertex 95.293333333333337 40.093333333333334 -0.079999999999999988
      vertex 95.359999999999999 40.200000000000003 -0.040000000000000008
      vertex 95.320000000000007 40.200000000000003 -0.079999999999999988
    endloop
  endfacet
  facet normal -0.70710678118661763 0 0.70710678118647741
    outer loop
      vertex 95.359999999999999 56.039999999999999 -0.040000000000000008
      vertex 95.320000000000007 52.080000000000005 -0.079999999999999988
      vertex 95.320000000000007 40.200000000000003 -0.079999999999999988
    endloop
  endfacet
  facet normal -0.70710678118661763 0 0.70710678118647741
    outer loop
      vertex 95.359999999999999 56.039999999999999 -0.040000000000000008
      vertex 95.320000000000007 40.200000000000003 -0.079999999999999988
      vertex 95.359999999999999 40.200000000000003 -0.040000000000000008
    endloop
  endfacet
  facet normal -0.70710678118661774 0 0.7071067811864773
    outer loop
      vertex 95.320000000000007 52.080000000000005 -0.079999999999999988
      vertex 95.359999999999999 56.039999999999999 -0.040000000000000008
      vertex 95.359999999999999 60 -0.040000000000000008
    endloop
  endfacet
  facet normal -0.70710678118661774 0 0.70710678118647741
    outer loop
      vertex 95.320000000000007 52.080000000000005 -0.079999999999999988
      vertex 95.359999999999999 60 -0.040000000000000008
      vertex 95.320000000000007 60 -0.079999999999999988
    endloop
  endfacet
  facet normal -0.70710678118661763 0 0.70710678118647741
    outer loop
      vertex 95.359999999999999 60.160000000000004 -0.040000000000000008
      vertex 95.320000000000007 60.120000000000005 -0.079999999999999988
      vertex 95.320000000000007 60 -0.079999999999999988
    endloop
  endfacet
  facet normal -0.70710678118661763 0 0.70710678118647741
    outer loop
      vertex 95.359999999999999 60.160000000000004 -0.040000000000000008
      vertex 95.320000000000007 60 -0.079999999999999988
      vertex 95.359999999999999 60 -0.040000000000000008
    endloop
  endfacet
  facet normal -0.19611613513818252 -0.58834840541458233 0.78446454055271375
    outer loop
      vertex 95.200000000000003 60.160000000000004 -0.079999999999999988
      vertex 95.320000000000007 60.120000000000005 -0.079999999999999988
      vertex 95.359999999999999 60.160000000000004 -0.040000000000000008
    endloop
  endfacet
  facet normal -0.19611613513819057 -0.58834840541453692 0.78446454055274595
    outer loop
      vertex 95.200000000000003 60.160000000000004 -0.079999999999999988
      vertex 95.359999999999999 60.160000000000004 -0.040000000000000008
      vertex 95.240000000000009 60.200000000000003 -0.040000000000000008
    endloop
  endfacet
  facet normal -0.19611613513815304 -0.58834840541456368 0.78446454055273518
    outer loop
      vertex 95.200000000000003 60.160000000000004 -0.079999999999999988
      vertex 95.240000000000009 60.200000000000003 -0.040000000000000008
      vertex 95.200000000000003 60.200000000000003 -0.050000000000000003
    endloop
  endfacet
  facet normal -0.24253562503629716 0 0.97014250014534087
    outer loop
      vertex 95.240000000000009 64.159999999999997 -0.040000000000000008
      vertex 95.200000000000003 60.200000000000003 -0.050000000000000003
      vertex 95.240000000000009 60.200000000000003 -0.040000000000000008
    endloop
  endfacet
  facet normal -0.24253562503629719 0 0.97014250014534087
    outer loop
      vertex 95.200000000000003 60.200000000000003 -0.050000000000000003
      vertex 95.240000000000009 64.159999999999997 -0.040000000000000008
      vertex 95.240000000000009 80 -0.040000000000000008
    endloop
  endfacet
  facet normal -0.24253562503629716 0 0.97014250014534087
    outer loop
      vertex 95.200000000000003 60.200000000000003 -0.050000000000000003
      vertex 95.240000000000009 80 -0.040000000000000008
      vertex 95.200000000000003 80 -0.050000000000000003
    endloop
  endfacet
  facet normal -0.24253562503629716 0 0.97014250014534087
    outer loop
      vertex 95.240000000000009 80.040000000000006 -0.040000000000000008
      vertex 95.200000000000003 80 -0.050000000000000003
      vertex 95.240000000000009 80 -0.040000000000000008
    endloop
  endfacet
  facet normal -0.43643578047195103 0.21821789023598848 0.87287156094398732
    outer loop
      vertex 95.200000000000003 80.120000000000005 -0.079999999999999988
      vertex 95.200000000000003 80 -0.050000000000000003
      vertex 95.240000000000009 80.040000000000006 -0.040000000000000008
    endloop
  endfacet
  facet normal -0.43643578047196213 0.21821789023598104 0.87287156094398355
    outer loop
      vertex 95.200000000000003 80.120000000000005 -0.079999999999999988
      vertex 95.240000000000009 80.040000000000006 -0.040000000000000008
      vertex 95.320000000000007 80.200000000000003 -0.040000000000000008
    endloop
  endfacet
  facet normal -0.436435780471988 0.21821789023603275 0.87287156094395779
    outer loop
      vertex 95.200000000000003 80.120000000000005 -0.079999999999999988
      vertex 95.320000000000007 80.200000000000003 -0.040000000000000008
      vertex 95.240000000000009 80.200000000000003 -0.079999999999999988
    endloop
  endfacet
  facet normal -0.44721359549996537 0 0.8944271909999123
    outer loop
      vertex 95.320000000000007 92.079999999999998 -0.040000000000000008
      vertex 95.240000000000009 84.160000000000011 -0.079999999999999988
      vertex 95.240000000000009 80.200000000000003 -0.079999999999999988
    endloop
  endfacet
  facet normal -0.44721359549996537 0 0.89442719099991208
    outer loop
      vertex 95.320000000000007 92.079999999999998 -0.040000000000000008
      vertex 95.240000000000009 80.200000000000003 -0.079999999999999988
      vertex 95.320000000000007 80.200000000000003 -0.040000000000000008
    endloop
  endfacet
  facet normal -0.44721359549996537 0 0.89442719099991208
    outer loop
      vertex 95.240000000000009 84.160000000000011 -0.079999999999999988
      vertex 95.320000000000007 92.079999999999998 -0.040000000000000008
      vertex 95.320000000000007 100 -0.040000000000000008
    endloop
  endfacet
  facet normal -0.44721359549996542 0 0.89442719099991219
    outer loop
      vertex 95.240000000000009 84.160000000000011 -0.079999999999999988
      vertex 95.320000000000007 100 -0.040000000000000008
      vertex 95.240000000000009 100 -0.079999999999999988
    endloop
  endfacet
  facet normal 0 0.70710678118661763 0.7071067811864773
    outer loop
      vertex 97.400000000000006 -80.120000000000005 -0.079999999999999988
      vertex 96.400000000000006 -80.159999999999997 -0.040000000000000008
      vertex 100.40000000000001 -80.159999999999997 -0.040000000000000008
    endloop
  endfacet
  facet normal -0 0.70710678118661763 0.7071067811864773
    outer loop
      vertex 97.400000000000006 -80.120000000000005 -0.079999999999999988
      vertex 100.40000000000001 -80.159999999999997 -0.040000000000000008
      vertex 100.40000000000001 -80.120000000000005 -0.079999999999999988
    endloop
  endfacet
  facet normal 0 0.70710678118661763 0.7071067811864773
    outer loop
      vertex 95.400000000000006 -80.120000000000005 -0.079999999999999988
      vertex 95.400000000000006 -80.159999999999997 -0.040000000000000008
      vertex 96.400000000000006 -80.159999999999997 -0.040000000000000008
    endloop
  endfacet
  facet normal -0 0.70710678118661763 0.7071067811864773
    outer loop
      vertex 95.400000000000006 -80.120000000000005 -0.079999999999999988
      vertex 96.400000000000006 -80.159999999999997 -0.040000000000000008
      vertex 97.400000000000006 -80.120000000000005 -0.079999999999999988
    endloop
  endfacet
  facet normal 0 -0.7071067811865549 0.70710678118654013
    outer loop
      vertex 99.400000000000006 -60.039999999999999 -0.040000000000000008
      vertex 98.400000000000006 -60.079999999999998 -0.079999999999999988
      vertex 100.40000000000001 -60.079999999999998 -0.079999999999999988
    endloop
  endfacet
  facet normal 0 -0.7071067811865549 0.70710678118654013
    outer loop
      vertex 99.400000000000006 -60.039999999999999 -0.040000000000000008
      vertex 100.40000000000001 -60.079999999999998 -0.079999999999999988
      vertex 100.40000000000001 -60.039999999999999 -0.040000000000000008
    endloop
  endfacet
  facet normal 0 -0.7071067811865549 0.70710678118654013
    outer loop
      vertex 95.400000000000006 -60.039999999999999 -0.040000000000000008
      vertex 95.400000000000006 -60.079999999999998 -0.079999999999999988
      vertex 98.400000000000006 -60.079999999999998 -0.079999999999999988
    endloop
  endfacet
  facet normal 0 -0.7071067811865549 0.70710678118654013
    outer loop
      vertex 95.400000000000006 -60.039999999999999 -0.040000000000000008
      vertex 98.400000000000006 -60.079999999999998 -0.079999999999999988
      vertex 99.400000000000006 -60.039999999999999 -0.040000000000000008
    endloop
  endfacet
  facet normal 0 0.70710678118661763 0.70710678118647741
    outer loop
      vertex 100.48 -80.120000000000005 -0.079999999999999988
      vertex 100.44000000000001 -80.159999999999997 -0.040000000000000008
      vertex 100.59999999999999 -80.159999999999997 -0.040000000000000008
    endloop
  endfacet
  facet normal -0 0.70710678118661763 0.7071067811864773
    outer loop
      vertex 100.48 -80.120000000000005 -0.079999999999999988
      vertex 100.59999999999999 -80.159999999999997 -0.040000000000000008
      vertex 100.59999999999999 -80.120000000000005 -0.079999999999999988
    endloop
  endfacet
  facet normal 0 0.70710678118661763 0.70710678118647741
    outer loop
      vertex 100.40000000000001 -80.120000000000005 -0.079999999999999988
      vertex 100.40000000000001 -80.159999999999997 -0.040000000000000008
      vertex 100.44000000000001 -80.159999999999997 -0.040000000000000008
    endloop
  endfacet
  facet normal -0 0.70710678118661774 0.70710678118647741
    outer loop
      vertex 100.40000000000001 -80.120000000000005 -0.079999999999999988
      vertex 100.44000000000001 -80.159999999999997 -0.040000000000000008
      vertex 100.48 -80.120000000000005 -0.079999999999999988
    endloop
  endfacet
  facet normal 0 -0.7071067811865549 0.70710678118654013
    outer loop
      vertex 100.55999999999999 -60.039999999999999 -0.040000000000000008
      vertex 100.52 -60.079999999999998 -0.079999999999999988
      vertex 100.59999999999999 -60.079999999999998 -0.079999999999999988
    endloop
  endfacet
  facet normal 0 -0.70710678118655479 0.70710678118654013
    outer loop
      vertex 100.55999999999999 -60.039999999999999 -0.040000000000000008
      vertex 100.59999999999999 -60.079999999999998 -0.079999999999999988
      vertex 100.59999999999999 -60.039999999999999 -0.040000000000000008
    endloop
  endfacet
  facet normal 0 -0.7071067811865549 0.70710678118654013
    outer loop
      vertex 100.40000000000001 -60.039999999999999 -0.040000000000000008
      vertex 100.40000000000001 -60.079999999999998 -0.079999999999999988
      vertex 100.52 -60.079999999999998 -0.079999999999999988
    endloop
  endfacet
  facet normal 0 -0.7071067811865549 0.70710678118654025
    outer loop
      vertex 100.40000000000001 -60.039999999999999 -0.040000000000000008
      vertex 100.52 -60.079999999999998 -0.079999999999999988
      vertex 100.55999999999999 -60.039999999999999 -0.040000000000000008
    endloop
  endfacet
  facet normal -2.3957709635680373e-17 0.70710678118654757 0.70710678118654757
    outer loop
      vertex 100.48 0.079999999999999988 -0.079999999999999988
      vertex 100.44000000000001 0.040000000000000008 -0.040000000000000008
      vertex 100.59999999999999 0.040000000000000015 -0.040000000000000008
    endloop
  endfacet
  facet normal -0 0.70710678118654757 0.70710678118654735
    outer loop
      vertex 100.48 0.079999999999999988 -0.079999999999999988
      vertex 100.59999999999999 0.040000000000000015 -0.040000000000000008
      vertex 100.59999999999999 0.079999999999999988 -0.079999999999999988
    endloop
  endfacet
  facet normal 0.70710678118661763 0 0.70710678118647741
    outer loop
      vertex 100.44000000000001 0.040000000000000015 -0.040000000000000008
      vertex 100.48 0.079999999999999988 -0.079999999999999988
      vertex 100.48 0.20000000000000001 -0.079999999999999988
    endloop
  endfacet
  facet normal 0.70710678118661774 -0 0.70710678118647752
    outer loop
      vertex 100.44000000000001 0.040000000000000015 -0.040000000000000008
      vertex 100.48 0.20000000000000001 -0.079999999999999988
      vertex 100.44000000000001 0.20000000000000001 -0.040000000000000008
    endloop
  endfacet
  facet normal 0.70710678118661763 0 0.7071067811864773
    outer loop
      vertex 100.48 4.1199999999999983 -0.079999999999999988
      vertex 100.44000000000001 2.1600000000000001 -0.040000000000000008
      vertex 100.44000000000001 0.20000000000000001 -0.040000000000000008
    endloop
  endfacet
  facet normal 0.70710678118661774 0 0.70710678118647741
    outer loop
      vertex 100.48 4.1199999999999983 -0.079999999999999988
      vertex 100.44000000000001 0.20000000000000001 -0.040000000000000008
      vertex 100.48 0.20000000000000001 -0.079999999999999988
    endloop
  endfacet
  facet normal 0.70710678118661763 0 0.70710678118647741
    outer loop
      vertex 100.44000000000001 2.1600000000000006 -0.040000000000000008
      vertex 100.48 4.1199999999999992 -0.079999999999999988
      vertex 100.48 10 -0.079999999999999988
    endloop
  endfacet
  facet normal 0.70710678118661763 -0 0.70710678118647741
    outer loop
      vertex 100.44000000000001 2.1600000000000006 -0.040000000000000008
      vertex 100.48 10 -0.079999999999999988
      vertex 100.44000000000001 10 -0.040000000000000008
    endloop
  endfacet
  facet normal 0.69631062382275744 -0.17407765595553276 0.69631062382286657
    outer loop
      vertex 100.50666666666666 10.106666666666666 -0.079999999999999988
      vertex 100.45333333333333 10.053333333333333 -0.040000000000000008
      vertex 100.44000000000001 10 -0.040000000000000008
    endloop
  endfacet
  facet normal 0.69631062382286613 -0.17407765595565278 0.69631062382272779
    outer loop
      vertex 100.50666666666666 10.106666666666666 -0.079999999999999988
      vertex 100.44000000000001 10 -0.040000000000000008
      vertex 100.48 10 -0.079999999999999988
    endloop
  endfacet
  facet normal 0.60000000000004206 0 0.7999999999999684
    outer loop
      vertex 100.45333333333333 10.053333333333333 -0.040000000000000008
      vertex 100.50666666666666 10.106666666666666 -0.079999999999999988
      vertex 100.50666666666666 10.199999999999999 -0.079999999999999988
    endloop
  endfacet
  facet normal 0.60000000000004206 -0 0.7999999999999684
    outer loop
      vertex 100.45333333333333 10.053333333333333 -0.040000000000000008
      vertex 100.50666666666666 10.199999999999999 -0.079999999999999988
      vertex 100.45333333333333 10.199999999999999 -0.040000000000000008
    endloop
  endfacet
  facet normal 0.60000000000004217 0 0.7999999999999684
    outer loop
      vertex 100.50666666666666 15.426666666666666 -0.079999999999999988
      vertex 100.45333333333333 12.813333333333333 -0.040000000000000008
      vertex 100.45333333333333 10.199999999999999 -0.040000000000000008
    endloop
  endfacet
  facet normal 0.60000000000004217 0 0.7999999999999684
    outer loop
      vertex 100.50666666666666 15.426666666666666 -0.079999999999999988
      vertex 100.45333333333333 10.199999999999999 -0.040000000000000008
      vertex 100.50666666666666 10.199999999999999 -0.079999999999999988
    endloop
  endfacet
  facet normal 0.60000000000004217 0 0.7999999999999684
    outer loop
      vertex 100.45333333333333 12.813333333333334 -0.040000000000000008
      vertex 100.50666666666666 15.426666666666666 -0.079999999999999988
      vertex 100.50666666666666 20 -0.079999999999999988
    endloop
  endfacet
  facet normal 0.60000000000004206 -0 0.7999999999999684
    outer loop
      vertex 100.45333333333333 12.813333333333334 -0.040000000000000008
      vertex 100.50666666666666 20 -0.079999999999999988
      vertex 100.45333333333333 20 -0.040000000000000008
    endloop
  endfacet
  facet normal 0.58834840541458078 -0.19611613513821971 0.78446454055270565
    outer loop
      vertex 100.56 20.16 -0.079999999999999988
      vertex 100.48 20.080000000000002 -0.040000000000000008
      vertex 100.45333333333333 20 -0.040000000000000008
    endloop
  endfacet
  facet normal 0.58834840541458822 -0.19611613513822654 0.78446454055269832
    outer loop
      vertex 100.56 20.16 -0.079999999999999988
      vertex 100.45333333333333 20 -0.040000000000000008
      vertex 100.50666666666666 20 -0.079999999999999988
    endloop
  endfacet
  facet normal 0.44721359549996526 0 0.89442719099991208
    outer loop
      vertex 100.48 20.080000000000002 -0.040000000000000008
      vertex 100.56 20.16 -0.079999999999999988
      vertex 100.56 20.199999999999999 -0.079999999999999988
    endloop
  endfacet
  facet normal 0.44721359549996542 -0 0.8944271909999123
    outer loop
      vertex 100.48 20.080000000000002 -0.040000000000000008
      vertex 100.56 20.199999999999999 -0.079999999999999988
      vertex 100.48 20.199999999999999 -0.040000000000000008
    endloop
  endfacet
  facet normal 0.44721359549996548 0 0.89442719099991208
    outer loop
      vertex 100.56 36.039999999999999 -0.079999999999999988
      vertex 100.48 28.120000000000001 -0.040000000000000008
      vertex 100.48 20.199999999999999 -0.040000000000000008
    endloop
  endfacet
  facet normal 0.44721359549996542 0 0.89442719099991219
    outer loop
      vertex 100.56 36.039999999999999 -0.079999999999999988
      vertex 100.48 20.199999999999999 -0.040000000000000008
      vertex 100.56 20.199999999999999 -0.079999999999999988
    endloop
  endfacet
  facet normal 0.44721359549996537 0 0.8944271909999123
    outer loop
      vertex 100.48 28.119999999999997 -0.040000000000000008
      vertex 100.56 36.039999999999992 -0.079999999999999988
      vertex 100.56 40 -0.079999999999999988
    endloop
  endfacet
  facet normal 0.44721359549996531 -0 0.89442719099991208
    outer loop
      vertex 100.48 28.119999999999997 -0.040000000000000008
      vertex 100.56 40 -0.079999999999999988
      vertex 100.48 40 -0.040000000000000008
    endloop
  endfacet
  facet normal 0.43643578047199255 -0.21821789023598659 0.87287156094396701
    outer loop
      vertex 100.56 40.160000000000004 -0.040000000000000008
      vertex 100.48 40 -0.040000000000000008
      vertex 100.56 40 -0.079999999999999988
    endloop
  endfacet
  facet normal 0.43643578047203962 -0.21821789023598107 0.87287156094394491
    outer loop
      vertex 100.56 40.160000000000004 -0.040000000000000008
      vertex 100.56 40 -0.079999999999999988
      vertex 100.59999999999999 40.079999999999998 -0.079999999999999988
    endloop
  endfacet
  facet normal 0.43643578047204523 -0.21821789023597737 0.87287156094394291
    outer loop
      vertex 100.56 40.160000000000004 -0.040000000000000008
      vertex 100.59999999999999 40.079999999999998 -0.079999999999999988
      vertex 100.59999999999999 40.200000000000003 -0.050000000000000003
    endloop
  endfacet
  facet normal 0.24253562503637832 -0 0.97014250014532066
    outer loop
      vertex 100.56 40.160000000000004 -0.040000000000000008
      vertex 100.59999999999999 40.200000000000003 -0.050000000000000003
      vertex 100.56 40.200000000000003 -0.040000000000000008
    endloop
  endfacet
  facet normal 0.24253562503637829 0 0.97014250014532055
    outer loop
      vertex 100.56 56.040000000000006 -0.040000000000000008
      vertex 100.56 40.200000000000003 -0.040000000000000008
      vertex 100.59999999999999 40.200000000000003 -0.050000000000000003
    endloop
  endfacet
  facet normal 0.24253562503637829 0 0.97014250014532066
    outer loop
      vertex 100.56 56.040000000000006 -0.040000000000000008
      vertex 100.59999999999999 40.200000000000003 -0.050000000000000003
      vertex 100.59999999999999 60 -0.050000000000000003
    endloop
  endfacet
  facet normal 0.24253562503637832 -0 0.97014250014532066
    outer loop
      vertex 100.56 56.040000000000006 -0.040000000000000008
      vertex 100.59999999999999 60 -0.050000000000000003
      vertex 100.56 60 -0.040000000000000008
    endloop
  endfacet
  facet normal 0.23570226039555978 -0.23570226039551789 0.94280904158205192
    outer loop
      vertex 100.56 60 -0.040000000000000008
      vertex 100.59999999999999 60 -0.050000000000000003
      vertex 100.59999999999999 60.039999999999999 -0.040000000000000008
    endloop
  endfacet
  facet normal 0 0.70710678118661763 0.70710678118647741
    outer loop
      vertex 100.67999999999999 -80.120000000000005 -0.079999999999999988
      vertex 100.64 -80.159999999999997 -0.040000000000000008
      vertex 100.8 -80.159999999999997 -0.040000000000000008
    endloop
  endfacet
  facet normal -0 0.70710678118661763 0.70710678118647741
    outer loop
      vertex 100.67999999999999 -80.120000000000005 -0.079999999999999988
      vertex 100.8 -80.159999999999997 -0.040000000000000008
      vertex 100.8 -80.120000000000005 -0.079999999999999988
    endloop
  endfacet
  facet normal 0 0.70710678118661763 0.70710678118647741
    outer loop
      vertex 100.59999999999999 -80.120000000000005 -0.079999999999999988
      vertex 100.59999999999999 -80.159999999999997 -0.040000000000000008
      vertex 100.64 -80.159999999999997 -0.040000000000000008
    endloop
  endfacet
  facet normal -0 0.70710678118661774 0.70710678118647741
    outer loop
      vertex 100.59999999999999 -80.120000000000005 -0.079999999999999988
      vertex 100.64 -80.159999999999997 -0.040000000000000008
      vertex 100.67999999999999 -80.120000000000005 -0.079999999999999988
    endloop
  endfacet
  facet normal 0 -0.7071067811865549 0.70710678118654013
    outer loop
      vertex 100.75999999999999 -60.039999999999999 -0.040000000000000008
      vertex 100.72 -60.079999999999998 -0.079999999999999988
      vertex 100.8 -60.079999999999998 -0.079999999999999988
    endloop
  endfacet
  facet normal 0 -0.70710678118655479 0.70710678118654013
    outer loop
      vertex 100.75999999999999 -60.039999999999999 -0.040000000000000008
      vertex 100.8 -60.079999999999998 -0.079999999999999988
      vertex 100.8 -60.039999999999999 -0.040000000000000008
    endloop
  endfacet
  facet normal 0 -0.7071067811865549 0.70710678118654013
    outer loop
      vertex 100.59999999999999 -60.039999999999999 -0.040000000000000008
      vertex 100.59999999999999 -60.079999999999998 -0.079999999999999988
      vertex 100.72 -60.079999999999998 -0.079999999999999988
    endloop
  endfacet
  facet normal 0 -0.7071067811865549 0.70710678118654013
    outer loop
      vertex 100.59999999999999 -60.039999999999999 -0.040000000000000008
      vertex 100.72 -60.079999999999998 -0.079999999999999988
      vertex 100.75999999999999 -60.039999999999999 -0.040000000000000008
    endloop
  endfacet
  facet normal -2.3957709635678243e-17 0.70710678118654746 0.70710678118654746
    outer loop
      vertex 100.67999999999999 0.079999999999999988 -0.079999999999999988
      vertex 100.64 0.040000000000000008 -0.040000000000000008
      vertex 100.8 0.040000000000000015 -0.040000000000000008
    endloop
  endfacet
  facet normal -0 0.70710678118654757 0.70710678118654746
    outer loop
      vertex 100.67999999999999 0.079999999999999988 -0.079999999999999988
      vertex 100.8 0.040000000000000015 -0.040000000000000008
      vertex 100.8 0.079999999999999988 -0.079999999999999988
    endloop
  endfacet
  facet normal -9.5830838542695951e-17 0.70710678118654746 0.70710678118654746
    outer loop
      vertex 100.59999999999999 0.079999999999999988 -0.079999999999999988
      vertex 100.59999999999999 0.040000000000000008 -0.040000000000000008
      vertex 100.64 0.040000000000000015 -0.040000000000000008
    endloop
  endfacet
  facet normal -0 0.70710678118654757 0.70710678118654735
    outer loop
      vertex 100.59999999999999 0.079999999999999988 -0.079999999999999988
      vertex 100.64 0.040000000000000015 -0.040000000000000008
      vertex 100.67999999999999 0.079999999999999988 -0.079999999999999988
    endloop
  endfacet
  facet normal 0 -0.24253562503632425 0.97014250014533421
    outer loop
      vertex 100.67999999999999 40.079999999999998 -0.079999999999999988
      vertex 100.8 40.079999999999998 -0.079999999999999988
      vertex 100.8 40.200000000000003 -0.050000000000000003
    endloop
  endfacet
  facet normal 0 -0.2425356250363242 0.97014250014533399
    outer loop
      vertex 100.59999999999999 40.079999999999998 -0.079999999999999988
      vertex 100.67999999999999 40.079999999999998 -0.079999999999999988
      vertex 100.8 40.200000000000003 -0.050000000000000003
    endloop
  endfacet
  facet normal 0 -0.24253562503632423 0.97014250014533399
    outer loop
      vertex 100.59999999999999 40.079999999999998 -0.079999999999999988
      vertex 100.8 40.200000000000003 -0.050000000000000003
      vertex 100.59999999999999 40.200000000000003 -0.050000000000000003
    endloop
  endfacet
  facet normal 0 0 1
    outer loop
      vertex 100.59999999999999 40.200000000000003 -0.050000000000000003
      vertex 100.8 40.200000000000003 -0.050000000000000003
      vertex 100.8 60 -0.050000000000000003
    endloop
  endfacet
  facet normal 0 0 1
    outer loop
      vertex 100.59999999999999 40.200000000000003 -0.050000000000000003
      vertex 100.8 60 -0.050000000000000003
      vertex 100.59999999999999 60 -0.050000000000000003
    endloop
  endfacet
  facet normal 0 -0.24253562503633774 0.97014250014533077
    outer loop
      vertex 100.64 60.039999999999999 -0.040000000000000008
      vertex 100.59999999999999 60 -0.050000000000000003
      vertex 100.8 60 -0.050000000000000003
    endloop
  endfacet
  facet normal 0 -0.24253562503633774 0.97014250014533077
    outer loop
      vertex 100.64 60.039999999999999 -0.040000000000000008
      vertex 100.8 60 -0.050000000000000003
      vertex 100.8 60.039999999999999 -0.040000000000000008
    endloop
  endfacet
  facet normal 0 -0.24253562503633772 0.97014250014533077
    outer loop
      vertex 100.59999999999999 60.039999999999999 -0.040000000000000008
      vertex 100.59999999999999 60 -0.050000000000000003
      vertex 100.64 60.039999999999999 -0.040000000000000008
    endloop
  endfacet
  facet normal -0.028272964322667897 0.70682410806671259 0.70682410806657225
    outer loop
      vertex 100.8 -80.120000000000005 -0.079999999999999988
      vertex 100.8 -80.159999999999997 -0.040000000000000008
      vertex 104.8 -80 -0.040000000000000008
    endloop
  endfacet
  facet normal -0.028272964322666225 0.70682410806662888 0.70682410806665597
    outer loop
      vertex 100.8 -80.120000000000005 -0.079999999999999988
      vertex 104.8 -80 -0.040000000000000008
      vertex 103.8 -80 -0.079999999999999988
    endloop
  endfacet
  facet normal -0.039968038348871561 0 0.99920095872178949
    outer loop
      vertex 104.8 -64.160000000000011 -0.040000000000000008
      vertex 103.8 -68.120000000000005 -0.079999999999999988
      vertex 103.8 -80 -0.079999999999999988
    endloop
  endfacet
  facet normal -0.039968038348871561 0 0.99920095872178949
    outer loop
      vertex 104.8 -64.160000000000011 -0.040000000000000008
      vertex 103.8 -80 -0.079999999999999988
      vertex 104.8 -80 -0.040000000000000008
    endloop
  endfacet
  facet normal -0.039968038348871554 0 0.99920095872178938
    outer loop
      vertex 103.8 -68.120000000000005 -0.079999999999999988
      vertex 104.8 -64.160000000000011 -0.040000000000000008
      vertex 104.8 -60.200000000000003 -0.040000000000000008
    endloop
  endfacet
  facet normal -0.039968038348871561 0 0.99920095872178949
    outer loop
      vertex 103.8 -68.120000000000005 -0.079999999999999988
      vertex 104.8 -60.200000000000003 -0.040000000000000008
      vertex 103.8 -60.200000000000003 -0.079999999999999988
    endloop
  endfacet
  facet normal -0.039968038348871554 0 0.99920095872178949
    outer loop
      vertex 104.8 -60.039999999999999 -0.040000000000000008
      vertex 103.8 -60.079999999999998 -0.079999999999999988
      vertex 103.8 -60.200000000000003 -0.079999999999999988
    endloop
  endfacet
  facet normal -0.039968038348871554 0 0.99920095872178938
    outer loop
      vertex 104.8 -60.039999999999999 -0.040000000000000008
      vertex 103.8 -60.200000000000003 -0.079999999999999988
      vertex 104.8 -60.200000000000003 -0.040000000000000008
    endloop
  endfacet
  facet normal 0 -0.7071067811865549 0.70710678118654013
    outer loop
      vertex 100.8 -60.039999999999999 -0.040000000000000008
      vertex 100.8 -60.079999999999998 -0.079999999999999988
      vertex 103.8 -60.079999999999998 -0.079999999999999988
    endloop
  endfacet
  facet normal 0 -0.7071067811865549 0.70710678118654013
    outer loop
      vertex 100.8 -60.039999999999999 -0.040000000000000008
      vertex 103.8 -60.079999999999998 -0.079999999999999988
      vertex 104.8 -60.039999999999999 -0.040000000000000008
    endloop
  endfacet
  facet normal -0.0062468285873950972 0.78085357342438688 0.62468285873950924
    outer loop
      vertex 102.8 0.079999999999999988 -0.079999999999999988
      vertex 101.8 0.040000000000000008 -0.040000000000000008
      vertex 105.8 0.072000000000000022 -0.040000000000000008
    endloop
  endfacet
  facet normal -0.0062468285873950972 0.78085357342438655 0.62468285873950924
    outer loop
      vertex 102.8 0.079999999999999988 -0.079999999999999988
      vertex 105.8 0.072000000000000022 -0.040000000000000008
      vertex 105.8 0.10400000000000001 -0.079999999999999988
    endloop
  endfacet
  facet normal -3.8332335417084369e-18 0.70710678118654746 0.70710678118654746
    outer loop
      vertex 100.8 0.079999999999999988 -0.079999999999999988
      vertex 100.8 0.040000000000000008 -0.040000000000000008
      vertex 101.8 0.040000000000000015 -0.040000000000000008
    endloop
  endfacet
  facet normal -0 0.70710678118654757 0.70710678118654746
    outer loop
      vertex 100.8 0.079999999999999988 -0.079999999999999988
      vertex 101.8 0.040000000000000015 -0.040000000000000008
      vertex 102.8 0.079999999999999988 -0.079999999999999988
    endloop
  endfacet
  facet normal 0 -0.24253562503632423 0.9701425001453341
    outer loop
      vertex 102.8 40.079999999999998 -0.079999999999999988
      vertex 105.8 40.079999999999998 -0.079999999999999988
      vertex 105.8 40.200000000000003 -0.050000000000000003
    endloop
  endfacet
  facet normal 0 -0.2425356250363242 0.9701425001453341
    outer loop
      vertex 100.8 40.079999999999998 -0.079999999999999988
      vertex 102.8 40.079999999999998 -0.079999999999999988
      vertex 105.8 40.200000000000003 -0.050000000000000003
    endloop
  endfacet
  facet normal 0 -0.2425356250363242 0.9701425001453341
    outer loop
      vertex 100.8 40.079999999999998 -0.079999999999999988
      vertex 105.8 40.200000000000003 -0.050000000000000003
      vertex 100.8 40.200000000000003 -0.050000000000000003
    endloop
  endfacet
  facet normal 0 0 1
    outer loop
      vertex 100.8 40.200000000000003 -0.050000000000000003
      vertex 105.8 40.200000000000003 -0.050000000000000003
      vertex 105.8 60 -0.050000000000000003
    endloop
  endfacet
  facet normal 0 0 1
    outer loop
      vertex 100.8 40.200000000000003 -0.050000000000000003
      vertex 105.8 60 -0.050000000000000003
      vertex 100.8 60 -0.050000000000000003
    endloop
  endfacet
  facet normal 0 -0.24253562503633774 0.97014250014533077
    outer loop
      vertex 101.8 60.039999999999999 -0.040000000000000008
      vertex 100.8 60 -0.050000000000000003
      vertex 105.8 60 -0.050000000000000003
    endloop
  endfacet
  facet normal 0 -0.24253562503633772 0.97014250014533066
    outer loop
      vertex 101.8 60.039999999999999 -0.040000000000000008
      vertex 105.8 60 -0.050000000000000003
      vertex 105.8 60.039999999999999 -0.040000000000000008
    endloop
  endfacet
  facet normal 0 -0.24253562503633772 0.97014250014533066
    outer loop
      vertex 100.8 60.039999999999999 -0.040000000000000008
      vertex 100.8 60 -0.050000000000000003
      vertex 101.8 60.039999999999999 -0.040000000000000008
    endloop
  endfacet
  facet normal -9.9213241362222967e-17 0.7808688094430305 0.62469504755442407
    outer loop
      vertex 105.904 0.10399999999999998 -0.079999999999999988
      vertex 105.872 0.072000000000000008 -0.040000000000000008
      vertex 106 0.072000000000000022 -0.040000000000000008
    endloop
  endfacet
  facet normal -2.2576524256647222e-16 0.78086880944303028 0.62469504755442429
    outer loop
      vertex 105.904 0.10399999999999998 -0.079999999999999988
      vertex 106 0.072000000000000022 -0.040000000000000008
      vertex 106 0.10400000000000001 -0.079999999999999988
    endloop
  endfacet
  facet normal -1.763790957550565e-16 0.78086880944303039 0.62469504755442407
    outer loop
      vertex 105.8 0.10399999999999998 -0.079999999999999988
      vertex 105.8 0.072000000000000008 -0.040000000000000008
      vertex 105.872 0.072000000000000022 -0.040000000000000008
    endloop
  endfacet
  facet normal -2.0839868544598385e-16 0.78086880944303028 0.62469504755442418
    outer loop
      vertex 105.8 0.10399999999999998 -0.079999999999999988
      vertex 105.872 0.072000000000000022 -0.040000000000000008
      vertex 105.904 0.10400000000000001 -0.079999999999999988
    endloop
  endfacet
  facet normal 0 -0.24253562503632425 0.97014250014533421
    outer loop
      vertex 105.88 40.079999999999998 -0.079999999999999988
      vertex 106 40.079999999999998 -0.079999999999999988
      vertex 106 40.200000000000003 -0.050000000000000003
    endloop
  endfacet
  facet normal 0 -0.2425356250363242 0.97014250014533399
    outer loop
      vertex 105.8 40.079999999999998 -0.079999999999999988
      vertex 105.88 40.079999999999998 -0.079999999999999988
      vertex 106 40.200000000000003 -0.050000000000000003
    endloop
  endfacet
  facet normal 0 -0.24253562503632423 0.97014250014533399
    outer loop
      vertex 105.8 40.079999999999998 -0.079999999999999988
      vertex 106 40.200000000000003 -0.050000000000000003
      vertex 105.8 40.200000000000003 -0.050000000000000003
    endloop
  endfacet
  facet normal 0 0 1
    outer loop
      vertex 105.8 40.200000000000003 -0.050000000000000003
      vertex 106 40.200000000000003 -0.050000000000000003
      vertex 106 60 -0.050000000000000003
    endloop
  endfacet
  facet normal 0 0 1
    outer loop
      vertex 105.8 40.200000000000003 -0.050000000000000003
      vertex 106 60 -0.050000000000000003
      vertex 105.8 60 -0.050000000000000003
    endloop
  endfacet
  facet normal 0 -0.24253562503633774 0.97014250014533077
    outer loop
      vertex 105.84 60.039999999999999 -0.040000000000000008
      vertex 105.8 60 -0.050000000000000003
      vertex 106 60 -0.050000000000000003
    endloop
  endfacet
  facet normal 0 -0.24253562503633774 0.97014250014533077
    outer loop
      vertex 105.84 60.039999999999999 -0.040000000000000008
      vertex 106 60 -0.050000000000000003
      vertex 106 60.039999999999999 -0.040000000000000008
    endloop
  endfacet
  facet normal 0 -0.24253562503633772 0.97014250014533077
    outer loop
      vertex 105.8 60.039999999999999 -0.040000000000000008
      vertex 105.8 60 -0.050000000000000003
      vertex 105.84 60.039999999999999 -0.040000000000000008
    endloop
  endfacet
  facet normal -0.52981294282602576 0.66226617853251812 0.52981294282601432
    outer loop
      vertex 106 0.10399999999999998 -0.079999999999999988
      vertex 106 0.072000000000000008 -0.040000000000000008
      vertex 106.16 0.20000000000000001 -0.040000000000000008
    endloop
  endfacet
  facet normal -0.5298129428260383 0.66226617853257275 0.52981294282593328
    outer loop
      vertex 106 0.10399999999999998 -0.079999999999999988
      vertex 106.16 0.20000000000000001 -0.040000000000000008
      vertex 106.12 0.20000000000000001 -0.079999999999999988
    endloop
  endfacet
  facet normal -0.70710678118661785 0 0.7071067811864773
    outer loop
      vertex 106.16 8.0399999999999991 -0.040000000000000008
      vertex 106.12 6.0800000000000001 -0.079999999999999988
      vertex 106.12 0.20000000000000001 -0.079999999999999988
    endloop
  endfacet
  facet normal -0.70710678118661774 0 0.7071067811864773
    outer loop
      vertex 106.16 8.0399999999999991 -0.040000000000000008
      vertex 106.12 0.20000000000000001 -0.079999999999999988
      vertex 106.16 0.20000000000000001 -0.040000000000000008
    endloop
  endfacet
  facet normal -0.70710678118661774 0 0.70710678118647741
    outer loop
      vertex 106.12 6.0800000000000018 -0.079999999999999988
      vertex 106.16 8.0400000000000009 -0.040000000000000008
      vertex 106.16 10 -0.040000000000000008
    endloop
  endfacet
  facet normal -0.70710678118661774 0 0.70710678118647741
    outer loop
      vertex 106.12 6.0800000000000018 -0.079999999999999988
      vertex 106.16 10 -0.040000000000000008
      vertex 106.12 10 -0.079999999999999988
    endloop
  endfacet
  facet normal -0.70710678118661774 0 0.7071067811864773
    outer loop
      vertex 106.16 10.159999999999998 -0.040000000000000008
      vertex 106.12 10.119999999999999 -0.079999999999999988
      vertex 106.12 10 -0.079999999999999988
    endloop
  endfacet
  facet normal -0.70710678118661774 0 0.70710678118647741
    outer loop
      vertex 106.16 10.159999999999998 -0.040000000000000008
      vertex 106.12 10 -0.079999999999999988
      vertex 106.16 10 -0.040000000000000008
    endloop
  endfacet
  facet normal -0.58834840541459288 -0.19611613513822371 0.78446454055269565
    outer loop
      vertex 106.12 10.119999999999999 -0.079999999999999988
      vertex 106.16 10.159999999999998 -0.040000000000000008
      vertex 106.14666666666666 10.199999999999999 -0.040000000000000008
    endloop
  endfacet
  facet normal -0.58834840541458844 -0.19611613513822659 0.78446454055269843
    outer loop
      vertex 106.12 10.119999999999999 -0.079999999999999988
      vertex 106.14666666666666 10.199999999999999 -0.040000000000000008
      vertex 106.09333333333333 10.199999999999999 -0.079999999999999988
    endloop
  endfacet
  facet normal -0.60000000000004206 0 0.7999999999999684
    outer loop
      vertex 106.14666666666666 17.386666666666667 -0.040000000000000008
      vertex 106.09333333333333 14.773333333333333 -0.079999999999999988
      vertex 106.09333333333333 10.199999999999999 -0.079999999999999988
    endloop
  endfacet
  facet normal -0.60000000000004206 0 0.7999999999999684
    outer loop
      vertex 106.14666666666666 17.386666666666667 -0.040000000000000008
      vertex 106.09333333333333 10.199999999999999 -0.079999999999999988
      vertex 106.14666666666666 10.199999999999999 -0.040000000000000008
    endloop
  endfacet
  facet normal -0.60000000000004217 0 0.7999999999999684
    outer loop
      vertex 106.09333333333333 14.773333333333333 -0.079999999999999988
      vertex 106.14666666666666 17.386666666666667 -0.040000000000000008
      vertex 106.14666666666666 20 -0.040000000000000008
    endloop
  endfacet
  facet normal -0.60000000000004217 0 0.7999999999999684
    outer loop
      vertex 106.09333333333333 14.773333333333333 -0.079999999999999988
      vertex 106.14666666666666 20 -0.040000000000000008
      vertex 106.09333333333333 20 -0.079999999999999988
    endloop
  endfacet
  facet normal -0.60000000000004206 0 0.7999999999999684
    outer loop
      vertex 106.14666666666666 20.146666666666665 -0.040000000000000008
      vertex 106.09333333333333 20.093333333333334 -0.079999999999999988
      vertex 106.09333333333333 20 -0.079999999999999988
    endloop
  endfacet
  facet normal -0.60000000000004217 0 0.7999999999999684
    outer loop
      vertex 106.14666666666666 20.146666666666665 -0.040000000000000008
      vertex 106.09333333333333 20 -0.079999999999999988
      vertex 106.14666666666666 20 -0.040000000000000008
    endloop
  endfacet
  facet normal -0.43643578047206644 -0.21821789023594607 0.87287156094394025
    outer loop
      vertex 106.09333333333333 20.093333333333334 -0.079999999999999988
      vertex 106.14666666666666 20.146666666666665 -0.040000000000000008
      vertex 106.12 20.199999999999999 -0.040000000000000008
    endloop
  endfacet
  facet normal -0.43643578047199383 -0.21821789023597513 0.87287156094396934
    outer loop
      vertex 106.09333333333333 20.093333333333334 -0.079999999999999988
      vertex 106.12 20.199999999999999 -0.040000000000000008
      vertex 106.04000000000001 20.199999999999999 -0.079999999999999988
    endloop
  endfacet
  facet normal -0.44721359549996537 0 0.89442719099991219
    outer loop
      vertex 106.12 32.079999999999998 -0.040000000000000008
      vertex 106.04000000000001 24.160000000000004 -0.079999999999999988
      vertex 106.04000000000001 20.199999999999999 -0.079999999999999988
    endloop
  endfacet
  facet normal -0.44721359549996531 0 0.89442719099991208
    outer loop
      vertex 106.12 32.079999999999998 -0.040000000000000008
      vertex 106.04000000000001 20.199999999999999 -0.079999999999999988
      vertex 106.12 20.199999999999999 -0.040000000000000008
    endloop
  endfacet
  facet normal -0.4472135954999652 0 0.89442719099991208
    outer loop
      vertex 106.04000000000001 24.160000000000004 -0.079999999999999988
      vertex 106.12 32.079999999999998 -0.040000000000000008
      vertex 106.12 40 -0.040000000000000008
    endloop
  endfacet
  facet normal -0.44721359549996537 0 0.89442719099991219
    outer loop
      vertex 106.04000000000001 24.160000000000004 -0.079999999999999988
      vertex 106.12 40 -0.040000000000000008
      vertex 106.04000000000001 40 -0.079999999999999988
    endloop
  endfacet
  facet normal -0.44721359549996526 0 0.89442719099991208
    outer loop
      vertex 106.12 40.119999999999997 -0.040000000000000008
      vertex 106.04000000000001 40.039999999999999 -0.079999999999999988
      vertex 106.04000000000001 40 -0.079999999999999988
    endloop
  endfacet
  facet normal -0.44721359549996542 0 0.8944271909999123
    outer loop
      vertex 106.12 40.119999999999997 -0.040000000000000008
      vertex 106.04000000000001 40 -0.079999999999999988
      vertex 106.12 40 -0.040000000000000008
    endloop
  endfacet
  facet normal -0.2357022603954993 -0.23570226039554115 0.94280904158206125
    outer loop
      vertex 106 40.079999999999998 -0.079999999999999988
      vertex 106.04000000000001 40.039999999999999 -0.079999999999999988
      vertex 106.12 40.119999999999997 -0.040000000000000008
    endloop
  endfacet
  facet normal -0.2357022603955167 -0.23570226039549577 0.94280904158206824
    outer loop
      vertex 106 40.079999999999998 -0.079999999999999988
      vertex 106.12 40.119999999999997 -0.040000000000000008
      vertex 106.04000000000001 40.200000000000003 -0.040000000000000008
    endloop
  endfacet
  facet normal -0.23570226039548134 -0.23570226039550937 0.94280904158207357
    outer loop
      vertex 106 40.079999999999998 -0.079999999999999988
      vertex 106.04000000000001 40.200000000000003 -0.040000000000000008
      vertex 106 40.200000000000003 -0.050000000000000003
    endloop
  endfacet
  facet normal -0.24253562503629716 0 0.97014250014534087
    outer loop
      vertex 106.04000000000001 44.159999999999997 -0.040000000000000008
      vertex 106 40.200000000000003 -0.050000000000000003
      vertex 106.04000000000001 40.200000000000003 -0.040000000000000008
    endloop
  endfacet
  facet normal -0.24253562503629719 0 0.97014250014534087
    outer loop
      vertex 106 40.200000000000003 -0.050000000000000003
      vertex 106.04000000000001 44.159999999999997 -0.040000000000000008
      vertex 106.04000000000001 60 -0.040000000000000008
    endloop
  endfacet
  facet normal -0.24253562503629716 0 0.97014250014534087
    outer loop
      vertex 106 40.200000000000003 -0.050000000000000003
      vertex 106.04000000000001 60 -0.040000000000000008
      vertex 106 60 -0.050000000000000003
    endloop
  endfacet
  facet normal -0.24253562503629719 0 0.97014250014534087
    outer loop
      vertex 106.04000000000001 60.039999999999999 -0.040000000000000008
      vertex 106 60 -0.050000000000000003
      vertex 106.04000000000001 60 -0.040000000000000008
    endloop
  endfacet
  facet normal 0 -0.24253562503633772 0.97014250014533077
    outer loop
      vertex 106 60.039999999999999 -0.040000000000000008
      vertex 106 60 -0.050000000000000003
      vertex 106.04000000000001 60.039999999999999 -0.040000000000000008
    endloop
  endfacet
  facet normal -0 0.24253562503629716 0.97014250014534087
    outer loop
      vertex 106.56 80.159999999999997 -0.040000000000000008
      vertex 106.59999999999999 80.159999999999997 -0.040000000000000008
      vertex 106.59999999999999 80.200000000000003 -0.050000000000000003
    endloop
  endfacet
  facet normal 0.24253562503637829 -0 0.97014250014532066
    outer loop
      vertex 106.56 80.159999999999997 -0.040000000000000008
      vertex 106.59999999999999 80.200000000000003 -0.050000000000000003
      vertex 106.56 80.200000000000003 -0.040000000000000008
    endloop
  endfacet
  facet normal 0.24253562503637829 0 0.97014250014532055
    outer loop
      vertex 106.56 96.040000000000006 -0.040000000000000008
      vertex 106.56 80.200000000000003 -0.040000000000000008
      vertex 106.59999999999999 80.200000000000003 -0.050000000000000003
    endloop
  endfacet
  facet normal 0.24253562503637829 0 0.97014250014532066
    outer loop
      vertex 106.56 96.040000000000006 -0.040000000000000008
      vertex 106.59999999999999 80.200000000000003 -0.050000000000000003
      vertex 106.59999999999999 100 -0.050000000000000003
    endloop
  endfacet
  facet normal 0.24253562503637832 -0 0.97014250014532066
    outer loop
      vertex 106.56 96.040000000000006 -0.040000000000000008
      vertex 106.59999999999999 100 -0.050000000000000003
      vertex 106.56 100 -0.040000000000000008
    endloop
  endfacet
  facet normal -0 0.24253562503629716 0.97014250014534087
    outer loop
      vertex 106.75999999999999 80.159999999999997 -0.040000000000000008
      vertex 106.8 80.159999999999997 -0.040000000000000008
      vertex 106.8 80.200000000000003 -0.050000000000000003
    endloop
  endfacet
  facet normal -0 0.24253562503629719 0.97014250014534087
    outer loop
      vertex 106.59999999999999 80.159999999999997 -0.040000000000000008
      vertex 106.75999999999999 80.159999999999997 -0.040000000000000008
      vertex 106.8 80.200000000000003 -0.050000000000000003
    endloop
  endfacet
  facet normal 0 0.24253562503629716 0.97014250014534076
    outer loop
      vertex 106.59999999999999 80.159999999999997 -0.040000000000000008
      vertex 106.8 80.200000000000003 -0.050000000000000003
      vertex 106.59999999999999 80.200000000000003 -0.050000000000000003
    endloop
  endfacet
  facet normal 0 0 1
    outer loop
      vertex 106.59999999999999 80.200000000000003 -0.050000000000000003
      vertex 106.8 80.200000000000003 -0.050000000000000003
      vertex 106.8 100 -0.050000000000000003
    endloop
  endfacet
  facet normal 0 0 1
    outer loop
      vertex 106.59999999999999 80.200000000000003 -0.050000000000000003
      vertex 106.8 100 -0.050000000000000003
      vertex 106.59999999999999 100 -0.050000000000000003
    endloop
  endfacet
  facet normal -0 0.24253562503629716 0.97014250014534087
    outer loop
      vertex 106.95999999999999 80.159999999999997 -0.040000000000000008
      vertex 107 80.159999999999997 -0.040000000000000008
      vertex 107 80.200000000000003 -0.050000000000000003
    endloop
  endfacet
  facet normal -0 0.24253562503629719 0.97014250014534087
    outer loop
      vertex 106.8 80.159999999999997 -0.040000000000000008
      vertex 106.95999999999999 80.159999999999997 -0.040000000000000008
      vertex 107 80.200000000000003 -0.050000000000000003
    endloop
  endfacet
  facet normal 0 0.24253562503629716 0.97014250014534076
    outer loop
      vertex 106.8 80.159999999999997 -0.040000000000000008
      vertex 107 80.200000000000003 -0.050000000000000003
      vertex 106.8 80.200000000000003 -0.050000000000000003
    endloop
  endfacet
  facet normal 0 0 1
    outer loop
      vertex 106.8 80.200000000000003 -0.050000000000000003
      vertex 107 80.200000000000003 -0.050000000000000003
      vertex 107 100 -0.050000000000000003
    endloop
  endfacet
  facet normal 0 0 1
    outer loop
      vertex 106.8 80.200000000000003 -0.050000000000000003
      vertex 107 100 -0.050000000000000003
      vertex 106.8 100 -0.050000000000000003
    endloop
  endfacet
  facet normal -0 0.24253562503629716 0.97014250014534087
    outer loop
      vertex 107.16 80.159999999999997 -0.040000000000000008
      vertex 107.2 80.159999999999997 -0.040000000000000008
      vertex 107.2 80.200000000000003 -0.050000000000000003
    endloop
  endfacet
  facet normal -0 0.24253562503629719 0.97014250014534087
    outer loop
      vertex 107 80.159999999999997 -0.040000000000000008
      vertex 107.16 80.159999999999997 -0.040000000000000008
      vertex 107.2 80.200000000000003 -0.050000000000000003
    endloop
  endfacet
  facet normal 0 0.24253562503629716 0.97014250014534076
    outer loop
      vertex 107 80.159999999999997 -0.040000000000000008
      vertex 107.2 80.200000000000003 -0.050000000000000003
      vertex 107 80.200000000000003 -0.050000000000000003
    endloop
  endfacet
  facet normal 0 0 1
    outer loop
      vertex 107 80.200000000000003 -0.050000000000000003
      vertex 107.2 80.200000000000003 -0.050000000000000003
      vertex 107.2 100 -0.050000000000000003
    endloop
  endfacet
  facet normal 0 0 1
    outer loop
      vertex 107 80.200000000000003 -0.050000000000000003
      vertex 107.2 100 -0.050000000000000003
      vertex 107 100 -0.050000000000000003
    endloop
  endfacet
  facet normal 0.44721359549996537 0 0.89442719099991208
    outer loop
      vertex 107.36 -84.160000000000011 -0.079999999999999988
      vertex 107.28 -92.079999999999998 -0.040000000000000008
      vertex 107.28 -100 -0.040000000000000008
    endloop
  endfacet
  facet normal 0.44721359549996542 0 0.89442719099991219
    outer loop
      vertex 107.36 -84.160000000000011 -0.079999999999999988
      vertex 107.28 -100 -0.040000000000000008
      vertex 107.36 -100 -0.079999999999999988
    endloop
  endfacet
  facet normal 0.44721359549996537 0 0.8944271909999123
    outer loop
      vertex 107.28 -92.079999999999998 -0.040000000000000008
      vertex 107.36 -84.160000000000011 -0.079999999999999988
      vertex 107.36 -80.200000000000003 -0.079999999999999988
    endloop
  endfacet
  facet normal 0.44721359549996537 -0 0.89442719099991208
    outer loop
      vertex 107.28 -92.079999999999998 -0.040000000000000008
      vertex 107.36 -80.200000000000003 -0.079999999999999988
      vertex 107.28 -80.200000000000003 -0.040000000000000008
    endloop
  endfacet
  facet normal 0.40824829046386862 -0.40824829046386851 0.81649658092772037
    outer loop
      vertex 107.28 -80.200000000000003 -0.040000000000000008
      vertex 107.36 -80.200000000000003 -0.079999999999999988
      vertex 107.40000000000001 -80.159999999999997 -0.079999999999999988
    endloop
  endfacet
  facet normal 0.40824829046386868 -0.40824829046386868 0.81649658092772037
    outer loop
      vertex 107.28 -80.200000000000003 -0.040000000000000008
      vertex 107.40000000000001 -80.159999999999997 -0.079999999999999988
      vertex 107.40000000000001 -80.079999999999998 -0.040000000000000008
    endloop
  endfacet
  facet normal -0 0.24253562503633772 0.97014250014533077
    outer loop
      vertex 107.36 -60.039999999999999 -0.040000000000000008
      vertex 107.40000000000001 -60.039999999999999 -0.040000000000000008
      vertex 107.40000000000001 -60 -0.050000000000000003
    endloop
  endfacet
  facet normal 0.24253562503629719 -0 0.97014250014534087
    outer loop
      vertex 107.36 -60.039999999999999 -0.040000000000000008
      vertex 107.40000000000001 -60 -0.050000000000000003
      vertex 107.36 -60 -0.040000000000000008
    endloop
  endfacet
  facet normal 0.24253562503629719 0 0.97014250014534087
    outer loop
      vertex 107.36 -44.159999999999997 -0.040000000000000008
      vertex 107.36 -60 -0.040000000000000008
      vertex 107.40000000000001 -60 -0.050000000000000003
    endloop
  endfacet
  facet normal 0.24253562503629716 0 0.97014250014534087
    outer loop
      vertex 107.36 -44.159999999999997 -0.040000000000000008
      vertex 107.40000000000001 -60 -0.050000000000000003
      vertex 107.40000000000001 -40.200000000000003 -0.050000000000000003
    endloop
  endfacet
  facet normal 0.24253562503629716 -0 0.97014250014534087
    outer loop
      vertex 107.36 -44.159999999999997 -0.040000000000000008
      vertex 107.40000000000001 -40.200000000000003 -0.050000000000000003
      vertex 107.36 -40.200000000000003 -0.040000000000000008
    endloop
  endfacet
  facet normal 0.23570226039548067 -0.2357022603955225 0.94280904158207046
    outer loop
      vertex 107.36 -40.200000000000003 -0.040000000000000008
      vertex 107.40000000000001 -40.200000000000003 -0.050000000000000003
      vertex 107.40000000000001 -40.160000000000004 -0.040000000000000008
    endloop
  endfacet
  facet normal -0.23570226039548298 0.23570226039548298 0.94280904158207979
    outer loop
      vertex 107.2 80.159999999999997 -0.040000000000000008
      vertex 107.24000000000001 80.200000000000003 -0.040000000000000008
      vertex 107.2 80.200000000000003 -0.050000000000000003
    endloop
  endfacet
  facet normal -0.24253562503629716 0 0.97014250014534087
    outer loop
      vertex 107.24000000000001 84.159999999999997 -0.040000000000000008
      vertex 107.2 80.200000000000003 -0.050000000000000003
      vertex 107.24000000000001 80.200000000000003 -0.040000000000000008
    endloop
  endfacet
  facet normal -0.24253562503629719 0 0.97014250014534087
    outer loop
      vertex 107.2 80.200000000000003 -0.050000000000000003
      vertex 107.24000000000001 84.159999999999997 -0.040000000000000008
      vertex 107.24000000000001 100 -0.040000000000000008
    endloop
  endfacet
  facet normal -0.24253562503629716 0 0.97014250014534087
    outer loop
      vertex 107.2 80.200000000000003 -0.050000000000000003
      vertex 107.24000000000001 100 -0.040000000000000008
      vertex 107.2 100 -0.050000000000000003
    endloop
  endfacet
  facet normal 0 -0.44721359549996542 0.89442719099991219
    outer loop
      vertex 107.52 -80.079999999999998 -0.040000000000000008
      vertex 107.44 -80.159999999999997 -0.079999999999999988
      vertex 107.59999999999999 -80.159999999999997 -0.079999999999999988
    endloop
  endfacet
  facet normal 0 -0.44721359549996542 0.89442719099991219
    outer loop
      vertex 107.52 -80.079999999999998 -0.040000000000000008
      vertex 107.59999999999999 -80.159999999999997 -0.079999999999999988
      vertex 107.59999999999999 -80.079999999999998 -0.040000000000000008
    endloop
  endfacet
  facet normal 0 -0.44721359549996537 0.89442719099991208
    outer loop
      vertex 107.40000000000001 -80.079999999999998 -0.040000000000000008
      vertex 107.40000000000001 -80.159999999999997 -0.079999999999999988
      vertex 107.44 -80.159999999999997 -0.079999999999999988
    endloop
  endfacet
  facet normal 0 -0.44721359549996537 0.89442719099991219
    outer loop
      vertex 107.40000000000001 -80.079999999999998 -0.040000000000000008
      vertex 107.44 -80.159999999999997 -0.079999999999999988
      vertex 107.52 -80.079999999999998 -0.040000000000000008
    endloop
  endfacet
  facet normal -0 0.24253562503633774 0.97014250014533066
    outer loop
      vertex 107.56 -60.039999999999999 -0.040000000000000008
      vertex 107.59999999999999 -60.039999999999999 -0.040000000000000008
      vertex 107.59999999999999 -60 -0.050000000000000003
    endloop
  endfacet
  facet normal -0 0.24253562503633774 0.97014250014533077
    outer loop
      vertex 107.40000000000001 -60.039999999999999 -0.040000000000000008
      vertex 107.56 -60.039999999999999 -0.040000000000000008
      vertex 107.59999999999999 -60 -0.050000000000000003
    endloop
  endfacet
  facet normal 0 0.24253562503633774 0.97014250014533077
    outer loop
      vertex 107.40000000000001 -60.039999999999999 -0.040000000000000008
      vertex 107.59999999999999 -60 -0.050000000000000003
      vertex 107.40000000000001 -60 -0.050000000000000003
    endloop
  endfacet
  facet normal 0 0 1
    outer loop
      vertex 107.40000000000001 -60 -0.050000000000000003
      vertex 107.59999999999999 -60 -0.050000000000000003
      vertex 107.59999999999999 -40.200000000000003 -0.050000000000000003
    endloop
  endfacet
  facet normal 0 0 1
    outer loop
      vertex 107.40000000000001 -60 -0.050000000000000003
      vertex 107.59999999999999 -40.200000000000003 -0.050000000000000003
      vertex 107.40000000000001 -40.200000000000003 -0.050000000000000003
    endloop
  endfacet
  facet normal 0 -0.24253562503633777 0.97014250014533077
    outer loop
      vertex 107.44 -40.160000000000004 -0.040000000000000008
      vertex 107.40000000000001 -40.200000000000003 -0.050000000000000003
      vertex 107.59999999999999 -40.200000000000003 -0.050000000000000003
    endloop
  endfacet
  facet normal 0 -0.24253562503633774 0.97014250014533077
    outer loop
      vertex 107.44 -40.160000000000004 -0.040000000000000008
      vertex 107.59999999999999 -40.200000000000003 -0.050000000000000003
      vertex 107.59999999999999 -40.160000000000004 -0.040000000000000008
    endloop
  endfacet
  facet normal 0 -0.24253562503633774 0.97014250014533066
    outer loop
      vertex 107.40000000000001 -40.160000000000004 -0.040000000000000008
      vertex 107.40000000000001 -40.200000000000003 -0.050000000000000003
      vertex 107.44 -40.160000000000004 -0.040000000000000008
    endloop
  endfacet
  facet normal 0 -0.44721359549996542 0.89442719099991219
    outer loop
      vertex 107.72 -80.079999999999998 -0.040000000000000008
      vertex 107.64 -80.159999999999997 -0.079999999999999988
      vertex 107.8 -80.159999999999997 -0.079999999999999988
    endloop
  endfacet
  facet normal 0 -0.44721359549996542 0.89442719099991219
    outer loop
      vertex 107.72 -80.079999999999998 -0.040000000000000008
      vertex 107.8 -80.159999999999997 -0.079999999999999988
      vertex 107.8 -80.079999999999998 -0.040000000000000008
    endloop
  endfacet
  facet normal 0 -0.44721359549996537 0.89442719099991219
    outer loop
      vertex 107.59999999999999 -80.079999999999998 -0.040000000000000008
      vertex 107.59999999999999 -80.159999999999997 -0.079999999999999988
      vertex 107.64 -80.159999999999997 -0.079999999999999988
    endloop
  endfacet
  facet normal 0 -0.44721359549996542 0.89442719099991219
    outer loop
      vertex 107.59999999999999 -80.079999999999998 -0.040000000000000008
      vertex 107.64 -80.159999999999997 -0.079999999999999988
      vertex 107.72 -80.079999999999998 -0.040000000000000008
    endloop
  endfacet
  facet normal -0 0.24253562503633772 0.97014250014533077
    outer loop
      vertex 107.75999999999999 -60.039999999999999 -0.040000000000000008
      vertex 107.8 -60.039999999999999 -0.040000000000000008
      vertex 107.8 -60 -0.050000000000000003
    endloop
  endfacet
  facet normal -0 0.24253562503633774 0.97014250014533077
    outer loop
      vertex 107.59999999999999 -60.039999999999999 -0.040000000000000008
      vertex 107.75999999999999 -60.039999999999999 -0.040000000000000008
      vertex 107.8 -60 -0.050000000000000003
    endloop
  endfacet
  facet normal 0 0.24253562503633774 0.97014250014533077
    outer loop
      vertex 107.59999999999999 -60.039999999999999 -0.040000000000000008
      vertex 107.8 -60 -0.050000000000000003
      vertex 107.59999999999999 -60 -0.050000000000000003
    endloop
  endfacet
  facet normal 0 0 1
    outer loop
      vertex 107.59999999999999 -60 -0.050000000000000003
      vertex 107.8 -60 -0.050000000000000003
      vertex 107.8 -40.200000000000003 -0.050000000000000003
    endloop
  endfacet
  facet normal 0 0 1
    outer loop
      vertex 107.59999999999999 -60 -0.050000000000000003
      vertex 107.8 -40.200000000000003 -0.050000000000000003
      vertex 107.59999999999999 -40.200000000000003 -0.050000000000000003
    endloop
  endfacet
  facet normal 0 -0.24253562503633774 0.97014250014533077
    outer loop
      vertex 107.64 -40.160000000000004 -0.040000000000000008
      vertex 107.59999999999999 -40.200000000000003 -0.050000000000000003
      vertex 107.8 -40.200000000000003 -0.050000000000000003
    endloop
  endfacet
  facet normal 0 -0.24253562503633774 0.97014250014533077
    outer loop
      vertex 107.64 -40.160000000000004 -0.040000000000000008
      vertex 107.8 -40.200000000000003 -0.050000000000000003
      vertex 107.8 -40.160000000000004 -0.040000000000000008
    endloop
  endfacet
  facet normal 0 -0.24253562503633772 0.97014250014533077
    outer loop
      vertex 107.59999999999999 -40.160000000000004 -0.040000000000000008
      vertex 107.59999999999999 -40.200000000000003 -0.050000000000000003
      vertex 107.64 -40.160000000000004 -0.040000000000000008
    endloop
  endfacet
  facet normal 0 -0.44721359549996542 0.89442719099991219
    outer loop
      vertex 107.92 -80.079999999999998 -0.040000000000000008
      vertex 107.84 -80.159999999999997 -0.079999999999999988
      vertex 108 -80.159999999999997 -0.079999999999999988
    endloop
  endfacet
  facet normal 0 -0.44721359549996542 0.89442719099991219
    outer loop
      vertex 107.92 -80.079999999999998 -0.040000000000000008
      vertex 108 -80.159999999999997 -0.079999999999999988
      vertex 108 -80.079999999999998 -0.040000000000000008
    endloop
  endfacet
  facet normal 0 -0.44721359549996537 0.89442719099991219
    outer loop
      vertex 107.8 -80.079999999999998 -0.040000000000000008
      vertex 107.8 -80.159999999999997 -0.079999999999999988
      vertex 107.84 -80.159999999999997 -0.079999999999999988
    endloop
  endfacet
  facet normal 0 -0.44721359549996542 0.89442719099991219
    outer loop
      vertex 107.8 -80.079999999999998 -0.040000000000000008
      vertex 107.84 -80.159999999999997 -0.079999999999999988
      vertex 107.92 -80.079999999999998 -0.040000000000000008
    endloop
  endfacet
  facet normal -0 0.24253562503633772 0.97014250014533077
    outer loop
      vertex 107.95999999999999 -60.039999999999999 -0.040000000000000008
      vertex 108 -60.039999999999999 -0.040000000000000008
      vertex 108 -60 -0.050000000000000003
    endloop
  endfacet
  facet normal -0 0.24253562503633774 0.97014250014533077
    outer loop
      vertex 107.8 -60.039999999999999 -0.040000000000000008
      vertex 107.95999999999999 -60.039999999999999 -0.040000000000000008
      vertex 108 -60 -0.050000000000000003
    endloop
  endfacet
  facet normal 0 0.24253562503633774 0.97014250014533077
    outer loop
      vertex 107.8 -60.039999999999999 -0.040000000000000008
      vertex 108 -60 -0.050000000000000003
      vertex 107.8 -60 -0.050000000000000003
    endloop
  endfacet
  facet normal 0 0 1
    outer loop
      vertex 107.8 -60 -0.050000000000000003
      vertex 108 -60 -0.050000000000000003
      vertex 108 -40.200000000000003 -0.050000000000000003
    endloop
  endfacet
  facet normal 0 0 1
    outer loop
      vertex 107.8 -60 -0.050000000000000003
      vertex 108 -40.200000000000003 -0.050000000000000003
      vertex 107.8 -40.200000000000003 -0.050000000000000003
    endloop
  endfacet
  facet normal 0 -0.24253562503633774 0.97014250014533077
    outer loop
      vertex 107.84 -40.160000000000004 -0.040000000000000008
      vertex 107.8 -40.200000000000003 -0.050000000000000003
      vertex 108 -40.200000000000003 -0.050000000000000003
    endloop
  endfacet
  facet normal 0 -0.24253562503633774 0.97014250014533077
    outer loop
      vertex 107.84 -40.160000000000004 -0.040000000000000008
      vertex 108 -40.200000000000003 -0.050000000000000003
      vertex 108 -40.160000000000004 -0.040000000000000008
    endloop
  endfacet
  facet normal 0 -0.24253562503633772 0.97014250014533077
    outer loop
      vertex 107.8 -40.160000000000004 -0.040000000000000008
      vertex 107.8 -40.200000000000003 -0.050000000000000003
      vertex 107.84 -40.160000000000004 -0.040000000000000008
    endloop
  endfacet
  facet normal -0.44721359549996537 0 0.8944271909999123
    outer loop
      vertex 108.12 -88.120000000000005 -0.040000000000000008
      vertex 108.04000000000001 -96.039999999999992 -0.079999999999999988
      vertex 108.04000000000001 -100 -0.079999999999999988
    endloop
  endfacet
  facet normal -0.44721359549996537 0 0.89442719099991208
    outer loop
      vertex 108.12 -88.120000000000005 -0.040000000000000008
      vertex 108.04000000000001 -100 -0.079999999999999988
      vertex 108.12 -100 -0.040000000000000008
    endloop
  endfacet
  facet normal -0.44721359549996537 0 0.89442719099991208
    outer loop
      vertex 108.04000000000001 -96.039999999999992 -0.079999999999999988
      vertex 108.12 -88.120000000000005 -0.040000000000000008
      vertex 108.12 -80.200000000000003 -0.040000000000000008
    endloop
  endfacet
  facet normal -0.44721359549996542 0 0.89442719099991219
    outer loop
      vertex 108.04000000000001 -96.039999999999992 -0.079999999999999988
      vertex 108.12 -80.200000000000003 -0.040000000000000008
      vertex 108.04000000000001 -80.200000000000003 -0.079999999999999988
    endloop
  endfacet
  facet normal -0.44721359549996531 0 0.89442719099991219
    outer loop
      vertex 108.12 -80.079999999999998 -0.040000000000000008
      vertex 108.04000000000001 -80.159999999999997 -0.079999999999999988
      vertex 108.04000000000001 -80.200000000000003 -0.079999999999999988
    endloop
  endfacet
  facet normal -0.44721359549996542 0 0.89442719099991219
    outer loop
      vertex 108.12 -80.079999999999998 -0.040000000000000008
      vertex 108.04000000000001 -80.200000000000003 -0.079999999999999988
      vertex 108.12 -80.200000000000003 -0.040000000000000008
    endloop
  endfacet
  facet normal 0 -0.44721359549996537 0.89442719099991219
    outer loop
      vertex 108 -80.079999999999998 -0.040000000000000008
      vertex 108 -80.159999999999997 -0.079999999999999988
      vertex 108.04000000000001 -80.159999999999997 -0.079999999999999988
    endloop
  endfacet
  facet normal 0 -0.44721359549996542 0.89442719099991219
    outer loop
      vertex 108 -80.079999999999998 -0.040000000000000008
      vertex 108.04000000000001 -80.159999999999997 -0.079999999999999988
      vertex 108.12 -80.079999999999998 -0.040000000000000008
    endloop
  endfacet
  facet normal -0.23570226039548067 0.2357022603955225 0.94280904158207046
    outer loop
      vertex 108 -60.039999999999999 -0.040000000000000008
      vertex 108.04000000000001 -60 -0.040000000000000008
      vertex 108 -60 -0.050000000000000003
    endloop
  endfacet
  facet normal -0.24253562503629716 0 0.97014250014534087
    outer loop
      vertex 108.04000000000001 -56.040000000000006 -0.040000000000000008
      vertex 108 -60 -0.050000000000000003
      vertex 108.04000000000001 -60 -0.040000000000000008
    endloop
  endfacet
  facet normal -0.24253562503629719 0 0.97014250014534087
    outer loop
      vertex 108 -60 -0.050000000000000003
      vertex 108.04000000000001 -56.040000000000006 -0.040000000000000008
      vertex 108.04000000000001 -40.200000000000003 -0.040000000000000008
    endloop
  endfacet
  facet normal -0.24253562503629716 0 0.97014250014534087
    outer loop
      vertex 108 -60 -0.050000000000000003
      vertex 108.04000000000001 -40.200000000000003 -0.040000000000000008
      vertex 108 -40.200000000000003 -0.050000000000000003
    endloop
  endfacet
  facet normal -0.24253562503629719 0 0.97014250014534087
    outer loop
      vertex 108.04000000000001 -40.160000000000004 -0.040000000000000008
      vertex 108 -40.200000000000003 -0.050000000000000003
      vertex 108.04000000000001 -40.200000000000003 -0.040000000000000008
    endloop
  endfacet
  facet normal 0 -0.24253562503633772 0.97014250014533077
    outer loop
      vertex 108 -40.160000000000004 -0.040000000000000008
      vertex 108 -40.200000000000003 -0.050000000000000003
      vertex 108.04000000000001 -40.160000000000004 -0.040000000000000008
    endloop
  endfacet
endsolid terrain_band_4
