solid terrain_band_7
  facet normal -0.2425356250363371 0 0.97014250014533099
    outer loop
      vertex 40.160000000000004 -84.159999999999997 0.040000000000000036
      vertex 40.160000000000004 -100 0.040000000000000036
      vertex 40.200000000000003 -100 0.050000000000000003
    endloop
  endfacet
  facet normal -0.24253562503633713 0 0.97014250014533099
    outer loop
      vertex 40.160000000000004 -84.159999999999997 0.040000000000000036
      vertex 40.200000000000003 -100 0.050000000000000003
      vertex 40.200000000000003 -80.200000000000003 0.050000000000000003
    endloop
  endfacet
  facet normal -0.24253562503633708 0 0.97014250014533077
    outer loop
      vertex 40.160000000000004 -84.159999999999982 0.040000000000000036
      vertex 40.200000000000003 -80.200000000000003 0.050000000000000003
      vertex 40.160000000000004 -80.200000000000003 0.040000000000000036
    endloop
  endfacet
  facet normal -0.21821789023595342 -0.43643578047196491 0.87287156094398932
    outer loop
      vertex 40.106666666666669 -80.093333333333334 0.080000000000000016
      vertex 40.053333333333335 -80.146666666666675 0.040000000000000036
      vertex 40.160000000000004 -80.200000000000003 0.040000000000000036
    endloop
  endfacet
  facet normal -0.21821789023599669 -0.43643578047197967 0.87287156094397089
    outer loop
      vertex 40.106666666666669 -80.093333333333334 0.080000000000000016
      vertex 40.160000000000004 -80.200000000000003 0.040000000000000036
      vertex 40.200000000000003 -80.200000000000003 0.050000000000000003
    endloop
  endfacet
  facet normal -0.21821789023598612 -0.43643578047197223 0.87287156094397733
    outer loop
      vertex 40.106666666666669 -80.093333333333334 0.080000000000000016
      vertex 40.200000000000003 -80.200000000000003 0.050000000000000003
      vertex 40.200000000000003 -80.140000000000001 0.080000000000000016
    endloop
  endfacet
  facet normal -0.5999999999999911 0 0.80000000000000671
    outer loop
      vertex 40.053333333333335 -80.146666666666675 0.040000000000000036
      vertex 40.106666666666669 -80.093333333333334 0.080000000000000016
      vertex 40.106666666666669 -80 0.080000000000000016
    endloop
  endfacet
  facet normal -0.59999999999999098 0 0.80000000000000682
    outer loop
      vertex 40.053333333333335 -80.146666666666675 0.040000000000000036
      vertex 40.106666666666669 -80 0.080000000000000016
      vertex 40.053333333333335 -80 0.040000000000000036
    endloop
  endfacet
  facet normal -0.59999999999999098 0 0.80000000000000682
    outer loop
      vertex 40.106666666666669 -69.439999999999998 0.080000000000000016
      vertex 40.053333333333335 -74.719999999999999 0.040000000000000036
      vertex 40.053333333333335 -80 0.040000000000000036
    endloop
  endfacet
  facet normal -0.59999999999999098 0 0.80000000000000682
    outer loop
      vertex 40.106666666666669 -69.439999999999998 0.080000000000000016
      vertex 40.053333333333335 -80 0.040000000000000036
      vertex 40.106666666666669 -80 0.080000000000000016
    endloop
  endfacet
  facet normal -0.59999999999999098 0 0.80000000000000682
    outer loop
      vertex 40.053333333333335 -74.719999999999999 0.040000000000000036
      vertex 40.106666666666669 -69.439999999999998 0.080000000000000016
      vertex 40.106666666666669 -60.200000000000003 0.080000000000000016
    endloop
  endfacet
  facet normal -0.59999999999999098 0 0.80000000000000682
    outer loop
      vertex 40.053333333333335 -74.719999999999999 0.040000000000000036
      vertex 40.106666666666669 -60.200000000000003 0.080000000000000016
      vertex 40.053333333333335 -60.200000000000003 0.040000000000000036
    endloop
  endfacet
  facet normal -0.58834840541451328 0.19611613513815371 0.7844645405527727
    outer loop
      vertex 40.160000000000004 -60.039999999999999 0.080000000000000016
      vertex 40.079999999999998 -60.120000000000005 0.040000000000000036
      vertex 40.053333333333335 -60.200000000000003 0.040000000000000036
    endloop
  endfacet
  facet normal -0.58834840541454358 0.19611613513818121 0.78446454055274328
    outer loop
      vertex 40.160000000000004 -60.039999999999999 0.080000000000000016
      vertex 40.053333333333335 -60.200000000000003 0.040000000000000036
      vertex 40.106666666666669 -60.200000000000003 0.080000000000000016
    endloop
  endfacet
  facet normal -0.4472135954999335 0 0.89442719099992807
    outer loop
      vertex 40.079999999999998 -60.120000000000005 0.040000000000000036
      vertex 40.160000000000004 -60.039999999999999 0.080000000000000016
      vertex 40.160000000000004 -60 0.080000000000000016
    endloop
  endfacet
  facet normal -0.44721359549993361 0 0.89442719099992807
    outer loop
      vertex 40.079999999999998 -60.120000000000005 0.040000000000000036
      vertex 40.160000000000004 -60 0.080000000000000016
      vertex 40.079999999999998 -60 0.040000000000000036
    endloop
  endfacet
  facet normal -0.44721359549993361 0 0.89442719099992807
    outer loop
      vertex 40.160000000000004 -44.160000000000004 0.080000000000000016
      vertex 40.079999999999998 -52.079999999999998 0.040000000000000036
      vertex 40.079999999999998 -60 0.040000000000000036
    endloop
  endfacet
  facet normal -0.44721359549993361 0 0.89442719099992796
    outer loop
      vertex 40.160000000000004 -44.160000000000004 0.080000000000000016
      vertex 40.079999999999998 -60 0.040000000000000036
      vertex 40.160000000000004 -60 0.080000000000000016
    endloop
  endfacet
  facet normal -0.44721359549993361 0 0.89442719099992807
    outer loop
      vertex 40.079999999999998 -52.079999999999991 0.040000000000000036
      vertex 40.160000000000004 -44.159999999999997 0.080000000000000016
      vertex 40.160000000000004 -40.200000000000003 0.080000000000000016
    endloop
  endfacet
  facet normal -0.44721359549993361 0 0.89442719099992796
    outer loop
      vertex 40.079999999999998 -52.079999999999991 0.040000000000000036
      vertex 40.160000000000004 -40.200000000000003 0.080000000000000016
      vertex 40.079999999999998 -40.200000000000003 0.040000000000000036
    endloop
  endfacet
  facet normal -0.43643578047196119 0.21821789023599031 0.87287156094398177
    outer loop
      vertex 40.160000000000004 -40.039999999999999 0.040000000000000036
      vertex 40.079999999999998 -40.200000000000003 0.040000000000000036
      vertex 40.160000000000004 -40.200000000000003 0.080000000000000016
    endloop
  endfacet
  facet normal -0.43643578047197684 0.21821789023598845 0.87287156094397444
    outer loop
      vertex 40.160000000000004 -40.039999999999999 0.040000000000000036
      vertex 40.160000000000004 -40.200000000000003 0.080000000000000016
      vertex 40.200000000000003 -40.120000000000005 0.080000000000000016
    endloop
  endfacet
  facet normal -0.43643578047198217 0.21821789023598501 0.87287156094397267
    outer loop
      vertex 40.160000000000004 -40.039999999999999 0.040000000000000036
      vertex 40.200000000000003 -40.120000000000005 0.080000000000000016
      vertex 40.200000000000003 -40 0.050000000000000003
    endloop
  endfacet
  facet normal -0.24253562503633708 0 0.97014250014533088
    outer loop
      vertex 40.160000000000004 -40.039999999999999 0.040000000000000036
      vertex 40.200000000000003 -40 0.050000000000000003
      vertex 40.160000000000004 -40 0.040000000000000036
    endloop
  endfacet
  facet normal -0.24253562503633713 0 0.97014250014533099
    outer loop
      vertex 40.160000000000004 -24.159999999999986 0.040000000000000036
      vertex 40.160000000000004 -40 0.040000000000000036
      vertex 40.200000000000003 -40 0.050000000000000003
    endloop
  endfacet
  facet normal -0.24253562503633708 0 0.97014250014533077
    outer loop
      vertex 40.160000000000004 -24.159999999999986 0.040000000000000036
      vertex 40.200000000000003 -40 0.050000000000000003
      vertex 40.200000000000003 -20.199999999999999 0.050000000000000003
    endloop
  endfacet
  facet normal -0.24253562503633708 0 0.97014250014533088
    outer loop
      vertex 40.160000000000004 -24.159999999999986 0.040000000000000036
      vertex 40.200000000000003 -20.199999999999999 0.050000000000000003
      vertex 40.160000000000004 -20.199999999999999 0.040000000000000036
    endloop
  endfacet
  facet normal -0.23570226039549583 -0.2357022603955167 0.94280904158206813
    outer loop
      vertex 40.160000000000004 -20.039999999999999 0.080000000000000016
      vertex 40.079999999999998 -20.120000000000001 0.040000000000000036
      vertex 40.160000000000004 -20.199999999999999 0.040000000000000036
    endloop
  endfacet
  facet normal -0.23570226039551989 -0.23570226039551528 0.94280904158206247
    outer loop
      vertex 40.160000000000004 -20.039999999999999 0.080000000000000016
      vertex 40.160000000000004 -20.199999999999999 0.040000000000000036
      vertex 40.200000000000003 -20.199999999999999 0.050000000000000003
    endloop
  endfacet
  facet normal -0.23570226039551417 -0.23570226039551417 0.94280904158206424
    outer loop
      vertex 40.160000000000004 -20.039999999999999 0.080000000000000016
      vertex 40.200000000000003 -20.199999999999999 0.050000000000000003
      vertex 40.200000000000003 -20.079999999999998 0.080000000000000016
    endloop
  endfacet
  facet normal -0.44721359549993372 0 0.89442719099992807
    outer loop
      vertex 40.079999999999998 -20.120000000000001 0.040000000000000036
      vertex 40.160000000000004 -20.039999999999999 0.080000000000000016
      vertex 40.160000000000004 -20 0.080000000000000016
    endloop
  endfacet
  facet normal -0.44721359549993367 0 0.89442719099992807
    outer loop
      vertex 40.079999999999998 -20.120000000000001 0.040000000000000036
      vertex 40.160000000000004 -20 0.080000000000000016
      vertex 40.079999999999998 -20 0.040000000000000036
    endloop
  endfacet
  facet normal -0.44721359549993361 0 0.89442719099992807
    outer loop
      vertex 40.160000000000004 -12.159999999999998 0.080000000000000016
      vertex 40.079999999999998 -16.079999999999998 0.040000000000000036
      vertex 40.079999999999998 -20 0.040000000000000036
    endloop
  endfacet
  facet normal -0.44721359549993361 0 0.89442719099992796
    outer loop
      vertex 40.160000000000004 -12.159999999999998 0.080000000000000016
      vertex 40.079999999999998 -20 0.040000000000000036
      vertex 40.160000000000004 -20 0.080000000000000016
    endloop
  endfacet
  facet normal -0.4472135954999335 0 0.89442719099992807
    outer loop
      vertex 40.079999999999998 -16.079999999999995 0.040000000000000036
      vertex 40.160000000000004 -12.159999999999998 0.080000000000000016
      vertex 40.160000000000004 -10.199999999999999 0.080000000000000016
    endloop
  endfacet
  facet normal -0.44721359549993361 0 0.89442719099992807
    outer loop
      vertex 40.079999999999998 -16.079999999999995 0.040000000000000036
      vertex 40.160000000000004 -10.199999999999999 0.080000000000000016
      vertex 40.079999999999998 -10.199999999999999 0.040000000000000036
    endloop
  endfacet
  facet normal -0.43643578047199383 -0.21821789023597513 0.87287156094396934
    outer loop
      vertex 40.106666666666669 -10.093333333333334 0.080000000000000016
      vertex 40.053333333333335 -10.146666666666667 0.040000000000000036
      vertex 40.079999999999998 -10.199999999999999 0.040000000000000036
    endloop
  endfacet
  facet normal -0.43643578047196147 -0.218217890235988 0.87287156094398233
    outer loop
      vertex 40.106666666666669 -10.093333333333334 0.080000000000000016
      vertex 40.079999999999998 -10.199999999999999 0.040000000000000036
      vertex 40.160000000000004 -10.199999999999999 0.080000000000000016
    endloop
  endfacet
  facet normal -0.59999999999999098 0 0.80000000000000671
    outer loop
      vertex 40.053333333333335 -10.146666666666667 0.040000000000000036
      vertex 40.106666666666669 -10.093333333333334 0.080000000000000016
      vertex 40.106666666666669 -10 0.080000000000000016
    endloop
  endfacet
  facet normal -0.59999999999999098 0 0.80000000000000671
    outer loop
      vertex 40.053333333333335 -10.146666666666667 0.040000000000000036
      vertex 40.106666666666669 -10 0.080000000000000016
      vertex 40.053333333333335 -10 0.040000000000000036
    endloop
  endfacet
  facet normal -0.59999999999999098 0 0.80000000000000682
    outer loop
      vertex 40.106666666666669 -4.6666666666666652 0.080000000000000016
      vertex 40.053333333333335 -7.3333333333333304 0.040000000000000036
      vertex 40.053333333333335 -10 0.040000000000000036
    endloop
  endfacet
  facet normal -0.59999999999999098 0 0.80000000000000682
    outer loop
      vertex 40.106666666666669 -4.6666666666666652 0.080000000000000016
      vertex 40.053333333333335 -10 0.040000000000000036
      vertex 40.106666666666669 -10 0.080000000000000016
    endloop
  endfacet
  facet normal -0.59999999999999087 0 0.80000000000000671
    outer loop
      vertex 40.053333333333335 -7.3333333333333304 0.040000000000000036
      vertex 40.106666666666669 -4.6666666666666652 0.080000000000000016
      vertex 40.106666666666669 0 0.080000000000000016
    endloop
  endfacet
  facet normal -0.59999999999999098 0 0.80000000000000682
    outer loop
      vertex 40.053333333333335 -7.3333333333333304 0.040000000000000036
      vertex 40.106666666666669 0 0.080000000000000016
      vertex 40.053333333333335 0 0.040000000000000036
    endloop
  endfacet
  facet normal -0.58834840541449762 0.1961161351381441 0.78446454055278703
    outer loop
      vertex 40.160000000000004 0.16000000000000003 0.080000000000000016
      vertex 40.079999999999998 0.080000000000000071 0.040000000000000036
      vertex 40.053333333333335 0 0.040000000000000036
    endloop
  endfacet
  facet normal -0.58834840541454292 0.19611613513818549 0.78446454055274251
    outer loop
      vertex 40.160000000000004 0.16000000000000003 0.080000000000000016
      vertex 40.053333333333335 0 0.040000000000000036
      vertex 40.106666666666669 0 0.080000000000000016
    endloop
  endfacet
  facet normal -0.44721359549993367 0 0.89442719099992796
    outer loop
      vertex 40.079999999999998 0.080000000000000071 0.040000000000000036
      vertex 40.160000000000004 0.16000000000000003 0.080000000000000016
      vertex 40.160000000000004 0.20000000000000001 0.080000000000000016
    endloop
  endfacet
  facet normal -0.44721359549993361 0 0.89442719099992796
    outer loop
      vertex 40.079999999999998 0.080000000000000071 0.040000000000000036
      vertex 40.160000000000004 0.20000000000000001 0.080000000000000016
      vertex 40.079999999999998 0.20000000000000001 0.040000000000000036
    endloop
  endfacet
  facet normal -0.44721359549993361 0 0.89442719099992807
    outer loop
      vertex 40.160000000000004 8.0400000000000009 0.080000000000000016
      vertex 40.079999999999998 4.1200000000000028 0.040000000000000036
      vertex 40.079999999999998 0.20000000000000001 0.040000000000000036
    endloop
  endfacet
  facet normal -0.44721359549993361 0 0.89442719099992796
    outer loop
      vertex 40.160000000000004 8.0400000000000009 0.080000000000000016
      vertex 40.079999999999998 0.20000000000000001 0.040000000000000036
      vertex 40.160000000000004 0.20000000000000001 0.080000000000000016
    endloop
  endfacet
  facet normal -0.44721359549993372 0 0.89442719099992796
    outer loop
      vertex 40.079999999999998 4.1200000000000037 0.040000000000000036
      vertex 40.160000000000004 8.0400000000000009 0.080000000000000016
      vertex 40.160000000000004 10 0.080000000000000016
    endloop
  endfacet
  facet normal -0.44721359549993361 0 0.89442719099992807
    outer loop
      vertex 40.079999999999998 4.1200000000000037 0.040000000000000036
      vertex 40.160000000000004 10 0.080000000000000016
      vertex 40.079999999999998 10 0.040000000000000036
    endloop
  endfacet
  facet normal -0.43643578047199383 -0.21821789023597513 0.87287156094396934
    outer loop
      vertex 40.106666666666669 10.106666666666666 0.080000000000000016
      vertex 40.053333333333335 10.053333333333333 0.040000000000000036
      vertex 40.079999999999998 10 0.040000000000000036
    endloop
  endfacet
  facet normal -0.43643578047196147 -0.218217890235988 0.87287156094398233
    outer loop
      vertex 40.106666666666669 10.106666666666666 0.080000000000000016
      vertex 40.079999999999998 10 0.040000000000000036
      vertex 40.160000000000004 10 0.080000000000000016
    endloop
  endfacet
  facet normal -0.59999999999999098 0 0.80000000000000671
    outer loop
      vertex 40.053333333333335 10.053333333333333 0.040000000000000036
      vertex 40.106666666666669 10.106666666666666 0.080000000000000016
      vertex 40.106666666666669 10.199999999999999 0.080000000000000016
    endloop
  endfacet
  facet normal -0.59999999999999098 0 0.80000000000000671
    outer loop
      vertex 40.053333333333335 10.053333333333333 0.040000000000000036
      vertex 40.106666666666669 10.199999999999999 0.080000000000000016
      vertex 40.053333333333335 10.199999999999999 0.040000000000000036
    endloop
  endfacet
  facet normal -0.59999999999999087 0 0.80000000000000682
    outer loop
      vertex 40.106666666666669 15.426666666666668 0.080000000000000016
      vertex 40.053333333333335 12.813333333333336 0.040000000000000036
      vertex 40.053333333333335 10.199999999999999 0.040000000000000036
    endloop
  endfacet
  facet normal -0.59999999999999098 0 0.80000000000000693
    outer loop
      vertex 40.106666666666669 15.426666666666668 0.080000000000000016
      vertex 40.053333333333335 10.199999999999999 0.040000000000000036
      vertex 40.106666666666669 10.199999999999999 0.080000000000000016
    endloop
  endfacet
  facet normal -0.59999999999999098 0 0.80000000000000671
    outer loop
      vertex 40.053333333333335 12.813333333333336 0.040000000000000036
      vertex 40.106666666666669 15.426666666666668 0.080000000000000016
      vertex 40.106666666666669 20 0.080000000000000016
    endloop
  endfacet
  facet normal -0.59999999999999098 0 0.80000000000000682
    outer loop
      vertex 40.053333333333335 12.813333333333336 0.040000000000000036
      vertex 40.106666666666669 20 0.080000000000000016
      vertex 40.053333333333335 20 0.040000000000000036
    endloop
  endfacet
  facet normal -0.5883484054145055 0.19611613513815107 0.78446454055277937
    outer loop
      vertex 40.160000000000004 20.16 0.080000000000000016
      vertex 40.079999999999998 20.079999999999998 0.040000000000000036
      vertex 40.053333333333335 20 0.040000000000000036
    endloop
  endfacet
  facet normal -0.58834840541454303 0.19611613513818538 0.78446454055274262
    outer loop
      vertex 40.160000000000004 20.16 0.080000000000000016
      vertex 40.053333333333335 20 0.040000000000000036
      vertex 40.106666666666669 20 0.080000000000000016
    endloop
  endfacet
  facet normal -0.44721359549993372 0 0.89442719099992807
    outer loop
      vertex 40.079999999999998 20.079999999999998 0.040000000000000036
      vertex 40.160000000000004 20.16 0.080000000000000016
      vertex 40.160000000000004 20.199999999999999 0.080000000000000016
    endloop
  endfacet
  facet normal -0.44721359549993367 0 0.89442719099992807
    outer loop
      vertex 40.079999999999998 20.079999999999998 0.040000000000000036
      vertex 40.160000000000004 20.199999999999999 0.080000000000000016
      vertex 40.079999999999998 20.199999999999999 0.040000000000000036
    endloop
  endfacet
  facet normal -0.44721359549993356 0 0.89442719099992796
    outer loop
      vertex 40.160000000000004 36.039999999999999 0.080000000000000016
      vertex 40.079999999999998 28.120000000000005 0.040000000000000036
      vertex 40.079999999999998 20.199999999999999 0.040000000000000036
    endloop
  endfacet
  facet normal -0.44721359549993361 0 0.89442719099992807
    outer loop
      vertex 40.160000000000004 36.039999999999999 0.080000000000000016
      vertex 40.079999999999998 20.199999999999999 0.040000000000000036
      vertex 40.160000000000004 20.199999999999999 0.080000000000000016
    endloop
  endfacet
  facet normal -0.44721359549993361 0 0.89442719099992807
    outer loop
      vertex 40.079999999999998 28.120000000000005 0.040000000000000036
      vertex 40.160000000000004 36.039999999999999 0.080000000000000016
      vertex 40.160000000000004 40 0.080000000000000016
    endloop
  endfacet
  facet normal -0.44721359549993367 0 0.89442719099992818
    outer loop
      vertex 40.079999999999998 28.120000000000005 0.040000000000000036
      vertex 40.160000000000004 40 0.080000000000000016
      vertex 40.079999999999998 40 0.040000000000000036
    endloop
  endfacet
  facet normal -0.43643578047196119 0.21821789023599031 0.87287156094398177
    outer loop
      vertex 40.160000000000004 40.160000000000004 0.040000000000000036
      vertex 40.079999999999998 40 0.040000000000000036
      vertex 40.160000000000004 40 0.080000000000000016
    endloop
  endfacet
  facet normal -0.43643578047197684 0.21821789023598845 0.87287156094397444
    outer loop
      vertex 40.160000000000004 40.160000000000004 0.040000000000000036
      vertex 40.160000000000004 40 0.080000000000000016
      vertex 40.200000000000003 40.079999999999998 0.080000000000000016
    endloop
  endfacet
  facet normal -0.43643578047198217 0.21821789023598501 0.87287156094397267
    outer loop
      vertex 40.160000000000004 40.160000000000004 0.040000000000000036
      vertex 40.200000000000003 40.079999999999998 0.080000000000000016
      vertex 40.200000000000003 40.200000000000003 0.050000000000000003
    endloop
  endfacet
  facet normal -0.24253562503633708 0 0.97014250014533088
    outer loop
      vertex 40.160000000000004 40.160000000000004 0.040000000000000036
      vertex 40.200000000000003 40.200000000000003 0.050000000000000003
      vertex 40.160000000000004 40.200000000000003 0.040000000000000036
    endloop
  endfacet
  facet normal -0.24253562503633708 0 0.97014250014533077
    outer loop
      vertex 40.160000000000004 56.040000000000013 0.040000000000000036
      vertex 40.160000000000004 40.200000000000003 0.040000000000000036
      vertex 40.200000000000003 40.200000000000003 0.050000000000000003
    endloop
  endfacet
  facet normal -0.24253562503633708 0 0.97014250014533077
    outer loop
      vertex 40.160000000000004 56.040000000000013 0.040000000000000036
      vertex 40.200000000000003 40.200000000000003 0.050000000000000003
      vertex 40.200000000000003 60 0.050000000000000003
    endloop
  endfacet
  facet normal -0.24253562503633708 0 0.97014250014533088
    outer loop
      vertex 40.160000000000004 56.040000000000013 0.040000000000000036
      vertex 40.200000000000003 60 0.050000000000000003
      vertex 40.160000000000004 60 0.040000000000000036
    endloop
  endfacet
  facet normal -0.23570226039549111 -0.23570226039551206 0.94280904158207046
    outer loop
      vertex 40.160000000000004 60.160000000000004 0.080000000000000016
      vertex 40.079999999999998 60.079999999999998 0.040000000000000036
      vertex 40.160000000000004 60 0.040000000000000036
    endloop
  endfacet
  facet normal -0.23570226039552006 -0.23570226039551037 0.94280904158206369
    outer loop
      vertex 40.160000000000004 60.160000000000004 0.080000000000000016
      vertex 40.160000000000004 60 0.040000000000000036
      vertex 40.200000000000003 60 0.050000000000000003
    endloop
  endfacet
  facet normal -0.23570226039550796 -0.23570226039550796 0.94280904158206724
    outer loop
      vertex 40.160000000000004 60.160000000000004 0.080000000000000016
      vertex 40.200000000000003 60 0.050000000000000003
      vertex 40.200000000000003 60.120000000000005 0.080000000000000016
    endloop
  endfacet
  facet normal -0.4472135954999335 0 0.89442719099992807
    outer loop
      vertex 40.079999999999998 60.079999999999998 0.040000000000000036
      vertex 40.160000000000004 60.160000000000004 0.080000000000000016
      vertex 40.160000000000004 60.200000000000003 0.080000000000000016
    endloop
  endfacet
  facet normal -0.44721359549993361 0 0.89442719099992807
    outer loop
      vertex 40.079999999999998 60.079999999999998 0.040000000000000036
      vertex 40.160000000000004 60.200000000000003 0.080000000000000016
      vertex 40.079999999999998 60.200000000000003 0.040000000000000036
    endloop
  endfacet
  facet normal -0.44721359549993361 0 0.89442719099992807
    outer loop
      vertex 40.160000000000004 76.040000000000006 0.080000000000000016
      vertex 40.079999999999998 68.120000000000005 0.040000000000000036
      vertex 40.079999999999998 60.200000000000003 0.040000000000000036
    endloop
  endfacet
  facet normal -0.44721359549993361 0 0.89442719099992807
    outer loop
      vertex 40.160000000000004 76.040000000000006 0.080000000000000016
      vertex 40.079999999999998 60.200000000000003 0.040000000000000036
      vertex 40.160000000000004 60.200000000000003 0.080000000000000016
    endloop
  endfacet
  facet normal -0.44721359549993361 0 0.89442719099992807
    outer loop
      vertex 40.079999999999998 68.120000000000005 0.040000000000000036
      vertex 40.160000000000004 76.040000000000006 0.080000000000000016
      vertex 40.160000000000004 80 0.080000000000000016
    endloop
  endfacet
  facet normal -0.44721359549993367 0 0.89442719099992818
    outer loop
      vertex 40.079999999999998 68.120000000000005 0.040000000000000036
      vertex 40.160000000000004 80 0.080000000000000016
      vertex 40.079999999999998 80 0.040000000000000036
    endloop
  endfacet
  facet normal -0.40824829046385663 0.40824829046378402 0.81649658092776878
    outer loop
      vertex 40.079999999999998 80 0.040000000000000036
      vertex 40.160000000000004 80 0.080000000000000016
      vertex 40.200000000000003 80.040000000000006 0.080000000000000016
    endloop
  endfacet
  facet normal -0.40824829046386868 0.40824829046386868 0.81649658092772037
    outer loop
      vertex 40.079999999999998 80 0.040000000000000036
      vertex 40.200000000000003 80.040000000000006 0.080000000000000016
      vertex 40.200000000000003 80.120000000000005 0.040000000000000036
    endloop
  endfacet
  facet normal 0 0 1
    outer loop
      vertex 40.200000000000003 -100 0.050000000000000003
      vertex 40.399999999999999 -100 0.050000000000000003
      vertex 40.399999999999999 -80.200000000000003 0.050000000000000003
    endloop
  endfacet
  facet normal 0 0 1
    outer loop
      vertex 40.200000000000003 -100 0.050000000000000003
      vertex 40.399999999999999 -80.200000000000003 0.050000000000000003
      vertex 40.200000000000003 -80.200000000000003 0.050000000000000003
    endloop
  endfacet
  facet normal 0 -0.44721359549994449 0.89442719099992263
    outer loop
      vertex 40.260000000000005 -80.140000000000001 0.080000000000000016
      vertex 40.200000000000003 -80.200000000000003 0.050000000000000003
      vertex 40.399999999999999 -80.200000000000003 0.050000000000000003
    endloop
  endfacet
  facet normal 0 -0.44721359549994449 0.89442719099992263
    outer loop
      vertex 40.260000000000005 -80.140000000000001 0.080000000000000016
      vertex 40.399999999999999 -80.200000000000003 0.050000000000000003
      vertex 40.399999999999999 -80.140000000000001 0.080000000000000016
    endloop
  endfacet
  facet normal 0 -0.44721359549994455 0.89442719099992252
    outer loop
      vertex 40.200000000000003 -80.140000000000001 0.080000000000000016
      vertex 40.200000000000003 -80.200000000000003 0.050000000000000003
      vertex 40.260000000000005 -80.140000000000001 0.080000000000000016
    endloop
  endfacet
  facet normal -0 0.24253562503632442 0.9701425001453341
    outer loop
      vertex 40.280000000000001 -40.120000000000005 0.080000000000000016
      vertex 40.399999999999999 -40.120000000000005 0.080000000000000016
      vertex 40.399999999999999 -40 0.050000000000000003
    endloop
  endfacet
  facet normal -0 0.24253562503632442 0.97014250014533399
    outer loop
      vertex 40.200000000000003 -40.120000000000005 0.080000000000000016
      vertex 40.280000000000001 -40.120000000000005 0.080000000000000016
      vertex 40.399999999999999 -40 0.050000000000000003
    endloop
  endfacet
  facet normal 0 0.24253562503632436 0.97014250014533399
    outer loop
      vertex 40.200000000000003 -40.120000000000005 0.080000000000000016
      vertex 40.399999999999999 -40 0.050000000000000003
      vertex 40.200000000000003 -40 0.050000000000000003
    endloop
  endfacet
  facet normal 0 0 1
    outer loop
      vertex 40.200000000000003 -40 0.050000000000000003
      vertex 40.399999999999999 -40 0.050000000000000003
      vertex 40.399999999999999 -20.199999999999999 0.050000000000000003
    endloop
  endfacet
  facet normal 0 0 1
    outer loop
      vertex 40.200000000000003 -40 0.050000000000000003
      vertex 40.399999999999999 -20.199999999999999 0.050000000000000003
      vertex 40.200000000000003 -20.199999999999999 0.050000000000000003
    endloop
  endfacet
  facet normal 0 -0.24253562503633116 0.97014250014533232
    outer loop
      vertex 40.32 -20.079999999999998 0.080000000000000016
      vertex 40.200000000000003 -20.199999999999999 0.050000000000000003
      vertex 40.399999999999999 -20.199999999999999 0.050000000000000003
    endloop
  endfacet
  facet normal 0 -0.24253562503633119 0.97014250014533232
    outer loop
      vertex 40.32 -20.079999999999998 0.080000000000000016
      vertex 40.399999999999999 -20.199999999999999 0.050000000000000003
      vertex 40.399999999999999 -20.079999999999998 0.080000000000000016
    endloop
  endfacet
  facet normal 0 -0.24253562503633116 0.97014250014533232
    outer loop
      vertex 40.200000000000003 -20.079999999999998 0.080000000000000016
      vertex 40.200000000000003 -20.199999999999999 0.050000000000000003
      vertex 40.32 -20.079999999999998 0.080000000000000016
    endloop
  endfacet
  facet normal -0 0.24253562503632442 0.9701425001453341
    outer loop
      vertex 40.280000000000001 40.079999999999998 0.080000000000000016
      vertex 40.399999999999999 40.079999999999998 0.080000000000000016
      vertex 40.399999999999999 40.200000000000003 0.050000000000000003
    endloop
  endfacet
  facet normal -0 0.24253562503632442 0.97014250014533399
    outer loop
      vertex 40.200000000000003 40.079999999999998 0.080000000000000016
      vertex 40.280000000000001 40.079999999999998 0.080000000000000016
      vertex 40.399999999999999 40.200000000000003 0.050000000000000003
    endloop
  endfacet
  facet normal 0 0.24253562503632436 0.97014250014533399
    outer loop
      vertex 40.200000000000003 40.079999999999998 0.080000000000000016
      vertex 40.399999999999999 40.200000000000003 0.050000000000000003
      vertex 40.200000000000003 40.200000000000003 0.050000000000000003
    endloop
  endfacet
  facet normal 0 0 1
    outer loop
      vertex 40.200000000000003 40.200000000000003 0.050000000000000003
      vertex 40.399999999999999 40.200000000000003 0.050000000000000003
      vertex 40.399999999999999 60 0.050000000000000003
    endloop
  endfacet
  facet normal 0 0 1
    outer loop
      vertex 40.200000000000003 40.200000000000003 0.050000000000000003
      vertex 40.399999999999999 60 0.050000000000000003
      vertex 40.200000000000003 60 0.050000000000000003
    endloop
  endfacet
  facet normal 0 -0.24253562503632448 0.9701425001453341
    outer loop
      vertex 40.32 60.120000000000005 0.080000000000000016
      vertex 40.200000000000003 60 0.050000000000000003
      vertex 40.399999999999999 60 0.050000000000000003
    endloop
  endfacet
  facet normal 0 -0.24253562503632442 0.97014250014533399
    outer loop
      vertex 40.32 60.120000000000005 0.080000000000000016
      vertex 40.399999999999999 60 0.050000000000000003
      vertex 40.399999999999999 60.120000000000005 0.080000000000000016
    endloop
  endfacet
  facet normal 0 -0.24253562503632442 0.9701425001453341
    outer loop
      vertex 40.200000000000003 60.120000000000005 0.080000000000000016
      vertex 40.200000000000003 60 0.050000000000000003
      vertex 40.32 60.120000000000005 0.080000000000000016
    endloop
  endfacet
  facet normal 0 0.44721359549996542 0.89442719099991219
    outer loop
      vertex 40.32 80.120000000000005 0.040000000000000036
      vertex 40.240000000000002 80.040000000000006 0.080000000000000016
      vertex 40.399999999999999 80.040000000000006 0.080000000000000016
    endloop
  endfacet
  facet normal -0 0.44721359549996542 0.89442719099991219
    outer loop
      vertex 40.32 80.120000000000005 0.040000000000000036
      vertex 40.399999999999999 80.040000000000006 0.080000000000000016
      vertex 40.399999999999999 80.120000000000005 0.040000000000000036
    endloop
  endfacet
  facet normal 0 0.44721359549996542 0.89442719099991219
    outer loop
      vertex 40.200000000000003 80.120000000000005 0.040000000000000036
      vertex 40.200000000000003 80.040000000000006 0.080000000000000016
      vertex 40.240000000000002 80.040000000000006 0.080000000000000016
    endloop
  endfacet
  facet normal -0 0.44721359549996542 0.8944271909999123
    outer loop
      vertex 40.200000000000003 80.120000000000005 0.040000000000000036
      vertex 40.240000000000002 80.040000000000006 0.080000000000000016
      vertex 40.32 80.120000000000005 0.040000000000000036
    endloop
  endfacet
  facet normal 0 0 1
    outer loop
      vertex 40.399999999999999 -100 0.050000000000000003
      vertex 45.399999999999999 -100 0.050000000000000003
      vertex 45.399999999999999 -80.200000000000003 0.050000000000000003
    endloop
  endfacet
  facet normal 0 0 1
    outer loop
      vertex 40.399999999999999 -100 0.050000000000000003
      vertex 45.399999999999999 -80.200000000000003 0.050000000000000003
      vertex 40.399999999999999 -80.200000000000003 0.050000000000000003
    endloop
  endfacet
  facet normal 0 -0.44721359549994444 0.89442719099992252
    outer loop
      vertex 41.899999999999999 -80.140000000000001 0.080000000000000016
      vertex 40.399999999999999 -80.200000000000003 0.050000000000000003
      vertex 45.399999999999999 -80.200000000000003 0.050000000000000003
    endloop
  endfacet
  facet normal 0 -0.44721359549994455 0.89442719099992263
    outer loop
      vertex 41.899999999999999 -80.140000000000001 0.080000000000000016
      vertex 45.399999999999999 -80.200000000000003 0.050000000000000003
      vertex 45.399999999999999 -80.140000000000001 0.080000000000000016
    endloop
  endfacet
  facet normal 0 -0.44721359549994449 0.89442719099992252
    outer loop
      vertex 40.399999999999999 -80.140000000000001 0.080000000000000016
      vertex 40.399999999999999 -80.200000000000003 0.050000000000000003
      vertex 41.899999999999999 -80.140000000000001 0.080000000000000016
    endloop
  endfacet
  facet normal -0 0.24253562503632445 0.9701425001453341
    outer loop
      vertex 42.399999999999999 -40.120000000000005 0.080000000000000016
      vertex 45.399999999999999 -40.120000000000005 0.080000000000000016
      vertex 45.399999999999999 -40 0.050000000000000003
    endloop
  endfacet
  facet normal -0 0.24253562503632442 0.9701425001453341
    outer loop
      vertex 40.399999999999999 -40.120000000000005 0.080000000000000016
      vertex 42.399999999999999 -40.120000000000005 0.080000000000000016
      vertex 45.399999999999999 -40 0.050000000000000003
    endloop
  endfacet
  facet normal 0 0.24253562503632445 0.9701425001453341
    outer loop
      vertex 40.399999999999999 -40.120000000000005 0.080000000000000016
      vertex 45.399999999999999 -40 0.050000000000000003
      vertex 40.399999999999999 -40 0.050000000000000003
    endloop
  endfacet
  facet normal 0 0 1
    outer loop
      vertex 40.399999999999999 -40 0.050000000000000003
      vertex 45.399999999999999 -40 0.050000000000000003
      vertex 45.399999999999999 -20.199999999999999 0.050000000000000003
    endloop
  endfacet
  facet normal 0 0 1
    outer loop
      vertex 40.399999999999999 -40 0.050000000000000003
      vertex 45.399999999999999 -20.199999999999999 0.050000000000000003
      vertex 40.399999999999999 -20.199999999999999 0.050000000000000003
    endloop
  endfacet
  facet normal 0 -0.4472135954999657 0.89442719099991208
    outer loop
      vertex 41.899999999999999 -20.140000000000001 0.080000000000000016
      vertex 40.399999999999999 -20.199999999999999 0.050000000000000003
      vertex 45.399999999999999 -20.199999999999999 0.050000000000000003
    endloop
  endfacet
  facet normal 0 -0.4472135954999657 0.89442719099991197
    outer loop
      vertex 41.899999999999999 -20.140000000000001 0.080000000000000016
      vertex 45.399999999999999 -20.199999999999999 0.050000000000000003
      vertex 45.399999999999999 -20.140000000000001 0.080000000000000016
    endloop
  endfacet
  facet normal -0.0097009684960301466 -0.24252421240074448 0.97009684960298548
    outer loop
      vertex 40.399999999999999 -20.079999999999998 0.080000000000000016
      vertex 40.399999999999999 -20.199999999999999 0.050000000000000003
      vertex 41.899999999999999 -20.140000000000001 0.080000000000000016
    endloop
  endfacet
  facet normal -0 0.24253562503632445 0.9701425001453341
    outer loop
      vertex 42.399999999999999 40.079999999999998 0.080000000000000016
      vertex 45.399999999999999 40.079999999999998 0.080000000000000016
      vertex 45.399999999999999 40.200000000000003 0.050000000000000003
    endloop
  endfacet
  facet normal -0 0.24253562503632442 0.9701425001453341
    outer loop
      vertex 40.399999999999999 40.079999999999998 0.080000000000000016
      vertex 42.399999999999999 40.079999999999998 0.080000000000000016
      vertex 45.399999999999999 40.200000000000003 0.050000000000000003
    endloop
  endfacet
  facet normal 0 0.24253562503632445 0.9701425001453341
    outer loop
      vertex 40.399999999999999 40.079999999999998 0.080000000000000016
      vertex 45.399999999999999 40.200000000000003 0.050000000000000003
      vertex 40.399999999999999 40.200000000000003 0.050000000000000003
    endloop
  endfacet
  facet normal 0 0 1
    outer loop
      vertex 40.399999999999999 40.200000000000003 0.050000000000000003
      vertex 45.399999999999999 40.200000000000003 0.050000000000000003
      vertex 45.399999999999999 60 0.050000000000000003
    endloop
  endfacet
  facet normal 0 0 1
    outer loop
      vertex 40.399999999999999 40.200000000000003 0.050000000000000003
      vertex 45.399999999999999 60 0.050000000000000003
      vertex 40.399999999999999 60 0.050000000000000003
    endloop
  endfacet
  facet normal 0 -0.24253562503632445 0.9701425001453341
    outer loop
      vertex 43.399999999999999 60.120000000000005 0.080000000000000016
      vertex 40.399999999999999 60 0.050000000000000003
      vertex 45.399999999999999 60 0.050000000000000003
    endloop
  endfacet
  facet normal 0 -0.24253562503632442 0.9701425001453341
    outer loop
      vertex 43.399999999999999 60.120000000000005 0.080000000000000016
      vertex 45.399999999999999 60 0.050000000000000003
      vertex 45.399999999999999 60.120000000000005 0.080000000000000016
    endloop
  endfacet
  facet normal 0 -0.24253562503632445 0.9701425001453341
    outer loop
      vertex 40.399999999999999 60.120000000000005 0.080000000000000016
      vertex 40.399999999999999 60 0.050000000000000003
      vertex 43.399999999999999 60.120000000000005 0.080000000000000016
    endloop
  endfacet
  facet normal 0 0.44721359549996537 0.89442719099991208
    outer loop
      vertex 43.399999999999999 80.120000000000005 0.040000000000000036
      vertex 41.399999999999999 80.040000000000006 0.080000000000000016
      vertex 45.399999999999999 80.040000000000006 0.080000000000000016
    endloop
  endfacet
  facet normal -0 0.44721359549996537 0.89442719099991208
    outer loop
      vertex 43.399999999999999 80.120000000000005 0.040000000000000036
      vertex 45.399999999999999 80.040000000000006 0.080000000000000016
      vertex 45.399999999999999 80.120000000000005 0.040000000000000036
    endloop
  endfacet
  facet normal 0 0.44721359549996537 0.89442719099991208
    outer loop
      vertex 40.399999999999999 80.120000000000005 0.040000000000000036
      vertex 40.399999999999999 80.040000000000006 0.080000000000000016
      vertex 41.399999999999999 80.040000000000006 0.080000000000000016
    endloop
  endfacet
  facet normal -0 0.44721359549996537 0.89442719099991208
    outer loop
      vertex 40.399999999999999 80.120000000000005 0.040000000000000036
      vertex 41.399999999999999 80.040000000000006 0.080000000000000016
      vertex 43.399999999999999 80.120000000000005 0.040000000000000036
    endloop
  endfacet
  facet normal 0 0 1
    outer loop
      vertex 45.399999999999999 -100 0.050000000000000003
      vertex 45.600000000000001 -100 0.050000000000000003
      vertex 45.600000000000001 -80.200000000000003 0.050000000000000003
    endloop
  endfacet
  facet normal 0 0 1
    outer loop
      vertex 45.399999999999999 -100 0.050000000000000003
      vertex 45.600000000000001 -80.200000000000003 0.050000000000000003
      vertex 45.399999999999999 -80.200000000000003 0.050000000000000003
    endloop
  endfacet
  facet normal 0 -0.44721359549994455 0.89442719099992263
    outer loop
      vertex 45.460000000000001 -80.140000000000001 0.080000000000000016
      vertex 45.399999999999999 -80.200000000000003 0.050000000000000003
      vertex 45.600000000000001 -80.200000000000003 0.050000000000000003
    endloop
  endfacet
  facet normal 0 -0.44721359549994449 0.89442719099992252
    outer loop
      vertex 45.460000000000001 -80.140000000000001 0.080000000000000016
      vertex 45.600000000000001 -80.200000000000003 0.050000000000000003
      vertex 45.600000000000001 -80.140000000000001 0.080000000000000016
    endloop
  endfacet
  facet normal 0 -0.44721359549994455 0.89442719099992252
    outer loop
      vertex 45.399999999999999 -80.140000000000001 0.080000000000000016
      vertex 45.399999999999999 -80.200000000000003 0.050000000000000003
      vertex 45.460000000000001 -80.140000000000001 0.080000000000000016
    endloop
  endfacet
  facet normal -0 0.24253562503632442 0.9701425001453341
    outer loop
      vertex 45.479999999999997 -40.120000000000005 0.080000000000000016
      vertex 45.600000000000001 -40.120000000000005 0.080000000000000016
      vertex 45.600000000000001 -40 0.050000000000000003
    endloop
  endfacet
  facet normal -0 0.24253562503632442 0.97014250014533399
    outer loop
      vertex 45.399999999999999 -40.120000000000005 0.080000000000000016
      vertex 45.479999999999997 -40.120000000000005 0.080000000000000016
      vertex 45.600000000000001 -40 0.050000000000000003
    endloop
  endfacet
  facet normal 0 0.24253562503632442 0.97014250014533399
    outer loop
      vertex 45.399999999999999 -40.120000000000005 0.080000000000000016
      vertex 45.600000000000001 -40 0.050000000000000003
      vertex 45.399999999999999 -40 0.050000000000000003
    endloop
  endfacet
  facet normal 0 0 1
    outer loop
      vertex 45.399999999999999 -40 0.050000000000000003
      vertex 45.600000000000001 -40 0.050000000000000003
      vertex 45.600000000000001 -20.199999999999999 0.050000000000000003
    endloop
  endfacet
  facet normal 0 0 1
    outer loop
      vertex 45.399999999999999 -40 0.050000000000000003
      vertex 45.600000000000001 -20.199999999999999 0.050000000000000003
      vertex 45.399999999999999 -20.199999999999999 0.050000000000000003
    endloop
  endfacet
  facet normal 0 -0.4472135954999657 0.89442719099991208
    outer loop
      vertex 45.460000000000001 -20.140000000000001 0.080000000000000016
      vertex 45.399999999999999 -20.199999999999999 0.050000000000000003
      vertex 45.600000000000001 -20.199999999999999 0.050000000000000003
    endloop
  endfacet
  facet normal 0 -0.44721359549996564 0.89442719099991197
    outer loop
      vertex 45.460000000000001 -20.140000000000001 0.080000000000000016
      vertex 45.600000000000001 -20.199999999999999 0.050000000000000003
      vertex 45.600000000000001 -20.140000000000001 0.080000000000000016
    endloop
  endfacet
  facet normal 0 -0.44721359549996575 0.89442719099991208
    outer loop
      vertex 45.399999999999999 -20.140000000000001 0.080000000000000016
      vertex 45.399999999999999 -20.199999999999999 0.050000000000000003
      vertex 45.460000000000001 -20.140000000000001 0.080000000000000016
    endloop
  endfacet
  facet normal -0 0.24253562503632442 0.9701425001453341
    outer loop
      vertex 45.479999999999997 40.079999999999998 0.080000000000000016
      vertex 45.600000000000001 40.079999999999998 0.080000000000000016
      vertex 45.600000000000001 40.200000000000003 0.050000000000000003
    endloop
  endfacet
  facet normal -0 0.24253562503632442 0.97014250014533399
    outer loop
      vertex 45.399999999999999 40.079999999999998 0.080000000000000016
      vertex 45.479999999999997 40.079999999999998 0.080000000000000016
      vertex 45.600000000000001 40.200000000000003 0.050000000000000003
    endloop
  endfacet
  facet normal 0 0.24253562503632442 0.97014250014533399
    outer loop
      vertex 45.399999999999999 40.079999999999998 0.080000000000000016
      vertex 45.600000000000001 40.200000000000003 0.050000000000000003
      vertex 45.399999999999999 40.200000000000003 0.050000000000000003
    endloop
  endfacet
  facet normal 0 0 1
    outer loop
      vertex 45.399999999999999 40.200000000000003 0.050000000000000003
      vertex 45.600000000000001 40.200000000000003 0.050000000000000003
      vertex 45.600000000000001 60 0.050000000000000003
    endloop
  endfacet
  facet normal 0 0 1
    outer loop
      vertex 45.399999999999999 40.200000000000003 0.050000000000000003
      vertex 45.600000000000001 60 0.050000000000000003
      vertex 45.399999999999999 60 0.050000000000000003
    endloop
  endfacet
  facet normal 0 -0.24253562503632442 0.97014250014533399
    outer loop
      vertex 45.520000000000003 60.120000000000005 0.080000000000000016
      vertex 45.399999999999999 60 0.050000000000000003
      vertex 45.600000000000001 60 0.050000000000000003
    endloop
  endfacet
  facet normal 0 -0.24253562503632442 0.97014250014533399
    outer loop
      vertex 45.520000000000003 60.120000000000005 0.080000000000000016
      vertex 45.600000000000001 60 0.050000000000000003
      vertex 45.600000000000001 60.120000000000005 0.080000000000000016
    endloop
  endfacet
  facet normal 0 -0.24253562503632442 0.9701425001453341
    outer loop
      vertex 45.399999999999999 60.120000000000005 0.080000000000000016
      vertex 45.399999999999999 60 0.050000000000000003
      vertex 45.520000000000003 60.120000000000005 0.080000000000000016
    endloop
  endfacet
  facet normal 0 0.44721359549996542 0.89442719099991219
    outer loop
      vertex 45.520000000000003 80.120000000000005 0.040000000000000036
      vertex 45.439999999999998 80.040000000000006 0.080000000000000016
      vertex 45.600000000000001 80.040000000000006 0.080000000000000016
    endloop
  endfacet
  facet normal -0 0.44721359549996542 0.89442719099991219
    outer loop
      vertex 45.520000000000003 80.120000000000005 0.040000000000000036
      vertex 45.600000000000001 80.040000000000006 0.080000000000000016
      vertex 45.600000000000001 80.120000000000005 0.040000000000000036
    endloop
  endfacet
  facet normal 0 0.44721359549996542 0.89442719099991219
    outer loop
      vertex 45.399999999999999 80.120000000000005 0.040000000000000036
      vertex 45.399999999999999 80.040000000000006 0.080000000000000016
      vertex 45.439999999999998 80.040000000000006 0.080000000000000016
    endloop
  endfacet
  facet normal -0 0.44721359549996542 0.89442719099991219
    outer loop
      vertex 45.399999999999999 80.120000000000005 0.040000000000000036
      vertex 45.439999999999998 80.040000000000006 0.080000000000000016
      vertex 45.520000000000003 80.120000000000005 0.040000000000000036
    endloop
  endfacet
  facet normal 0.24253562503633708 0 0.97014250014533077
    outer loop
      vertex 45.640000000000001 -96.04000000000002 0.040000000000000036
      vertex 45.600000000000001 -100 0.050000000000000003
      vertex 45.640000000000001 -100 0.040000000000000036
    endloop
  endfacet
  facet normal 0.24253562503633708 0 0.97014250014533099
    outer loop
      vertex 45.600000000000001 -100 0.050000000000000003
      vertex 45.640000000000001 -96.04000000000002 0.040000000000000036
      vertex 45.640000000000001 -80.200000000000003 0.040000000000000036
    endloop
  endfacet
  facet normal 0.24253562503633708 -0 0.97014250014533099
    outer loop
      vertex 45.600000000000001 -100 0.050000000000000003
      vertex 45.640000000000001 -80.200000000000003 0.040000000000000036
      vertex 45.600000000000001 -80.200000000000003 0.050000000000000003
    endloop
  endfacet
  facet normal 0.2425356250363371 0 0.97014250014533088
    outer loop
      vertex 45.640000000000001 -80.159999999999997 0.040000000000000036
      vertex 45.600000000000001 -80.200000000000003 0.050000000000000003
      vertex 45.640000000000001 -80.200000000000003 0.040000000000000036
    endloop
  endfacet
  facet normal 0.55708601453119666 -0.3713906763540803 0.74278135270818846
    outer loop
      vertex 45.600000000000001 -80.140000000000001 0.080000000000000016
      vertex 45.600000000000001 -80.200000000000003 0.050000000000000003
      vertex 45.640000000000001 -80.159999999999997 0.040000000000000036
    endloop
  endfacet
  facet normal 0.55708601453117912 -0.3713906763541111 0.74278135270818613
    outer loop
      vertex 45.600000000000001 -80.140000000000001 0.080000000000000016
      vertex 45.640000000000001 -80.159999999999997 0.040000000000000036
      vertex 45.746666666666663 -80 0.040000000000000036
    endloop
  endfacet
  facet normal 0.55708601453115425 -0.37139067635407452 0.74278135270822321
    outer loop
      vertex 45.600000000000001 -80.140000000000001 0.080000000000000016
      vertex 45.746666666666663 -80 0.040000000000000036
      vertex 45.693333333333328 -80 0.080000000000000016
    endloop
  endfacet
  facet normal 0.59999999999999098 0 0.80000000000000682
    outer loop
      vertex 45.746666666666663 -65.480000000000004 0.040000000000000036
      vertex 45.693333333333328 -70.760000000000005 0.080000000000000016
      vertex 45.693333333333328 -80 0.080000000000000016
    endloop
  endfacet
  facet normal 0.59999999999999098 0 0.80000000000000682
    outer loop
      vertex 45.746666666666663 -65.480000000000004 0.040000000000000036
      vertex 45.693333333333328 -80 0.080000000000000016
      vertex 45.746666666666663 -80 0.040000000000000036
    endloop
  endfacet
  facet normal 0.59999999999999098 0 0.80000000000000682
    outer loop
      vertex 45.693333333333328 -70.760000000000005 0.080000000000000016
      vertex 45.746666666666663 -65.480000000000004 0.040000000000000036
      vertex 45.746666666666663 -60.200000000000003 0.040000000000000036
    endloop
  endfacet
  facet normal 0.59999999999999098 -0 0.80000000000000682
    outer loop
      vertex 45.693333333333328 -70.760000000000005 0.080000000000000016
      vertex 45.746666666666663 -60.200000000000003 0.040000000000000036
      vertex 45.693333333333328 -60.200000000000003 0.080000000000000016
    endloop
  endfacet
  facet normal 0.59999999999999098 0 0.80000000000000671
    outer loop
      vertex 45.746666666666663 -60.053333333333335 0.040000000000000036
      vertex 45.693333333333328 -60.106666666666669 0.080000000000000016
      vertex 45.693333333333328 -60.200000000000003 0.080000000000000016
    endloop
  endfacet
  facet normal 0.59999999999999098 0 0.80000000000000682
    outer loop
      vertex 45.746666666666663 -60.053333333333335 0.040000000000000036
      vertex 45.693333333333328 -60.200000000000003 0.080000000000000016
      vertex 45.746666666666663 -60.200000000000003 0.040000000000000036
    endloop
  endfacet
  facet normal 0.43643578047199444 0.21821789023596816 0.87287156094397078
    outer loop
      vertex 45.693333333333328 -60.106666666666669 0.080000000000000016
      vertex 45.746666666666663 -60.053333333333335 0.040000000000000036
      vertex 45.719999999999999 -60 0.040000000000000036
    endloop
  endfacet
  facet normal 0.43643578047199449 0.21821789023596819 0.87287156094397078
    outer loop
      vertex 45.693333333333328 -60.106666666666669 0.080000000000000016
      vertex 45.719999999999999 -60 0.040000000000000036
      vertex 45.640000000000001 -60 0.080000000000000016
    endloop
  endfacet
  facet normal 0.44721359549996531 0 0.89442719099991208
    outer loop
      vertex 45.719999999999999 -48.120000000000012 0.040000000000000036
      vertex 45.640000000000001 -56.040000000000006 0.080000000000000016
      vertex 45.640000000000001 -60 0.080000000000000016
    endloop
  endfacet
  facet normal 0.44721359549996537 0 0.89442719099991208
    outer loop
      vertex 45.719999999999999 -48.120000000000012 0.040000000000000036
      vertex 45.640000000000001 -60 0.080000000000000016
      vertex 45.719999999999999 -60 0.040000000000000036
    endloop
  endfacet
  facet normal 0.4472135954999652 0 0.89442719099991208
    outer loop
      vertex 45.640000000000001 -56.039999999999999 0.080000000000000016
      vertex 45.719999999999999 -48.120000000000005 0.040000000000000036
      vertex 45.719999999999999 -40.200000000000003 0.040000000000000036
    endloop
  endfacet
  facet normal 0.44721359549996537 -0 0.89442719099991219
    outer loop
      vertex 45.640000000000001 -56.039999999999999 0.080000000000000016
      vertex 45.719999999999999 -40.200000000000003 0.040000000000000036
      vertex 45.640000000000001 -40.200000000000003 0.080000000000000016
    endloop
  endfacet
  facet normal 0.44721359549996531 0 0.89442719099991219
    outer loop
      vertex 45.719999999999999 -40.079999999999998 0.040000000000000036
      vertex 45.640000000000001 -40.160000000000004 0.080000000000000016
      vertex 45.640000000000001 -40.200000000000003 0.080000000000000016
    endloop
  endfacet
  facet normal 0.44721359549996542 0 0.89442719099991219
    outer loop
      vertex 45.719999999999999 -40.079999999999998 0.040000000000000036
      vertex 45.640000000000001 -40.200000000000003 0.080000000000000016
      vertex 45.719999999999999 -40.200000000000003 0.040000000000000036
    endloop
  endfacet
  facet normal 0.2357022603955109 0.2357022603955109 0.9428090415820658
    outer loop
      vertex 45.600000000000001 -40.120000000000005 0.080000000000000016
      vertex 45.640000000000001 -40.160000000000004 0.080000000000000016
      vertex 45.719999999999999 -40.079999999999998 0.040000000000000036
    endloop
  endfacet
  facet normal 0.23570226039551087 0.2357022603955109 0.9428090415820658
    outer loop
      vertex 45.600000000000001 -40.120000000000005 0.080000000000000016
      vertex 45.719999999999999 -40.079999999999998 0.040000000000000036
      vertex 45.640000000000001 -40 0.040000000000000036
    endloop
  endfacet
  facet normal 0.23570226039552031 0.23570226039550726 0.94280904158206436
    outer loop
      vertex 45.600000000000001 -40.120000000000005 0.080000000000000016
      vertex 45.640000000000001 -40 0.040000000000000036
      vertex 45.600000000000001 -40 0.050000000000000003
    endloop
  endfacet
  facet normal 0.24253562503633708 0 0.97014250014533088
    outer loop
      vertex 45.640000000000001 -36.040000000000013 0.040000000000000036
      vertex 45.600000000000001 -40 0.050000000000000003
      vertex 45.640000000000001 -40 0.040000000000000036
    endloop
  endfacet
  facet normal 0.24253562503633713 0 0.97014250014533099
    outer loop
      vertex 45.600000000000001 -40 0.050000000000000003
      vertex 45.640000000000001 -36.040000000000013 0.040000000000000036
      vertex 45.640000000000001 -20.199999999999999 0.040000000000000036
    endloop
  endfacet
  facet normal 0.24253562503633708 -0 0.97014250014533077
    outer loop
      vertex 45.600000000000001 -40 0.050000000000000003
      vertex 45.640000000000001 -20.199999999999999 0.040000000000000036
      vertex 45.600000000000001 -20.199999999999999 0.050000000000000003
    endloop
  endfacet
  facet normal 0.24253562503633708 0 0.97014250014533088
    outer loop
      vertex 45.640000000000001 -20.16 0.040000000000000036
      vertex 45.600000000000001 -20.199999999999999 0.050000000000000003
      vertex 45.640000000000001 -20.199999999999999 0.040000000000000036
    endloop
  endfacet
  facet normal 0.5570860145311618 -0.37139067635410827 0.74278135270820045
    outer loop
      vertex 45.600000000000001 -20.140000000000001 0.080000000000000016
      vertex 45.600000000000001 -20.199999999999999 0.050000000000000003
      vertex 45.640000000000001 -20.16 0.040000000000000036
    endloop
  endfacet
  facet normal 0.55708601453116879 -0.37139067635409601 0.74278135270820145
    outer loop
      vertex 45.600000000000001 -20.140000000000001 0.080000000000000016
      vertex 45.640000000000001 -20.16 0.040000000000000036
      vertex 45.746666666666663 -20 0.040000000000000036
    endloop
  endfacet
  facet normal 0.55708601453115425 -0.37139067635407452 0.74278135270822321
    outer loop
      vertex 45.600000000000001 -20.140000000000001 0.080000000000000016
      vertex 45.746666666666663 -20 0.040000000000000036
      vertex 45.693333333333328 -20 0.080000000000000016
    endloop
  endfacet
  facet normal 0.59999999999999098 0 0.80000000000000671
    outer loop
      vertex 45.746666666666663 -12.813333333333336 0.040000000000000036
      vertex 45.693333333333328 -15.426666666666668 0.080000000000000016
      vertex 45.693333333333328 -20 0.080000000000000016
    endloop
  endfacet
  facet normal 0.59999999999999098 0 0.80000000000000682
    outer loop
      vertex 45.746666666666663 -12.813333333333336 0.040000000000000036
      vertex 45.693333333333328 -20 0.080000000000000016
      vertex 45.746666666666663 -20 0.040000000000000036
    endloop
  endfacet
  facet normal 0.59999999999999087 0 0.80000000000000682
    outer loop
      vertex 45.693333333333328 -15.426666666666668 0.080000000000000016
      vertex 45.746666666666663 -12.813333333333336 0.040000000000000036
      vertex 45.746666666666663 -10.199999999999999 0.040000000000000036
    endloop
  endfacet
  facet normal 0.59999999999999098 -0 0.80000000000000693
    outer loop
      vertex 45.693333333333328 -15.426666666666668 0.080000000000000016
      vertex 45.746666666666663 -10.199999999999999 0.040000000000000036
      vertex 45.693333333333328 -10.199999999999999 0.080000000000000016
    endloop
  endfacet
  facet normal 0.59999999999999098 0 0.80000000000000671
    outer loop
      vertex 45.746666666666663 -10.053333333333333 0.040000000000000036
      vertex 45.693333333333328 -10.106666666666666 0.080000000000000016
      vertex 45.693333333333328 -10.199999999999999 0.080000000000000016
    endloop
  endfacet
  facet normal 0.59999999999999098 0 0.80000000000000671
    outer loop
      vertex 45.746666666666663 -10.053333333333333 0.040000000000000036
      vertex 45.693333333333328 -10.199999999999999 0.080000000000000016
      vertex 45.746666666666663 -10.199999999999999 0.040000000000000036
    endloop
  endfacet
  facet normal 0.69631062382279485 -0.17407765595572769 0.69631062382278031
    outer loop
      vertex 45.693333333333328 -10.106666666666666 0.080000000000000016
      vertex 45.746666666666663 -10.053333333333333 0.040000000000000036
      vertex 45.759999999999998 -10 0.040000000000000036
    endloop
  endfacet
  facet normal 0.69631062382279485 -0.17407765595572769 0.69631062382278042
    outer loop
      vertex 45.693333333333328 -10.106666666666666 0.080000000000000016
      vertex 45.759999999999998 -10 0.040000000000000036
      vertex 45.719999999999999 -10 0.080000000000000016
    endloop
  endfacet
  facet normal 0.7071067811865549 0 0.70710678118654013
    outer loop
      vertex 45.759999999999998 -2.0000000000000018 0.040000000000000036
      vertex 45.719999999999999 -4.0000000000000009 0.080000000000000016
      vertex 45.719999999999999 -10 0.080000000000000016
    endloop
  endfacet
  facet normal 0.70710678118655479 0 0.70710678118654013
    outer loop
      vertex 45.759999999999998 -2.0000000000000018 0.040000000000000036
      vertex 45.719999999999999 -10 0.080000000000000016
      vertex 45.759999999999998 -10 0.040000000000000036
    endloop
  endfacet
  facet normal 0.7071067811865549 0 0.70710678118654013
    outer loop
      vertex 45.719999999999999 -4.0000000000000009 0.080000000000000016
      vertex 45.759999999999998 -2.0000000000000018 0.040000000000000036
      vertex 45.759999999999998 0 0.040000000000000036
    endloop
  endfacet
  facet normal 0.7071067811865549 -0 0.70710678118654025
    outer loop
      vertex 45.719999999999999 -4.0000000000000009 0.080000000000000016
      vertex 45.759999999999998 0 0.040000000000000036
      vertex 45.719999999999999 0 0.080000000000000016
    endloop
  endfacet
  facet normal 0.7071067811865549 0 0.70710678118654013
    outer loop
      vertex 45.759999999999998 0.15999999999999998 0.040000000000000036
      vertex 45.719999999999999 0.12 0.080000000000000016
      vertex 45.719999999999999 0 0.080000000000000016
    endloop
  endfacet
  facet normal 0.7071067811865549 0 0.70710678118654013
    outer loop
      vertex 45.759999999999998 0.15999999999999998 0.040000000000000036
      vertex 45.719999999999999 0 0.080000000000000016
      vertex 45.759999999999998 0 0.040000000000000036
    endloop
  endfacet
  facet normal 0.40824829046387034 0.4082482904638613 0.81649658092772315
    outer loop
      vertex 45.719999999999999 0.12 0.080000000000000016
      vertex 45.759999999999998 0.15999999999999998 0.040000000000000036
      vertex 45.719999999999999 0.20000000000000001 0.040000000000000036
    endloop
  endfacet
  facet normal 0.40824829046387012 0.40824829046386141 0.81649658092772337
    outer loop
      vertex 45.719999999999999 0.12 0.080000000000000016
      vertex 45.719999999999999 0.20000000000000001 0.040000000000000036
      vertex 45.640000000000001 0.20000000000000001 0.080000000000000016
    endloop
  endfacet
  facet normal 0.44721359549996553 0 0.89442719099991197
    outer loop
      vertex 45.719999999999999 6.0799999999999965 0.040000000000000036
      vertex 45.640000000000001 2.1599999999999993 0.080000000000000016
      vertex 45.640000000000001 0.20000000000000001 0.080000000000000016
    endloop
  endfacet
  facet normal 0.44721359549996542 0 0.89442719099991219
    outer loop
      vertex 45.719999999999999 6.0799999999999965 0.040000000000000036
      vertex 45.640000000000001 0.20000000000000001 0.080000000000000016
      vertex 45.719999999999999 0.20000000000000001 0.040000000000000036
    endloop
  endfacet
  facet normal 0.44721359549996542 0 0.89442719099991219
    outer loop
      vertex 45.640000000000001 2.1599999999999993 0.080000000000000016
      vertex 45.719999999999999 6.0799999999999974 0.040000000000000036
      vertex 45.719999999999999 10 0.040000000000000036
    endloop
  endfacet
  facet normal 0.44721359549996537 -0 0.89442719099991208
    outer loop
      vertex 45.640000000000001 2.1599999999999993 0.080000000000000016
      vertex 45.719999999999999 10 0.040000000000000036
      vertex 45.640000000000001 10 0.080000000000000016
    endloop
  endfacet
  facet normal 0.44721359549996548 0 0.89442719099991208
    outer loop
      vertex 45.719999999999999 10.119999999999999 0.040000000000000036
      vertex 45.640000000000001 10.039999999999999 0.080000000000000016
      vertex 45.640000000000001 10 0.080000000000000016
    endloop
  endfacet
  facet normal 0.44721359549996548 0 0.89442719099991219
    outer loop
      vertex 45.719999999999999 10.119999999999999 0.040000000000000036
      vertex 45.640000000000001 10 0.080000000000000016
      vertex 45.719999999999999 10 0.040000000000000036
    endloop
  endfacet
  facet normal 0.58834840541454603 -0.19611613513816017 0.78446454055274661
    outer loop
      vertex 45.640000000000001 10.039999999999999 0.080000000000000016
      vertex 45.719999999999999 10.119999999999999 0.040000000000000036
      vertex 45.746666666666663 10.199999999999999 0.040000000000000036
    endloop
  endfacet
  facet normal 0.58834840541454603 -0.19611613513816026 0.78446454055274661
    outer loop
      vertex 45.640000000000001 10.039999999999999 0.080000000000000016
      vertex 45.746666666666663 10.199999999999999 0.040000000000000036
      vertex 45.693333333333328 10.199999999999999 0.080000000000000016
    endloop
  endfacet
  facet normal 0.59999999999999098 0 0.80000000000000671
    outer loop
      vertex 45.746666666666663 17.386666666666663 0.040000000000000036
      vertex 45.693333333333328 14.773333333333332 0.080000000000000016
      vertex 45.693333333333328 10.199999999999999 0.080000000000000016
    endloop
  endfacet
  facet normal 0.59999999999999098 0 0.80000000000000682
    outer loop
      vertex 45.746666666666663 17.386666666666663 0.040000000000000036
      vertex 45.693333333333328 10.199999999999999 0.080000000000000016
      vertex 45.746666666666663 10.199999999999999 0.040000000000000036
    endloop
  endfacet
  facet normal 0.59999999999999087 0 0.80000000000000682
    outer loop
      vertex 45.693333333333328 14.773333333333332 0.080000000000000016
      vertex 45.746666666666663 17.386666666666663 0.040000000000000036
      vertex 45.746666666666663 20 0.040000000000000036
    endloop
  endfacet
  facet normal 0.59999999999999098 -0 0.80000000000000693
    outer loop
      vertex 45.693333333333328 14.773333333333332 0.080000000000000016
      vertex 45.746666666666663 20 0.040000000000000036
      vertex 45.693333333333328 20 0.080000000000000016
    endloop
  endfacet
  facet normal 0.59999999999999087 0 0.80000000000000682
    outer loop
      vertex 45.746666666666663 20.146666666666665 0.040000000000000036
      vertex 45.693333333333328 20.093333333333334 0.080000000000000016
      vertex 45.693333333333328 20 0.080000000000000016
    endloop
  endfacet
  facet normal 0.59999999999999087 0 0.80000000000000682
    outer loop
      vertex 45.746666666666663 20.146666666666665 0.040000000000000036
      vertex 45.693333333333328 20 0.080000000000000016
      vertex 45.746666666666663 20 0.040000000000000036
    endloop
  endfacet
  facet normal 0.43643578047200188 0.21821789023597188 0.87287156094396612
    outer loop
      vertex 45.693333333333328 20.093333333333334 0.080000000000000016
      vertex 45.746666666666663 20.146666666666665 0.040000000000000036
      vertex 45.719999999999999 20.199999999999999 0.040000000000000036
    endloop
  endfacet
  facet normal 0.43643578047199383 0.21821789023597513 0.87287156094396934
    outer loop
      vertex 45.693333333333328 20.093333333333334 0.080000000000000016
      vertex 45.719999999999999 20.199999999999999 0.040000000000000036
      vertex 45.640000000000001 20.199999999999999 0.080000000000000016
    endloop
  endfacet
  facet normal 0.44721359549996548 0 0.89442719099991219
    outer loop
      vertex 45.719999999999999 32.079999999999991 0.040000000000000036
      vertex 45.640000000000001 24.159999999999997 0.080000000000000016
      vertex 45.640000000000001 20.199999999999999 0.080000000000000016
    endloop
  endfacet
  facet normal 0.44721359549996542 0 0.89442719099991219
    outer loop
      vertex 45.719999999999999 32.079999999999991 0.040000000000000036
      vertex 45.640000000000001 20.199999999999999 0.080000000000000016
      vertex 45.719999999999999 20.199999999999999 0.040000000000000036
    endloop
  endfacet
  facet normal 0.44721359549996537 0 0.89442719099991208
    outer loop
      vertex 45.640000000000001 24.159999999999997 0.080000000000000016
      vertex 45.719999999999999 32.079999999999991 0.040000000000000036
      vertex 45.719999999999999 40 0.040000000000000036
    endloop
  endfacet
  facet normal 0.44721359549996537 -0 0.89442719099991208
    outer loop
      vertex 45.640000000000001 24.159999999999997 0.080000000000000016
      vertex 45.719999999999999 40 0.040000000000000036
      vertex 45.640000000000001 40 0.080000000000000016
    endloop
  endfacet
  facet normal 0.44721359549996531 0 0.89442719099991219
    outer loop
      vertex 45.719999999999999 40.120000000000005 0.040000000000000036
      vertex 45.640000000000001 40.039999999999999 0.080000000000000016
      vertex 45.640000000000001 40 0.080000000000000016
    endloop
  endfacet
  facet normal 0.44721359549996542 0 0.89442719099991219
    outer loop
      vertex 45.719999999999999 40.120000000000005 0.040000000000000036
      vertex 45.640000000000001 40 0.080000000000000016
      vertex 45.719999999999999 40 0.040000000000000036
    endloop
  endfacet
  facet normal 0.2357022603955109 0.2357022603955109 0.9428090415820658
    outer loop
      vertex 45.600000000000001 40.079999999999998 0.080000000000000016
      vertex 45.640000000000001 40.039999999999999 0.080000000000000016
      vertex 45.719999999999999 40.120000000000005 0.040000000000000036
    endloop
  endfacet
  facet normal 0.23570226039551087 0.2357022603955109 0.9428090415820658
    outer loop
      vertex 45.600000000000001 40.079999999999998 0.080000000000000016
      vertex 45.719999999999999 40.120000000000005 0.040000000000000036
      vertex 45.640000000000001 40.200000000000003 0.040000000000000036
    endloop
  endfacet
  facet normal 0.23570226039552031 0.23570226039550726 0.94280904158206436
    outer loop
      vertex 45.600000000000001 40.079999999999998 0.080000000000000016
      vertex 45.640000000000001 40.200000000000003 0.040000000000000036
      vertex 45.600000000000001 40.200000000000003 0.050000000000000003
    endloop
  endfacet
  facet normal 0.24253562503633708 0 0.97014250014533088
    outer loop
      vertex 45.640000000000001 44.159999999999989 0.040000000000000036
      vertex 45.600000000000001 40.200000000000003 0.050000000000000003
      vertex 45.640000000000001 40.200000000000003 0.040000000000000036
    endloop
  endfacet
  facet normal 0.24253562503633705 0 0.97014250014533077
    outer loop
      vertex 45.600000000000001 40.200000000000003 0.050000000000000003
      vertex 45.640000000000001 44.159999999999989 0.040000000000000036
      vertex 45.640000000000001 60 0.040000000000000036
    endloop
  endfacet
  facet normal 0.24253562503633708 -0 0.97014250014533099
    outer loop
      vertex 45.600000000000001 40.200000000000003 0.050000000000000003
      vertex 45.640000000000001 60 0.040000000000000036
      vertex 45.600000000000001 60 0.050000000000000003
    endloop
  endfacet
  facet normal 0.24253562503633708 0 0.97014250014533088
    outer loop
      vertex 45.640000000000001 60.039999999999999 0.040000000000000036
      vertex 45.600000000000001 60 0.050000000000000003
      vertex 45.640000000000001 60 0.040000000000000036
    endloop
  endfacet
  facet normal 0.43643578047198212 -0.21821789023598501 0.87287156094397267
    outer loop
      vertex 45.600000000000001 60.120000000000005 0.080000000000000016
      vertex 45.600000000000001 60 0.050000000000000003
      vertex 45.640000000000001 60.039999999999999 0.040000000000000036
    endloop
  endfacet
  facet normal 0.43643578047198528 -0.21821789023598293 0.87287156094397178
    outer loop
      vertex 45.600000000000001 60.120000000000005 0.080000000000000016
      vertex 45.640000000000001 60.039999999999999 0.040000000000000036
      vertex 45.719999999999999 60.200000000000003 0.040000000000000036
    endloop
  endfacet
  facet normal 0.43643578047199161 -0.2182178902359958 0.87287156094396512
    outer loop
      vertex 45.600000000000001 60.120000000000005 0.080000000000000016
      vertex 45.719999999999999 60.200000000000003 0.040000000000000036
      vertex 45.640000000000001 60.200000000000003 0.080000000000000016
    endloop
  endfacet
  facet normal 0.44721359549996531 0 0.89442719099991208
    outer loop
      vertex 45.719999999999999 72.079999999999998 0.040000000000000036
      vertex 45.640000000000001 64.159999999999997 0.080000000000000016
      vertex 45.640000000000001 60.200000000000003 0.080000000000000016
    endloop
  endfacet
  facet normal 0.44721359549996537 0 0.89442719099991208
    outer loop
      vertex 45.719999999999999 72.079999999999998 0.040000000000000036
      vertex 45.640000000000001 60.200000000000003 0.080000000000000016
      vertex 45.719999999999999 60.200000000000003 0.040000000000000036
    endloop
  endfacet
  facet normal 0.44721359549996537 0 0.89442719099991208
    outer loop
      vertex 45.640000000000001 64.159999999999997 0.080000000000000016
      vertex 45.719999999999999 72.079999999999998 0.040000000000000036
      vertex 45.719999999999999 80 0.040000000000000036
    endloop
  endfacet
  facet normal 0.44721359549996537 -0 0.89442719099991208
    outer loop
      vertex 45.640000000000001 64.159999999999997 0.080000000000000016
      vertex 45.719999999999999 80 0.040000000000000036
      vertex 45.640000000000001 80 0.080000000000000016
    endloop
  endfacet
  facet normal 0.44721359549996531 0 0.89442719099991219
    outer loop
      vertex 45.719999999999999 80.120000000000005 0.040000000000000036
      vertex 45.640000000000001 80.040000000000006 0.080000000000000016
      vertex 45.640000000000001 80 0.080000000000000016
    endloop
  endfacet
  facet normal 0.44721359549996542 0 0.89442719099991219
    outer loop
      vertex 45.719999999999999 80.120000000000005 0.040000000000000036
      vertex 45.640000000000001 80 0.080000000000000016
      vertex 45.719999999999999 80 0.040000000000000036
    endloop
  endfacet
  facet normal 0 0.44721359549996542 0.89442719099991219
    outer loop
      vertex 45.600000000000001 80.120000000000005 0.040000000000000036
      vertex 45.600000000000001 80.040000000000006 0.080000000000000016
      vertex 45.640000000000001 80.040000000000006 0.080000000000000016
    endloop
  endfacet
  facet normal -0 0.44721359549996542 0.8944271909999123
    outer loop
      vertex 45.600000000000001 80.120000000000005 0.040000000000000036
      vertex 45.640000000000001 80.040000000000006 0.080000000000000016
      vertex 45.719999999999999 80.120000000000005 0.040000000000000036
    endloop
  endfacet
  facet normal 0 -0.24253562503633297 0.97014250014533188
    outer loop
      vertex 61.960000000000001 0.16000000000000014 0.040000000000000036
      vertex 62 0.16000000000000014 0.040000000000000036
      vertex 62 0.20000000000000001 0.050000000000000003
    endloop
  endfacet
  facet normal -0.2425356250363371 0 0.97014250014533088
    outer loop
      vertex 61.960000000000001 0.16000000000000014 0.040000000000000036
      vertex 62 0.20000000000000001 0.050000000000000003
      vertex 61.960000000000001 0.20000000000000001 0.040000000000000036
    endloop
  endfacet
  facet normal -0.2425356250363371 0 0.97014250014533088
    outer loop
      vertex 61.960000000000001 8.0400000000000063 0.040000000000000036
      vertex 61.960000000000001 0.20000000000000001 0.040000000000000036
      vertex 62 0.20000000000000001 0.050000000000000003
    endloop
  endfacet
  facet normal -0.24253562503633708 0 0.97014250014533088
    outer loop
      vertex 61.960000000000001 8.0400000000000063 0.040000000000000036
      vertex 62 0.20000000000000001 0.050000000000000003
      vertex 62 10 0.050000000000000003
    endloop
  endfacet
  facet normal -0.2425356250363371 0 0.97014250014533088
    outer loop
      vertex 61.960000000000001 8.040000000000008 0.040000000000000036
      vertex 62 10 0.050000000000000003
      vertex 61.960000000000001 10 0.040000000000000036
    endloop
  endfacet
  facet normal -0.23570226039550074 -0.23570226039551642 0.94280904158206702
    outer loop
      vertex 61.960000000000001 10.16 0.080000000000000016
      vertex 61.879999999999995 10.08 0.040000000000000036
      vertex 61.960000000000001 10 0.040000000000000036
    endloop
  endfacet
  facet normal -0.23570226039551989 -0.23570226039551528 0.94280904158206247
    outer loop
      vertex 61.960000000000001 10.16 0.080000000000000016
      vertex 61.960000000000001 10 0.040000000000000036
      vertex 62 10 0.050000000000000003
    endloop
  endfacet
  facet normal -0.23570226039552719 -0.2357022603955167 0.94280904158206036
    outer loop
      vertex 61.960000000000001 10.16 0.080000000000000016
      vertex 62 10 0.050000000000000003
      vertex 62 10.119999999999999 0.080000000000000016
    endloop
  endfacet
  facet normal -0.44721359549993361 0 0.89442719099992807
    outer loop
      vertex 61.879999999999995 10.08 0.040000000000000036
      vertex 61.960000000000001 10.16 0.080000000000000016
      vertex 61.960000000000001 10.199999999999999 0.080000000000000016
    endloop
  endfacet
  facet normal -0.44721359549993361 0 0.89442719099992796
    outer loop
      vertex 61.879999999999995 10.08 0.040000000000000036
      vertex 61.960000000000001 10.199999999999999 0.080000000000000016
      vertex 61.879999999999995 10.199999999999999 0.040000000000000036
    endloop
  endfacet
  facet normal -0.44721359549993361 0 0.89442719099992807
    outer loop
      vertex 61.960000000000001 18.039999999999999 0.080000000000000016
      vertex 61.879999999999995 14.120000000000003 0.040000000000000036
      vertex 61.879999999999995 10.199999999999999 0.040000000000000036
    endloop
  endfacet
  facet normal -0.44721359549993367 0 0.89442719099992807
    outer loop
      vertex 61.960000000000001 18.039999999999999 0.080000000000000016
      vertex 61.879999999999995 10.199999999999999 0.040000000000000036
      vertex 61.960000000000001 10.199999999999999 0.080000000000000016
    endloop
  endfacet
  facet normal -0.44721359549993361 0 0.89442719099992807
    outer loop
      vertex 61.879999999999995 14.120000000000003 0.040000000000000036
      vertex 61.960000000000001 18.039999999999999 0.080000000000000016
      vertex 61.960000000000001 20 0.080000000000000016
    endloop
  endfacet
  facet normal -0.44721359549993367 0 0.89442719099992807
    outer loop
      vertex 61.879999999999995 14.120000000000003 0.040000000000000036
      vertex 61.960000000000001 20 0.080000000000000016
      vertex 61.879999999999995 20 0.040000000000000036
    endloop
  endfacet
  facet normal -0.4364357804719608 0.21821789023599492 0.87287156094398088
    outer loop
      vertex 61.960000000000001 20.16 0.040000000000000036
      vertex 61.879999999999995 20 0.040000000000000036
      vertex 61.960000000000001 20 0.080000000000000016
    endloop
  endfacet
  facet normal -0.43643578047198434 0.21821789023599214 0.87287156094396978
    outer loop
      vertex 61.960000000000001 20.16 0.040000000000000036
      vertex 61.960000000000001 20 0.080000000000000016
      vertex 62 20.079999999999998 0.080000000000000016
    endloop
  endfacet
  facet normal -0.43643578047198672 0.21821789023599053 0.872871560943969
    outer loop
      vertex 61.960000000000001 20.16 0.040000000000000036
      vertex 62 20.079999999999998 0.080000000000000016
      vertex 62 20.199999999999999 0.050000000000000003
    endloop
  endfacet
  facet normal -0.24253562503633708 0 0.97014250014533088
    outer loop
      vertex 61.960000000000001 20.16 0.040000000000000036
      vertex 62 20.199999999999999 0.050000000000000003
      vertex 61.960000000000001 20.199999999999999 0.040000000000000036
    endloop
  endfacet
  facet normal -0.24253562503633713 0 0.97014250014533099
    outer loop
      vertex 61.960000000000001 36.040000000000013 0.040000000000000036
      vertex 61.960000000000001 20.199999999999999 0.040000000000000036
      vertex 62 20.199999999999999 0.050000000000000003
    endloop
  endfacet
  facet normal -0.24253562503633708 0 0.97014250014533077
    outer loop
      vertex 61.960000000000001 36.040000000000013 0.040000000000000036
      vertex 62 20.199999999999999 0.050000000000000003
      vertex 62 40 0.050000000000000003
    endloop
  endfacet
  facet normal -0.24253562503633708 0 0.97014250014533088
    outer loop
      vertex 61.960000000000001 36.040000000000013 0.040000000000000036
      vertex 62 40 0.050000000000000003
      vertex 61.960000000000001 40 0.040000000000000036
    endloop
  endfacet
  facet normal -0.21821789023598848 -0.43643578047197695 0.87287156094397444
    outer loop
      vertex 61.906666666666666 40.106666666666669 0.080000000000000016
      vertex 61.853333333333332 40.053333333333335 0.040000000000000036
      vertex 61.960000000000001 40 0.040000000000000036
    endloop
  endfacet
  facet normal -0.21821789023599669 -0.43643578047197967 0.87287156094397089
    outer loop
      vertex 61.906666666666666 40.106666666666669 0.080000000000000016
      vertex 61.960000000000001 40 0.040000000000000036
      vertex 62 40 0.050000000000000003
    endloop
  endfacet
  facet normal -0.21821789023598612 -0.43643578047197223 0.87287156094397733
    outer loop
      vertex 61.906666666666666 40.106666666666669 0.080000000000000016
      vertex 62 40 0.050000000000000003
      vertex 62 40.060000000000002 0.080000000000000016
    endloop
  endfacet
  facet normal -0.59999999999999098 0 0.80000000000000671
    outer loop
      vertex 61.853333333333332 40.053333333333335 0.040000000000000036
      vertex 61.906666666666666 40.106666666666669 0.080000000000000016
      vertex 61.906666666666666 40.200000000000003 0.080000000000000016
    endloop
  endfacet
  facet normal -0.59999999999999098 0 0.80000000000000682
    outer loop
      vertex 61.853333333333332 40.053333333333335 0.040000000000000036
      vertex 61.906666666666666 40.200000000000003 0.080000000000000016
      vertex 61.853333333333332 40.200000000000003 0.040000000000000036
    endloop
  endfacet
  facet normal -0.59999999999999098 0 0.80000000000000682
    outer loop
      vertex 61.906666666666666 50.760000000000005 0.080000000000000016
      vertex 61.853333333333332 45.480000000000004 0.040000000000000036
      vertex 61.853333333333332 40.200000000000003 0.040000000000000036
    endloop
  endfacet
  facet normal -0.59999999999999098 0 0.80000000000000682
    outer loop
      vertex 61.906666666666666 50.760000000000005 0.080000000000000016
      vertex 61.853333333333332 40.200000000000003 0.040000000000000036
      vertex 61.906666666666666 40.200000000000003 0.080000000000000016
    endloop
  endfacet
  facet normal -0.59999999999999098 0 0.80000000000000682
    outer loop
      vertex 61.853333333333332 45.480000000000004 0.040000000000000036
      vertex 61.906666666666666 50.760000000000005 0.080000000000000016
      vertex 61.906666666666666 60 0.080000000000000016
    endloop
  endfacet
  facet normal -0.59999999999999098 0 0.80000000000000682
    outer loop
      vertex 61.853333333333332 45.480000000000004 0.040000000000000036
      vertex 61.906666666666666 60 0.080000000000000016
      vertex 61.853333333333332 60 0.040000000000000036
    endloop
  endfacet
  facet normal -0.55708601453114837 0.37139067635409889 0.74278135270821533
    outer loop
      vertex 61.960000000000001 60.160000000000004 0.040000000000000036
      vertex 61.853333333333332 60 0.040000000000000036
      vertex 61.906666666666666 60 0.080000000000000016
    endloop
  endfacet
  facet normal -0.55708601453114837 0.37139067635409889 0.74278135270821533
    outer loop
      vertex 61.960000000000001 60.160000000000004 0.040000000000000036
      vertex 61.906666666666666 60 0.080000000000000016
      vertex 62 60.140000000000001 0.080000000000000016
    endloop
  endfacet
  facet normal -0.55708601453115125 0.37139067635409395 0.74278135270821566
    outer loop
      vertex 61.960000000000001 60.160000000000004 0.040000000000000036
      vertex 62 60.140000000000001 0.080000000000000016
      vertex 62 60.200000000000003 0.050000000000000003
    endloop
  endfacet
  facet normal -0.24253562503633708 0 0.97014250014533088
    outer loop
      vertex 61.960000000000001 60.160000000000004 0.040000000000000036
      vertex 62 60.200000000000003 0.050000000000000003
      vertex 61.960000000000001 60.200000000000003 0.040000000000000036
    endloop
  endfacet
  facet normal -0.24253562503633708 0 0.97014250014533077
    outer loop
      vertex 61.960000000000001 76.04000000000002 0.040000000000000036
      vertex 61.960000000000001 60.200000000000003 0.040000000000000036
      vertex 62 60.200000000000003 0.050000000000000003
    endloop
  endfacet
  facet normal -0.24253562503633713 0 0.97014250014533099
    outer loop
      vertex 61.960000000000001 76.04000000000002 0.040000000000000036
      vertex 62 60.200000000000003 0.050000000000000003
      vertex 62 80 0.050000000000000003
    endloop
  endfacet
  facet normal -0.24253562503633708 0 0.97014250014533077
    outer loop
      vertex 61.960000000000001 76.04000000000002 0.040000000000000036
      vertex 62 80 0.050000000000000003
      vertex 61.960000000000001 80 0.040000000000000036
    endloop
  endfacet
  facet normal -0.24253562503633708 0 0.97014250014533088
    outer loop
      vertex 61.960000000000001 80.159999999999997 0.040000000000000036
      vertex 61.960000000000001 80 0.040000000000000036
      vertex 62 80 0.050000000000000003
    endloop
  endfacet
  facet normal -0.2425356250363371 0 0.97014250014533099
    outer loop
      vertex 61.960000000000001 80.159999999999997 0.040000000000000036
      vertex 62 80 0.050000000000000003
      vertex 62 80.200000000000003 0.050000000000000003
    endloop
  endfacet
  facet normal -0.2425356250363371 0 0.97014250014533088
    outer loop
      vertex 61.960000000000001 80.159999999999997 0.040000000000000036
      vertex 62 80.200000000000003 0.050000000000000003
      vertex 61.960000000000001 80.200000000000003 0.040000000000000036
    endloop
  endfacet
  facet normal -0.24253562503633708 0 0.97014250014533077
    outer loop
      vertex 61.960000000000001 96.04000000000002 0.040000000000000036
      vertex 61.960000000000001 80.200000000000003 0.040000000000000036
      vertex 62 80.200000000000003 0.050000000000000003
    endloop
  endfacet
  facet normal -0.24253562503633713 0 0.97014250014533099
    outer loop
      vertex 61.960000000000001 96.04000000000002 0.040000000000000036
      vertex 62 80.200000000000003 0.050000000000000003
      vertex 62 100 0.050000000000000003
    endloop
  endfacet
  facet normal -0.24253562503633708 0 0.97014250014533077
    outer loop
      vertex 61.960000000000001 96.04000000000002 0.040000000000000036
      vertex 62 100 0.050000000000000003
      vertex 61.960000000000001 100 0.040000000000000036
    endloop
  endfacet
  facet normal 0 -0.24253562503633297 0.97014250014533188
    outer loop
      vertex 62.160000000000004 0.16000000000000014 0.040000000000000036
      vertex 62.200000000000003 0.16000000000000014 0.040000000000000036
      vertex 62.200000000000003 0.20000000000000001 0.050000000000000003
    endloop
  endfacet
  facet normal 0 -0.24253562503633294 0.97014250014533177
    outer loop
      vertex 62 0.16000000000000014 0.040000000000000036
      vertex 62.160000000000004 0.16000000000000014 0.040000000000000036
      vertex 62.200000000000003 0.20000000000000001 0.050000000000000003
    endloop
  endfacet
  facet normal 0 -0.24253562503633297 0.97014250014533188
    outer loop
      vertex 62 0.16000000000000014 0.040000000000000036
      vertex 62.200000000000003 0.20000000000000001 0.050000000000000003
      vertex 62 0.20000000000000001 0.050000000000000003
    endloop
  endfacet
  facet normal 0 0 1
    outer loop
      vertex 62 0.20000000000000001 0.050000000000000003
      vertex 62.200000000000003 0.20000000000000001 0.050000000000000003
      vertex 62.200000000000003 10 0.050000000000000003
    endloop
  endfacet
  facet normal 0 0 1
    outer loop
      vertex 62 0.20000000000000001 0.050000000000000003
      vertex 62.200000000000003 10 0.050000000000000003
      vertex 62 10 0.050000000000000003
    endloop
  endfacet
  facet normal 0 -0.24253562503633455 0.97014250014533154
    outer loop
      vertex 62.120000000000005 10.119999999999999 0.080000000000000016
      vertex 62 10 0.050000000000000003
      vertex 62.200000000000003 10 0.050000000000000003
    endloop
  endfacet
  facet normal 0 -0.24253562503633458 0.97014250014533154
    outer loop
      vertex 62.120000000000005 10.119999999999999 0.080000000000000016
      vertex 62.200000000000003 10 0.050000000000000003
      vertex 62.200000000000003 10.119999999999999 0.080000000000000016
    endloop
  endfacet
  facet normal 0 -0.24253562503633455 0.97014250014533154
    outer loop
      vertex 62 10.119999999999999 0.080000000000000016
      vertex 62 10 0.050000000000000003
      vertex 62.120000000000005 10.119999999999999 0.080000000000000016
    endloop
  endfacet
  facet normal -0 0.24253562503633114 0.97014250014533232
    outer loop
      vertex 62.079999999999998 20.079999999999998 0.080000000000000016
      vertex 62.200000000000003 20.079999999999998 0.080000000000000016
      vertex 62.200000000000003 20.199999999999999 0.050000000000000003
    endloop
  endfacet
  facet normal -0 0.24253562503633119 0.97014250014533232
    outer loop
      vertex 62 20.079999999999998 0.080000000000000016
      vertex 62.079999999999998 20.079999999999998 0.080000000000000016
      vertex 62.200000000000003 20.199999999999999 0.050000000000000003
    endloop
  endfacet
  facet normal 0 0.24253562503633116 0.97014250014533232
    outer loop
      vertex 62 20.079999999999998 0.080000000000000016
      vertex 62.200000000000003 20.199999999999999 0.050000000000000003
      vertex 62 20.199999999999999 0.050000000000000003
    endloop
  endfacet
  facet normal 0 0 1
    outer loop
      vertex 62 20.199999999999999 0.050000000000000003
      vertex 62.200000000000003 20.199999999999999 0.050000000000000003
      vertex 62.200000000000003 40 0.050000000000000003
    endloop
  endfacet
  facet normal 0 0 1
    outer loop
      vertex 62 20.199999999999999 0.050000000000000003
      vertex 62.200000000000003 40 0.050000000000000003
      vertex 62 40 0.050000000000000003
    endloop
  endfacet
  facet normal 0 -0.44721359549994455 0.89442719099992263
    outer loop
      vertex 62.060000000000002 40.060000000000002 0.080000000000000016
      vertex 62 40 0.050000000000000003
      vertex 62.200000000000003 40 0.050000000000000003
    endloop
  endfacet
  facet normal 0 -0.44721359549994449 0.89442719099992252
    outer loop
      vertex 62.060000000000002 40.060000000000002 0.080000000000000016
      vertex 62.200000000000003 40 0.050000000000000003
      vertex 62.200000000000003 40.060000000000002 0.080000000000000016
    endloop
  endfacet
  facet normal 0 -0.44721359549994455 0.89442719099992252
    outer loop
      vertex 62 40.060000000000002 0.080000000000000016
      vertex 62 40 0.050000000000000003
      vertex 62.060000000000002 40.060000000000002 0.080000000000000016
    endloop
  endfacet
  facet normal -0 0.44721359549994455 0.89442719099992252
    outer loop
      vertex 62.140000000000001 60.140000000000001 0.080000000000000016
      vertex 62.200000000000003 60.140000000000001 0.080000000000000016
      vertex 62.200000000000003 60.200000000000003 0.050000000000000003
    endloop
  endfacet
  facet normal -0 0.44721359549994449 0.89442719099992252
    outer loop
      vertex 62 60.140000000000001 0.080000000000000016
      vertex 62.140000000000001 60.140000000000001 0.080000000000000016
      vertex 62.200000000000003 60.200000000000003 0.050000000000000003
    endloop
  endfacet
  facet normal 0 0.44721359549994455 0.89442719099992263
    outer loop
      vertex 62 60.140000000000001 0.080000000000000016
      vertex 62.200000000000003 60.200000000000003 0.050000000000000003
      vertex 62 60.200000000000003 0.050000000000000003
    endloop
  endfacet
  facet normal 0 0 1
    outer loop
      vertex 62 60.200000000000003 0.050000000000000003
      vertex 62.200000000000003 60.200000000000003 0.050000000000000003
      vertex 62.200000000000003 80 0.050000000000000003
    endloop
  endfacet
  facet normal 0 0 1
    outer loop
      vertex 62 60.200000000000003 0.050000000000000003
      vertex 62.200000000000003 80 0.050000000000000003
      vertex 62 80 0.050000000000000003
    endloop
  endfacet
  facet normal 0 0 1
    outer loop
      vertex 62 80 0.050000000000000003
      vertex 62.200000000000003 80 0.050000000000000003
      vertex 62.200000000000003 80.200000000000003 0.050000000000000003
    endloop
  endfacet
  facet normal 0 0 1
    outer loop
      vertex 62 80 0.050000000000000003
      vertex 62.200000000000003 80.200000000000003 0.050000000000000003
      vertex 62 80.200000000000003 0.050000000000000003
    endloop
  endfacet
  facet normal 0 0 1
    outer loop
      vertex 62 80.200000000000003 0.050000000000000003
      vertex 62.200000000000003 80.200000000000003 0.050000000000000003
      vertex 62.200000000000003 100 0.050000000000000003
    endloop
  endfacet
  facet normal 0 0 1
    outer loop
      vertex 62 80.200000000000003 0.050000000000000003
      vertex 62.200000000000003 100 0.050000000000000003
      vertex 62 100 0.050000000000000003
    endloop
  endfacet
  facet normal 0.23570226039551984 -0.23570226039551559 0.94280904158206236
    outer loop
      vertex 62.200000000000003 0.16000000000000014 0.040000000000000036
      vertex 62.240000000000002 0.20000000000000001 0.040000000000000036
      vertex 62.200000000000003 0.20000000000000001 0.050000000000000003
    endloop
  endfacet
  facet normal 0.2425356250363371 0 0.97014250014533088
    outer loop
      vertex 62.240000000000002 2.1599999999999921 0.040000000000000036
      vertex 62.200000000000003 0.20000000000000001 0.050000000000000003
      vertex 62.240000000000002 0.20000000000000001 0.040000000000000036
    endloop
  endfacet
  facet normal 0.24253562503633705 0 0.97014250014533088
    outer loop
      vertex 62.200000000000003 0.20000000000000001 0.050000000000000003
      vertex 62.240000000000002 2.1599999999999939 0.040000000000000036
      vertex 62.240000000000002 10 0.040000000000000036
    endloop
  endfacet
  facet normal 0.24253562503633708 -0 0.97014250014533088
    outer loop
      vertex 62.200000000000003 0.20000000000000001 0.050000000000000003
      vertex 62.240000000000002 10 0.040000000000000036
      vertex 62.200000000000003 10 0.050000000000000003
    endloop
  endfacet
  facet normal 0.24253562503633708 0 0.97014250014533088
    outer loop
      vertex 62.240000000000002 10.039999999999999 0.040000000000000036
      vertex 62.200000000000003 10 0.050000000000000003
      vertex 62.240000000000002 10 0.040000000000000036
    endloop
  endfacet
  facet normal 0.43643578047198905 -0.21821789023599331 0.87287156094396712
    outer loop
      vertex 62.200000000000003 10.119999999999999 0.080000000000000016
      vertex 62.200000000000003 10 0.050000000000000003
      vertex 62.240000000000002 10.039999999999999 0.040000000000000036
    endloop
  endfacet
  facet normal 0.43643578047199216 -0.21821789023599122 0.87287156094396612
    outer loop
      vertex 62.200000000000003 10.119999999999999 0.080000000000000016
      vertex 62.240000000000002 10.039999999999999 0.040000000000000036
      vertex 62.32 10.199999999999999 0.040000000000000036
    endloop
  endfacet
  facet normal 0.43643578047199222 -0.21821789023599125 0.87287156094396601
    outer loop
      vertex 62.200000000000003 10.119999999999999 0.080000000000000016
      vertex 62.32 10.199999999999999 0.040000000000000036
      vertex 62.240000000000002 10.199999999999999 0.080000000000000016
    endloop
  endfacet
  facet normal 0.44721359549996542 0 0.89442719099991219
    outer loop
      vertex 62.32 16.079999999999995 0.040000000000000036
      vertex 62.240000000000002 12.159999999999998 0.080000000000000016
      vertex 62.240000000000002 10.199999999999999 0.080000000000000016
    endloop
  endfacet
  facet normal 0.44721359549996531 0 0.89442719099991208
    outer loop
      vertex 62.32 16.079999999999995 0.040000000000000036
      vertex 62.240000000000002 10.199999999999999 0.080000000000000016
      vertex 62.32 10.199999999999999 0.040000000000000036
    endloop
  endfacet
  facet normal 0.44721359549996548 0 0.89442719099991208
    outer loop
      vertex 62.240000000000002 12.159999999999998 0.080000000000000016
      vertex 62.32 16.079999999999998 0.040000000000000036
      vertex 62.32 20 0.040000000000000036
    endloop
  endfacet
  facet normal 0.44721359549996548 -0 0.8944271909999123
    outer loop
      vertex 62.240000000000002 12.159999999999998 0.080000000000000016
      vertex 62.32 20 0.040000000000000036
      vertex 62.240000000000002 20 0.080000000000000016
    endloop
  endfacet
  facet normal 0.44721359549996559 0 0.89442719099991208
    outer loop
      vertex 62.32 20.120000000000001 0.040000000000000036
      vertex 62.240000000000002 20.039999999999999 0.080000000000000016
      vertex 62.240000000000002 20 0.080000000000000016
    endloop
  endfacet
  facet normal 0.44721359549996548 0 0.89442719099991219
    outer loop
      vertex 62.32 20.120000000000001 0.040000000000000036
      vertex 62.240000000000002 20 0.080000000000000016
      vertex 62.32 20 0.040000000000000036
    endloop
  endfacet
  facet normal 0.23570226039551556 0.23570226039551556 0.94280904158206358
    outer loop
      vertex 62.200000000000003 20.079999999999998 0.080000000000000016
      vertex 62.240000000000002 20.039999999999999 0.080000000000000016
      vertex 62.32 20.120000000000001 0.040000000000000036
    endloop
  endfacet
  facet normal 0.23570226039551556 0.23570226039551556 0.94280904158206358
    outer loop
      vertex 62.200000000000003 20.079999999999998 0.080000000000000016
      vertex 62.32 20.120000000000001 0.040000000000000036
      vertex 62.240000000000002 20.199999999999999 0.040000000000000036
    endloop
  endfacet
  facet normal 0.23570226039551997 0.23570226039551384 0.94280904158206269
    outer loop
      vertex 62.200000000000003 20.079999999999998 0.080000000000000016
      vertex 62.240000000000002 20.199999999999999 0.040000000000000036
      vertex 62.200000000000003 20.199999999999999 0.050000000000000003
    endloop
  endfacet
  facet normal 0.24253562503633708 0 0.97014250014533088
    outer loop
      vertex 62.240000000000002 24.159999999999986 0.040000000000000036
      vertex 62.200000000000003 20.199999999999999 0.050000000000000003
      vertex 62.240000000000002 20.199999999999999 0.040000000000000036
    endloop
  endfacet
  facet normal 0.24253562503633713 0 0.97014250014533099
    outer loop
      vertex 62.200000000000003 20.199999999999999 0.050000000000000003
      vertex 62.240000000000002 24.159999999999986 0.040000000000000036
      vertex 62.240000000000002 40 0.040000000000000036
    endloop
  endfacet
  facet normal 0.24253562503633708 -0 0.97014250014533077
    outer loop
      vertex 62.200000000000003 20.199999999999999 0.050000000000000003
      vertex 62.240000000000002 40 0.040000000000000036
      vertex 62.200000000000003 40 0.050000000000000003
    endloop
  endfacet
  facet normal 0.24253562503633708 0 0.97014250014533088
    outer loop
      vertex 62.240000000000002 40.039999999999999 0.040000000000000036
      vertex 62.200000000000003 40 0.050000000000000003
      vertex 62.240000000000002 40 0.040000000000000036
    endloop
  endfacet
  facet normal 0.55708601453115125 -0.37139067635409401 0.74278135270821577
    outer loop
      vertex 62.200000000000003 40.060000000000002 0.080000000000000016
      vertex 62.200000000000003 40 0.050000000000000003
      vertex 62.240000000000002 40.039999999999999 0.040000000000000036
    endloop
  endfacet
  facet normal 0.55708601453115858 -0.37139067635408102 0.74278135270821666
    outer loop
      vertex 62.200000000000003 40.060000000000002 0.080000000000000016
      vertex 62.240000000000002 40.039999999999999 0.040000000000000036
      vertex 62.346666666666664 40.200000000000003 0.040000000000000036
    endloop
  endfacet
  facet normal 0.55708601453115425 -0.37139067635407452 0.74278135270822321
    outer loop
      vertex 62.200000000000003 40.060000000000002 0.080000000000000016
      vertex 62.346666666666664 40.200000000000003 0.040000000000000036
      vertex 62.293333333333329 40.200000000000003 0.080000000000000016
    endloop
  endfacet
  facet normal 0.59999999999999098 0 0.80000000000000682
    outer loop
      vertex 62.346666666666664 54.719999999999999 0.040000000000000036
      vertex 62.293333333333329 49.439999999999998 0.080000000000000016
      vertex 62.293333333333329 40.200000000000003 0.080000000000000016
    endloop
  endfacet
  facet normal 0.59999999999999098 0 0.80000000000000682
    outer loop
      vertex 62.346666666666664 54.719999999999999 0.040000000000000036
      vertex 62.293333333333329 40.200000000000003 0.080000000000000016
      vertex 62.346666666666664 40.200000000000003 0.040000000000000036
    endloop
  endfacet
  facet normal 0.59999999999999098 0 0.80000000000000682
    outer loop
      vertex 62.293333333333329 49.439999999999998 0.080000000000000016
      vertex 62.346666666666664 54.719999999999999 0.040000000000000036
      vertex 62.346666666666664 60 0.040000000000000036
    endloop
  endfacet
  facet normal 0.59999999999999098 -0 0.80000000000000682
    outer loop
      vertex 62.293333333333329 49.439999999999998 0.080000000000000016
      vertex 62.346666666666664 60 0.040000000000000036
      vertex 62.293333333333329 60 0.080000000000000016
    endloop
  endfacet
  facet normal 0.59999999999999098 0 0.80000000000000671
    outer loop
      vertex 62.346666666666664 60.146666666666668 0.040000000000000036
      vertex 62.293333333333329 60.093333333333334 0.080000000000000016
      vertex 62.293333333333329 60 0.080000000000000016
    endloop
  endfacet
  facet normal 0.59999999999999098 0 0.80000000000000682
    outer loop
      vertex 62.346666666666664 60.146666666666668 0.040000000000000036
      vertex 62.293333333333329 60 0.080000000000000016
      vertex 62.346666666666664 60 0.040000000000000036
    endloop
  endfacet
  facet normal 0.21821789023600005 0.43643578047196685 0.87287156094397644
    outer loop
      vertex 62.200000000000003 60.140000000000001 0.080000000000000016
      vertex 62.293333333333329 60.093333333333334 0.080000000000000016
      vertex 62.346666666666664 60.146666666666668 0.040000000000000036
    endloop
  endfacet
  facet normal 0.2182178902359995 0.43643578047196996 0.87287156094397511
    outer loop
      vertex 62.200000000000003 60.140000000000001 0.080000000000000016
      vertex 62.346666666666664 60.146666666666668 0.040000000000000036
      vertex 62.240000000000002 60.200000000000003 0.040000000000000036
    endloop
  endfacet
  facet normal 0.21821789023599766 0.43643578047197118 0.87287156094397511
    outer loop
      vertex 62.200000000000003 60.140000000000001 0.080000000000000016
      vertex 62.240000000000002 60.200000000000003 0.040000000000000036
      vertex 62.200000000000003 60.200000000000003 0.050000000000000003
    endloop
  endfacet
  facet normal 0.24253562503633708 0 0.97014250014533077
    outer loop
      vertex 62.240000000000002 64.159999999999982 0.040000000000000036
      vertex 62.200000000000003 60.200000000000003 0.050000000000000003
      vertex 62.240000000000002 60.200000000000003 0.040000000000000036
    endloop
  endfacet
  facet normal 0.2425356250363371 0 0.97014250014533099
    outer loop
      vertex 62.200000000000003 60.200000000000003 0.050000000000000003
      vertex 62.240000000000002 64.159999999999997 0.040000000000000036
      vertex 62.240000000000002 80 0.040000000000000036
    endloop
  endfacet
  facet normal 0.24253562503633708 -0 0.97014250014533099
    outer loop
      vertex 62.200000000000003 60.200000000000003 0.050000000000000003
      vertex 62.240000000000002 80 0.040000000000000036
      vertex 62.200000000000003 80 0.050000000000000003
    endloop
  endfacet
  facet normal 0.2425356250363371 0 0.97014250014533088
    outer loop
      vertex 62.240000000000002 80.040000000000006 0.040000000000000036
      vertex 62.200000000000003 80 0.050000000000000003
      vertex 62.240000000000002 80 0.040000000000000036
    endloop
  endfacet
  facet normal 0.24253562503633705 0 0.97014250014533088
    outer loop
      vertex 62.200000000000003 80 0.050000000000000003
      vertex 62.240000000000002 80.040000000000006 0.040000000000000036
      vertex 62.240000000000002 80.200000000000003 0.040000000000000036
    endloop
  endfacet
  facet normal 0.2425356250363371 -0 0.97014250014533099
    outer loop
      vertex 62.200000000000003 80 0.050000000000000003
      vertex 62.240000000000002 80.200000000000003 0.040000000000000036
      vertex 62.200000000000003 80.200000000000003 0.050000000000000003
    endloop
  endfacet
  facet normal 0.24253562503633708 0 0.97014250014533077
    outer loop
      vertex 62.240000000000002 84.159999999999982 0.040000000000000036
      vertex 62.200000000000003 80.200000000000003 0.050000000000000003
      vertex 62.240000000000002 80.200000000000003 0.040000000000000036
    endloop
  endfacet
  facet normal 0.2425356250363371 0 0.97014250014533099
    outer loop
      vertex 62.200000000000003 80.200000000000003 0.050000000000000003
      vertex 62.240000000000002 84.159999999999997 0.040000000000000036
      vertex 62.240000000000002 100 0.040000000000000036
    endloop
  endfacet
  facet normal 0.24253562503633708 -0 0.97014250014533099
    outer loop
      vertex 62.200000000000003 80.200000000000003 0.050000000000000003
      vertex 62.240000000000002 100 0.040000000000000036
      vertex 62.200000000000003 100 0.050000000000000003
    endloop
  endfacet
  facet normal 0.0079997440122891571 -0.59998080092159289 0.79997440122870289
    outer loop
      vertex 66.400000000000006 -80.040000000000006 0.080000000000000016
      vertex 64.400000000000006 -80.120000000000005 0.040000000000000036
      vertex 67.400000000000006 -80.079999999999998 0.040000000000000036
    endloop
  endfacet
  facet normal 0.0079997440122891571 -0.599980800921593 0.799974401228703
    outer loop
      vertex 66.400000000000006 -80.040000000000006 0.080000000000000016
      vertex 67.400000000000006 -80.079999999999998 0.040000000000000036
      vertex 67.400000000000006 -80.026666666666671 0.080000000000000016
    endloop
  endfacet
  facet normal -0.019996001199600124 0 0.99980005998000698
    outer loop
      vertex 64.400000000000006 -80.120000000000005 0.040000000000000036
      vertex 66.400000000000006 -80.040000000000006 0.080000000000000016
      vertex 66.400000000000006 -80 0.080000000000000016
    endloop
  endfacet
  facet normal -0.019996001199600131 0 0.99980005998000709
    outer loop
      vertex 64.400000000000006 -80.120000000000005 0.040000000000000036
      vertex 66.400000000000006 -80 0.080000000000000016
      vertex 64.400000000000006 -80 0.040000000000000036
    endloop
  endfacet
  facet normal -0.019996001199600131 0 0.99980005998000698
    outer loop
      vertex 66.400000000000006 -64.159999999999997 0.080000000000000016
      vertex 64.400000000000006 -72.079999999999998 0.040000000000000036
      vertex 64.400000000000006 -80 0.040000000000000036
    endloop
  endfacet
  facet normal -0.019996001199600131 0 0.99980005998000698
    outer loop
      vertex 66.400000000000006 -64.159999999999997 0.080000000000000016
      vertex 64.400000000000006 -80 0.040000000000000036
      vertex 66.400000000000006 -80 0.080000000000000016
    endloop
  endfacet
  facet normal -0.019996001199600127 0 0.99980005998000698
    outer loop
      vertex 64.400000000000006 -72.079999999999998 0.040000000000000036
      vertex 66.400000000000006 -64.159999999999997 0.080000000000000016
      vertex 66.400000000000006 -60.200000000000003 0.080000000000000016
    endloop
  endfacet
  facet normal -0.019996001199600127 0 0.99980005998000698
    outer loop
      vertex 64.400000000000006 -72.079999999999998 0.040000000000000036
      vertex 66.400000000000006 -60.200000000000003 0.080000000000000016
      vertex 64.400000000000006 -60.200000000000003 0.040000000000000036
    endloop
  endfacet
  facet normal -0.019399198732644195 0.24248998415804687 0.96995993663221036
    outer loop
      vertex 66.400000000000006 -60.039999999999999 0.040000000000000036
      vertex 64.400000000000006 -60.200000000000003 0.040000000000000036
      vertex 66.400000000000006 -60.200000000000003 0.080000000000000016
    endloop
  endfacet
  facet normal -0.019399198732643334 0.24248998415804687 0.96995993663221036
    outer loop
      vertex 66.400000000000006 -60.039999999999999 0.040000000000000036
      vertex 66.400000000000006 -60.200000000000003 0.080000000000000016
      vertex 67.400000000000006 -60.120000000000005 0.080000000000000016
    endloop
  endfacet
  facet normal -0.019399198732643622 0.24248998415804371 0.96995993663221114
    outer loop
      vertex 66.400000000000006 -60.039999999999999 0.040000000000000036
      vertex 67.400000000000006 -60.120000000000005 0.080000000000000016
      vertex 67.400000000000006 -60 0.050000000000000003
    endloop
  endfacet
  facet normal -0.0099995000374968439 0 0.99995000374968768
    outer loop
      vertex 66.400000000000006 -60.039999999999999 0.040000000000000036
      vertex 67.400000000000006 -60 0.050000000000000003
      vertex 66.400000000000006 -60 0.040000000000000036
    endloop
  endfacet
  facet normal -0.0099995000374968439 0 0.99995000374968757
    outer loop
      vertex 66.400000000000006 -44.159999999999989 0.040000000000000036
      vertex 66.400000000000006 -60 0.040000000000000036
      vertex 67.400000000000006 -60 0.050000000000000003
    endloop
  endfacet
  facet normal -0.0099995000374968439 0 0.99995000374968757
    outer loop
      vertex 66.400000000000006 -44.159999999999989 0.040000000000000036
      vertex 67.400000000000006 -60 0.050000000000000003
      vertex 67.400000000000006 -40.200000000000003 0.050000000000000003
    endloop
  endfacet
  facet normal -0.0099995000374968439 0 0.99995000374968757
    outer loop
      vertex 66.400000000000006 -44.159999999999989 0.040000000000000036
      vertex 67.400000000000006 -40.200000000000003 0.050000000000000003
      vertex 66.400000000000006 -40.200000000000003 0.040000000000000036
    endloop
  endfacet
  facet normal -0.0097009684960294284 -0.24252421240074087 0.97009684960298648
    outer loop
      vertex 66.400000000000006 -40.039999999999999 0.080000000000000016
      vertex 64.400000000000006 -40.120000000000005 0.040000000000000036
      vertex 66.400000000000006 -40.200000000000003 0.040000000000000036
    endloop
  endfacet
  facet normal -0.0097009684960298291 -0.24252421240074087 0.97009684960298648
    outer loop
      vertex 66.400000000000006 -40.039999999999999 0.080000000000000016
      vertex 66.400000000000006 -40.200000000000003 0.040000000000000036
      vertex 67.400000000000006 -40.200000000000003 0.050000000000000003
    endloop
  endfacet
  facet normal -0.0097009684960293035 -0.24252421240073774 0.97009684960298737
    outer loop
      vertex 66.400000000000006 -40.039999999999999 0.080000000000000016
      vertex 67.400000000000006 -40.200000000000003 0.050000000000000003
      vertex 67.400000000000006 -40.079999999999998 0.080000000000000016
    endloop
  endfacet
  facet normal -0.019996001199600124 0 0.99980005998000698
    outer loop
      vertex 64.400000000000006 -40.120000000000005 0.040000000000000036
      vertex 66.400000000000006 -40.039999999999999 0.080000000000000016
      vertex 66.400000000000006 -40 0.080000000000000016
    endloop
  endfacet
  facet normal -0.019996001199600131 0 0.99980005998000709
    outer loop
      vertex 64.400000000000006 -40.120000000000005 0.040000000000000036
      vertex 66.400000000000006 -40 0.080000000000000016
      vertex 64.400000000000006 -40 0.040000000000000036
    endloop
  endfacet
  facet normal -0.019996001199600131 0 0.99980005998000698
    outer loop
      vertex 66.400000000000006 -24.159999999999997 0.080000000000000016
      vertex 64.400000000000006 -32.079999999999991 0.040000000000000036
      vertex 64.400000000000006 -40 0.040000000000000036
    endloop
  endfacet
  facet normal -0.019996001199600131 0 0.99980005998000698
    outer loop
      vertex 66.400000000000006 -24.159999999999997 0.080000000000000016
      vertex 64.400000000000006 -40 0.040000000000000036
      vertex 66.400000000000006 -40 0.080000000000000016
    endloop
  endfacet
  facet normal -0.019996001199600131 0 0.99980005998000698
    outer loop
      vertex 64.400000000000006 -32.079999999999991 0.040000000000000036
      vertex 66.400000000000006 -24.159999999999997 0.080000000000000016
      vertex 66.400000000000006 -20.199999999999999 0.080000000000000016
    endloop
  endfacet
  facet normal -0.019996001199600131 0 0.99980005998000698
    outer loop
      vertex 64.400000000000006 -32.079999999999991 0.040000000000000036
      vertex 66.400000000000006 -20.199999999999999 0.080000000000000016
      vertex 64.400000000000006 -20.199999999999999 0.040000000000000036
    endloop
  endfacet
  facet normal -0.01939919873264417 0.24248998415805192 0.96995993663220903
    outer loop
      vertex 66.400000000000006 -20.039999999999999 0.040000000000000036
      vertex 64.400000000000006 -20.199999999999999 0.040000000000000036
      vertex 66.400000000000006 -20.199999999999999 0.080000000000000016
    endloop
  endfacet
  facet normal -0.019399198732643744 0.24248998415805192 0.96995993663220903
    outer loop
      vertex 66.400000000000006 -20.039999999999999 0.040000000000000036
      vertex 66.400000000000006 -20.199999999999999 0.080000000000000016
      vertex 67.400000000000006 -20.120000000000001 0.080000000000000016
    endloop
  endfacet
  facet normal -0.019399198732643876 0.24248998415805045 0.96995993663220947
    outer loop
      vertex 66.400000000000006 -20.039999999999999 0.040000000000000036
      vertex 67.400000000000006 -20.120000000000001 0.080000000000000016
      vertex 67.400000000000006 -20 0.050000000000000003
    endloop
  endfacet
  facet normal -0.0099995000374968439 0 0.99995000374968768
    outer loop
      vertex 66.400000000000006 -20.039999999999999 0.040000000000000036
      vertex 67.400000000000006 -20 0.050000000000000003
      vertex 66.400000000000006 -20 0.040000000000000036
    endloop
  endfacet
  facet normal -0.0099995000374968421 0 0.99995000374968757
    outer loop
      vertex 66.400000000000006 -12.159999999999993 0.040000000000000036
      vertex 66.400000000000006 -20 0.040000000000000036
      vertex 67.400000000000006 -20 0.050000000000000003
    endloop
  endfacet
  facet normal -0.0099995000374968439 0 0.99995000374968757
    outer loop
      vertex 66.400000000000006 -12.159999999999993 0.040000000000000036
      vertex 67.400000000000006 -20 0.050000000000000003
      vertex 67.400000000000006 -10.199999999999999 0.050000000000000003
    endloop
  endfacet
  facet normal -0.0099995000374968421 0 0.99995000374968757
    outer loop
      vertex 66.400000000000006 -12.159999999999993 0.040000000000000036
      vertex 67.400000000000006 -10.199999999999999 0.050000000000000003
      vertex 66.400000000000006 -10.199999999999999 0.040000000000000036
    endloop
  endfacet
  facet normal -0.0097009684960298465 -0.24252421240074595 0.97009684960298515
    outer loop
      vertex 66.400000000000006 -10.039999999999999 0.080000000000000016
      vertex 64.400000000000006 -10.119999999999999 0.040000000000000036
      vertex 66.400000000000006 -10.199999999999999 0.040000000000000036
    endloop
  endfacet
  facet normal -0.0097009684960298204 -0.24252421240074595 0.97009684960298515
    outer loop
      vertex 66.400000000000006 -10.039999999999999 0.080000000000000016
      vertex 66.400000000000006 -10.199999999999999 0.040000000000000036
      vertex 67.400000000000006 -10.199999999999999 0.050000000000000003
    endloop
  endfacet
  facet normal -0.0097009684960301396 -0.24252421240074787 0.9700968496029847
    outer loop
      vertex 66.400000000000006 -10.039999999999999 0.080000000000000016
      vertex 67.400000000000006 -10.199999999999999 0.050000000000000003
      vertex 67.400000000000006 -10.08 0.080000000000000016
    endloop
  endfacet
  facet normal -0.019996001199600131 0 0.99980005998000698
    outer loop
      vertex 64.400000000000006 -10.119999999999999 0.040000000000000036
      vertex 66.400000000000006 -10.039999999999999 0.080000000000000016
      vertex 66.400000000000006 -10 0.080000000000000016
    endloop
  endfacet
  facet normal -0.019996001199600131 0 0.99980005998000698
    outer loop
      vertex 64.400000000000006 -10.119999999999999 0.040000000000000036
      vertex 66.400000000000006 -10 0.080000000000000016
      vertex 64.400000000000006 -10 0.040000000000000036
    endloop
  endfacet
  facet normal -0.019996001199600131 0 0.99980005998000709
    outer loop
      vertex 66.400000000000006 -1.9999999999999987 0.080000000000000016
      vertex 64.400000000000006 -5.9999999999999964 0.040000000000000036
      vertex 64.400000000000006 -10 0.040000000000000036
    endloop
  endfacet
  facet normal -0.019996001199600131 0 0.99980005998000709
    outer loop
      vertex 66.400000000000006 -1.9999999999999987 0.080000000000000016
      vertex 64.400000000000006 -10 0.040000000000000036
      vertex 66.400000000000006 -10 0.080000000000000016
    endloop
  endfacet
  facet normal -0.019996001199600134 0 0.99980005998000709
    outer loop
      vertex 64.400000000000006 -5.9999999999999964 0.040000000000000036
      vertex 66.400000000000006 -1.9999999999999991 0.080000000000000016
      vertex 66.400000000000006 0 0.080000000000000016
    endloop
  endfacet
  facet normal -0.019996001199600131 0 0.99980005998000698
    outer loop
      vertex 64.400000000000006 -5.9999999999999964 0.040000000000000036
      vertex 66.400000000000006 0 0.080000000000000016
      vertex 64.400000000000006 0 0.040000000000000036
    endloop
  endfacet
  facet normal -0.017885682339724065 0.44714205849310185 0.89428411698620369
    outer loop
      vertex 64.400000000000006 0 0.040000000000000036
      vertex 66.400000000000006 0 0.080000000000000016
      vertex 67.400000000000006 0.03999999999999998 0.080000000000000016
    endloop
  endfacet
  facet normal -0.017885682339724065 0.44714205849310185 0.89428411698620369
    outer loop
      vertex 64.400000000000006 0 0.040000000000000036
      vertex 67.400000000000006 0.03999999999999998 0.080000000000000016
      vertex 67.400000000000006 0.11999999999999994 0.040000000000000036
    endloop
  endfacet
  facet normal 0 -0.60000000000004206 0.7999999999999684
    outer loop
      vertex 67.573333333333323 -80.026666666666671 0.080000000000000016
      vertex 67.519999999999996 -80.079999999999998 0.040000000000000036
      vertex 67.599999999999994 -80.079999999999998 0.040000000000000036
    endloop
  endfacet
  facet normal 0 -0.60000000000004206 0.7999999999999684
    outer loop
      vertex 67.573333333333323 -80.026666666666671 0.080000000000000016
      vertex 67.599999999999994 -80.079999999999998 0.040000000000000036
      vertex 67.599999999999994 -80.026666666666671 0.080000000000000016
    endloop
  endfacet
  facet normal 0 -0.60000000000004206 0.7999999999999684
    outer loop
      vertex 67.400000000000006 -80.026666666666671 0.080000000000000016
      vertex 67.400000000000006 -80.079999999999998 0.040000000000000036
      vertex 67.519999999999996 -80.079999999999998 0.040000000000000036
    endloop
  endfacet
  facet normal 0 -0.60000000000004206 0.7999999999999684
    outer loop
      vertex 67.400000000000006 -80.026666666666671 0.080000000000000016
      vertex 67.519999999999996 -80.079999999999998 0.040000000000000036
      vertex 67.573333333333323 -80.026666666666671 0.080000000000000016
    endloop
  endfacet
  facet normal -0 0.24253562503632442 0.97014250014533399
    outer loop
      vertex 67.480000000000004 -60.120000000000005 0.080000000000000016
      vertex 67.599999999999994 -60.120000000000005 0.080000000000000016
      vertex 67.599999999999994 -60 0.050000000000000003
    endloop
  endfacet
  facet normal -0 0.24253562503632442 0.97014250014533399
    outer loop
      vertex 67.400000000000006 -60.120000000000005 0.080000000000000016
      vertex 67.480000000000004 -60.120000000000005 0.080000000000000016
      vertex 67.599999999999994 -60 0.050000000000000003
    endloop
  endfacet
  facet normal 0 0.24253562503632442 0.97014250014533399
    outer loop
      vertex 67.400000000000006 -60.120000000000005 0.080000000000000016
      vertex 67.599999999999994 -60 0.050000000000000003
      vertex 67.400000000000006 -60 0.050000000000000003
    endloop
  endfacet
  facet normal 0 0 1
    outer loop
      vertex 67.400000000000006 -60 0.050000000000000003
      vertex 67.599999999999994 -60 0.050000000000000003
      vertex 67.599999999999994 -40.200000000000003 0.050000000000000003
    endloop
  endfacet
  facet normal 0 0 1
    outer loop
      vertex 67.400000000000006 -60 0.050000000000000003
      vertex 67.599999999999994 -40.200000000000003 0.050000000000000003
      vertex 67.400000000000006 -40.200000000000003 0.050000000000000003
    endloop
  endfacet
  facet normal 0 -0.2425356250363245 0.9701425001453341
    outer loop
      vertex 67.519999999999996 -40.079999999999998 0.080000000000000016
      vertex 67.400000000000006 -40.200000000000003 0.050000000000000003
      vertex 67.599999999999994 -40.200000000000003 0.050000000000000003
    endloop
  endfacet
  facet normal 0 -0.24253562503632442 0.97014250014533399
    outer loop
      vertex 67.519999999999996 -40.079999999999998 0.080000000000000016
      vertex 67.599999999999994 -40.200000000000003 0.050000000000000003
      vertex 67.599999999999994 -40.079999999999998 0.080000000000000016
    endloop
  endfacet
  facet normal 0 -0.24253562503632442 0.97014250014533399
    outer loop
      vertex 67.400000000000006 -40.079999999999998 0.080000000000000016
      vertex 67.400000000000006 -40.200000000000003 0.050000000000000003
      vertex 67.519999999999996 -40.079999999999998 0.080000000000000016
    endloop
  endfacet
  facet normal -0 0.24253562503633116 0.97014250014533243
    outer loop
      vertex 67.480000000000004 -20.120000000000001 0.080000000000000016
      vertex 67.599999999999994 -20.120000000000001 0.080000000000000016
      vertex 67.599999999999994 -20 0.050000000000000003
    endloop
  endfacet
  facet normal -0 0.24253562503633119 0.97014250014533232
    outer loop
      vertex 67.400000000000006 -20.120000000000001 0.080000000000000016
      vertex 67.480000000000004 -20.120000000000001 0.080000000000000016
      vertex 67.599999999999994 -20 0.050000000000000003
    endloop
  endfacet
  facet normal 0 0.24253562503633119 0.97014250014533232
    outer loop
      vertex 67.400000000000006 -20.120000000000001 0.080000000000000016
      vertex 67.599999999999994 -20 0.050000000000000003
      vertex 67.400000000000006 -20 0.050000000000000003
    endloop
  endfacet
  facet normal 0 0 1
    outer loop
      vertex 67.400000000000006 -20 0.050000000000000003
      vertex 67.599999999999994 -20 0.050000000000000003
      vertex 67.599999999999994 -10.199999999999999 0.050000000000000003
    endloop
  endfacet
  facet normal 0 0 1
    outer loop
      vertex 67.400000000000006 -20 0.050000000000000003
      vertex 67.599999999999994 -10.199999999999999 0.050000000000000003
      vertex 67.400000000000006 -10.199999999999999 0.050000000000000003
    endloop
  endfacet
  facet normal 0 -0.24253562503633455 0.97014250014533154
    outer loop
      vertex 67.519999999999996 -10.08 0.080000000000000016
      vertex 67.400000000000006 -10.199999999999999 0.050000000000000003
      vertex 67.599999999999994 -10.199999999999999 0.050000000000000003
    endloop
  endfacet
  facet normal 0 -0.24253562503633458 0.97014250014533154
    outer loop
      vertex 67.519999999999996 -10.08 0.080000000000000016
      vertex 67.599999999999994 -10.199999999999999 0.050000000000000003
      vertex 67.599999999999994 -10.08 0.080000000000000016
    endloop
  endfacet
  facet normal 0 -0.24253562503633455 0.97014250014533154
    outer loop
      vertex 67.400000000000006 -10.08 0.080000000000000016
      vertex 67.400000000000006 -10.199999999999999 0.050000000000000003
      vertex 67.519999999999996 -10.08 0.080000000000000016
    endloop
  endfacet
  facet normal 0 0.44721359549995793 0.89442719099991586
    outer loop
      vertex 67.519999999999996 0.11999999999999994 0.040000000000000036
      vertex 67.439999999999998 0.03999999999999998 0.080000000000000016
      vertex 67.599999999999994 0.03999999999999998 0.080000000000000016
    endloop
  endfacet
  facet normal -0 0.44721359549995793 0.89442719099991586
    outer loop
      vertex 67.519999999999996 0.11999999999999994 0.040000000000000036
      vertex 67.599999999999994 0.03999999999999998 0.080000000000000016
      vertex 67.599999999999994 0.11999999999999994 0.040000000000000036
    endloop
  endfacet
  facet normal 0 0.44721359549995793 0.89442719099991586
    outer loop
      vertex 67.400000000000006 0.11999999999999994 0.040000000000000036
      vertex 67.400000000000006 0.03999999999999998 0.080000000000000016
      vertex 67.439999999999998 0.03999999999999998 0.080000000000000016
    endloop
  endfacet
  facet normal -0 0.44721359549995793 0.89442719099991586
    outer loop
      vertex 67.400000000000006 0.11999999999999994 0.040000000000000036
      vertex 67.439999999999998 0.03999999999999998 0.080000000000000016
      vertex 67.519999999999996 0.11999999999999994 0.040000000000000036
    endloop
  endfacet
  facet normal 0 -0.60000000000004206 0.7999999999999684
    outer loop
      vertex 69.333333333333329 -80.026666666666671 0.080000000000000016
      vertex 68.799999999999997 -80.079999999999998 0.040000000000000036
      vertex 69.599999999999994 -80.079999999999998 0.040000000000000036
    endloop
  endfacet
  facet normal 0 -0.60000000000004206 0.7999999999999684
    outer loop
      vertex 69.333333333333329 -80.026666666666671 0.080000000000000016
      vertex 69.599999999999994 -80.079999999999998 0.040000000000000036
      vertex 69.599999999999994 -80.026666666666671 0.080000000000000016
    endloop
  endfacet
  facet normal 0 -0.60000000000004206 0.79999999999996829
    outer loop
      vertex 67.599999999999994 -80.026666666666671 0.080000000000000016
      vertex 67.599999999999994 -80.079999999999998 0.040000000000000036
      vertex 68.799999999999997 -80.079999999999998 0.040000000000000036
    endloop
  endfacet
  facet normal 0 -0.60000000000004206 0.7999999999999684
    outer loop
      vertex 67.599999999999994 -80.026666666666671 0.080000000000000016
      vertex 68.799999999999997 -80.079999999999998 0.040000000000000036
      vertex 69.333333333333329 -80.026666666666671 0.080000000000000016
    endloop
  endfacet
  facet normal -0 0.24253562503632445 0.9701425001453341
    outer loop
      vertex 68.399999999999991 -60.120000000000005 0.080000000000000016
      vertex 69.599999999999994 -60.120000000000005 0.080000000000000016
      vertex 69.599999999999994 -60 0.050000000000000003
    endloop
  endfacet
  facet normal -0 0.24253562503632442 0.9701425001453341
    outer loop
      vertex 67.599999999999994 -60.120000000000005 0.080000000000000016
      vertex 68.399999999999991 -60.120000000000005 0.080000000000000016
      vertex 69.599999999999994 -60 0.050000000000000003
    endloop
  endfacet
  facet normal 0 0.24253562503632442 0.9701425001453341
    outer loop
      vertex 67.599999999999994 -60.120000000000005 0.080000000000000016
      vertex 69.599999999999994 -60 0.050000000000000003
      vertex 67.599999999999994 -60 0.050000000000000003
    endloop
  endfacet
  facet normal 0 0 1
    outer loop
      vertex 67.599999999999994 -60 0.050000000000000003
      vertex 69.599999999999994 -60 0.050000000000000003
      vertex 69.599999999999994 -40.200000000000003 0.050000000000000003
    endloop
  endfacet
  facet normal 0 0 1
    outer loop
      vertex 67.599999999999994 -60 0.050000000000000003
      vertex 69.599999999999994 -40.200000000000003 0.050000000000000003
      vertex 67.599999999999994 -40.200000000000003 0.050000000000000003
    endloop
  endfacet
  facet normal 0 -0.24253562503632442 0.9701425001453341
    outer loop
      vertex 68.799999999999997 -40.079999999999998 0.080000000000000016
      vertex 67.599999999999994 -40.200000000000003 0.050000000000000003
      vertex 69.599999999999994 -40.200000000000003 0.050000000000000003
    endloop
  endfacet
  facet normal 0 -0.24253562503632442 0.9701425001453341
    outer loop
      vertex 68.799999999999997 -40.079999999999998 0.080000000000000016
      vertex 69.599999999999994 -40.200000000000003 0.050000000000000003
      vertex 69.599999999999994 -40.079999999999998 0.080000000000000016
    endloop
  endfacet
  facet normal 0 -0.24253562503632445 0.9701425001453341
    outer loop
      vertex 67.599999999999994 -40.079999999999998 0.080000000000000016
      vertex 67.599999999999994 -40.200000000000003 0.050000000000000003
      vertex 68.799999999999997 -40.079999999999998 0.080000000000000016
    endloop
  endfacet
  facet normal -0 0.24253562503633116 0.97014250014533232
    outer loop
      vertex 68.399999999999991 -20.120000000000001 0.080000000000000016
      vertex 69.599999999999994 -20.120000000000001 0.080000000000000016
      vertex 69.599999999999994 -20 0.050000000000000003
    endloop
  endfacet
  facet normal -0 0.24253562503633114 0.97014250014533221
    outer loop
      vertex 67.599999999999994 -20.120000000000001 0.080000000000000016
      vertex 68.399999999999991 -20.120000000000001 0.080000000000000016
      vertex 69.599999999999994 -20 0.050000000000000003
    endloop
  endfacet
  facet normal 0 0.24253562503633116 0.97014250014533232
    outer loop
      vertex 67.599999999999994 -20.120000000000001 0.080000000000000016
      vertex 69.599999999999994 -20 0.050000000000000003
      vertex 67.599999999999994 -20 0.050000000000000003
    endloop
  endfacet
  facet normal 0 0 1
    outer loop
      vertex 67.599999999999994 -20 0.050000000000000003
      vertex 69.599999999999994 -20 0.050000000000000003
      vertex 69.599999999999994 -10.199999999999999 0.050000000000000003
    endloop
  endfacet
  facet normal 0 0 1
    outer loop
      vertex 67.599999999999994 -20 0.050000000000000003
      vertex 69.599999999999994 -10.199999999999999 0.050000000000000003
      vertex 67.599999999999994 -10.199999999999999 0.050000000000000003
    endloop
  endfacet
  facet normal 0 -0.24253562503633455 0.97014250014533143
    outer loop
      vertex 68.799999999999997 -10.08 0.080000000000000016
      vertex 67.599999999999994 -10.199999999999999 0.050000000000000003
      vertex 69.599999999999994 -10.199999999999999 0.050000000000000003
    endloop
  endfacet
  facet normal 0 -0.24253562503633452 0.97014250014533143
    outer loop
      vertex 68.799999999999997 -10.08 0.080000000000000016
      vertex 69.599999999999994 -10.199999999999999 0.050000000000000003
      vertex 69.599999999999994 -10.08 0.080000000000000016
    endloop
  endfacet
  facet normal 0 -0.24253562503633455 0.97014250014533154
    outer loop
      vertex 67.599999999999994 -10.08 0.080000000000000016
      vertex 67.599999999999994 -10.199999999999999 0.050000000000000003
      vertex 68.799999999999997 -10.08 0.080000000000000016
    endloop
  endfacet
  facet normal 0 0.44721359549995798 0.89442719099991597
    outer loop
      vertex 68.799999999999997 0.11999999999999994 0.040000000000000036
      vertex 68 0.03999999999999998 0.080000000000000016
      vertex 69.599999999999994 0.03999999999999998 0.080000000000000016
    endloop
  endfacet
  facet normal -0 0.44721359549995798 0.89442719099991597
    outer loop
      vertex 68.799999999999997 0.11999999999999994 0.040000000000000036
      vertex 69.599999999999994 0.03999999999999998 0.080000000000000016
      vertex 69.599999999999994 0.11999999999999994 0.040000000000000036
    endloop
  endfacet
  facet normal 0 0.44721359549995793 0.89442719099991586
    outer loop
      vertex 67.599999999999994 0.11999999999999994 0.040000000000000036
      vertex 67.599999999999994 0.03999999999999998 0.080000000000000016
      vertex 68 0.03999999999999998 0.080000000000000016
    endloop
  endfacet
  facet normal -0 0.44721359549995793 0.89442719099991586
    outer loop
      vertex 67.599999999999994 0.11999999999999994 0.040000000000000036
      vertex 68 0.03999999999999998 0.080000000000000016
      vertex 68.799999999999997 0.11999999999999994 0.040000000000000036
    endloop
  endfacet
  facet normal 0 -0.60000000000004206 0.7999999999999684
    outer loop
      vertex 69.773333333333326 -80.026666666666671 0.080000000000000016
      vertex 69.719999999999999 -80.079999999999998 0.040000000000000036
      vertex 69.799999999999997 -80.079999999999998 0.040000000000000036
    endloop
  endfacet
  facet normal 0 -0.60000000000004206 0.7999999999999684
    outer loop
      vertex 69.773333333333326 -80.026666666666671 0.080000000000000016
      vertex 69.799999999999997 -80.079999999999998 0.040000000000000036
      vertex 69.799999999999997 -80.026666666666671 0.080000000000000016
    endloop
  endfacet
  facet normal 0 -0.60000000000004206 0.7999999999999684
    outer loop
      vertex 69.599999999999994 -80.026666666666671 0.080000000000000016
      vertex 69.599999999999994 -80.079999999999998 0.040000000000000036
      vertex 69.719999999999999 -80.079999999999998 0.040000000000000036
    endloop
  endfacet
  facet normal 0 -0.60000000000004206 0.7999999999999684
    outer loop
      vertex 69.599999999999994 -80.026666666666671 0.080000000000000016
      vertex 69.719999999999999 -80.079999999999998 0.040000000000000036
      vertex 69.773333333333326 -80.026666666666671 0.080000000000000016
    endloop
  endfacet
  facet normal -0 0.24253562503632442 0.9701425001453341
    outer loop
      vertex 69.679999999999993 -60.120000000000005 0.080000000000000016
      vertex 69.799999999999997 -60.120000000000005 0.080000000000000016
      vertex 69.799999999999997 -60 0.050000000000000003
    endloop
  endfacet
  facet normal -0 0.24253562503632442 0.97014250014533399
    outer loop
      vertex 69.599999999999994 -60.120000000000005 0.080000000000000016
      vertex 69.679999999999993 -60.120000000000005 0.080000000000000016
      vertex 69.799999999999997 -60 0.050000000000000003
    endloop
  endfacet
  facet normal 0 0.24253562503632442 0.97014250014533399
    outer loop
      vertex 69.599999999999994 -60.120000000000005 0.080000000000000016
      vertex 69.799999999999997 -60 0.050000000000000003
      vertex 69.599999999999994 -60 0.050000000000000003
    endloop
  endfacet
  facet normal 0 0 1
    outer loop
      vertex 69.599999999999994 -60 0.050000000000000003
      vertex 69.799999999999997 -60 0.050000000000000003
      vertex 69.799999999999997 -40.200000000000003 0.050000000000000003
    endloop
  endfacet
  facet normal 0 0 1
    outer loop
      vertex 69.599999999999994 -60 0.050000000000000003
      vertex 69.799999999999997 -40.200000000000003 0.050000000000000003
      vertex 69.599999999999994 -40.200000000000003 0.050000000000000003
    endloop
  endfacet
  facet normal 0 -0.24253562503632442 0.97014250014533399
    outer loop
      vertex 69.719999999999999 -40.079999999999998 0.080000000000000016
      vertex 69.599999999999994 -40.200000000000003 0.050000000000000003
      vertex 69.799999999999997 -40.200000000000003 0.050000000000000003
    endloop
  endfacet
  facet normal 0 -0.24253562503632442 0.97014250014533399
    outer loop
      vertex 69.719999999999999 -40.079999999999998 0.080000000000000016
      vertex 69.799999999999997 -40.200000000000003 0.050000000000000003
      vertex 69.799999999999997 -40.079999999999998 0.080000000000000016
    endloop
  endfacet
  facet normal 0 -0.24253562503632442 0.9701425001453341
    outer loop
      vertex 69.599999999999994 -40.079999999999998 0.080000000000000016
      vertex 69.599999999999994 -40.200000000000003 0.050000000000000003
      vertex 69.719999999999999 -40.079999999999998 0.080000000000000016
    endloop
  endfacet
  facet normal -0 0.24253562503633114 0.97014250014533232
    outer loop
      vertex 69.679999999999993 -20.120000000000001 0.080000000000000016
      vertex 69.799999999999997 -20.120000000000001 0.080000000000000016
      vertex 69.799999999999997 -20 0.050000000000000003
    endloop
  endfacet
  facet normal -0 0.24253562503633119 0.97014250014533232
    outer loop
      vertex 69.599999999999994 -20.120000000000001 0.080000000000000016
      vertex 69.679999999999993 -20.120000000000001 0.080000000000000016
      vertex 69.799999999999997 -20 0.050000000000000003
    endloop
  endfacet
  facet normal 0 0.24253562503633116 0.97014250014533232
    outer loop
      vertex 69.599999999999994 -20.120000000000001 0.080000000000000016
      vertex 69.799999999999997 -20 0.050000000000000003
      vertex 69.599999999999994 -20 0.050000000000000003
    endloop
  endfacet
  facet normal 0 0 1
    outer loop
      vertex 69.599999999999994 -20 0.050000000000000003
      vertex 69.799999999999997 -20 0.050000000000000003
      vertex 69.799999999999997 -10.199999999999999 0.050000000000000003
    endloop
  endfacet
  facet normal 0 0 1
    outer loop
      vertex 69.599999999999994 -20 0.050000000000000003
      vertex 69.799999999999997 -10.199999999999999 0.050000000000000003
      vertex 69.599999999999994 -10.199999999999999 0.050000000000000003
    endloop
  endfacet
  facet normal 0 -0.24253562503633455 0.97014250014533154
    outer loop
      vertex 69.719999999999999 -10.08 0.080000000000000016
      vertex 69.599999999999994 -10.199999999999999 0.050000000000000003
      vertex 69.799999999999997 -10.199999999999999 0.050000000000000003
    endloop
  endfacet
  facet normal 0 -0.24253562503633458 0.97014250014533154
    outer loop
      vertex 69.719999999999999 -10.08 0.080000000000000016
      vertex 69.799999999999997 -10.199999999999999 0.050000000000000003
      vertex 69.799999999999997 -10.08 0.080000000000000016
    endloop
  endfacet
  facet normal 0 -0.24253562503633455 0.97014250014533154
    outer loop
      vertex 69.599999999999994 -10.08 0.080000000000000016
      vertex 69.599999999999994 -10.199999999999999 0.050000000000000003
      vertex 69.719999999999999 -10.08 0.080000000000000016
    endloop
  endfacet
  facet normal 0 0.44721359549995793 0.89442719099991586
    outer loop
      vertex 69.719999999999999 0.11999999999999994 0.040000000000000036
      vertex 69.640000000000001 0.03999999999999998 0.080000000000000016
      vertex 69.799999999999997 0.03999999999999998 0.080000000000000016
    endloop
  endfacet
  facet normal -0 0.44721359549995793 0.89442719099991586
    outer loop
      vertex 69.719999999999999 0.11999999999999994 0.040000000000000036
      vertex 69.799999999999997 0.03999999999999998 0.080000000000000016
      vertex 69.799999999999997 0.11999999999999994 0.040000000000000036
    endloop
  endfacet
  facet normal 0 0.44721359549995793 0.89442719099991586
    outer loop
      vertex 69.599999999999994 0.11999999999999994 0.040000000000000036
      vertex 69.599999999999994 0.03999999999999998 0.080000000000000016
      vertex 69.640000000000001 0.03999999999999998 0.080000000000000016
    endloop
  endfacet
  facet normal -0 0.44721359549995793 0.89442719099991586
    outer loop
      vertex 69.599999999999994 0.11999999999999994 0.040000000000000036
      vertex 69.640000000000001 0.03999999999999998 0.080000000000000016
      vertex 69.719999999999999 0.11999999999999994 0.040000000000000036
    endloop
  endfacet
  facet normal 0.37139067635410727 -0.55708601453119388 0.74278135270817713
    outer loop
      vertex 69.799999999999997 -80.026666666666671 0.080000000000000016
      vertex 69.799999999999997 -80.079999999999998 0.040000000000000036
      vertex 69.920000000000002 -80 0.040000000000000036
    endloop
  endfacet
  facet normal 0.371390676354108 -0.55708601453116202 0.74278135270820056
    outer loop
      vertex 69.799999999999997 -80.026666666666671 0.080000000000000016
      vertex 69.920000000000002 -80 0.040000000000000036
      vertex 69.840000000000003 -80 0.080000000000000016
    endloop
  endfacet
  facet normal 0.44721359549996531 0 0.89442719099991208
    outer loop
      vertex 69.920000000000002 -68.120000000000005 0.040000000000000036
      vertex 69.840000000000003 -76.040000000000006 0.080000000000000016
      vertex 69.840000000000003 -80 0.080000000000000016
    endloop
  endfacet
  facet normal 0.44721359549996537 0 0.89442719099991208
    outer loop
      vertex 69.920000000000002 -68.120000000000005 0.040000000000000036
      vertex 69.840000000000003 -80 0.080000000000000016
      vertex 69.920000000000002 -80 0.040000000000000036
    endloop
  endfacet
  facet normal 0.44721359549996537 0 0.89442719099991208
    outer loop
      vertex 69.840000000000003 -76.040000000000006 0.080000000000000016
      vertex 69.920000000000002 -68.120000000000005 0.040000000000000036
      vertex 69.920000000000002 -60.200000000000003 0.040000000000000036
    endloop
  endfacet
  facet normal 0.44721359549996537 -0 0.89442719099991208
    outer loop
      vertex 69.840000000000003 -76.040000000000006 0.080000000000000016
      vertex 69.920000000000002 -60.200000000000003 0.040000000000000036
      vertex 69.840000000000003 -60.200000000000003 0.080000000000000016
    endloop
  endfacet
  facet normal 0.44721359549996531 0 0.89442719099991219
    outer loop
      vertex 69.920000000000002 -60.079999999999998 0.040000000000000036
      vertex 69.840000000000003 -60.160000000000004 0.080000000000000016
      vertex 69.840000000000003 -60.200000000000003 0.080000000000000016
    endloop
  endfacet
  facet normal 0.44721359549996542 0 0.89442719099991219
    outer loop
      vertex 69.920000000000002 -60.079999999999998 0.040000000000000036
      vertex 69.840000000000003 -60.200000000000003 0.080000000000000016
      vertex 69.920000000000002 -60.200000000000003 0.040000000000000036
    endloop
  endfacet
  facet normal 0.23570226039548997 0.23570226039553183 0.9428090415820658
    outer loop
      vertex 69.799999999999997 -60.120000000000005 0.080000000000000016
      vertex 69.840000000000003 -60.160000000000004 0.080000000000000016
      vertex 69.920000000000002 -60.079999999999998 0.040000000000000036
    endloop
  endfacet
  facet normal 0.2357022603955016 0.2357022603955016 0.94280904158207046
    outer loop
      vertex 69.799999999999997 -60.120000000000005 0.080000000000000016
      vertex 69.920000000000002 -60.079999999999998 0.040000000000000036
      vertex 69.840000000000003 -60 0.040000000000000036
    endloop
  endfacet
  facet normal 0.23570226039548076 0.23570226039550959 0.94280904158207357
    outer loop
      vertex 69.799999999999997 -60.120000000000005 0.080000000000000016
      vertex 69.840000000000003 -60 0.040000000000000036
      vertex 69.799999999999997 -60 0.050000000000000003
    endloop
  endfacet
  facet normal 0.24253562503629655 0 0.97014250014534098
    outer loop
      vertex 69.840000000000003 -56.040000000000013 0.040000000000000036
      vertex 69.799999999999997 -60 0.050000000000000003
      vertex 69.840000000000003 -60 0.040000000000000036
    endloop
  endfacet
  facet normal 0.24253562503629647 0 0.97014250014534087
    outer loop
      vertex 69.799999999999997 -60 0.050000000000000003
      vertex 69.840000000000003 -56.040000000000013 0.040000000000000036
      vertex 69.840000000000003 -40.200000000000003 0.040000000000000036
    endloop
  endfacet
  facet normal 0.24253562503629653 -0 0.97014250014534098
    outer loop
      vertex 69.799999999999997 -60 0.050000000000000003
      vertex 69.840000000000003 -40.200000000000003 0.040000000000000036
      vertex 69.799999999999997 -40.200000000000003 0.050000000000000003
    endloop
  endfacet
  facet normal 0.24253562503629653 0 0.97014250014534098
    outer loop
      vertex 69.840000000000003 -40.160000000000004 0.040000000000000036
      vertex 69.799999999999997 -40.200000000000003 0.050000000000000003
      vertex 69.840000000000003 -40.200000000000003 0.040000000000000036
    endloop
  endfacet
  facet normal 0.43643578047191933 -0.21821789023599239 0.8728715609440022
    outer loop
      vertex 69.799999999999997 -40.079999999999998 0.080000000000000016
      vertex 69.799999999999997 -40.200000000000003 0.050000000000000003
      vertex 69.840000000000003 -40.160000000000004 0.040000000000000036
    endloop
  endfacet
  facet normal 0.43643578047195569 -0.2182178902359681 0.8728715609439901
    outer loop
      vertex 69.799999999999997 -40.079999999999998 0.080000000000000016
      vertex 69.840000000000003 -40.160000000000004 0.040000000000000036
      vertex 69.920000000000002 -40 0.040000000000000036
    endloop
  endfacet
  facet normal 0.436435780471988 -0.21821789023603275 0.87287156094395779
    outer loop
      vertex 69.799999999999997 -40.079999999999998 0.080000000000000016
      vertex 69.920000000000002 -40 0.040000000000000036
      vertex 69.840000000000003 -40 0.080000000000000016
    endloop
  endfacet
  facet normal 0.44721359549996537 0 0.89442719099991219
    outer loop
      vertex 69.920000000000002 -28.120000000000005 0.040000000000000036
      vertex 69.840000000000003 -36.039999999999999 0.080000000000000016
      vertex 69.840000000000003 -40 0.080000000000000016
    endloop
  endfacet
  facet normal 0.44721359549996537 0 0.89442719099991208
    outer loop
      vertex 69.920000000000002 -28.120000000000005 0.040000000000000036
      vertex 69.840000000000003 -40 0.080000000000000016
      vertex 69.920000000000002 -40 0.040000000000000036
    endloop
  endfacet
  facet normal 0.44721359549996542 0 0.89442719099991219
    outer loop
      vertex 69.840000000000003 -36.039999999999999 0.080000000000000016
      vertex 69.920000000000002 -28.120000000000005 0.040000000000000036
      vertex 69.920000000000002 -20.199999999999999 0.040000000000000036
    endloop
  endfacet
  facet normal 0.44721359549996542 -0 0.89442719099991219
    outer loop
      vertex 69.840000000000003 -36.039999999999999 0.080000000000000016
      vertex 69.920000000000002 -20.199999999999999 0.040000000000000036
      vertex 69.840000000000003 -20.199999999999999 0.080000000000000016
    endloop
  endfacet
  facet normal 0.44721359549996559 0 0.89442719099991208
    outer loop
      vertex 69.920000000000002 -20.079999999999998 0.040000000000000036
      vertex 69.840000000000003 -20.16 0.080000000000000016
      vertex 69.840000000000003 -20.199999999999999 0.080000000000000016
    endloop
  endfacet
  facet normal 0.44721359549996548 0 0.89442719099991219
    outer loop
      vertex 69.920000000000002 -20.079999999999998 0.040000000000000036
      vertex 69.840000000000003 -20.199999999999999 0.080000000000000016
      vertex 69.920000000000002 -20.199999999999999 0.040000000000000036
    endloop
  endfacet
  facet normal 0.23570226039549463 0.23570226039553649 0.94280904158206347
    outer loop
      vertex 69.799999999999997 -20.120000000000001 0.080000000000000016
      vertex 69.840000000000003 -20.16 0.080000000000000016
      vertex 69.920000000000002 -20.079999999999998 0.040000000000000036
    endloop
  endfacet
  facet normal 0.23570226039550626 0.23570226039550624 0.94280904158206824
    outer loop
      vertex 69.799999999999997 -20.120000000000001 0.080000000000000016
      vertex 69.920000000000002 -20.079999999999998 0.040000000000000036
      vertex 69.840000000000003 -20 0.040000000000000036
    endloop
  endfacet
  facet normal 0.23570226039548048 0.2357022603955162 0.94280904158207213
    outer loop
      vertex 69.799999999999997 -20.120000000000001 0.080000000000000016
      vertex 69.840000000000003 -20 0.040000000000000036
      vertex 69.799999999999997 -20 0.050000000000000003
    endloop
  endfacet
  facet normal 0.24253562503629655 0 0.97014250014534087
    outer loop
      vertex 69.840000000000003 -18.040000000000006 0.040000000000000036
      vertex 69.799999999999997 -20 0.050000000000000003
      vertex 69.840000000000003 -20 0.040000000000000036
    endloop
  endfacet
  facet normal 0.24253562503629653 0 0.97014250014534098
    outer loop
      vertex 69.799999999999997 -20 0.050000000000000003
      vertex 69.840000000000003 -18.040000000000006 0.040000000000000036
      vertex 69.840000000000003 -10.199999999999999 0.040000000000000036
    endloop
  endfacet
  facet normal 0.24253562503629653 -0 0.97014250014534098
    outer loop
      vertex 69.799999999999997 -20 0.050000000000000003
      vertex 69.840000000000003 -10.199999999999999 0.040000000000000036
      vertex 69.799999999999997 -10.199999999999999 0.050000000000000003
    endloop
  endfacet
  facet normal 0.24253562503629653 0 0.97014250014534098
    outer loop
      vertex 69.840000000000003 -10.16 0.040000000000000036
      vertex 69.799999999999997 -10.199999999999999 0.050000000000000003
      vertex 69.840000000000003 -10.199999999999999 0.040000000000000036
    endloop
  endfacet
  facet normal 0.43643578047192622 -0.21821789023600066 0.87287156094399665
    outer loop
      vertex 69.799999999999997 -10.08 0.080000000000000016
      vertex 69.799999999999997 -10.199999999999999 0.050000000000000003
      vertex 69.840000000000003 -10.16 0.040000000000000036
    endloop
  endfacet
  facet normal 0.43643578047196269 -0.21821789023597646 0.87287156094398455
    outer loop
      vertex 69.799999999999997 -10.08 0.080000000000000016
      vertex 69.840000000000003 -10.16 0.040000000000000036
      vertex 69.920000000000002 -10 0.040000000000000036
    endloop
  endfacet
  facet normal 0.4364357804719885 -0.21821789023602814 0.87287156094395879
    outer loop
      vertex 69.799999999999997 -10.08 0.080000000000000016
      vertex 69.920000000000002 -10 0.040000000000000036
      vertex 69.840000000000003 -10 0.080000000000000016
    endloop
  endfacet
  facet normal 0.44721359549996537 0 0.89442719099991208
    outer loop
      vertex 69.920000000000002 -4.0000000000000036 0.040000000000000036
      vertex 69.840000000000003 -8 0.080000000000000016
      vertex 69.840000000000003 -10 0.080000000000000016
    endloop
  endfacet
  facet normal 0.44721359549996537 0 0.89442719099991219
    outer loop
      vertex 69.920000000000002 -4.0000000000000036 0.040000000000000036
      vertex 69.840000000000003 -10 0.080000000000000016
      vertex 69.920000000000002 -10 0.040000000000000036
    endloop
  endfacet
  facet normal 0.44721359549996537 0 0.89442719099991219
    outer loop
      vertex 69.840000000000003 -8.0000000000000018 0.080000000000000016
      vertex 69.920000000000002 -4.0000000000000036 0.040000000000000036
      vertex 69.920000000000002 0 0.040000000000000036
    endloop
  endfacet
  facet normal 0.44721359549996537 -0 0.89442719099991208
    outer loop
      vertex 69.840000000000003 -8.0000000000000018 0.080000000000000016
      vertex 69.920000000000002 0 0.040000000000000036
      vertex 69.840000000000003 0 0.080000000000000016
    endloop
  endfacet
  facet normal 0.44721359549996537 0 0.89442719099991208
    outer loop
      vertex 69.920000000000002 0.11999999999999994 0.040000000000000036
      vertex 69.840000000000003 0.03999999999999998 0.080000000000000016
      vertex 69.840000000000003 0 0.080000000000000016
    endloop
  endfacet
  facet normal 0.44721359549996542 0 0.89442719099991219
    outer loop
      vertex 69.920000000000002 0.11999999999999994 0.040000000000000036
      vertex 69.840000000000003 0 0.080000000000000016
      vertex 69.920000000000002 0 0.040000000000000036
    endloop
  endfacet
  facet normal 0 0.44721359549995793 0.89442719099991586
    outer loop
      vertex 69.799999999999997 0.11999999999999994 0.040000000000000036
      vertex 69.799999999999997 0.03999999999999998 0.080000000000000016
      vertex 69.840000000000003 0.03999999999999998 0.080000000000000016
    endloop
  endfacet
  facet normal -0 0.44721359549995793 0.89442719099991586
    outer loop
      vertex 69.799999999999997 0.11999999999999994 0.040000000000000036
      vertex 69.840000000000003 0.03999999999999998 0.080000000000000016
      vertex 69.920000000000002 0.11999999999999994 0.040000000000000036
    endloop
  endfacet
  facet normal 0 -0.44721359549995793 0.89442719099991586
    outer loop
      vertex 80.959999999999994 0.16000000000000003 0.080000000000000016
      vertex 80.879999999999995 0.080000000000000071 0.040000000000000036
      vertex 81 0.080000000000000071 0.040000000000000036
    endloop
  endfacet
  facet normal 0 -0.44721359549995793 0.89442719099991586
    outer loop
      vertex 80.959999999999994 0.16000000000000003 0.080000000000000016
      vertex 81 0.080000000000000071 0.040000000000000036
      vertex 81 0.16000000000000003 0.080000000000000016
    endloop
  endfacet
  facet normal -0.44721359549996537 0 0.89442719099991208
    outer loop
      vertex 80.879999999999995 0.080000000000000071 0.040000000000000036
      vertex 80.959999999999994 0.16000000000000003 0.080000000000000016
      vertex 80.959999999999994 0.20000000000000001 0.080000000000000016
    endloop
  endfacet
  facet normal -0.44721359549996542 0 0.89442719099991219
    outer loop
      vertex 80.879999999999995 0.080000000000000071 0.040000000000000036
      vertex 80.959999999999994 0.20000000000000001 0.080000000000000016
      vertex 80.879999999999995 0.20000000000000001 0.040000000000000036
    endloop
  endfacet
  facet normal -0.44721359549996542 0 0.89442719099991219
    outer loop
      vertex 80.959999999999994 8.0400000000000009 0.080000000000000016
      vertex 80.879999999999995 4.1200000000000028 0.040000000000000036
      vertex 80.879999999999995 0.20000000000000001 0.040000000000000036
    endloop
  endfacet
  facet normal -0.44721359549996537 0 0.89442719099991208
    outer loop
      vertex 80.959999999999994 8.0400000000000009 0.080000000000000016
      vertex 80.879999999999995 0.20000000000000001 0.040000000000000036
      vertex 80.959999999999994 0.20000000000000001 0.080000000000000016
    endloop
  endfacet
  facet normal -0.44721359549996553 0 0.89442719099991197
    outer loop
      vertex 80.879999999999995 4.1200000000000037 0.040000000000000036
      vertex 80.959999999999994 8.0400000000000009 0.080000000000000016
      vertex 80.959999999999994 10 0.080000000000000016
    endloop
  endfacet
  facet normal -0.44721359549996542 0 0.89442719099991219
    outer loop
      vertex 80.879999999999995 4.1200000000000037 0.040000000000000036
      vertex 80.959999999999994 10 0.080000000000000016
      vertex 80.879999999999995 10 0.040000000000000036
    endloop
  endfacet
  facet normal -0.43643578047199216 0.21821789023599122 0.87287156094396612
    outer loop
      vertex 80.959999999999994 10.16 0.040000000000000036
      vertex 80.879999999999995 10 0.040000000000000036
      vertex 80.959999999999994 10 0.080000000000000016
    endloop
  endfacet
  facet normal -0.43643578047192944 0.21821789023599861 0.87287156094399565
    outer loop
      vertex 80.959999999999994 10.16 0.040000000000000036
      vertex 80.959999999999994 10 0.080000000000000016
      vertex 81 10.08 0.080000000000000016
    endloop
  endfacet
  facet normal -0.43643578047192622 0.21821789023600061 0.87287156094399665
    outer loop
      vertex 80.959999999999994 10.16 0.040000000000000036
      vertex 81 10.08 0.080000000000000016
      vertex 81 10.199999999999999 0.050000000000000003
    endloop
  endfacet
  facet normal -0.24253562503629653 0 0.97014250014534098
    outer loop
      vertex 80.959999999999994 10.16 0.040000000000000036
      vertex 81 10.199999999999999 0.050000000000000003
      vertex 80.959999999999994 10.199999999999999 0.040000000000000036
    endloop
  endfacet
  facet normal -0.24253562503629658 0 0.97014250014534098
    outer loop
      vertex 80.959999999999994 18.040000000000006 0.040000000000000036
      vertex 80.959999999999994 10.199999999999999 0.040000000000000036
      vertex 81 10.199999999999999 0.050000000000000003
    endloop
  endfacet
  facet normal -0.24253562503629655 0 0.97014250014534098
    outer loop
      vertex 80.959999999999994 18.040000000000006 0.040000000000000036
      vertex 81 10.199999999999999 0.050000000000000003
      vertex 81 20 0.050000000000000003
    endloop
  endfacet
  facet normal -0.24253562503629655 0 0.97014250014534087
    outer loop
      vertex 80.959999999999994 18.040000000000006 0.040000000000000036
      vertex 81 20 0.050000000000000003
      vertex 80.959999999999994 20 0.040000000000000036
    endloop
  endfacet
  facet normal -0.23570226039551556 -0.23570226039551553 0.94280904158206347
    outer loop
      vertex 80.959999999999994 20.16 0.080000000000000016
      vertex 80.879999999999995 20.079999999999998 0.040000000000000036
      vertex 80.959999999999994 20 0.040000000000000036
    endloop
  endfacet
  facet normal -0.23570226039548037 -0.23570226039551759 0.94280904158207179
    outer loop
      vertex 80.959999999999994 20.16 0.080000000000000016
      vertex 80.959999999999994 20 0.040000000000000036
      vertex 81 20 0.050000000000000003
    endloop
  endfacet
  facet normal -0.23570226039547462 -0.23570226039551648 0.94280904158207346
    outer loop
      vertex 80.959999999999994 20.16 0.080000000000000016
      vertex 81 20 0.050000000000000003
      vertex 81 20.120000000000001 0.080000000000000016
    endloop
  endfacet
  facet normal -0.44721359549996559 0 0.89442719099991208
    outer loop
      vertex 80.879999999999995 20.079999999999998 0.040000000000000036
      vertex 80.959999999999994 20.16 0.080000000000000016
      vertex 80.959999999999994 20.199999999999999 0.080000000000000016
    endloop
  endfacet
  facet normal -0.44721359549996548 0 0.89442719099991219
    outer loop
      vertex 80.879999999999995 20.079999999999998 0.040000000000000036
      vertex 80.959999999999994 20.199999999999999 0.080000000000000016
      vertex 80.879999999999995 20.199999999999999 0.040000000000000036
    endloop
  endfacet
  facet normal -0.44721359549996542 0 0.89442719099991219
    outer loop
      vertex 80.959999999999994 36.039999999999999 0.080000000000000016
      vertex 80.879999999999995 28.120000000000005 0.040000000000000036
      vertex 80.879999999999995 20.199999999999999 0.040000000000000036
    endloop
  endfacet
  facet normal -0.44721359549996542 0 0.89442719099991219
    outer loop
      vertex 80.959999999999994 36.039999999999999 0.080000000000000016
      vertex 80.879999999999995 20.199999999999999 0.040000000000000036
      vertex 80.959999999999994 20.199999999999999 0.080000000000000016
    endloop
  endfacet
  facet normal -0.44721359549996537 0 0.89442719099991219
    outer loop
      vertex 80.879999999999995 28.120000000000005 0.040000000000000036
      vertex 80.959999999999994 36.039999999999999 0.080000000000000016
      vertex 80.959999999999994 40 0.080000000000000016
    endloop
  endfacet
  facet normal -0.44721359549996537 0 0.89442719099991208
    outer loop
      vertex 80.879999999999995 28.120000000000005 0.040000000000000036
      vertex 80.959999999999994 40 0.080000000000000016
      vertex 80.879999999999995 40 0.040000000000000036
    endloop
  endfacet
  facet normal -0.44721359549996531 0 0.89442719099991219
    outer loop
      vertex 80.959999999999994 40.160000000000004 0.080000000000000016
      vertex 80.879999999999995 40.079999999999998 0.040000000000000036
      vertex 80.879999999999995 40 0.040000000000000036
    endloop
  endfacet
  facet normal -0.44721359549996537 0 0.89442719099991219
    outer loop
      vertex 80.959999999999994 40.160000000000004 0.080000000000000016
      vertex 80.879999999999995 40 0.040000000000000036
      vertex 80.959999999999994 40 0.080000000000000016
    endloop
  endfacet
  facet normal -0.44721359549996531 0 0.89442719099991219
    outer loop
      vertex 80.879999999999995 40.079999999999998 0.040000000000000036
      vertex 80.959999999999994 40.160000000000004 0.080000000000000016
      vertex 80.959999999999994 40.200000000000003 0.080000000000000016
    endloop
  endfacet
  facet normal -0.44721359549996542 0 0.89442719099991219
    outer loop
      vertex 80.879999999999995 40.079999999999998 0.040000000000000036
      vertex 80.959999999999994 40.200000000000003 0.080000000000000016
      vertex 80.879999999999995 40.200000000000003 0.040000000000000036
    endloop
  endfacet
  facet normal -0.44721245476972249 0.0022586487614631953 0.89442490953942644
    outer loop
      vertex 80.959999999999994 56.040000000000013 0.040000000000000036
      vertex 80.879999999999995 40.200000000000003 0.040000000000000036
      vertex 80.959999999999994 40.200000000000003 0.080000000000000016
    endloop
  endfacet
  facet normal -0.44721245476965849 0.0022586487614632764 0.89442490953945852
    outer loop
      vertex 80.959999999999994 56.040000000000013 0.040000000000000036
      vertex 80.959999999999994 40.200000000000003 0.080000000000000016
      vertex 81 48.119999999999997 0.080000000000000016
    endloop
  endfacet
  facet normal -0.44721245476965799 0.0022586487614632798 0.89442490953945875
    outer loop
      vertex 80.959999999999994 56.040000000000013 0.040000000000000036
      vertex 81 48.119999999999997 0.080000000000000016
      vertex 81 60 0.050000000000000003
    endloop
  endfacet
  facet normal -0.24253562503629655 0 0.97014250014534098
    outer loop
      vertex 80.959999999999994 56.040000000000013 0.040000000000000036
      vertex 81 60 0.050000000000000003
      vertex 80.959999999999994 60 0.040000000000000036
    endloop
  endfacet
  facet normal -0.24253562503629655 0 0.97014250014534098
    outer loop
      vertex 80.959999999999994 60.160000000000004 0.040000000000000036
      vertex 80.959999999999994 60 0.040000000000000036
      vertex 81 60 0.050000000000000003
    endloop
  endfacet
  facet normal -0.24253562503629655 0 0.97014250014534098
    outer loop
      vertex 80.959999999999994 60.160000000000004 0.040000000000000036
      vertex 81 60 0.050000000000000003
      vertex 81 60.200000000000003 0.050000000000000003
    endloop
  endfacet
  facet normal -0.24253562503629653 0 0.97014250014534098
    outer loop
      vertex 80.959999999999994 60.160000000000004 0.040000000000000036
      vertex 81 60.200000000000003 0.050000000000000003
      vertex 80.959999999999994 60.200000000000003 0.040000000000000036
    endloop
  endfacet
  facet normal -0.24253489721584731 -0.0024498474466246676 0.97013958886336904
    outer loop
      vertex 80.959999999999994 76.040000000000006 0.080000000000000016
      vertex 80.879999999999995 68.120000000000005 0.040000000000000036
      vertex 80.959999999999994 60.200000000000003 0.040000000000000036
    endloop
  endfacet
  facet normal -0.24253489721580615 -0.0024498474466246932 0.97013958886337925
    outer loop
      vertex 80.959999999999994 76.040000000000006 0.080000000000000016
      vertex 80.959999999999994 60.200000000000003 0.040000000000000036
      vertex 81 60.200000000000003 0.050000000000000003
    endloop
  endfacet
  facet normal -0.2425348972158064 -0.002449847446624694 0.97013958886337925
    outer loop
      vertex 80.959999999999994 76.040000000000006 0.080000000000000016
      vertex 81 60.200000000000003 0.050000000000000003
      vertex 81 72.080000000000013 0.080000000000000016
    endloop
  endfacet
  facet normal -0.44721359549996531 0 0.89442719099991208
    outer loop
      vertex 80.879999999999995 68.120000000000005 0.040000000000000036
      vertex 80.959999999999994 76.040000000000006 0.080000000000000016
      vertex 80.959999999999994 80 0.080000000000000016
    endloop
  endfacet
  facet normal -0.44721359549996537 0 0.89442719099991208
    outer loop
      vertex 80.879999999999995 68.120000000000005 0.040000000000000036
      vertex 80.959999999999994 80 0.080000000000000016
      vertex 80.879999999999995 80 0.040000000000000036
    endloop
  endfacet
  facet normal -0.44721359549996542 0 0.89442719099991219
    outer loop
      vertex 80.959999999999994 80.159999999999997 0.080000000000000016
      vertex 80.879999999999995 80.079999999999998 0.040000000000000036
      vertex 80.879999999999995 80 0.040000000000000036
    endloop
  endfacet
  facet normal -0.44721359549996542 0 0.89442719099991219
    outer loop
      vertex 80.959999999999994 80.159999999999997 0.080000000000000016
      vertex 80.879999999999995 80 0.040000000000000036
      vertex 80.959999999999994 80 0.080000000000000016
    endloop
  endfacet
  facet normal -0.44721359549996531 0 0.89442719099991219
    outer loop
      vertex 80.879999999999995 80.079999999999998 0.040000000000000036
      vertex 80.959999999999994 80.159999999999997 0.080000000000000016
      vertex 80.959999999999994 80.200000000000003 0.080000000000000016
    endloop
  endfacet
  facet normal -0.44721359549996542 0 0.89442719099991219
    outer loop
      vertex 80.879999999999995 80.079999999999998 0.040000000000000036
      vertex 80.959999999999994 80.200000000000003 0.080000000000000016
      vertex 80.879999999999995 80.200000000000003 0.040000000000000036
    endloop
  endfacet
  facet normal -0.44721359549996537 0 0.89442719099991208
    outer loop
      vertex 80.959999999999994 96.040000000000006 0.080000000000000016
      vertex 80.879999999999995 88.120000000000005 0.040000000000000036
      vertex 80.879999999999995 80.200000000000003 0.040000000000000036
    endloop
  endfacet
  facet normal -0.44721359549996537 0 0.89442719099991208
    outer loop
      vertex 80.959999999999994 96.040000000000006 0.080000000000000016
      vertex 80.879999999999995 80.200000000000003 0.040000000000000036
      vertex 80.959999999999994 80.200000000000003 0.080000000000000016
    endloop
  endfacet
  facet normal -0.44721359549996531 0 0.89442719099991208
    outer loop
      vertex 80.879999999999995 88.120000000000005 0.040000000000000036
      vertex 80.959999999999994 96.040000000000006 0.080000000000000016
      vertex 80.959999999999994 100 0.080000000000000016
    endloop
  endfacet
  facet normal -0.44721359549996537 0 0.89442719099991208
    outer loop
      vertex 80.879999999999995 88.120000000000005 0.040000000000000036
      vertex 80.959999999999994 100 0.080000000000000016
      vertex 80.879999999999995 100 0.040000000000000036
    endloop
  endfacet
  facet normal 0 -0.44721359549995793 0.89442719099991586
    outer loop
      vertex 81.159999999999997 0.16000000000000003 0.080000000000000016
      vertex 81.079999999999998 0.080000000000000071 0.040000000000000036
      vertex 81.200000000000003 0.080000000000000071 0.040000000000000036
    endloop
  endfacet
  facet normal 0 -0.44721359549995793 0.89442719099991586
    outer loop
      vertex 81.159999999999997 0.16000000000000003 0.080000000000000016
      vertex 81.200000000000003 0.080000000000000071 0.040000000000000036
      vertex 81.200000000000003 0.16000000000000003 0.080000000000000016
    endloop
  endfacet
  facet normal 0 -0.44721359549995793 0.89442719099991586
    outer loop
      vertex 81 0.16000000000000003 0.080000000000000016
      vertex 81 0.080000000000000071 0.040000000000000036
      vertex 81.079999999999998 0.080000000000000071 0.040000000000000036
    endloop
  endfacet
  facet normal 0 -0.44721359549995793 0.89442719099991586
    outer loop
      vertex 81 0.16000000000000003 0.080000000000000016
      vertex 81.079999999999998 0.080000000000000071 0.040000000000000036
      vertex 81.159999999999997 0.16000000000000003 0.080000000000000016
    endloop
  endfacet
  facet normal -0 0.24253562503633455 0.97014250014533154
    outer loop
      vertex 81.079999999999998 10.08 0.080000000000000016
      vertex 81.200000000000003 10.08 0.080000000000000016
      vertex 81.200000000000003 10.199999999999999 0.050000000000000003
    endloop
  endfacet
  facet normal -0 0.24253562503633458 0.97014250014533154
    outer loop
      vertex 81 10.08 0.080000000000000016
      vertex 81.079999999999998 10.08 0.080000000000000016
      vertex 81.200000000000003 10.199999999999999 0.050000000000000003
    endloop
  endfacet
  facet normal 0 0.24253562503633455 0.97014250014533154
    outer loop
      vertex 81 10.08 0.080000000000000016
      vertex 81.200000000000003 10.199999999999999 0.050000000000000003
      vertex 81 10.199999999999999 0.050000000000000003
    endloop
  endfacet
  facet normal 0 0 1
    outer loop
      vertex 81 10.199999999999999 0.050000000000000003
      vertex 81.200000000000003 10.199999999999999 0.050000000000000003
      vertex 81.200000000000003 20 0.050000000000000003
    endloop
  endfacet
  facet normal 0 0 1
    outer loop
      vertex 81 10.199999999999999 0.050000000000000003
      vertex 81.200000000000003 20 0.050000000000000003
      vertex 81 20 0.050000000000000003
    endloop
  endfacet
  facet normal 0 -0.24253562503633116 0.97014250014533232
    outer loop
      vertex 81.120000000000005 20.120000000000001 0.080000000000000016
      vertex 81 20 0.050000000000000003
      vertex 81.200000000000003 20 0.050000000000000003
    endloop
  endfacet
  facet normal 0 -0.24253562503633119 0.97014250014533232
    outer loop
      vertex 81.120000000000005 20.120000000000001 0.080000000000000016
      vertex 81.200000000000003 20 0.050000000000000003
      vertex 81.200000000000003 20.120000000000001 0.080000000000000016
    endloop
  endfacet
  facet normal 0 -0.24253562503633114 0.97014250014533232
    outer loop
      vertex 81 20.120000000000001 0.080000000000000016
      vertex 81 20 0.050000000000000003
      vertex 81.120000000000005 20.120000000000001 0.080000000000000016
    endloop
  endfacet
  facet normal -0 0.0025252444736492204 0.99999681156509113
    outer loop
      vertex 81.079999999999998 48.119999999999997 0.080000000000000016
      vertex 81.200000000000003 48.119999999999997 0.080000000000000016
      vertex 81.200000000000003 60 0.050000000000000003
    endloop
  endfacet
  facet normal -0 0.0025252444736492204 0.99999681156509101
    outer loop
      vertex 81 48.119999999999997 0.080000000000000016
      vertex 81.079999999999998 48.119999999999997 0.080000000000000016
      vertex 81.200000000000003 60 0.050000000000000003
    endloop
  endfacet
  facet normal 0 0.0025252444736492204 0.99999681156509101
    outer loop
      vertex 81 48.119999999999997 0.080000000000000016
      vertex 81.200000000000003 60 0.050000000000000003
      vertex 81 60 0.050000000000000003
    endloop
  endfacet
  facet normal 0 0 1
    outer loop
      vertex 81 60 0.050000000000000003
      vertex 81.200000000000003 60 0.050000000000000003
      vertex 81.200000000000003 60.200000000000003 0.050000000000000003
    endloop
  endfacet
  facet normal 0 0 1
    outer loop
      vertex 81 60 0.050000000000000003
      vertex 81.200000000000003 60.200000000000003 0.050000000000000003
      vertex 81 60.200000000000003 0.050000000000000003
    endloop
  endfacet
  facet normal 0 -0.0025252444736492191 0.99999681156509124
    outer loop
      vertex 81.120000000000005 72.080000000000013 0.080000000000000016
      vertex 81 60.200000000000003 0.050000000000000003
      vertex 81.200000000000003 60.200000000000003 0.050000000000000003
    endloop
  endfacet
  facet normal 0 -0.0025252444736492191 0.99999681156509113
    outer loop
      vertex 81.120000000000005 72.080000000000013 0.080000000000000016
      vertex 81.200000000000003 60.200000000000003 0.050000000000000003
      vertex 81.200000000000003 72.080000000000013 0.080000000000000016
    endloop
  endfacet
  facet normal 0 -0.0025252444736492186 0.99999681156509113
    outer loop
      vertex 81 72.080000000000013 0.080000000000000016
      vertex 81 60.200000000000003 0.050000000000000003
      vertex 81.120000000000005 72.080000000000013 0.080000000000000016
    endloop
  endfacet
  facet normal 0 -0.44721359549995793 0.89442719099991586
    outer loop
      vertex 81.359999999999999 0.16000000000000003 0.080000000000000016
      vertex 81.280000000000001 0.080000000000000071 0.040000000000000036
      vertex 81.400000000000006 0.080000000000000071 0.040000000000000036
    endloop
  endfacet
  facet normal 0 -0.44721359549995793 0.89442719099991586
    outer loop
      vertex 81.359999999999999 0.16000000000000003 0.080000000000000016
      vertex 81.400000000000006 0.080000000000000071 0.040000000000000036
      vertex 81.400000000000006 0.16000000000000003 0.080000000000000016
    endloop
  endfacet
  facet normal 0 -0.44721359549995793 0.89442719099991586
    outer loop
      vertex 81.200000000000003 0.16000000000000003 0.080000000000000016
      vertex 81.200000000000003 0.080000000000000071 0.040000000000000036
      vertex 81.280000000000001 0.080000000000000071 0.040000000000000036
    endloop
  endfacet
  facet normal 0 -0.44721359549995793 0.89442719099991586
    outer loop
      vertex 81.200000000000003 0.16000000000000003 0.080000000000000016
      vertex 81.280000000000001 0.080000000000000071 0.040000000000000036
      vertex 81.359999999999999 0.16000000000000003 0.080000000000000016
    endloop
  endfacet
  facet normal -0 0.24253562503633455 0.97014250014533154
    outer loop
      vertex 81.280000000000001 10.08 0.080000000000000016
      vertex 81.400000000000006 10.08 0.080000000000000016
      vertex 81.400000000000006 10.199999999999999 0.050000000000000003
    endloop
  endfacet
  facet normal -0 0.24253562503633458 0.97014250014533154
    outer loop
      vertex 81.200000000000003 10.08 0.080000000000000016
      vertex 81.280000000000001 10.08 0.080000000000000016
      vertex 81.400000000000006 10.199999999999999 0.050000000000000003
    endloop
  endfacet
  facet normal 0 0.24253562503633455 0.97014250014533154
    outer loop
      vertex 81.200000000000003 10.08 0.080000000000000016
      vertex 81.400000000000006 10.199999999999999 0.050000000000000003
      vertex 81.200000000000003 10.199999999999999 0.050000000000000003
    endloop
  endfacet
  facet normal 0 0 1
    outer loop
      vertex 81.200000000000003 10.199999999999999 0.050000000000000003
      vertex 81.400000000000006 10.199999999999999 0.050000000000000003
      vertex 81.400000000000006 20 0.050000000000000003
    endloop
  endfacet
  facet normal 0 0 1
    outer loop
      vertex 81.200000000000003 10.199999999999999 0.050000000000000003
      vertex 81.400000000000006 20 0.050000000000000003
      vertex 81.200000000000003 20 0.050000000000000003
    endloop
  endfacet
  facet normal 0 -0.24253562503633116 0.97014250014533232
    outer loop
      vertex 81.320000000000007 20.120000000000001 0.080000000000000016
      vertex 81.200000000000003 20 0.050000000000000003
      vertex 81.400000000000006 20 0.050000000000000003
    endloop
  endfacet
  facet normal 0 -0.24253562503633119 0.97014250014533232
    outer loop
      vertex 81.320000000000007 20.120000000000001 0.080000000000000016
      vertex 81.400000000000006 20 0.050000000000000003
      vertex 81.400000000000006 20.120000000000001 0.080000000000000016
    endloop
  endfacet
  facet normal 0 -0.24253562503633114 0.97014250014533232
    outer loop
      vertex 81.200000000000003 20.120000000000001 0.080000000000000016
      vertex 81.200000000000003 20 0.050000000000000003
      vertex 81.320000000000007 20.120000000000001 0.080000000000000016
    endloop
  endfacet
  facet normal -0 0.0025252444736492204 0.99999681156509113
    outer loop
      vertex 81.280000000000001 48.119999999999997 0.080000000000000016
      vertex 81.400000000000006 48.119999999999997 0.080000000000000016
      vertex 81.400000000000006 60 0.050000000000000003
    endloop
  endfacet
  facet normal -0 0.0025252444736492204 0.99999681156509101
    outer loop
      vertex 81.200000000000003 48.119999999999997 0.080000000000000016
      vertex 81.280000000000001 48.119999999999997 0.080000000000000016
      vertex 81.400000000000006 60 0.050000000000000003
    endloop
  endfacet
  facet normal 0 0.0025252444736492204 0.99999681156509101
    outer loop
      vertex 81.200000000000003 48.119999999999997 0.080000000000000016
      vertex 81.400000000000006 60 0.050000000000000003
      vertex 81.200000000000003 60 0.050000000000000003
    endloop
  endfacet
  facet normal 0 0 1
    outer loop
      vertex 81.200000000000003 60 0.050000000000000003
      vertex 81.400000000000006 60 0.050000000000000003
      vertex 81.400000000000006 60.200000000000003 0.050000000000000003
    endloop
  endfacet
  facet normal 0 0 1
    outer loop
      vertex 81.200000000000003 60 0.050000000000000003
      vertex 81.400000000000006 60.200000000000003 0.050000000000000003
      vertex 81.200000000000003 60.200000000000003 0.050000000000000003
    endloop
  endfacet
  facet normal 0 -0.0025252444736492191 0.99999681156509124
    outer loop
      vertex 81.320000000000007 72.080000000000013 0.080000000000000016
      vertex 81.200000000000003 60.200000000000003 0.050000000000000003
      vertex 81.400000000000006 60.200000000000003 0.050000000000000003
    endloop
  endfacet
  facet normal 0 -0.0025252444736492191 0.99999681156509113
    outer loop
      vertex 81.320000000000007 72.080000000000013 0.080000000000000016
      vertex 81.400000000000006 60.200000000000003 0.050000000000000003
      vertex 81.400000000000006 72.080000000000013 0.080000000000000016
    endloop
  endfacet
  facet normal 0 -0.0025252444736492186 0.99999681156509113
    outer loop
      vertex 81.200000000000003 72.080000000000013 0.080000000000000016
      vertex 81.200000000000003 60.200000000000003 0.050000000000000003
      vertex 81.320000000000007 72.080000000000013 0.080000000000000016
    endloop
  endfacet
  facet normal 0 -0.44721359549995793 0.89442719099991586
    outer loop
      vertex 81.560000000000002 0.16000000000000003 0.080000000000000016
      vertex 81.480000000000004 0.080000000000000071 0.040000000000000036
      vertex 81.599999999999994 0.080000000000000071 0.040000000000000036
    endloop
  endfacet
  facet normal 0 -0.44721359549995793 0.89442719099991586
    outer loop
      vertex 81.560000000000002 0.16000000000000003 0.080000000000000016
      vertex 81.599999999999994 0.080000000000000071 0.040000000000000036
      vertex 81.599999999999994 0.16000000000000003 0.080000000000000016
    endloop
  endfacet
  facet normal 0 -0.44721359549995793 0.89442719099991586
    outer loop
      vertex 81.400000000000006 0.16000000000000003 0.080000000000000016
      vertex 81.400000000000006 0.080000000000000071 0.040000000000000036
      vertex 81.480000000000004 0.080000000000000071 0.040000000000000036
    endloop
  endfacet
  facet normal 0 -0.44721359549995793 0.89442719099991586
    outer loop
      vertex 81.400000000000006 0.16000000000000003 0.080000000000000016
      vertex 81.480000000000004 0.080000000000000071 0.040000000000000036
      vertex 81.560000000000002 0.16000000000000003 0.080000000000000016
    endloop
  endfacet
  facet normal -0 0.24253562503633455 0.97014250014533154
    outer loop
      vertex 81.480000000000004 10.08 0.080000000000000016
      vertex 81.599999999999994 10.08 0.080000000000000016
      vertex 81.599999999999994 10.199999999999999 0.050000000000000003
    endloop
  endfacet
  facet normal -0 0.24253562503633458 0.97014250014533154
    outer loop
      vertex 81.400000000000006 10.08 0.080000000000000016
      vertex 81.480000000000004 10.08 0.080000000000000016
      vertex 81.599999999999994 10.199999999999999 0.050000000000000003
    endloop
  endfacet
  facet normal 0 0.24253562503633455 0.97014250014533154
    outer loop
      vertex 81.400000000000006 10.08 0.080000000000000016
      vertex 81.599999999999994 10.199999999999999 0.050000000000000003
      vertex 81.400000000000006 10.199999999999999 0.050000000000000003
    endloop
  endfacet
  facet normal 0 0 1
    outer loop
      vertex 81.400000000000006 10.199999999999999 0.050000000000000003
      vertex 81.599999999999994 10.199999999999999 0.050000000000000003
      vertex 81.599999999999994 20 0.050000000000000003
    endloop
  endfacet
  facet normal 0 0 1
    outer loop
      vertex 81.400000000000006 10.199999999999999 0.050000000000000003
      vertex 81.599999999999994 20 0.050000000000000003
      vertex 81.400000000000006 20 0.050000000000000003
    endloop
  endfacet
  facet normal 0 -0.24253562503633119 0.97014250014533232
    outer loop
      vertex 81.519999999999996 20.120000000000001 0.080000000000000016
      vertex 81.400000000000006 20 0.050000000000000003
      vertex 81.599999999999994 20 0.050000000000000003
    endloop
  endfacet
  facet normal 0 -0.24253562503633119 0.97014250014533232
    outer loop
      vertex 81.519999999999996 20.120000000000001 0.080000000000000016
      vertex 81.599999999999994 20 0.050000000000000003
      vertex 81.599999999999994 20.120000000000001 0.080000000000000016
    endloop
  endfacet
  facet normal 0 -0.24253562503633116 0.97014250014533243
    outer loop
      vertex 81.400000000000006 20.120000000000001 0.080000000000000016
      vertex 81.400000000000006 20 0.050000000000000003
      vertex 81.519999999999996 20.120000000000001 0.080000000000000016
    endloop
  endfacet
  facet normal -0 0.0025252444736492204 0.99999681156509113
    outer loop
      vertex 81.480000000000004 48.119999999999997 0.080000000000000016
      vertex 81.599999999999994 48.119999999999997 0.080000000000000016
      vertex 81.599999999999994 60 0.050000000000000003
    endloop
  endfacet
  facet normal -0 0.0025252444736492204 0.99999681156509101
    outer loop
      vertex 81.400000000000006 48.119999999999997 0.080000000000000016
      vertex 81.480000000000004 48.119999999999997 0.080000000000000016
      vertex 81.599999999999994 60 0.050000000000000003
    endloop
  endfacet
  facet normal 0 0.0025252444736492204 0.99999681156509101
    outer loop
      vertex 81.400000000000006 48.119999999999997 0.080000000000000016
      vertex 81.599999999999994 60 0.050000000000000003
      vertex 81.400000000000006 60 0.050000000000000003
    endloop
  endfacet
  facet normal 0 0 1
    outer loop
      vertex 81.400000000000006 60 0.050000000000000003
      vertex 81.599999999999994 60 0.050000000000000003
      vertex 81.599999999999994 60.200000000000003 0.050000000000000003
    endloop
  endfacet
  facet normal 0 0 1
    outer loop
      vertex 81.400000000000006 60 0.050000000000000003
      vertex 81.599999999999994 60.200000000000003 0.050000000000000003
      vertex 81.400000000000006 60.200000000000003 0.050000000000000003
    endloop
  endfacet
  facet normal 0 -0.0025252444736492191 0.99999681156509101
    outer loop
      vertex 81.519999999999996 72.080000000000013 0.080000000000000016
      vertex 81.400000000000006 60.200000000000003 0.050000000000000003
      vertex 81.599999999999994 60.200000000000003 0.050000000000000003
    endloop
  endfacet
  facet normal 0 -0.0025252444736492191 0.99999681156509113
    outer loop
      vertex 81.519999999999996 72.080000000000013 0.080000000000000016
      vertex 81.599999999999994 60.200000000000003 0.050000000000000003
      vertex 81.599999999999994 72.080000000000013 0.080000000000000016
    endloop
  endfacet
  facet normal 0 -0.0025252444736492195 0.99999681156509124
    outer loop
      vertex 81.400000000000006 72.080000000000013 0.080000000000000016
      vertex 81.400000000000006 60.200000000000003 0.050000000000000003
      vertex 81.519999999999996 72.080000000000013 0.080000000000000016
    endloop
  endfacet
  facet normal -4.4353725238040741e-17 -0.59999999999999998 0.79999999999999993
    outer loop
      vertex 81.706666666666663 0.1066666666666667 0.080000000000000016
      vertex 81.653333333333322 0.053333333333333399 0.040000000000000036
      vertex 81.799999999999997 0.053333333333333392 0.040000000000000036
    endloop
  endfacet
  facet normal 0 -0.59999999999999998 0.79999999999999993
    outer loop
      vertex 81.706666666666663 0.1066666666666667 0.080000000000000016
      vertex 81.799999999999997 0.053333333333333392 0.040000000000000036
      vertex 81.799999999999997 0.1066666666666667 0.080000000000000016
    endloop
  endfacet
  facet normal -0.21821789023601537 -0.4364357804719825 0.87287156094396501
    outer loop
      vertex 81.599999999999994 0.16000000000000003 0.080000000000000016
      vertex 81.599999999999994 0.080000000000000071 0.040000000000000036
      vertex 81.653333333333322 0.053333333333333392 0.040000000000000036
    endloop
  endfacet
  facet normal -0.21821789023598015 -0.4364357804719704 0.87287156094397966
    outer loop
      vertex 81.599999999999994 0.16000000000000003 0.080000000000000016
      vertex 81.653333333333322 0.053333333333333392 0.040000000000000036
      vertex 81.706666666666663 0.1066666666666667 0.080000000000000016
    endloop
  endfacet
  facet normal -0.2357022603955074 0.23570226039551784 0.94280904158206491
    outer loop
      vertex 81.599999999999994 10.08 0.080000000000000016
      vertex 81.719999999999999 10.199999999999999 0.080000000000000016
      vertex 81.599999999999994 10.199999999999999 0.050000000000000003
    endloop
  endfacet
  facet normal -0.24253562503632436 0 0.97014250014533399
    outer loop
      vertex 81.719999999999999 16.080000000000002 0.080000000000000016
      vertex 81.599999999999994 10.199999999999999 0.050000000000000003
      vertex 81.719999999999999 10.199999999999999 0.080000000000000016
    endloop
  endfacet
  facet normal -0.2425356250363245 0 0.97014250014533399
    outer loop
      vertex 81.599999999999994 10.199999999999999 0.050000000000000003
      vertex 81.719999999999999 16.080000000000002 0.080000000000000016
      vertex 81.719999999999999 20 0.080000000000000016
    endloop
  endfacet
  facet normal -0.24253562503632445 0 0.97014250014533399
    outer loop
      vertex 81.599999999999994 10.199999999999999 0.050000000000000003
      vertex 81.719999999999999 20 0.080000000000000016
      vertex 81.599999999999994 20 0.050000000000000003
    endloop
  endfacet
  facet normal -0.23570226039550723 -0.23570226039552117 0.94280904158206424
    outer loop
      vertex 81.659999999999997 20.059999999999999 0.080000000000000016
      vertex 81.599999999999994 20 0.050000000000000003
      vertex 81.719999999999999 20 0.080000000000000016
    endloop
  endfacet
  facet normal -0.23570226039551417 -0.23570226039551417 0.94280904158206424
    outer loop
      vertex 81.599999999999994 20.120000000000001 0.080000000000000016
      vertex 81.599999999999994 20 0.050000000000000003
      vertex 81.659999999999997 20.059999999999999 0.080000000000000016
    endloop
  endfacet
  facet normal -0.24253489721583396 0.002449847446624678 0.97013958886337237
    outer loop
      vertex 81.599999999999994 48.119999999999997 0.080000000000000016
      vertex 81.719999999999999 60 0.080000000000000016
      vertex 81.599999999999994 60 0.050000000000000003
    endloop
  endfacet
  facet normal -0.24253562503632442 0 0.9701425001453341
    outer loop
      vertex 81.719999999999999 60.120000000000005 0.080000000000000016
      vertex 81.599999999999994 60 0.050000000000000003
      vertex 81.719999999999999 60 0.080000000000000016
    endloop
  endfacet
  facet normal -0.24253562503632442 0 0.97014250014533399
    outer loop
      vertex 81.599999999999994 60 0.050000000000000003
      vertex 81.719999999999999 60.120000000000005 0.080000000000000016
      vertex 81.719999999999999 60.200000000000003 0.080000000000000016
    endloop
  endfacet
  facet normal -0.24253562503632442 0 0.97014250014533399
    outer loop
      vertex 81.599999999999994 60 0.050000000000000003
      vertex 81.719999999999999 60.200000000000003 0.080000000000000016
      vertex 81.599999999999994 60.200000000000003 0.050000000000000003
    endloop
  endfacet
  facet normal -0.24253489721583399 0.0024498474466245332 0.97013958886337237
    outer loop
      vertex 81.599999999999994 60.200000000000003 0.050000000000000003
      vertex 81.719999999999999 60.200000000000003 0.080000000000000016
      vertex 81.799999999999997 68.120000000000005 0.080000000000000016
    endloop
  endfacet
  facet normal -0.24253489721583943 0.0024498474466246758 0.97013958886337093
    outer loop
      vertex 81.599999999999994 60.200000000000003 0.050000000000000003
      vertex 81.799999999999997 68.120000000000005 0.080000000000000016
      vertex 81.799999999999997 80 0.050000000000000003
    endloop
  endfacet
  facet normal 0.24253489721583918 -0.0024498474466246732 0.97013958886337104
    outer loop
      vertex 81.599999999999994 72.080000000000013 0.080000000000000016
      vertex 81.599999999999994 60.200000000000003 0.050000000000000003
      vertex 81.799999999999997 80 0.050000000000000003
    endloop
  endfacet
  facet normal 0.24253489721583399 -0.0024498474466245375 0.97013958886337226
    outer loop
      vertex 81.599999999999994 72.080000000000013 0.080000000000000016
      vertex 81.799999999999997 80 0.050000000000000003
      vertex 81.679999999999993 80 0.080000000000000016
    endloop
  endfacet
  facet normal 0.24253562503632442 0 0.97014250014533399
    outer loop
      vertex 81.679999999999993 80.079999999999998 0.080000000000000016
      vertex 81.679999999999993 80 0.080000000000000016
      vertex 81.799999999999997 80 0.050000000000000003
    endloop
  endfacet
  facet normal 0.24253562503632442 0 0.97014250014533399
    outer loop
      vertex 81.679999999999993 80.079999999999998 0.080000000000000016
      vertex 81.799999999999997 80 0.050000000000000003
      vertex 81.799999999999997 80.200000000000003 0.050000000000000003
    endloop
  endfacet
  facet normal 0.24253562503632442 -0 0.9701425001453341
    outer loop
      vertex 81.679999999999993 80.079999999999998 0.080000000000000016
      vertex 81.799999999999997 80.200000000000003 0.050000000000000003
      vertex 81.679999999999993 80.200000000000003 0.080000000000000016
    endloop
  endfacet
  facet normal 0.24253271379367591 -0.0048996507837108117 0.97013085517474007
    outer loop
      vertex 81.679999999999993 80.200000000000003 0.080000000000000016
      vertex 81.799999999999997 80.200000000000003 0.050000000000000003
      vertex 81.799999999999997 86.140000000000001 0.080000000000000016
    endloop
  endfacet
  facet normal -4.4353725238040741e-17 -0.59999999999999998 0.79999999999999993
    outer loop
      vertex 81.906666666666666 0.1066666666666667 0.080000000000000016
      vertex 81.853333333333325 0.053333333333333399 0.040000000000000036
      vertex 82 0.053333333333333392 0.040000000000000036
    endloop
  endfacet
  facet normal 0 -0.59999999999999998 0.79999999999999993
    outer loop
      vertex 81.906666666666666 0.1066666666666667 0.080000000000000016
      vertex 82 0.053333333333333392 0.040000000000000036
      vertex 82 0.1066666666666667 0.080000000000000016
    endloop
  endfacet
  facet normal -1.2197274440463276e-16 -0.60000000000000009 0.79999999999999993
    outer loop
      vertex 81.799999999999997 0.1066666666666667 0.080000000000000016
      vertex 81.799999999999997 0.053333333333333399 0.040000000000000036
      vertex 81.853333333333325 0.053333333333333392 0.040000000000000036
    endloop
  endfacet
  facet normal 0 -0.59999999999999998 0.80000000000000004
    outer loop
      vertex 81.799999999999997 0.1066666666666667 0.080000000000000016
      vertex 81.853333333333325 0.053333333333333392 0.040000000000000036
      vertex 81.906666666666666 0.1066666666666667 0.080000000000000016
    endloop
  endfacet
  facet normal -0 0.0025252444736492217 0.99999681156509113
    outer loop
      vertex 81.879999999999995 68.120000000000005 0.080000000000000016
      vertex 82 68.120000000000005 0.080000000000000016
      vertex 82 80 0.050000000000000003
    endloop
  endfacet
  facet normal -0 0.0025252444736492221 0.99999681156509101
    outer loop
      vertex 81.799999999999997 68.120000000000005 0.080000000000000016
      vertex 81.879999999999995 68.120000000000005 0.080000000000000016
      vertex 82 80 0.050000000000000003
    endloop
  endfacet
  facet normal 0 0.0025252444736492217 0.99999681156509101
    outer loop
      vertex 81.799999999999997 68.120000000000005 0.080000000000000016
      vertex 82 80 0.050000000000000003
      vertex 81.799999999999997 80 0.050000000000000003
    endloop
  endfacet
  facet normal 0 0 1
    outer loop
      vertex 81.799999999999997 80 0.050000000000000003
      vertex 82 80 0.050000000000000003
      vertex 82 80.200000000000003 0.050000000000000003
    endloop
  endfacet
  facet normal 0 0 1
    outer loop
      vertex 81.799999999999997 80 0.050000000000000003
      vertex 82 80.200000000000003 0.050000000000000003
      vertex 81.799999999999997 80.200000000000003 0.050000000000000003
    endloop
  endfacet
  facet normal 0 -0.0050504406386027885 0.99998724644335124
    outer loop
      vertex 81.859999999999999 86.140000000000001 0.080000000000000016
      vertex 81.799999999999997 80.200000000000003 0.050000000000000003
      vertex 82 80.200000000000003 0.050000000000000003
    endloop
  endfacet
  facet normal 0 -0.0050504406386027885 0.99998724644335124
    outer loop
      vertex 81.859999999999999 86.140000000000001 0.080000000000000016
      vertex 82 80.200000000000003 0.050000000000000003
      vertex 82 86.140000000000001 0.080000000000000016
    endloop
  endfacet
  facet normal 0 -0.0050504406386027885 0.99998724644335146
    outer loop
      vertex 81.799999999999997 86.140000000000001 0.080000000000000016
      vertex 81.799999999999997 80.200000000000003 0.050000000000000003
      vertex 81.859999999999999 86.140000000000001 0.080000000000000016
    endloop
  endfacet
  facet normal -4.4353725238040741e-17 -0.59999999999999998 0.79999999999999993
    outer loop
      vertex 82.106666666666669 0.1066666666666667 0.080000000000000016
      vertex 82.053333333333327 0.053333333333333399 0.040000000000000036
      vertex 82.200000000000003 0.053333333333333392 0.040000000000000036
    endloop
  endfacet
  facet normal 0 -0.59999999999999998 0.79999999999999993
    outer loop
      vertex 82.106666666666669 0.1066666666666667 0.080000000000000016
      vertex 82.200000000000003 0.053333333333333392 0.040000000000000036
      vertex 82.200000000000003 0.1066666666666667 0.080000000000000016
    endloop
  endfacet
  facet normal -1.2197274440463276e-16 -0.60000000000000009 0.79999999999999993
    outer loop
      vertex 82 0.1066666666666667 0.080000000000000016
      vertex 82 0.053333333333333399 0.040000000000000036
      vertex 82.053333333333327 0.053333333333333392 0.040000000000000036
    endloop
  endfacet
  facet normal 0 -0.59999999999999998 0.80000000000000004
    outer loop
      vertex 82 0.1066666666666667 0.080000000000000016
      vertex 82.053333333333327 0.053333333333333392 0.040000000000000036
      vertex 82.106666666666669 0.1066666666666667 0.080000000000000016
    endloop
  endfacet
  facet normal -0 0.0025252444736492217 0.99999681156509113
    outer loop
      vertex 82.079999999999998 68.120000000000005 0.080000000000000016
      vertex 82.200000000000003 68.120000000000005 0.080000000000000016
      vertex 82.200000000000003 80 0.050000000000000003
    endloop
  endfacet
  facet normal -0 0.0025252444736492221 0.99999681156509101
    outer loop
      vertex 82 68.120000000000005 0.080000000000000016
      vertex 82.079999999999998 68.120000000000005 0.080000000000000016
      vertex 82.200000000000003 80 0.050000000000000003
    endloop
  endfacet
  facet normal 0 0.0025252444736492217 0.99999681156509101
    outer loop
      vertex 82 68.120000000000005 0.080000000000000016
      vertex 82.200000000000003 80 0.050000000000000003
      vertex 82 80 0.050000000000000003
    endloop
  endfacet
  facet normal 0 0 1
    outer loop
      vertex 82 80 0.050000000000000003
      vertex 82.200000000000003 80 0.050000000000000003
      vertex 82.200000000000003 80.200000000000003 0.050000000000000003
    endloop
  endfacet
  facet normal 0 0 1
    outer loop
      vertex 82 80 0.050000000000000003
      vertex 82.200000000000003 80.200000000000003 0.050000000000000003
      vertex 82 80.200000000000003 0.050000000000000003
    endloop
  endfacet
  facet normal 0 -0.0050504406386027885 0.99998724644335124
    outer loop
      vertex 82.060000000000002 86.140000000000001 0.080000000000000016
      vertex 82 80.200000000000003 0.050000000000000003
      vertex 82.200000000000003 80.200000000000003 0.050000000000000003
    endloop
  endfacet
  facet normal 0 -0.0050504406386027885 0.99998724644335124
    outer loop
      vertex 82.060000000000002 86.140000000000001 0.080000000000000016
      vertex 82.200000000000003 80.200000000000003 0.050000000000000003
      vertex 82.200000000000003 86.140000000000001 0.080000000000000016
    endloop
  endfacet
  facet normal 0 -0.0050504406386027885 0.99998724644335146
    outer loop
      vertex 82 86.140000000000001 0.080000000000000016
      vertex 82 80.200000000000003 0.050000000000000003
      vertex 82.060000000000002 86.140000000000001 0.080000000000000016
    endloop
  endfacet
  facet normal -4.4353725238040741e-17 -0.59999999999999998 0.79999999999999993
    outer loop
      vertex 82.306666666666672 0.1066666666666667 0.080000000000000016
      vertex 82.25333333333333 0.053333333333333399 0.040000000000000036
      vertex 82.400000000000006 0.053333333333333392 0.040000000000000036
    endloop
  endfacet
  facet normal 0 -0.59999999999999998 0.79999999999999993
    outer loop
      vertex 82.306666666666672 0.1066666666666667 0.080000000000000016
      vertex 82.400000000000006 0.053333333333333392 0.040000000000000036
      vertex 82.400000000000006 0.1066666666666667 0.080000000000000016
    endloop
  endfacet
  facet normal -1.2197274440463276e-16 -0.60000000000000009 0.79999999999999993
    outer loop
      vertex 82.200000000000003 0.1066666666666667 0.080000000000000016
      vertex 82.200000000000003 0.053333333333333399 0.040000000000000036
      vertex 82.25333333333333 0.053333333333333392 0.040000000000000036
    endloop
  endfacet
  facet normal 0 -0.59999999999999998 0.80000000000000004
    outer loop
      vertex 82.200000000000003 0.1066666666666667 0.080000000000000016
      vertex 82.25333333333333 0.053333333333333392 0.040000000000000036
      vertex 82.306666666666672 0.1066666666666667 0.080000000000000016
    endloop
  endfacet
  facet normal -0 0.0025252444736492217 0.99999681156509113
    outer loop
      vertex 82.280000000000001 68.120000000000005 0.080000000000000016
      vertex 82.400000000000006 68.120000000000005 0.080000000000000016
      vertex 82.400000000000006 80 0.050000000000000003
    endloop
  endfacet
  facet normal -0 0.0025252444736492221 0.99999681156509101
    outer loop
      vertex 82.200000000000003 68.120000000000005 0.080000000000000016
      vertex 82.280000000000001 68.120000000000005 0.080000000000000016
      vertex 82.400000000000006 80 0.050000000000000003
    endloop
  endfacet
  facet normal 0 0.0025252444736492217 0.99999681156509101
    outer loop
      vertex 82.200000000000003 68.120000000000005 0.080000000000000016
      vertex 82.400000000000006 80 0.050000000000000003
      vertex 82.200000000000003 80 0.050000000000000003
    endloop
  endfacet
  facet normal 0 0 1
    outer loop
      vertex 82.200000000000003 80 0.050000000000000003
      vertex 82.400000000000006 80 0.050000000000000003
      vertex 82.400000000000006 80.200000000000003 0.050000000000000003
    endloop
  endfacet
  facet normal 0 0 1
    outer loop
      vertex 82.200000000000003 80 0.050000000000000003
      vertex 82.400000000000006 80.200000000000003 0.050000000000000003
      vertex 82.200000000000003 80.200000000000003 0.050000000000000003
    endloop
  endfacet
  facet normal 0 -0.0050504406386027885 0.99998724644335124
    outer loop
      vertex 82.260000000000005 86.140000000000001 0.080000000000000016
      vertex 82.200000000000003 80.200000000000003 0.050000000000000003
      vertex 82.400000000000006 80.200000000000003 0.050000000000000003
    endloop
  endfacet
  facet normal 0 -0.0050504406386027885 0.99998724644335124
    outer loop
      vertex 82.260000000000005 86.140000000000001 0.080000000000000016
      vertex 82.400000000000006 80.200000000000003 0.050000000000000003
      vertex 82.400000000000006 86.140000000000001 0.080000000000000016
    endloop
  endfacet
  facet normal 0 -0.0050504406386027885 0.99998724644335146
    outer loop
      vertex 82.200000000000003 86.140000000000001 0.080000000000000016
      vertex 82.200000000000003 80.200000000000003 0.050000000000000003
      vertex 82.260000000000005 86.140000000000001 0.080000000000000016
    endloop
  endfacet
  facet normal 0 -0.70710678118654746 0.70710678118654746
    outer loop
      vertex 82.47999999999999 0.080000000000000016 0.080000000000000016
      vertex 82.439999999999998 0.040000000000000036 0.040000000000000036
      vertex 82.599999999999994 0.040000000000000036 0.040000000000000036
    endloop
  endfacet
  facet normal 0 -0.70710678118654746 0.70710678118654746
    outer loop
      vertex 82.47999999999999 0.080000000000000016 0.080000000000000016
      vertex 82.599999999999994 0.040000000000000036 0.040000000000000036
      vertex 82.599999999999994 0.080000000000000016 0.080000000000000016
    endloop
  endfacet
  facet normal -0.19611613513822207 -0.58834840541454758 0.78446454055273007
    outer loop
      vertex 82.400000000000006 0.1066666666666667 0.080000000000000016
      vertex 82.400000000000006 0.053333333333333399 0.040000000000000036
      vertex 82.439999999999998 0.040000000000000036 0.040000000000000036
    endloop
  endfacet
  facet normal -0.19611613513822165 -0.58834840541454747 0.78446454055273007
    outer loop
      vertex 82.400000000000006 0.1066666666666667 0.080000000000000016
      vertex 82.439999999999998 0.040000000000000036 0.040000000000000036
      vertex 82.47999999999999 0.080000000000000016 0.080000000000000016
    endloop
  endfacet
  facet normal -0.24253489721586102 0.0024498474466246624 0.9701395888633656
    outer loop
      vertex 82.400000000000006 68.120000000000005 0.080000000000000016
      vertex 82.519999999999996 80 0.080000000000000016
      vertex 82.400000000000006 80 0.050000000000000003
    endloop
  endfacet
  facet normal -0.24253562503635148 0 0.97014250014532732
    outer loop
      vertex 82.519999999999996 80.120000000000005 0.080000000000000016
      vertex 82.400000000000006 80 0.050000000000000003
      vertex 82.519999999999996 80 0.080000000000000016
    endloop
  endfacet
  facet normal -0.24253562503635145 0 0.97014250014532732
    outer loop
      vertex 82.400000000000006 80 0.050000000000000003
      vertex 82.519999999999996 80.120000000000005 0.080000000000000016
      vertex 82.519999999999996 80.200000000000003 0.080000000000000016
    endloop
  endfacet
  facet normal -0.24253562503635143 0 0.97014250014532721
    outer loop
      vertex 82.400000000000006 80 0.050000000000000003
      vertex 82.519999999999996 80.200000000000003 0.080000000000000016
      vertex 82.400000000000006 80.200000000000003 0.050000000000000003
    endloop
  endfacet
  facet normal -0.242532713793703 -0.0048996507837110572 0.9701308551747333
    outer loop
      vertex 82.439999999999998 84.160000000000011 0.080000000000000016
      vertex 82.400000000000006 80.200000000000003 0.050000000000000003
      vertex 82.519999999999996 80.200000000000003 0.080000000000000016
    endloop
  endfacet
  facet normal -0.24253271379373056 -0.0048996507837107441 0.97013085517472641
    outer loop
      vertex 82.400000000000006 86.140000000000001 0.080000000000000016
      vertex 82.400000000000006 80.200000000000003 0.050000000000000003
      vertex 82.439999999999998 84.159999999999997 0.080000000000000016
    endloop
  endfacet
  facet normal 0 -0.70710678118654746 0.70710678118654746
    outer loop
      vertex 82.679999999999993 0.080000000000000016 0.080000000000000016
      vertex 82.640000000000001 0.040000000000000036 0.040000000000000036
      vertex 82.799999999999997 0.040000000000000036 0.040000000000000036
    endloop
  endfacet
  facet normal 0 -0.70710678118654746 0.70710678118654746
    outer loop
      vertex 82.679999999999993 0.080000000000000016 0.080000000000000016
      vertex 82.799999999999997 0.040000000000000036 0.040000000000000036
      vertex 82.799999999999997 0.080000000000000016 0.080000000000000016
    endloop
  endfacet
  facet normal 0 -0.70710678118654746 0.70710678118654746
    outer loop
      vertex 82.599999999999994 0.080000000000000016 0.080000000000000016
      vertex 82.599999999999994 0.040000000000000036 0.040000000000000036
      vertex 82.640000000000001 0.040000000000000036 0.040000000000000036
    endloop
  endfacet
  facet normal 0 -0.70710678118654757 0.70710678118654757
    outer loop
      vertex 82.599999999999994 0.080000000000000016 0.080000000000000016
      vertex 82.640000000000001 0.040000000000000036 0.040000000000000036
      vertex 82.679999999999993 0.080000000000000016 0.080000000000000016
    endloop
  endfacet
  facet normal 0 -0.70710678118654746 0.70710678118654746
    outer loop
      vertex 82.879999999999995 0.080000000000000016 0.080000000000000016
      vertex 82.840000000000003 0.040000000000000036 0.040000000000000036
      vertex 83 0.040000000000000036 0.040000000000000036
    endloop
  endfacet
  facet normal 0 -0.70710678118654746 0.70710678118654746
    outer loop
      vertex 82.879999999999995 0.080000000000000016 0.080000000000000016
      vertex 83 0.040000000000000036 0.040000000000000036
      vertex 83 0.080000000000000016 0.080000000000000016
    endloop
  endfacet
  facet normal 0 -0.70710678118654746 0.70710678118654746
    outer loop
      vertex 82.799999999999997 0.080000000000000016 0.080000000000000016
      vertex 82.799999999999997 0.040000000000000036 0.040000000000000036
      vertex 82.840000000000003 0.040000000000000036 0.040000000000000036
    endloop
  endfacet
  facet normal 0 -0.70710678118654757 0.70710678118654757
    outer loop
      vertex 82.799999999999997 0.080000000000000016 0.080000000000000016
      vertex 82.840000000000003 0.040000000000000036 0.040000000000000036
      vertex 82.879999999999995 0.080000000000000016 0.080000000000000016
    endloop
  endfacet
  facet normal 0 -0.70710678118654746 0.70710678118654746
    outer loop
      vertex 83.079999999999998 0.080000000000000016 0.080000000000000016
      vertex 83.040000000000006 0.040000000000000036 0.040000000000000036
      vertex 83.200000000000003 0.040000000000000036 0.040000000000000036
    endloop
  endfacet
  facet normal 0 -0.70710678118654746 0.70710678118654746
    outer loop
      vertex 83.079999999999998 0.080000000000000016 0.080000000000000016
      vertex 83.200000000000003 0.040000000000000036 0.040000000000000036
      vertex 83.200000000000003 0.080000000000000016 0.080000000000000016
    endloop
  endfacet
  facet normal 0 -0.70710678118654746 0.70710678118654746
    outer loop
      vertex 83 0.080000000000000016 0.080000000000000016
      vertex 83 0.040000000000000036 0.040000000000000036
      vertex 83.040000000000006 0.040000000000000036 0.040000000000000036
    endloop
  endfacet
  facet normal 0 -0.70710678118654757 0.70710678118654757
    outer loop
      vertex 83 0.080000000000000016 0.080000000000000016
      vertex 83.040000000000006 0.040000000000000036 0.040000000000000036
      vertex 83.079999999999998 0.080000000000000016 0.080000000000000016
    endloop
  endfacet
  facet normal 0 -0.44721359549995793 0.89442719099991586
    outer loop
      vertex 83.359999999999999 0.16000000000000003 0.080000000000000016
      vertex 83.280000000000001 0.080000000000000071 0.040000000000000036
      vertex 83.400000000000006 0.080000000000000071 0.040000000000000036
    endloop
  endfacet
  facet normal 0 -0.44721359549995793 0.89442719099991586
    outer loop
      vertex 83.359999999999999 0.16000000000000003 0.080000000000000016
      vertex 83.400000000000006 0.080000000000000071 0.040000000000000036
      vertex 83.400000000000006 0.16000000000000003 0.080000000000000016
    endloop
  endfacet
  facet normal 0.33333333333333992 -0.66666666666666508 0.66666666666666508
    outer loop
      vertex 83.200000000000003 0.080000000000000016 0.080000000000000016
      vertex 83.200000000000003 0.040000000000000036 0.040000000000000036
      vertex 83.280000000000001 0.080000000000000071 0.040000000000000036
    endloop
  endfacet
  facet normal 0.33333333333333981 -0.6666666666666653 0.66666666666666485
    outer loop
      vertex 83.200000000000003 0.080000000000000016 0.080000000000000016
      vertex 83.280000000000001 0.080000000000000071 0.040000000000000036
      vertex 83.359999999999999 0.16000000000000003 0.080000000000000016
    endloop
  endfacet
  facet normal 0 -0.44721359549995793 0.89442719099991586
    outer loop
      vertex 83.560000000000002 0.16000000000000003 0.080000000000000016
      vertex 83.480000000000004 0.080000000000000071 0.040000000000000036
      vertex 83.599999999999994 0.080000000000000071 0.040000000000000036
    endloop
  endfacet
  facet normal 0 -0.44721359549995793 0.89442719099991586
    outer loop
      vertex 83.560000000000002 0.16000000000000003 0.080000000000000016
      vertex 83.599999999999994 0.080000000000000071 0.040000000000000036
      vertex 83.599999999999994 0.16000000000000003 0.080000000000000016
    endloop
  endfacet
  facet normal 0 -0.44721359549995793 0.89442719099991586
    outer loop
      vertex 83.400000000000006 0.16000000000000003 0.080000000000000016
      vertex 83.400000000000006 0.080000000000000071 0.040000000000000036
      vertex 83.480000000000004 0.080000000000000071 0.040000000000000036
    endloop
  endfacet
  facet normal 0 -0.44721359549995793 0.89442719099991586
    outer loop
      vertex 83.400000000000006 0.16000000000000003 0.080000000000000016
      vertex 83.480000000000004 0.080000000000000071 0.040000000000000036
      vertex 83.560000000000002 0.16000000000000003 0.080000000000000016
    endloop
  endfacet
  facet normal 0.40824829046385003 -0.40824829046386563 0.81649658092773125
    outer loop
      vertex 83.599999999999994 0.16000000000000003 0.080000000000000016
      vertex 83.599999999999994 0.080000000000000071 0.040000000000000036
      vertex 83.719999999999999 0.20000000000000001 0.040000000000000036
    endloop
  endfacet
  facet normal 0.40824829046385802 -0.40824829046392203 0.81649658092769906
    outer loop
      vertex 83.599999999999994 0.16000000000000003 0.080000000000000016
      vertex 83.719999999999999 0.20000000000000001 0.040000000000000036
      vertex 83.640000000000001 0.20000000000000001 0.080000000000000016
    endloop
  endfacet
  facet normal 0.44721359549996553 0 0.89442719099991197
    outer loop
      vertex 83.719999999999999 6.0799999999999965 0.040000000000000036
      vertex 83.640000000000001 2.1599999999999993 0.080000000000000016
      vertex 83.640000000000001 0.20000000000000001 0.080000000000000016
    endloop
  endfacet
  facet normal 0.44721359549996542 0 0.89442719099991219
    outer loop
      vertex 83.719999999999999 6.0799999999999965 0.040000000000000036
      vertex 83.640000000000001 0.20000000000000001 0.080000000000000016
      vertex 83.719999999999999 0.20000000000000001 0.040000000000000036
    endloop
  endfacet
  facet normal 0.44721359549996542 0 0.89442719099991219
    outer loop
      vertex 83.640000000000001 2.1599999999999993 0.080000000000000016
      vertex 83.719999999999999 6.0799999999999974 0.040000000000000036
      vertex 83.719999999999999 10 0.040000000000000036
    endloop
  endfacet
  facet normal 0.44721359549996537 -0 0.89442719099991208
    outer loop
      vertex 83.640000000000001 2.1599999999999993 0.080000000000000016
      vertex 83.719999999999999 10 0.040000000000000036
      vertex 83.640000000000001 10 0.080000000000000016
    endloop
  endfacet
  facet normal 0.44721359549996548 0 0.89442719099991208
    outer loop
      vertex 83.719999999999999 10.119999999999999 0.040000000000000036
      vertex 83.640000000000001 10.039999999999999 0.080000000000000016
      vertex 83.640000000000001 10 0.080000000000000016
    endloop
  endfacet
  facet normal 0.44721359549996548 0 0.89442719099991219
    outer loop
      vertex 83.719999999999999 10.119999999999999 0.040000000000000036
      vertex 83.640000000000001 10 0.080000000000000016
      vertex 83.719999999999999 10 0.040000000000000036
    endloop
  endfacet
  facet normal 0.6666666666666351 -0.33333333333325088 0.66666666666673957
    outer loop
      vertex 83.640000000000001 10.039999999999999 0.080000000000000016
      vertex 83.719999999999999 10.119999999999999 0.040000000000000036
      vertex 83.759999999999991 10.199999999999999 0.040000000000000036
    endloop
  endfacet
  facet normal 0.66666666666672714 -0.33333333333335619 0.66666666666659491
    outer loop
      vertex 83.640000000000001 10.039999999999999 0.080000000000000016
      vertex 83.759999999999991 10.199999999999999 0.040000000000000036
      vertex 83.719999999999999 10.199999999999999 0.080000000000000016
    endloop
  endfacet
  facet normal 0.70710678118661763 0 0.70710678118647741
    outer loop
      vertex 83.759999999999991 18.039999999999999 0.040000000000000036
      vertex 83.719999999999999 16.079999999999998 0.080000000000000016
      vertex 83.719999999999999 10.199999999999999 0.080000000000000016
    endloop
  endfacet
  facet normal 0.70710678118661763 0 0.70710678118647741
    outer loop
      vertex 83.759999999999991 18.039999999999999 0.040000000000000036
      vertex 83.719999999999999 10.199999999999999 0.080000000000000016
      vertex 83.759999999999991 10.199999999999999 0.040000000000000036
    endloop
  endfacet
  facet normal 0.70710678118661774 0 0.70710678118647741
    outer loop
      vertex 83.719999999999999 16.079999999999998 0.080000000000000016
      vertex 83.759999999999991 18.039999999999999 0.040000000000000036
      vertex 83.759999999999991 20 0.040000000000000036
    endloop
  endfacet
  facet normal 0.70710678118661774 -0 0.70710678118647741
    outer loop
      vertex 83.719999999999999 16.079999999999998 0.080000000000000016
      vertex 83.759999999999991 20 0.040000000000000036
      vertex 83.719999999999999 20 0.080000000000000016
    endloop
  endfacet
  facet normal 0.70710678118661774 0 0.7071067811864773
    outer loop
      vertex 83.759999999999991 20.16 0.040000000000000036
      vertex 83.719999999999999 20.120000000000001 0.080000000000000016
      vertex 83.719999999999999 20 0.080000000000000016
    endloop
  endfacet
  facet normal 0.70710678118661774 0 0.70710678118647741
    outer loop
      vertex 83.759999999999991 20.16 0.040000000000000036
      vertex 83.719999999999999 20 0.080000000000000016
      vertex 83.759999999999991 20 0.040000000000000036
    endloop
  endfacet
  facet normal 0.40824829046392919 0.40824829046385663 0.81649658092769617
    outer loop
      vertex 83.719999999999999 20.120000000000001 0.080000000000000016
      vertex 83.759999999999991 20.16 0.040000000000000036
      vertex 83.719999999999999 20.199999999999999 0.040000000000000036
    endloop
  endfacet
  facet normal 0.40824829046386873 0.40824829046386873 0.81649658092772037
    outer loop
      vertex 83.719999999999999 20.120000000000001 0.080000000000000016
      vertex 83.719999999999999 20.199999999999999 0.040000000000000036
      vertex 83.640000000000001 20.199999999999999 0.080000000000000016
    endloop
  endfacet
  facet normal 0.44721359549996548 0 0.89442719099991219
    outer loop
      vertex 83.719999999999999 32.079999999999991 0.040000000000000036
      vertex 83.640000000000001 24.159999999999997 0.080000000000000016
      vertex 83.640000000000001 20.199999999999999 0.080000000000000016
    endloop
  endfacet
  facet normal 0.44721359549996542 0 0.89442719099991219
    outer loop
      vertex 83.719999999999999 32.079999999999991 0.040000000000000036
      vertex 83.640000000000001 20.199999999999999 0.080000000000000016
      vertex 83.719999999999999 20.199999999999999 0.040000000000000036
    endloop
  endfacet
  facet normal 0.44721359549996537 0 0.89442719099991208
    outer loop
      vertex 83.640000000000001 24.159999999999997 0.080000000000000016
      vertex 83.719999999999999 32.079999999999991 0.040000000000000036
      vertex 83.719999999999999 40 0.040000000000000036
    endloop
  endfacet
  facet normal 0.44721359549996537 -0 0.89442719099991208
    outer loop
      vertex 83.640000000000001 24.159999999999997 0.080000000000000016
      vertex 83.719999999999999 40 0.040000000000000036
      vertex 83.640000000000001 40 0.080000000000000016
    endloop
  endfacet
  facet normal 0.44721359549996531 0 0.89442719099991219
    outer loop
      vertex 83.719999999999999 40.120000000000005 0.040000000000000036
      vertex 83.640000000000001 40.039999999999999 0.080000000000000016
      vertex 83.640000000000001 40 0.080000000000000016
    endloop
  endfacet
  facet normal 0.44721359549996542 0 0.89442719099991219
    outer loop
      vertex 83.719999999999999 40.120000000000005 0.040000000000000036
      vertex 83.640000000000001 40 0.080000000000000016
      vertex 83.719999999999999 40 0.040000000000000036
    endloop
  endfacet
  facet normal 0.44721359549996531 0 0.89442719099991219
    outer loop
      vertex 83.640000000000001 40.039999999999999 0.080000000000000016
      vertex 83.719999999999999 40.120000000000005 0.040000000000000036
      vertex 83.719999999999999 40.200000000000003 0.040000000000000036
    endloop
  endfacet
  facet normal 0.44721359549996537 -0 0.89442719099991219
    outer loop
      vertex 83.640000000000001 40.039999999999999 0.080000000000000016
      vertex 83.719999999999999 40.200000000000003 0.040000000000000036
      vertex 83.640000000000001 40.200000000000003 0.080000000000000016
    endloop
  endfacet
  facet normal 0.44721359549996531 0 0.89442719099991208
    outer loop
      vertex 83.719999999999999 52.079999999999991 0.040000000000000036
      vertex 83.640000000000001 44.159999999999997 0.080000000000000016
      vertex 83.640000000000001 40.200000000000003 0.080000000000000016
    endloop
  endfacet
  facet normal 0.44721359549996537 0 0.89442719099991208
    outer loop
      vertex 83.719999999999999 52.079999999999991 0.040000000000000036
      vertex 83.640000000000001 40.200000000000003 0.080000000000000016
      vertex 83.719999999999999 40.200000000000003 0.040000000000000036
    endloop
  endfacet
  facet normal 0.70710227208016618 -0.0035712235963637645 0.70710227208027787
    outer loop
      vertex 83.640000000000001 44.160000000000004 0.080000000000000016
      vertex 83.719999999999999 52.079999999999998 0.040000000000000036
      vertex 83.759999999999991 60 0.040000000000000036
    endloop
  endfacet
  facet normal 0.7071022720802923 -0.0035712235963650378 0.70710227208015175
    outer loop
      vertex 83.640000000000001 44.160000000000004 0.080000000000000016
      vertex 83.759999999999991 60 0.040000000000000036
      vertex 83.719999999999999 60 0.080000000000000016
    endloop
  endfacet
  facet normal 0.70710678118661763 0 0.70710678118647741
    outer loop
      vertex 83.759999999999991 60.160000000000004 0.040000000000000036
      vertex 83.719999999999999 60.120000000000005 0.080000000000000016
      vertex 83.719999999999999 60 0.080000000000000016
    endloop
  endfacet
  facet normal 0.70710678118661763 0 0.70710678118647741
    outer loop
      vertex 83.759999999999991 60.160000000000004 0.040000000000000036
      vertex 83.719999999999999 60 0.080000000000000016
      vertex 83.759999999999991 60 0.040000000000000036
    endloop
  endfacet
  facet normal 0.70710678118661774 0 0.70710678118647741
    outer loop
      vertex 83.719999999999999 60.120000000000005 0.080000000000000016
      vertex 83.759999999999991 60.160000000000004 0.040000000000000036
      vertex 83.759999999999991 60.200000000000003 0.040000000000000036
    endloop
  endfacet
  facet normal 0.70710678118661774 -0 0.70710678118647741
    outer loop
      vertex 83.719999999999999 60.120000000000005 0.080000000000000016
      vertex 83.759999999999991 60.200000000000003 0.040000000000000036
      vertex 83.719999999999999 60.200000000000003 0.080000000000000016
    endloop
  endfacet
  facet normal 0.70710678118661774 0 0.70710678118647741
    outer loop
      vertex 83.759999999999991 76.039999999999992 0.040000000000000036
      vertex 83.719999999999999 72.079999999999998 0.080000000000000016
      vertex 83.719999999999999 60.200000000000003 0.080000000000000016
    endloop
  endfacet
  facet normal 0.70710678118661774 0 0.70710678118647741
    outer loop
      vertex 83.759999999999991 76.039999999999992 0.040000000000000036
      vertex 83.719999999999999 60.200000000000003 0.080000000000000016
      vertex 83.759999999999991 60.200000000000003 0.040000000000000036
    endloop
  endfacet
  facet normal 0.5999987756390317 0.0020201978977726766 0.79999836751840736
    outer loop
      vertex 83.719999999999999 72.079999999999998 0.080000000000000016
      vertex 83.759999999999991 76.039999999999992 0.040000000000000036
      vertex 83.74666666666667 80 0.040000000000000036
    endloop
  endfacet
  facet normal 0.59999877563882664 0.0020201978977741424 0.79999836751856102
    outer loop
      vertex 83.719999999999999 72.079999999999998 0.080000000000000016
      vertex 83.74666666666667 80 0.040000000000000036
      vertex 83.693333333333328 80 0.080000000000000016
    endloop
  endfacet
  facet normal 0.59999999999993991 0 0.80000000000004512
    outer loop
      vertex 83.74666666666667 80.146666666666675 0.040000000000000036
      vertex 83.693333333333328 80.093333333333334 0.080000000000000016
      vertex 83.693333333333328 80 0.080000000000000016
    endloop
  endfacet
  facet normal 0.5999999999999398 0 0.80000000000004512
    outer loop
      vertex 83.74666666666667 80.146666666666675 0.040000000000000036
      vertex 83.693333333333328 80 0.080000000000000016
      vertex 83.74666666666667 80 0.040000000000000036
    endloop
  endfacet
  facet normal 0.59999999999993991 0 0.80000000000004512
    outer loop
      vertex 83.693333333333328 80.093333333333334 0.080000000000000016
      vertex 83.74666666666667 80.146666666666675 0.040000000000000036
      vertex 83.74666666666667 80.200000000000003 0.040000000000000036
    endloop
  endfacet
  facet normal 0.5999999999999398 -0 0.80000000000004523
    outer loop
      vertex 83.693333333333328 80.093333333333334 0.080000000000000016
      vertex 83.74666666666667 80.200000000000003 0.040000000000000036
      vertex 83.693333333333328 80.200000000000003 0.080000000000000016
    endloop
  endfacet
  facet normal 0.5999999999999398 0 0.80000000000004523
    outer loop
      vertex 83.74666666666667 94.719999999999999 0.040000000000000036
      vertex 83.693333333333328 89.439999999999998 0.080000000000000016
      vertex 83.693333333333328 80.200000000000003 0.080000000000000016
    endloop
  endfacet
  facet normal 0.5999999999999398 0 0.80000000000004523
    outer loop
      vertex 83.74666666666667 94.719999999999999 0.040000000000000036
      vertex 83.693333333333328 80.200000000000003 0.080000000000000016
      vertex 83.74666666666667 80.200000000000003 0.040000000000000036
    endloop
  endfacet
  facet normal 0.44721245476965898 0.0022586487614632764 0.8944249095394583
    outer loop
      vertex 83.693333333333328 89.439999999999998 0.080000000000000016
      vertex 83.74666666666667 94.719999999999999 0.040000000000000036
      vertex 83.719999999999999 100 0.040000000000000036
    endloop
  endfacet
  facet normal 0.44721245476972254 0.0022586487614629958 0.89442490953942644
    outer loop
      vertex 83.693333333333328 89.439999999999998 0.080000000000000016
      vertex 83.719999999999999 100 0.040000000000000036
      vertex 83.640000000000001 100 0.080000000000000016
    endloop
  endfacet
  facet normal -0.70710678118661774 0 0.7071067811864773
    outer loop
      vertex 89.280000000000001 -92.079999999999998 0.080000000000000016
      vertex 89.240000000000009 -96.039999999999992 0.040000000000000036
      vertex 89.240000000000009 -100 0.040000000000000036
    endloop
  endfacet
  facet normal -0.70710678118661774 0 0.7071067811864773
    outer loop
      vertex 89.280000000000001 -92.079999999999998 0.080000000000000016
      vertex 89.240000000000009 -100 0.040000000000000036
      vertex 89.280000000000001 -100 0.080000000000000016
    endloop
  endfacet
  facet normal -0.70710678118661774 0 0.70710678118647741
    outer loop
      vertex 89.240000000000009 -96.039999999999992 0.040000000000000036
      vertex 89.280000000000001 -92.079999999999998 0.080000000000000016
      vertex 89.280000000000001 -80.200000000000003 0.080000000000000016
    endloop
  endfacet
  facet normal -0.70710678118661774 0 0.70710678118647741
    outer loop
      vertex 89.240000000000009 -96.039999999999992 0.040000000000000036
      vertex 89.280000000000001 -80.200000000000003 0.080000000000000016
      vertex 89.240000000000009 -80.200000000000003 0.040000000000000036
    endloop
  endfacet
  facet normal -0.66666666666663343 0.33333333333325743 0.66666666666673791
    outer loop
      vertex 89.359999999999999 -80.040000000000006 0.080000000000000016
      vertex 89.280000000000001 -80.120000000000005 0.040000000000000036
      vertex 89.240000000000009 -80.200000000000003 0.040000000000000036
    endloop
  endfacet
  facet normal -0.66666666666672547 0.33333333333336274 0.66666666666659313
    outer loop
      vertex 89.359999999999999 -80.040000000000006 0.080000000000000016
      vertex 89.240000000000009 -80.200000000000003 0.040000000000000036
      vertex 89.280000000000001 -80.200000000000003 0.080000000000000016
    endloop
  endfacet
  facet normal -0.44721359549996531 0 0.89442719099991219
    outer loop
      vertex 89.280000000000001 -80.120000000000005 0.040000000000000036
      vertex 89.359999999999999 -80.040000000000006 0.080000000000000016
      vertex 89.359999999999999 -80 0.080000000000000016
    endloop
  endfacet
  facet normal -0.44721359549996542 0 0.89442719099991219
    outer loop
      vertex 89.280000000000001 -80.120000000000005 0.040000000000000036
      vertex 89.359999999999999 -80 0.080000000000000016
      vertex 89.280000000000001 -80 0.040000000000000036
    endloop
  endfacet
  facet normal -0.44721359549996537 0 0.89442719099991208
    outer loop
      vertex 89.359999999999999 -64.159999999999997 0.080000000000000016
      vertex 89.280000000000001 -72.079999999999998 0.040000000000000036
      vertex 89.280000000000001 -80 0.040000000000000036
    endloop
  endfacet
  facet normal -0.44721359549996537 0 0.89442719099991208
    outer loop
      vertex 89.359999999999999 -64.159999999999997 0.080000000000000016
      vertex 89.280000000000001 -80 0.040000000000000036
      vertex 89.359999999999999 -80 0.080000000000000016
    endloop
  endfacet
  facet normal -0.44721359549996531 0 0.89442719099991208
    outer loop
      vertex 89.280000000000001 -72.079999999999998 0.040000000000000036
      vertex 89.359999999999999 -64.159999999999997 0.080000000000000016
      vertex 89.359999999999999 -60.200000000000003 0.080000000000000016
    endloop
  endfacet
  facet normal -0.44721359549996537 0 0.89442719099991208
    outer loop
      vertex 89.280000000000001 -72.079999999999998 0.040000000000000036
      vertex 89.359999999999999 -60.200000000000003 0.080000000000000016
      vertex 89.280000000000001 -60.200000000000003 0.040000000000000036
    endloop
  endfacet
  facet normal -0.43643578047192993 -0.21821789023599403 0.87287156094399665
    outer loop
      vertex 89.306666666666672 -60.093333333333334 0.080000000000000016
      vertex 89.25333333333333 -60.146666666666668 0.040000000000000036
      vertex 89.280000000000001 -60.200000000000003 0.040000000000000036
    endloop
  endfacet
  facet normal -0.43643578047199449 -0.21821789023596819 0.87287156094397078
    outer loop
      vertex 89.306666666666672 -60.093333333333334 0.080000000000000016
      vertex 89.280000000000001 -60.200000000000003 0.040000000000000036
      vertex 89.359999999999999 -60.200000000000003 0.080000000000000016
    endloop
  endfacet
  facet normal -0.59999999999993969 0 0.80000000000004512
    outer loop
      vertex 89.25333333333333 -60.146666666666668 0.040000000000000036
      vertex 89.306666666666672 -60.093333333333334 0.080000000000000016
      vertex 89.306666666666672 -60 0.080000000000000016
    endloop
  endfacet
  facet normal -0.5999999999999398 0 0.80000000000004523
    outer loop
      vertex 89.25333333333333 -60.146666666666668 0.040000000000000036
      vertex 89.306666666666672 -60 0.080000000000000016
      vertex 89.25333333333333 -60 0.040000000000000036
    endloop
  endfacet
  facet normal -0.5999999999999398 0 0.80000000000004523
    outer loop
      vertex 89.306666666666672 -49.439999999999998 0.080000000000000016
      vertex 89.25333333333333 -54.719999999999999 0.040000000000000036
      vertex 89.25333333333333 -60 0.040000000000000036
    endloop
  endfacet
  facet normal -0.5999999999999398 0 0.80000000000004523
    outer loop
      vertex 89.306666666666672 -49.439999999999998 0.080000000000000016
      vertex 89.25333333333333 -60 0.040000000000000036
      vertex 89.306666666666672 -60 0.080000000000000016
    endloop
  endfacet
  facet normal -0.5999999999999398 0 0.80000000000004523
    outer loop
      vertex 89.25333333333333 -54.719999999999999 0.040000000000000036
      vertex 89.306666666666672 -49.439999999999998 0.080000000000000016
      vertex 89.306666666666672 -40.200000000000003 0.080000000000000016
    endloop
  endfacet
  facet normal -0.5999999999999398 0 0.80000000000004523
    outer loop
      vertex 89.25333333333333 -54.719999999999999 0.040000000000000036
      vertex 89.306666666666672 -40.200000000000003 0.080000000000000016
      vertex 89.25333333333333 -40.200000000000003 0.040000000000000036
    endloop
  endfacet
  facet normal -0.58834840541460376 0.19611613513823609 0.78446454055268444
    outer loop
      vertex 89.359999999999999 -40.039999999999999 0.080000000000000016
      vertex 89.280000000000001 -40.120000000000005 0.040000000000000036
      vertex 89.25333333333333 -40.200000000000003 0.040000000000000036
    endloop
  endfacet
  facet normal -0.5883484054144984 0.19611613513814002 0.78446454055278747
    outer loop
      vertex 89.359999999999999 -40.039999999999999 0.080000000000000016
      vertex 89.25333333333333 -40.200000000000003 0.040000000000000036
      vertex 89.306666666666672 -40.200000000000003 0.080000000000000016
    endloop
  endfacet
  facet normal -0.44721359549996531 0 0.89442719099991219
    outer loop
      vertex 89.280000000000001 -40.120000000000005 0.040000000000000036
      vertex 89.359999999999999 -40.039999999999999 0.080000000000000016
      vertex 89.359999999999999 -40 0.080000000000000016
    endloop
  endfacet
  facet normal -0.44721359549996542 0 0.89442719099991219
    outer loop
      vertex 89.280000000000001 -40.120000000000005 0.040000000000000036
      vertex 89.359999999999999 -40 0.080000000000000016
      vertex 89.280000000000001 -40 0.040000000000000036
    endloop
  endfacet
  facet normal -0.44721359549996537 0 0.89442719099991208
    outer loop
      vertex 89.359999999999999 -24.159999999999997 0.080000000000000016
      vertex 89.280000000000001 -32.079999999999991 0.040000000000000036
      vertex 89.280000000000001 -40 0.040000000000000036
    endloop
  endfacet
  facet normal -0.44721359549996537 0 0.89442719099991208
    outer loop
      vertex 89.359999999999999 -24.159999999999997 0.080000000000000016
      vertex 89.280000000000001 -40 0.040000000000000036
      vertex 89.359999999999999 -40 0.080000000000000016
    endloop
  endfacet
  facet normal -0.44721359549996548 0 0.89442719099991219
    outer loop
      vertex 89.280000000000001 -32.079999999999991 0.040000000000000036
      vertex 89.359999999999999 -24.159999999999997 0.080000000000000016
      vertex 89.359999999999999 -20.199999999999999 0.080000000000000016
    endloop
  endfacet
  facet normal -0.44721359549996542 0 0.89442719099991219
    outer loop
      vertex 89.280000000000001 -32.079999999999991 0.040000000000000036
      vertex 89.359999999999999 -20.199999999999999 0.080000000000000016
      vertex 89.280000000000001 -20.199999999999999 0.040000000000000036
    endloop
  endfacet
  facet normal -0.43643578047199216 0.21821789023599122 0.87287156094396612
    outer loop
      vertex 89.359999999999999 -20.039999999999999 0.040000000000000036
      vertex 89.280000000000001 -20.199999999999999 0.040000000000000036
      vertex 89.359999999999999 -20.199999999999999 0.080000000000000016
    endloop
  endfacet
  facet normal -0.43643578047192161 0.2182178902359995 0.87287156094399931
    outer loop
      vertex 89.359999999999999 -20.039999999999999 0.040000000000000036
      vertex 89.359999999999999 -20.199999999999999 0.080000000000000016
      vertex 89.400000000000006 -20.120000000000001 0.080000000000000016
    endloop
  endfacet
  facet normal -0.436435780471924 0.21821789023599789 0.87287156094399854
    outer loop
      vertex 89.359999999999999 -20.039999999999999 0.040000000000000036
      vertex 89.400000000000006 -20.120000000000001 0.080000000000000016
      vertex 89.400000000000006 -20 0.050000000000000003
    endloop
  endfacet
  facet normal -0.24253562503629653 0 0.97014250014534098
    outer loop
      vertex 89.359999999999999 -20.039999999999999 0.040000000000000036
      vertex 89.400000000000006 -20 0.050000000000000003
      vertex 89.359999999999999 -20 0.040000000000000036
    endloop
  endfacet
  facet normal -0.24253562503629658 0 0.97014250014534098
    outer loop
      vertex 89.359999999999999 -12.159999999999993 0.040000000000000036
      vertex 89.359999999999999 -20 0.040000000000000036
      vertex 89.400000000000006 -20 0.050000000000000003
    endloop
  endfacet
  facet normal -0.24253562503629655 0 0.97014250014534098
    outer loop
      vertex 89.359999999999999 -12.159999999999993 0.040000000000000036
      vertex 89.400000000000006 -20 0.050000000000000003
      vertex 89.400000000000006 -10.199999999999999 0.050000000000000003
    endloop
  endfacet
  facet normal -0.24253562503629655 0 0.97014250014534087
    outer loop
      vertex 89.359999999999999 -12.159999999999993 0.040000000000000036
      vertex 89.400000000000006 -10.199999999999999 0.050000000000000003
      vertex 89.359999999999999 -10.199999999999999 0.040000000000000036
    endloop
  endfacet
  facet normal -0.2357022603955205 -0.23570226039551526 0.94280904158206236
    outer loop
      vertex 89.359999999999999 -10.039999999999999 0.080000000000000016
      vertex 89.280000000000001 -10.119999999999999 0.040000000000000036
      vertex 89.359999999999999 -10.199999999999999 0.040000000000000036
    endloop
  endfacet
  facet normal -0.23570226039548037 -0.23570226039551759 0.94280904158207179
    outer loop
      vertex 89.359999999999999 -10.039999999999999 0.080000000000000016
      vertex 89.359999999999999 -10.199999999999999 0.040000000000000036
      vertex 89.400000000000006 -10.199999999999999 0.050000000000000003
    endloop
  endfacet
  facet normal -0.23570226039548764 -0.23570226039551903 0.94280904158206957
    outer loop
      vertex 89.359999999999999 -10.039999999999999 0.080000000000000016
      vertex 89.400000000000006 -10.199999999999999 0.050000000000000003
      vertex 89.400000000000006 -10.08 0.080000000000000016
    endloop
  endfacet
  facet normal -0.44721359549996548 0 0.89442719099991208
    outer loop
      vertex 89.280000000000001 -10.119999999999999 0.040000000000000036
      vertex 89.359999999999999 -10.039999999999999 0.080000000000000016
      vertex 89.359999999999999 -10 0.080000000000000016
    endloop
  endfacet
  facet normal -0.44721359549996548 0 0.89442719099991219
    outer loop
      vertex 89.280000000000001 -10.119999999999999 0.040000000000000036
      vertex 89.359999999999999 -10 0.080000000000000016
      vertex 89.280000000000001 -10 0.040000000000000036
    endloop
  endfacet
  facet normal -0.44721359549996537 0 0.89442719099991219
    outer loop
      vertex 89.359999999999999 -1.9999999999999987 0.080000000000000016
      vertex 89.280000000000001 -5.9999999999999964 0.040000000000000036
      vertex 89.280000000000001 -10 0.040000000000000036
    endloop
  endfacet
  facet normal -0.44721359549996537 0 0.89442719099991208
    outer loop
      vertex 89.359999999999999 -1.9999999999999987 0.080000000000000016
      vertex 89.280000000000001 -10 0.040000000000000036
      vertex 89.359999999999999 -10 0.080000000000000016
    endloop
  endfacet
  facet normal -0.44721359549996542 0 0.89442719099991219
    outer loop
      vertex 89.280000000000001 -5.9999999999999964 0.040000000000000036
      vertex 89.359999999999999 -1.9999999999999991 0.080000000000000016
      vertex 89.359999999999999 0 0.080000000000000016
    endloop
  endfacet
  facet normal -0.44721359549996537 0 0.89442719099991219
    outer loop
      vertex 89.280000000000001 -5.9999999999999964 0.040000000000000036
      vertex 89.359999999999999 0 0.080000000000000016
      vertex 89.280000000000001 0 0.040000000000000036
    endloop
  endfacet
  facet normal -0.40824829046385791 0.40824829046392186 0.81649658092769895
    outer loop
      vertex 89.280000000000001 0 0.040000000000000036
      vertex 89.359999999999999 0 0.080000000000000016
      vertex 89.400000000000006 0.03999999999999998 0.080000000000000016
    endloop
  endfacet
  facet normal -0.40824829046384992 0.40824829046386557 0.81649658092773136
    outer loop
      vertex 89.280000000000001 0 0.040000000000000036
      vertex 89.400000000000006 0.03999999999999998 0.080000000000000016
      vertex 89.400000000000006 0.11999999999999994 0.040000000000000036
    endloop
  endfacet
  facet normal -0 0.24253562503633116 0.97014250014533243
    outer loop
      vertex 89.480000000000004 -20.120000000000001 0.080000000000000016
      vertex 89.599999999999994 -20.120000000000001 0.080000000000000016
      vertex 89.599999999999994 -20 0.050000000000000003
    endloop
  endfacet
  facet normal -0 0.24253562503633119 0.97014250014533232
    outer loop
      vertex 89.400000000000006 -20.120000000000001 0.080000000000000016
      vertex 89.480000000000004 -20.120000000000001 0.080000000000000016
      vertex 89.599999999999994 -20 0.050000000000000003
    endloop
  endfacet
  facet normal 0 0.24253562503633119 0.97014250014533232
    outer loop
      vertex 89.400000000000006 -20.120000000000001 0.080000000000000016
      vertex 89.599999999999994 -20 0.050000000000000003
      vertex 89.400000000000006 -20 0.050000000000000003
    endloop
  endfacet
  facet normal 0 0 1
    outer loop
      vertex 89.400000000000006 -20 0.050000000000000003
      vertex 89.599999999999994 -20 0.050000000000000003
      vertex 89.599999999999994 -10.199999999999999 0.050000000000000003
    endloop
  endfacet
  facet normal 0 0 1
    outer loop
      vertex 89.400000000000006 -20 0.050000000000000003
      vertex 89.599999999999994 -10.199999999999999 0.050000000000000003
      vertex 89.400000000000006 -10.199999999999999 0.050000000000000003
    endloop
  endfacet
  facet normal 0 -0.24253562503633455 0.97014250014533154
    outer loop
      vertex 89.519999999999996 -10.08 0.080000000000000016
      vertex 89.400000000000006 -10.199999999999999 0.050000000000000003
      vertex 89.599999999999994 -10.199999999999999 0.050000000000000003
    endloop
  endfacet
  facet normal 0 -0.24253562503633458 0.97014250014533154
    outer loop
      vertex 89.519999999999996 -10.08 0.080000000000000016
      vertex 89.599999999999994 -10.199999999999999 0.050000000000000003
      vertex 89.599999999999994 -10.08 0.080000000000000016
    endloop
  endfacet
  facet normal 0 -0.24253562503633455 0.97014250014533154
    outer loop
      vertex 89.400000000000006 -10.08 0.080000000000000016
      vertex 89.400000000000006 -10.199999999999999 0.050000000000000003
      vertex 89.519999999999996 -10.08 0.080000000000000016
    endloop
  endfacet
  facet normal 0 0.44721359549995793 0.89442719099991586
    outer loop
      vertex 89.519999999999996 0.11999999999999994 0.040000000000000036
      vertex 89.439999999999998 0.03999999999999998 0.080000000000000016
      vertex 89.599999999999994 0.03999999999999998 0.080000000000000016
    endloop
  endfacet
  facet normal -0 0.44721359549995793 0.89442719099991586
    outer loop
      vertex 89.519999999999996 0.11999999999999994 0.040000000000000036
      vertex 89.599999999999994 0.03999999999999998 0.080000000000000016
      vertex 89.599999999999994 0.11999999999999994 0.040000000000000036
    endloop
  endfacet
  facet normal 0 0.44721359549995793 0.89442719099991586
    outer loop
      vertex 89.400000000000006 0.11999999999999994 0.040000000000000036
      vertex 89.400000000000006 0.03999999999999998 0.080000000000000016
      vertex 89.439999999999998 0.03999999999999998 0.080000000000000016
    endloop
  endfacet
  facet normal -0 0.44721359549995793 0.89442719099991586
    outer loop
      vertex 89.400000000000006 0.11999999999999994 0.040000000000000036
      vertex 89.439999999999998 0.03999999999999998 0.080000000000000016
      vertex 89.519999999999996 0.11999999999999994 0.040000000000000036
    endloop
  endfacet
  facet normal 0.70710678118661774 0 0.70710678118647741
    outer loop
      vertex 89.759999999999991 -84.160000000000011 0.040000000000000036
      vertex 89.719999999999999 -88.120000000000005 0.080000000000000016
      vertex 89.719999999999999 -100 0.080000000000000016
    endloop
  endfacet
  facet normal 0.70710678118661774 0 0.70710678118647741
    outer loop
      vertex 89.759999999999991 -84.160000000000011 0.040000000000000036
      vertex 89.719999999999999 -100 0.080000000000000016
      vertex 89.759999999999991 -100 0.040000000000000036
    endloop
  endfacet
  facet normal 0.70710678118661774 0 0.7071067811864773
    outer loop
      vertex 89.719999999999999 -88.120000000000005 0.080000000000000016
      vertex 89.759999999999991 -84.160000000000011 0.040000000000000036
      vertex 89.759999999999991 -80.200000000000003 0.040000000000000036
    endloop
  endfacet
  facet normal 0.70710678118661774 -0 0.7071067811864773
    outer loop
      vertex 89.719999999999999 -88.120000000000005 0.080000000000000016
      vertex 89.759999999999991 -80.200000000000003 0.040000000000000036
      vertex 89.719999999999999 -80.200000000000003 0.080000000000000016
    endloop
  endfacet
  facet normal 0.70710678118661785 0 0.70710678118647741
    outer loop
      vertex 89.759999999999991 -80.040000000000006 0.040000000000000036
      vertex 89.719999999999999 -80.079999999999998 0.080000000000000016
      vertex 89.719999999999999 -80.200000000000003 0.080000000000000016
    endloop
  endfacet
  facet normal 0.70710678118661774 0 0.70710678118647741
    outer loop
      vertex 89.759999999999991 -80.040000000000006 0.040000000000000036
      vertex 89.719999999999999 -80.200000000000003 0.080000000000000016
      vertex 89.759999999999991 -80.200000000000003 0.040000000000000036
    endloop
  endfacet
  facet normal 0.40824829046398958 0.40824829046384453 0.81649658092767197
    outer loop
      vertex 89.719999999999999 -80.079999999999998 0.080000000000000016
      vertex 89.759999999999991 -80.040000000000006 0.040000000000000036
      vertex 89.719999999999999 -80 0.040000000000000036
    endloop
  endfacet
  facet normal 0.40824829046386873 0.40824829046386873 0.81649658092772037
    outer loop
      vertex 89.719999999999999 -80.079999999999998 0.080000000000000016
      vertex 89.719999999999999 -80 0.040000000000000036
      vertex 89.640000000000001 -80 0.080000000000000016
    endloop
  endfacet
  facet normal 0.44721359549996531 0 0.89442719099991208
    outer loop
      vertex 89.719999999999999 -68.120000000000005 0.040000000000000036
      vertex 89.640000000000001 -76.040000000000006 0.080000000000000016
      vertex 89.640000000000001 -80 0.080000000000000016
    endloop
  endfacet
  facet normal 0.44721359549996537 0 0.89442719099991208
    outer loop
      vertex 89.719999999999999 -68.120000000000005 0.040000000000000036
      vertex 89.640000000000001 -80 0.080000000000000016
      vertex 89.719999999999999 -80 0.040000000000000036
    endloop
  endfacet
  facet normal 0.44721359549996537 0 0.89442719099991208
    outer loop
      vertex 89.640000000000001 -76.040000000000006 0.080000000000000016
      vertex 89.719999999999999 -68.120000000000005 0.040000000000000036
      vertex 89.719999999999999 -60.200000000000003 0.040000000000000036
    endloop
  endfacet
  facet normal 0.44721359549996537 -0 0.89442719099991208
    outer loop
      vertex 89.640000000000001 -76.040000000000006 0.080000000000000016
      vertex 89.719999999999999 -60.200000000000003 0.040000000000000036
      vertex 89.640000000000001 -60.200000000000003 0.080000000000000016
    endloop
  endfacet
  facet normal 0.44721359549996531 0 0.89442719099991219
    outer loop
      vertex 89.719999999999999 -60.079999999999998 0.040000000000000036
      vertex 89.640000000000001 -60.160000000000004 0.080000000000000016
      vertex 89.640000000000001 -60.200000000000003 0.080000000000000016
    endloop
  endfacet
  facet normal 0.44721359549996542 0 0.89442719099991219
    outer loop
      vertex 89.719999999999999 -60.079999999999998 0.040000000000000036
      vertex 89.640000000000001 -60.200000000000003 0.080000000000000016
      vertex 89.719999999999999 -60.200000000000003 0.040000000000000036
    endloop
  endfacet
  facet normal 0.58834840541460376 -0.19611613513823609 0.78446454055268444
    outer loop
      vertex 89.640000000000001 -60.160000000000004 0.080000000000000016
      vertex 89.719999999999999 -60.079999999999998 0.040000000000000036
      vertex 89.74666666666667 -60 0.040000000000000036
    endloop
  endfacet
  facet normal 0.5883484054144984 -0.19611613513814002 0.78446454055278747
    outer loop
      vertex 89.640000000000001 -60.160000000000004 0.080000000000000016
      vertex 89.74666666666667 -60 0.040000000000000036
      vertex 89.693333333333328 -60 0.080000000000000016
    endloop
  endfacet
  facet normal 0.5999999999999398 0 0.80000000000004523
    outer loop
      vertex 89.74666666666667 -45.480000000000004 0.040000000000000036
      vertex 89.693333333333328 -50.760000000000005 0.080000000000000016
      vertex 89.693333333333328 -60 0.080000000000000016
    endloop
  endfacet
  facet normal 0.5999999999999398 0 0.80000000000004523
    outer loop
      vertex 89.74666666666667 -45.480000000000004 0.040000000000000036
      vertex 89.693333333333328 -60 0.080000000000000016
      vertex 89.74666666666667 -60 0.040000000000000036
    endloop
  endfacet
  facet normal 0.5999999999999398 0 0.80000000000004523
    outer loop
      vertex 89.693333333333328 -50.760000000000005 0.080000000000000016
      vertex 89.74666666666667 -45.480000000000004 0.040000000000000036
      vertex 89.74666666666667 -40.200000000000003 0.040000000000000036
    endloop
  endfacet
  facet normal 0.5999999999999398 -0 0.80000000000004523
    outer loop
      vertex 89.693333333333328 -50.760000000000005 0.080000000000000016
      vertex 89.74666666666667 -40.200000000000003 0.040000000000000036
      vertex 89.693333333333328 -40.200000000000003 0.080000000000000016
    endloop
  endfacet
  facet normal 0.59999999999993969 0 0.80000000000004512
    outer loop
      vertex 89.74666666666667 -40.053333333333335 0.040000000000000036
      vertex 89.693333333333328 -40.106666666666669 0.080000000000000016
      vertex 89.693333333333328 -40.200000000000003 0.080000000000000016
    endloop
  endfacet
  facet normal 0.5999999999999398 0 0.80000000000004523
    outer loop
      vertex 89.74666666666667 -40.053333333333335 0.040000000000000036
      vertex 89.693333333333328 -40.200000000000003 0.080000000000000016
      vertex 89.74666666666667 -40.200000000000003 0.040000000000000036
    endloop
  endfacet
  facet normal 0.43643578047192993 0.21821789023599403 0.87287156094399665
    outer loop
      vertex 89.693333333333328 -40.106666666666669 0.080000000000000016
      vertex 89.74666666666667 -40.053333333333335 0.040000000000000036
      vertex 89.719999999999999 -40 0.040000000000000036
    endloop
  endfacet
  facet normal 0.43643578047199449 0.21821789023596819 0.87287156094397078
    outer loop
      vertex 89.693333333333328 -40.106666666666669 0.080000000000000016
      vertex 89.719999999999999 -40 0.040000000000000036
      vertex 89.640000000000001 -40 0.080000000000000016
    endloop
  endfacet
  facet normal 0.44721359549996537 0 0.89442719099991219
    outer loop
      vertex 89.719999999999999 -28.120000000000005 0.040000000000000036
      vertex 89.640000000000001 -36.039999999999999 0.080000000000000016
      vertex 89.640000000000001 -40 0.080000000000000016
    endloop
  endfacet
  facet normal 0.44721359549996537 0 0.89442719099991208
    outer loop
      vertex 89.719999999999999 -28.120000000000005 0.040000000000000036
      vertex 89.640000000000001 -40 0.080000000000000016
      vertex 89.719999999999999 -40 0.040000000000000036
    endloop
  endfacet
  facet normal 0.44721359549996542 0 0.89442719099991219
    outer loop
      vertex 89.640000000000001 -36.039999999999999 0.080000000000000016
      vertex 89.719999999999999 -28.120000000000005 0.040000000000000036
      vertex 89.719999999999999 -20.199999999999999 0.040000000000000036
    endloop
  endfacet
  facet normal 0.44721359549996542 -0 0.89442719099991219
    outer loop
      vertex 89.640000000000001 -36.039999999999999 0.080000000000000016
      vertex 89.719999999999999 -20.199999999999999 0.040000000000000036
      vertex 89.640000000000001 -20.199999999999999 0.080000000000000016
    endloop
  endfacet
  facet normal 0.44721359549996559 0 0.89442719099991208
    outer loop
      vertex 89.719999999999999 -20.079999999999998 0.040000000000000036
      vertex 89.640000000000001 -20.16 0.080000000000000016
      vertex 89.640000000000001 -20.199999999999999 0.080000000000000016
    endloop
  endfacet
  facet normal 0.44721359549996548 0 0.89442719099991219
    outer loop
      vertex 89.719999999999999 -20.079999999999998 0.040000000000000036
      vertex 89.640000000000001 -20.199999999999999 0.080000000000000016
      vertex 89.719999999999999 -20.199999999999999 0.040000000000000036
    endloop
  endfacet
  facet normal 0.23570226039549463 0.23570226039553649 0.94280904158206347
    outer loop
      vertex 89.599999999999994 -20.120000000000001 0.080000000000000016
      vertex 89.640000000000001 -20.16 0.080000000000000016
      vertex 89.719999999999999 -20.079999999999998 0.040000000000000036
    endloop
  endfacet
  facet normal 0.23570226039550626 0.23570226039550624 0.94280904158206824
    outer loop
      vertex 89.599999999999994 -20.120000000000001 0.080000000000000016
      vertex 89.719999999999999 -20.079999999999998 0.040000000000000036
      vertex 89.640000000000001 -20 0.040000000000000036
    endloop
  endfacet
  facet normal 0.23570226039548048 0.2357022603955162 0.94280904158207213
    outer loop
      vertex 89.599999999999994 -20.120000000000001 0.080000000000000016
      vertex 89.640000000000001 -20 0.040000000000000036
      vertex 89.599999999999994 -20 0.050000000000000003
    endloop
  endfacet
  facet normal 0.24253562503629655 0 0.97014250014534087
    outer loop
      vertex 89.640000000000001 -18.040000000000006 0.040000000000000036
      vertex 89.599999999999994 -20 0.050000000000000003
      vertex 89.640000000000001 -20 0.040000000000000036
    endloop
  endfacet
  facet normal 0.24253562503629653 0 0.97014250014534098
    outer loop
      vertex 89.599999999999994 -20 0.050000000000000003
      vertex 89.640000000000001 -18.040000000000006 0.040000000000000036
      vertex 89.640000000000001 -10.199999999999999 0.040000000000000036
    endloop
  endfacet
  facet normal 0.24253562503629653 -0 0.97014250014534098
    outer loop
      vertex 89.599999999999994 -20 0.050000000000000003
      vertex 89.640000000000001 -10.199999999999999 0.040000000000000036
      vertex 89.599999999999994 -10.199999999999999 0.050000000000000003
    endloop
  endfacet
  facet normal 0.24253562503629653 0 0.97014250014534098
    outer loop
      vertex 89.640000000000001 -10.16 0.040000000000000036
      vertex 89.599999999999994 -10.199999999999999 0.050000000000000003
      vertex 89.640000000000001 -10.199999999999999 0.040000000000000036
    endloop
  endfacet
  facet normal 0.43643578047192622 -0.21821789023600066 0.87287156094399665
    outer loop
      vertex 89.599999999999994 -10.08 0.080000000000000016
      vertex 89.599999999999994 -10.199999999999999 0.050000000000000003
      vertex 89.640000000000001 -10.16 0.040000000000000036
    endloop
  endfacet
  facet normal 0.43643578047196269 -0.21821789023597646 0.87287156094398455
    outer loop
      vertex 89.599999999999994 -10.08 0.080000000000000016
      vertex 89.640000000000001 -10.16 0.040000000000000036
      vertex 89.719999999999999 -10 0.040000000000000036
    endloop
  endfacet
  facet normal 0.4364357804719885 -0.21821789023602814 0.87287156094395879
    outer loop
      vertex 89.599999999999994 -10.08 0.080000000000000016
      vertex 89.719999999999999 -10 0.040000000000000036
      vertex 89.640000000000001 -10 0.080000000000000016
    endloop
  endfacet
  facet normal 0.44721359549996537 0 0.89442719099991208
    outer loop
      vertex 89.719999999999999 -4.0000000000000036 0.040000000000000036
      vertex 89.640000000000001 -8 0.080000000000000016
      vertex 89.640000000000001 -10 0.080000000000000016
    endloop
  endfacet
  facet normal 0.44721359549996537 0 0.89442719099991219
    outer loop
      vertex 89.719999999999999 -4.0000000000000036 0.040000000000000036
      vertex 89.640000000000001 -10 0.080000000000000016
      vertex 89.719999999999999 -10 0.040000000000000036
    endloop
  endfacet
  facet normal 0.44721359549996537 0 0.89442719099991219
    outer loop
      vertex 89.640000000000001 -8.0000000000000018 0.080000000000000016
      vertex 89.719999999999999 -4.0000000000000036 0.040000000000000036
      vertex 89.719999999999999 0 0.040000000000000036
    endloop
  endfacet
  facet normal 0.44721359549996537 -0 0.89442719099991208
    outer loop
      vertex 89.640000000000001 -8.0000000000000018 0.080000000000000016
      vertex 89.719999999999999 0 0.040000000000000036
      vertex 89.640000000000001 0 0.080000000000000016
    endloop
  endfacet
  facet normal 0.44721359549996537 0 0.89442719099991208
    outer loop
      vertex 89.719999999999999 0.11999999999999994 0.040000000000000036
      vertex 89.640000000000001 0.03999999999999998 0.080000000000000016
      vertex 89.640000000000001 0 0.080000000000000016
    endloop
  endfacet
  facet normal 0.44721359549996542 0 0.89442719099991219
    outer loop
      vertex 89.719999999999999 0.11999999999999994 0.040000000000000036
      vertex 89.640000000000001 0 0.080000000000000016
      vertex 89.719999999999999 0 0.040000000000000036
    endloop
  endfacet
  facet normal 0 0.44721359549995793 0.89442719099991586
    outer loop
      vertex 89.599999999999994 0.11999999999999994 0.040000000000000036
      vertex 89.599999999999994 0.03999999999999998 0.080000000000000016
      vertex 89.640000000000001 0.03999999999999998 0.080000000000000016
    endloop
  endfacet
  facet normal -0 0.44721359549995793 0.89442719099991586
    outer loop
      vertex 89.599999999999994 0.11999999999999994 0.040000000000000036
      vertex 89.640000000000001 0.03999999999999998 0.080000000000000016
      vertex 89.719999999999999 0.11999999999999994 0.040000000000000036
    endloop
  endfacet
  facet normal 0 -0.24253562503629655 0.97014250014534109
    outer loop
      vertex 100.56 80.159999999999997 0.040000000000000036
      vertex 100.59999999999999 80.159999999999997 0.040000000000000036
      vertex 100.59999999999999 80.200000000000003 0.050000000000000003
    endloop
  endfacet
  facet normal -0.24253562503637766 0 0.97014250014532077
    outer loop
      vertex 100.56 80.159999999999997 0.040000000000000036
      vertex 100.59999999999999 80.200000000000003 0.050000000000000003
      vertex 100.56 80.200000000000003 0.040000000000000036
    endloop
  endfacet
  facet normal -0.24253562503637766 0 0.97014250014532077
    outer loop
      vertex 100.56 96.04000000000002 0.040000000000000036
      vertex 100.56 80.200000000000003 0.040000000000000036
      vertex 100.59999999999999 80.200000000000003 0.050000000000000003
    endloop
  endfacet
  facet normal -0.24253562503637766 0 0.97014250014532077
    outer loop
      vertex 100.56 96.04000000000002 0.040000000000000036
      vertex 100.59999999999999 80.200000000000003 0.050000000000000003
      vertex 100.59999999999999 100 0.050000000000000003
    endloop
  endfacet
  facet normal -0.2425356250363776 0 0.97014250014532066
    outer loop
      vertex 100.56 96.04000000000002 0.040000000000000036
      vertex 100.59999999999999 100 0.050000000000000003
      vertex 100.56 100 0.040000000000000036
    endloop
  endfacet
  facet normal 0 -0.24253562503629653 0.97014250014534098
    outer loop
      vertex 100.75999999999999 80.159999999999997 0.040000000000000036
      vertex 100.8 80.159999999999997 0.040000000000000036
      vertex 100.8 80.200000000000003 0.050000000000000003
    endloop
  endfacet
  facet normal 0 -0.24253562503629653 0.97014250014534098
    outer loop
      vertex 100.59999999999999 80.159999999999997 0.040000000000000036
      vertex 100.75999999999999 80.159999999999997 0.040000000000000036
      vertex 100.8 80.200000000000003 0.050000000000000003
    endloop
  endfacet
  facet normal 0 -0.24253562503629655 0.97014250014534098
    outer loop
      vertex 100.59999999999999 80.159999999999997 0.040000000000000036
      vertex 100.8 80.200000000000003 0.050000000000000003
      vertex 100.59999999999999 80.200000000000003 0.050000000000000003
    endloop
  endfacet
  facet normal 0 0 1
    outer loop
      vertex 100.59999999999999 80.200000000000003 0.050000000000000003
      vertex 100.8 80.200000000000003 0.050000000000000003
      vertex 100.8 100 0.050000000000000003
    endloop
  endfacet
  facet normal 0 0 1
    outer loop
      vertex 100.59999999999999 80.200000000000003 0.050000000000000003
      vertex 100.8 100 0.050000000000000003
      vertex 100.59999999999999 100 0.050000000000000003
    endloop
  endfacet
  facet normal 0 -0.44721359549993361 0.89442719099992807
    outer loop
      vertex 104.8 -40.039999999999999 0.080000000000000016
      vertex 102.8 -40.120000000000005 0.040000000000000036
      vertex 105.8 -40.120000000000005 0.040000000000000036
    endloop
  endfacet
  facet normal 0 -0.44721359549993361 0.89442719099992807
    outer loop
      vertex 104.8 -40.039999999999999 0.080000000000000016
      vertex 105.8 -40.120000000000005 0.040000000000000036
      vertex 105.8 -40.039999999999999 0.080000000000000016
    endloop
  endfacet
  facet normal -0.019996001199600124 0 0.99980005998000698
    outer loop
      vertex 102.8 -40.120000000000005 0.040000000000000036
      vertex 104.8 -40.039999999999999 0.080000000000000016
      vertex 104.8 -40 0.080000000000000016
    endloop
  endfacet
  facet normal -0.019996001199600131 0 0.99980005998000709
    outer loop
      vertex 102.8 -40.120000000000005 0.040000000000000036
      vertex 104.8 -40 0.080000000000000016
      vertex 102.8 -40 0.040000000000000036
    endloop
  endfacet
  facet normal -0.019996001199600131 0 0.99980005998000698
    outer loop
      vertex 104.8 -24.159999999999997 0.080000000000000016
      vertex 102.8 -32.079999999999991 0.040000000000000036
      vertex 102.8 -40 0.040000000000000036
    endloop
  endfacet
  facet normal -0.019996001199600131 0 0.99980005998000698
    outer loop
      vertex 104.8 -24.159999999999997 0.080000000000000016
      vertex 102.8 -40 0.040000000000000036
      vertex 104.8 -40 0.080000000000000016
    endloop
  endfacet
  facet normal -0.019996001199600131 0 0.99980005998000698
    outer loop
      vertex 102.8 -32.079999999999991 0.040000000000000036
      vertex 104.8 -24.159999999999997 0.080000000000000016
      vertex 104.8 -20.199999999999999 0.080000000000000016
    endloop
  endfacet
  facet normal -0.019996001199600131 0 0.99980005998000698
    outer loop
      vertex 102.8 -32.079999999999991 0.040000000000000036
      vertex 104.8 -20.199999999999999 0.080000000000000016
      vertex 102.8 -20.199999999999999 0.040000000000000036
    endloop
  endfacet
  facet normal -0.017885682339723992 0.44714205849310934 0.89428411698620003
    outer loop
      vertex 102.8 -20.199999999999999 0.040000000000000036
      vertex 104.8 -20.199999999999999 0.080000000000000016
      vertex 105.8 -20.16 0.080000000000000016
    endloop
  endfacet
  facet normal -0.017885682339723884 0.44714205849309341 0.89428411698620791
    outer loop
      vertex 102.8 -20.199999999999999 0.040000000000000036
      vertex 105.8 -20.16 0.080000000000000016
      vertex 105.8 -20.079999999999998 0.040000000000000036
    endloop
  endfacet
  facet normal 0 -0.2425356250363371 0.97014250014533088
    outer loop
      vertex 104.8 -10.039999999999999 0.040000000000000036
      vertex 105.8 -10.039999999999999 0.040000000000000036
      vertex 105.8 -10 0.050000000000000003
    endloop
  endfacet
  facet normal -0.0099995000374968439 0 0.99995000374968768
    outer loop
      vertex 104.8 -10.039999999999999 0.040000000000000036
      vertex 105.8 -10 0.050000000000000003
      vertex 104.8 -10 0.040000000000000036
    endloop
  endfacet
  facet normal -0.0099995000374968439 0 0.99995000374968768
    outer loop
      vertex 104.8 -1.9999999999999933 0.040000000000000036
      vertex 104.8 -10 0.040000000000000036
      vertex 105.8 -10 0.050000000000000003
    endloop
  endfacet
  facet normal -0.0099995000374968421 0 0.99995000374968757
    outer loop
      vertex 104.8 -1.9999999999999933 0.040000000000000036
      vertex 105.8 -10 0.050000000000000003
      vertex 105.8 0 0.050000000000000003
    endloop
  endfacet
  facet normal -0.0099995000374968439 0 0.99995000374968768
    outer loop
      vertex 104.8 -1.9999999999999929 0.040000000000000036
      vertex 105.8 0 0.050000000000000003
      vertex 104.8 0 0.040000000000000036
    endloop
  endfacet
  facet normal -0.0062468285873950721 0.78085357342438655 0.62468285873950924
    outer loop
      vertex 104.8 0 0.040000000000000036
      vertex 105.8 0 0.050000000000000003
      vertex 105.8 0.0079999999999999741 0.040000000000000036
    endloop
  endfacet
  facet normal 0 -0.24253562503629653 0.97014250014534087
    outer loop
      vertex 104.8 80.159999999999997 0.040000000000000036
      vertex 105.8 80.159999999999997 0.040000000000000036
      vertex 105.8 80.200000000000003 0.050000000000000003
    endloop
  endfacet
  facet normal 0 -0.24253562503629653 0.97014250014534087
    outer loop
      vertex 100.8 80.159999999999997 0.040000000000000036
      vertex 104.8 80.159999999999997 0.040000000000000036
      vertex 105.8 80.200000000000003 0.050000000000000003
    endloop
  endfacet
  facet normal 0 -0.24253562503629655 0.97014250014534098
    outer loop
      vertex 100.8 80.159999999999997 0.040000000000000036
      vertex 105.8 80.200000000000003 0.050000000000000003
      vertex 100.8 80.200000000000003 0.050000000000000003
    endloop
  endfacet
  facet normal 0 0 1
    outer loop
      vertex 100.8 80.200000000000003 0.050000000000000003
      vertex 105.8 80.200000000000003 0.050000000000000003
      vertex 105.8 100 0.050000000000000003
    endloop
  endfacet
  facet normal 0 0 1
    outer loop
      vertex 100.8 80.200000000000003 0.050000000000000003
      vertex 105.8 100 0.050000000000000003
      vertex 100.8 100 0.050000000000000003
    endloop
  endfacet
  facet normal 0 -0.44721359549993361 0.89442719099992796
    outer loop
      vertex 105.95999999999999 -40.039999999999999 0.080000000000000016
      vertex 105.88 -40.120000000000005 0.040000000000000036
      vertex 106 -40.120000000000005 0.040000000000000036
    endloop
  endfacet
  facet normal 0 -0.44721359549993361 0.89442719099992818
    outer loop
      vertex 105.95999999999999 -40.039999999999999 0.080000000000000016
      vertex 106 -40.120000000000005 0.040000000000000036
      vertex 106 -40.039999999999999 0.080000000000000016
    endloop
  endfacet
  facet normal 0 -0.44721359549993361 0.89442719099992796
    outer loop
      vertex 105.8 -40.039999999999999 0.080000000000000016
      vertex 105.8 -40.120000000000005 0.040000000000000036
      vertex 105.88 -40.120000000000005 0.040000000000000036
    endloop
  endfacet
  facet normal 0 -0.44721359549993361 0.89442719099992796
    outer loop
      vertex 105.8 -40.039999999999999 0.080000000000000016
      vertex 105.88 -40.120000000000005 0.040000000000000036
      vertex 105.95999999999999 -40.039999999999999 0.080000000000000016
    endloop
  endfacet
  facet normal 0 0.44721359549994949 0.89442719099992007
    outer loop
      vertex 105.92 -20.079999999999998 0.040000000000000036
      vertex 105.84 -20.16 0.080000000000000016
      vertex 106 -20.16 0.080000000000000016
    endloop
  endfacet
  facet normal -0 0.44721359549994949 0.89442719099992007
    outer loop
      vertex 105.92 -20.079999999999998 0.040000000000000036
      vertex 106 -20.16 0.080000000000000016
      vertex 106 -20.079999999999998 0.040000000000000036
    endloop
  endfacet
  facet normal 0 0.44721359549994955 0.89442719099992019
    outer loop
      vertex 105.8 -20.079999999999998 0.040000000000000036
      vertex 105.8 -20.16 0.080000000000000016
      vertex 105.84 -20.16 0.080000000000000016
    endloop
  endfacet
  facet normal -0 0.44721359549994949 0.89442719099992019
    outer loop
      vertex 105.8 -20.079999999999998 0.040000000000000036
      vertex 105.84 -20.16 0.080000000000000016
      vertex 105.92 -20.079999999999998 0.040000000000000036
    endloop
  endfacet
  facet normal 0 -0.2425356250363371 0.97014250014533088
    outer loop
      vertex 105.95999999999999 -10.039999999999999 0.040000000000000036
      vertex 106 -10.039999999999999 0.040000000000000036
      vertex 106 -10 0.050000000000000003
    endloop
  endfacet
  facet normal 0 -0.24253562503633708 0.97014250014533088
    outer loop
      vertex 105.8 -10.039999999999999 0.040000000000000036
      vertex 105.95999999999999 -10.039999999999999 0.040000000000000036
      vertex 106 -10 0.050000000000000003
    endloop
  endfacet
  facet normal 0 -0.2425356250363371 0.97014250014533099
    outer loop
      vertex 105.8 -10.039999999999999 0.040000000000000036
      vertex 106 -10 0.050000000000000003
      vertex 105.8 -10 0.050000000000000003
    endloop
  endfacet
  facet normal 0 0 1
    outer loop
      vertex 105.8 -10 0.050000000000000003
      vertex 106 -10 0.050000000000000003
      vertex 106 0 0.050000000000000003
    endloop
  endfacet
  facet normal 0 0 1
    outer loop
      vertex 105.8 -10 0.050000000000000003
      vertex 106 0 0.050000000000000003
      vertex 105.8 0 0.050000000000000003
    endloop
  endfacet
  facet normal 0 0.78086880944303105 0.62469504755442307
    outer loop
      vertex 105.80799999999999 0.0079999999999999516 0.040000000000000036
      vertex 105.8 0 0.050000000000000003
      vertex 106 0 0.050000000000000003
    endloop
  endfacet
  facet normal -9.1717129792629324e-17 0.78086880944303028 0.62469504755442429
    outer loop
      vertex 105.80799999999999 0.0079999999999999516 0.040000000000000036
      vertex 106 0 0.050000000000000003
      vertex 106 0.0079999999999999741 0.040000000000000036
    endloop
  endfacet
  facet normal -2.2012111150244093e-15 0.78086880944303116 0.62469504755442307
    outer loop
      vertex 105.8 0.0079999999999999516 0.040000000000000036
      vertex 105.8 0 0.050000000000000003
      vertex 105.80799999999999 0.0079999999999999741 0.040000000000000036
    endloop
  endfacet
  facet normal 0 -0.24253562503629653 0.97014250014534098
    outer loop
      vertex 105.95999999999999 80.159999999999997 0.040000000000000036
      vertex 106 80.159999999999997 0.040000000000000036
      vertex 106 80.200000000000003 0.050000000000000003
    endloop
  endfacet
  facet normal 0 -0.24253562503629653 0.97014250014534098
    outer loop
      vertex 105.8 80.159999999999997 0.040000000000000036
      vertex 105.95999999999999 80.159999999999997 0.040000000000000036
      vertex 106 80.200000000000003 0.050000000000000003
    endloop
  endfacet
  facet normal 0 -0.24253562503629655 0.97014250014534098
    outer loop
      vertex 105.8 80.159999999999997 0.040000000000000036
      vertex 106 80.200000000000003 0.050000000000000003
      vertex 105.8 80.200000000000003 0.050000000000000003
    endloop
  endfacet
  facet normal 0 0 1
    outer loop
      vertex 105.8 80.200000000000003 0.050000000000000003
      vertex 106 80.200000000000003 0.050000000000000003
      vertex 106 100 0.050000000000000003
    endloop
  endfacet
  facet normal 0 0 1
    outer loop
      vertex 105.8 80.200000000000003 0.050000000000000003
      vertex 106 100 0.050000000000000003
      vertex 105.8 100 0.050000000000000003
    endloop
  endfacet
  facet normal 0 -0.44721359549993361 0.89442719099992796
    outer loop
      vertex 106.16 -40.039999999999999 0.080000000000000016
      vertex 106.08 -40.120000000000005 0.040000000000000036
      vertex 106.2 -40.120000000000005 0.040000000000000036
    endloop
  endfacet
  facet normal 0 -0.44721359549993361 0.89442719099992818
    outer loop
      vertex 106.16 -40.039999999999999 0.080000000000000016
      vertex 106.2 -40.120000000000005 0.040000000000000036
      vertex 106.2 -40.039999999999999 0.080000000000000016
    endloop
  endfacet
  facet normal 0 -0.44721359549993361 0.89442719099992796
    outer loop
      vertex 106 -40.039999999999999 0.080000000000000016
      vertex 106 -40.120000000000005 0.040000000000000036
      vertex 106.08 -40.120000000000005 0.040000000000000036
    endloop
  endfacet
  facet normal 0 -0.44721359549993361 0.89442719099992796
    outer loop
      vertex 106 -40.039999999999999 0.080000000000000016
      vertex 106.08 -40.120000000000005 0.040000000000000036
      vertex 106.16 -40.039999999999999 0.080000000000000016
    endloop
  endfacet
  facet normal 0 0.44721359549994949 0.89442719099992007
    outer loop
      vertex 106.12 -20.079999999999998 0.040000000000000036
      vertex 106.04000000000001 -20.16 0.080000000000000016
      vertex 106.2 -20.16 0.080000000000000016
    endloop
  endfacet
  facet normal -0 0.44721359549994949 0.89442719099992007
    outer loop
      vertex 106.12 -20.079999999999998 0.040000000000000036
      vertex 106.2 -20.16 0.080000000000000016
      vertex 106.2 -20.079999999999998 0.040000000000000036
    endloop
  endfacet
  facet normal 0 0.44721359549994955 0.89442719099992019
    outer loop
      vertex 106 -20.079999999999998 0.040000000000000036
      vertex 106 -20.16 0.080000000000000016
      vertex 106.04000000000001 -20.16 0.080000000000000016
    endloop
  endfacet
  facet normal -0 0.44721359549994949 0.89442719099992019
    outer loop
      vertex 106 -20.079999999999998 0.040000000000000036
      vertex 106.04000000000001 -20.16 0.080000000000000016
      vertex 106.12 -20.079999999999998 0.040000000000000036
    endloop
  endfacet
  facet normal 0 -0.2425356250363371 0.97014250014533088
    outer loop
      vertex 106.16 -10.039999999999999 0.040000000000000036
      vertex 106.2 -10.039999999999999 0.040000000000000036
      vertex 106.2 -10 0.050000000000000003
    endloop
  endfacet
  facet normal 0 -0.24253562503633708 0.97014250014533088
    outer loop
      vertex 106 -10.039999999999999 0.040000000000000036
      vertex 106.16 -10.039999999999999 0.040000000000000036
      vertex 106.2 -10 0.050000000000000003
    endloop
  endfacet
  facet normal 0 -0.2425356250363371 0.97014250014533099
    outer loop
      vertex 106 -10.039999999999999 0.040000000000000036
      vertex 106.2 -10 0.050000000000000003
      vertex 106 -10 0.050000000000000003
    endloop
  endfacet
  facet normal 0 0 1
    outer loop
      vertex 106 -10 0.050000000000000003
      vertex 106.2 -10 0.050000000000000003
      vertex 106.2 0 0.050000000000000003
    endloop
  endfacet
  facet normal 0 0 1
    outer loop
      vertex 106 -10 0.050000000000000003
      vertex 106.2 0 0.050000000000000003
      vertex 106 0 0.050000000000000003
    endloop
  endfacet
  facet normal 0 0.24253562503633297 0.97014250014533188
    outer loop
      vertex 106.04000000000001 0.039999999999999869 0.040000000000000036
      vertex 106 0 0.050000000000000003
      vertex 106.2 0 0.050000000000000003
    endloop
  endfacet
  facet normal -0 0.24253562503633297 0.97014250014533188
    outer loop
      vertex 106.04000000000001 0.039999999999999869 0.040000000000000036
      vertex 106.2 0 0.050000000000000003
      vertex 106.2 0.039999999999999869 0.040000000000000036
    endloop
  endfacet
  facet normal -0.52981294282595737 0.66226617853255199 0.52981294282604008
    outer loop
      vertex 106 0.0079999999999999516 0.040000000000000036
      vertex 106 0 0.050000000000000003
      vertex 106.04000000000001 0.039999999999999869 0.040000000000000036
    endloop
  endfacet
  facet normal 0.23570226039548242 -0.23570226039548242 0.94280904158208023
    outer loop
      vertex 106 80.159999999999997 0.040000000000000036
      vertex 106.04000000000001 80.200000000000003 0.040000000000000036
      vertex 106 80.200000000000003 0.050000000000000003
    endloop
  endfacet
  facet normal 0.24253562503629655 0 0.97014250014534109
    outer loop
      vertex 106.04000000000001 84.159999999999982 0.040000000000000036
      vertex 106 80.200000000000003 0.050000000000000003
      vertex 106.04000000000001 80.200000000000003 0.040000000000000036
    endloop
  endfacet
  facet normal 0.24253562503629655 0 0.97014250014534109
    outer loop
      vertex 106 80.200000000000003 0.050000000000000003
      vertex 106.04000000000001 84.159999999999997 0.040000000000000036
      vertex 106.04000000000001 100 0.040000000000000036
    endloop
  endfacet
  facet normal 0.24253562503629653 -0 0.97014250014534098
    outer loop
      vertex 106 80.200000000000003 0.050000000000000003
      vertex 106.04000000000001 100 0.040000000000000036
      vertex 106 100 0.050000000000000003
    endloop
  endfacet
  facet normal 0 -0.44721359549993361 0.89442719099992796
    outer loop
      vertex 106.36 -40.039999999999999 0.080000000000000016
      vertex 106.28 -40.120000000000005 0.040000000000000036
      vertex 106.40000000000001 -40.120000000000005 0.040000000000000036
    endloop
  endfacet
  facet normal 0 -0.44721359549993361 0.89442719099992818
    outer loop
      vertex 106.36 -40.039999999999999 0.080000000000000016
      vertex 106.40000000000001 -40.120000000000005 0.040000000000000036
      vertex 106.40000000000001 -40.039999999999999 0.080000000000000016
    endloop
  endfacet
  facet normal 0 -0.44721359549993361 0.89442719099992796
    outer loop
      vertex 106.2 -40.039999999999999 0.080000000000000016
      vertex 106.2 -40.120000000000005 0.040000000000000036
      vertex 106.28 -40.120000000000005 0.040000000000000036
    endloop
  endfacet
  facet normal 0 -0.44721359549993361 0.89442719099992796
    outer loop
      vertex 106.2 -40.039999999999999 0.080000000000000016
      vertex 106.28 -40.120000000000005 0.040000000000000036
      vertex 106.36 -40.039999999999999 0.080000000000000016
    endloop
  endfacet
  facet normal 0 0.44721359549994949 0.89442719099992007
    outer loop
      vertex 106.32000000000001 -20.079999999999998 0.040000000000000036
      vertex 106.24000000000001 -20.16 0.080000000000000016
      vertex 106.40000000000001 -20.16 0.080000000000000016
    endloop
  endfacet
  facet normal -0 0.44721359549994949 0.89442719099992007
    outer loop
      vertex 106.32000000000001 -20.079999999999998 0.040000000000000036
      vertex 106.40000000000001 -20.16 0.080000000000000016
      vertex 106.40000000000001 -20.079999999999998 0.040000000000000036
    endloop
  endfacet
  facet normal 0 0.44721359549994955 0.89442719099992019
    outer loop
      vertex 106.2 -20.079999999999998 0.040000000000000036
      vertex 106.2 -20.16 0.080000000000000016
      vertex 106.24000000000001 -20.16 0.080000000000000016
    endloop
  endfacet
  facet normal -0 0.44721359549994949 0.89442719099992019
    outer loop
      vertex 106.2 -20.079999999999998 0.040000000000000036
      vertex 106.24000000000001 -20.16 0.080000000000000016
      vertex 106.32000000000001 -20.079999999999998 0.040000000000000036
    endloop
  endfacet
  facet normal 0 -0.2425356250363371 0.97014250014533088
    outer loop
      vertex 106.36 -10.039999999999999 0.040000000000000036
      vertex 106.40000000000001 -10.039999999999999 0.040000000000000036
      vertex 106.40000000000001 -10 0.050000000000000003
    endloop
  endfacet
  facet normal 0 -0.24253562503633708 0.97014250014533088
    outer loop
      vertex 106.2 -10.039999999999999 0.040000000000000036
      vertex 106.36 -10.039999999999999 0.040000000000000036
      vertex 106.40000000000001 -10 0.050000000000000003
    endloop
  endfacet
  facet normal 0 -0.2425356250363371 0.97014250014533099
    outer loop
      vertex 106.2 -10.039999999999999 0.040000000000000036
      vertex 106.40000000000001 -10 0.050000000000000003
      vertex 106.2 -10 0.050000000000000003
    endloop
  endfacet
  facet normal 0 0 1
    outer loop
      vertex 106.2 -10 0.050000000000000003
      vertex 106.40000000000001 -10 0.050000000000000003
      vertex 106.40000000000001 0 0.050000000000000003
    endloop
  endfacet
  facet normal 0 0 1
    outer loop
      vertex 106.2 -10 0.050000000000000003
      vertex 106.40000000000001 0 0.050000000000000003
      vertex 106.2 0 0.050000000000000003
    endloop
  endfacet
  facet normal 0 0.24253562503633297 0.97014250014533188
    outer loop
      vertex 106.24000000000001 0.039999999999999869 0.040000000000000036
      vertex 106.2 0 0.050000000000000003
      vertex 106.40000000000001 0 0.050000000000000003
    endloop
  endfacet
  facet normal -0 0.24253562503633297 0.97014250014533188
    outer loop
      vertex 106.24000000000001 0.039999999999999869 0.040000000000000036
      vertex 106.40000000000001 0 0.050000000000000003
      vertex 106.40000000000001 0.039999999999999869 0.040000000000000036
    endloop
  endfacet
  facet normal -0 0.242535625036333 0.97014250014533199
    outer loop
      vertex 106.2 0.039999999999999869 0.040000000000000036
      vertex 106.2 0 0.050000000000000003
      vertex 106.24000000000001 0.039999999999999869 0.040000000000000036
    endloop
  endfacet
  facet normal 0.40824829046388478 -0.40824829046383648 0.81649658092772848
    outer loop
      vertex 106.40000000000001 -40.039999999999999 0.080000000000000016
      vertex 106.40000000000001 -40.120000000000005 0.040000000000000036
      vertex 106.52 -40 0.040000000000000036
    endloop
  endfacet
  facet normal 0.40824829046388084 -0.40824829046380828 0.81649658092774458
    outer loop
      vertex 106.40000000000001 -40.039999999999999 0.080000000000000016
      vertex 106.52 -40 0.040000000000000036
      vertex 106.44 -40 0.080000000000000016
    endloop
  endfacet
  facet normal 0.44721359549996537 0 0.89442719099991219
    outer loop
      vertex 106.52 -28.120000000000005 0.040000000000000036
      vertex 106.44 -36.039999999999999 0.080000000000000016
      vertex 106.44 -40 0.080000000000000016
    endloop
  endfacet
  facet normal 0.44721359549996537 0 0.89442719099991208
    outer loop
      vertex 106.52 -28.120000000000005 0.040000000000000036
      vertex 106.44 -40 0.080000000000000016
      vertex 106.52 -40 0.040000000000000036
    endloop
  endfacet
  facet normal 0.44721359549996542 0 0.89442719099991219
    outer loop
      vertex 106.44 -36.039999999999999 0.080000000000000016
      vertex 106.52 -28.120000000000005 0.040000000000000036
      vertex 106.52 -20.199999999999999 0.040000000000000036
    endloop
  endfacet
  facet normal 0.44721359549996542 -0 0.89442719099991219
    outer loop
      vertex 106.44 -36.039999999999999 0.080000000000000016
      vertex 106.52 -20.199999999999999 0.040000000000000036
      vertex 106.44 -20.199999999999999 0.080000000000000016
    endloop
  endfacet
  facet normal 0.44721359549996559 0 0.89442719099991208
    outer loop
      vertex 106.52 -20.079999999999998 0.040000000000000036
      vertex 106.44 -20.16 0.080000000000000016
      vertex 106.44 -20.199999999999999 0.080000000000000016
    endloop
  endfacet
  facet normal 0.44721359549996548 0 0.89442719099991219
    outer loop
      vertex 106.52 -20.079999999999998 0.040000000000000036
      vertex 106.44 -20.199999999999999 0.080000000000000016
      vertex 106.52 -20.199999999999999 0.040000000000000036
    endloop
  endfacet
  facet normal 0 0.44721359549994949 0.89442719099992007
    outer loop
      vertex 106.40000000000001 -20.079999999999998 0.040000000000000036
      vertex 106.40000000000001 -20.16 0.080000000000000016
      vertex 106.44 -20.16 0.080000000000000016
    endloop
  endfacet
  facet normal -0 0.44721359549994949 0.89442719099992007
    outer loop
      vertex 106.40000000000001 -20.079999999999998 0.040000000000000036
      vertex 106.44 -20.16 0.080000000000000016
      vertex 106.52 -20.079999999999998 0.040000000000000036
    endloop
  endfacet
  facet normal 0.23570226039555917 -0.23570226039551728 0.94280904158205214
    outer loop
      vertex 106.40000000000001 -10.039999999999999 0.040000000000000036
      vertex 106.44 -10 0.040000000000000036
      vertex 106.40000000000001 -10 0.050000000000000003
    endloop
  endfacet
  facet normal 0.24253562503637763 0 0.97014250014532077
    outer loop
      vertex 106.44 -8.0000000000000071 0.040000000000000036
      vertex 106.40000000000001 -10 0.050000000000000003
      vertex 106.44 -10 0.040000000000000036
    endloop
  endfacet
  facet normal 0.24253562503637763 0 0.97014250014532066
    outer loop
      vertex 106.40000000000001 -10 0.050000000000000003
      vertex 106.44 -8.0000000000000071 0.040000000000000036
      vertex 106.44 0 0.040000000000000036
    endloop
  endfacet
  facet normal 0.24253562503637766 -0 0.97014250014532077
    outer loop
      vertex 106.40000000000001 -10 0.050000000000000003
      vertex 106.44 0 0.040000000000000036
      vertex 106.40000000000001 0 0.050000000000000003
    endloop
  endfacet
  facet normal 0.24253562503637766 0 0.97014250014532077
    outer loop
      vertex 106.44 0.039999999999999869 0.040000000000000036
      vertex 106.40000000000001 0 0.050000000000000003
      vertex 106.44 0 0.040000000000000036
    endloop
  endfacet
  facet normal -0 0.24253562503633297 0.97014250014533188
    outer loop
      vertex 106.40000000000001 0.039999999999999869 0.040000000000000036
      vertex 106.40000000000001 0 0.050000000000000003
      vertex 106.44 0.039999999999999869 0.040000000000000036
    endloop
  endfacet
  facet normal 0 -0.44721359549995743 0.89442719099991619
    outer loop
      vertex 106.56 10.16 0.080000000000000016
      vertex 106.48 10.08 0.040000000000000036
      vertex 106.59999999999999 10.08 0.040000000000000036
    endloop
  endfacet
  facet normal 0 -0.44721359549995748 0.89442719099991619
    outer loop
      vertex 106.56 10.16 0.080000000000000016
      vertex 106.59999999999999 10.08 0.040000000000000036
      vertex 106.59999999999999 10.16 0.080000000000000016
    endloop
  endfacet
  facet normal -0.44721359549996548 0 0.89442719099991208
    outer loop
      vertex 106.48 10.08 0.040000000000000036
      vertex 106.56 10.16 0.080000000000000016
      vertex 106.56 10.199999999999999 0.080000000000000016
    endloop
  endfacet
  facet normal -0.44721359549996548 0 0.89442719099991219
    outer loop
      vertex 106.48 10.08 0.040000000000000036
      vertex 106.56 10.199999999999999 0.080000000000000016
      vertex 106.48 10.199999999999999 0.040000000000000036
    endloop
  endfacet
  facet normal -0.44721359549996537 0 0.89442719099991219
    outer loop
      vertex 106.56 18.039999999999999 0.080000000000000016
      vertex 106.48 14.120000000000003 0.040000000000000036
      vertex 106.48 10.199999999999999 0.040000000000000036
    endloop
  endfacet
  facet normal -0.44721359549996537 0 0.89442719099991219
    outer loop
      vertex 106.56 18.039999999999999 0.080000000000000016
      vertex 106.48 10.199999999999999 0.040000000000000036
      vertex 106.56 10.199999999999999 0.080000000000000016
    endloop
  endfacet
  facet normal -0.44721359549996542 0 0.89442719099991208
    outer loop
      vertex 106.48 14.120000000000003 0.040000000000000036
      vertex 106.56 18.039999999999999 0.080000000000000016
      vertex 106.56 20 0.080000000000000016
    endloop
  endfacet
  facet normal -0.44721359549996537 0 0.89442719099991219
    outer loop
      vertex 106.48 14.120000000000003 0.040000000000000036
      vertex 106.56 20 0.080000000000000016
      vertex 106.48 20 0.040000000000000036
    endloop
  endfacet
  facet normal -0.44721359549996548 0 0.89442719099991219
    outer loop
      vertex 106.56 20.16 0.080000000000000016
      vertex 106.48 20.079999999999998 0.040000000000000036
      vertex 106.48 20 0.040000000000000036
    endloop
  endfacet
  facet normal -0.44721359549996537 0 0.89442719099991208
    outer loop
      vertex 106.56 20.16 0.080000000000000016
      vertex 106.48 20 0.040000000000000036
      vertex 106.56 20 0.080000000000000016
    endloop
  endfacet
  facet normal -0.44721359549996559 0 0.89442719099991208
    outer loop
      vertex 106.48 20.079999999999998 0.040000000000000036
      vertex 106.56 20.16 0.080000000000000016
      vertex 106.56 20.199999999999999 0.080000000000000016
    endloop
  endfacet
  facet normal -0.44721359549996548 0 0.89442719099991219
    outer loop
      vertex 106.48 20.079999999999998 0.040000000000000036
      vertex 106.56 20.199999999999999 0.080000000000000016
      vertex 106.48 20.199999999999999 0.040000000000000036
    endloop
  endfacet
  facet normal -0.44721359549996542 0 0.89442719099991219
    outer loop
      vertex 106.56 36.039999999999999 0.080000000000000016
      vertex 106.48 28.120000000000005 0.040000000000000036
      vertex 106.48 20.199999999999999 0.040000000000000036
    endloop
  endfacet
  facet normal -0.44721359549996542 0 0.89442719099991219
    outer loop
      vertex 106.56 36.039999999999999 0.080000000000000016
      vertex 106.48 20.199999999999999 0.040000000000000036
      vertex 106.56 20.199999999999999 0.080000000000000016
    endloop
  endfacet
  facet normal -0.44721359549996537 0 0.89442719099991219
    outer loop
      vertex 106.48 28.120000000000005 0.040000000000000036
      vertex 106.56 36.039999999999999 0.080000000000000016
      vertex 106.56 40 0.080000000000000016
    endloop
  endfacet
  facet normal -0.44721359549996537 0 0.89442719099991208
    outer loop
      vertex 106.48 28.120000000000005 0.040000000000000036
      vertex 106.56 40 0.080000000000000016
      vertex 106.48 40 0.040000000000000036
    endloop
  endfacet
  facet normal -0.40824829046388084 0.40824829046380823 0.81649658092774458
    outer loop
      vertex 106.48 40 0.040000000000000036
      vertex 106.56 40 0.080000000000000016
      vertex 106.59999999999999 40.039999999999999 0.080000000000000016
    endloop
  endfacet
  facet normal -0.40824829046388478 0.40824829046383648 0.81649658092772848
    outer loop
      vertex 106.48 40 0.040000000000000036
      vertex 106.59999999999999 40.039999999999999 0.080000000000000016
      vertex 106.59999999999999 40.120000000000005 0.040000000000000036
    endloop
  endfacet
  facet normal 0 -0.44721359549995743 0.89442719099991619
    outer loop
      vertex 106.75999999999999 10.16 0.080000000000000016
      vertex 106.67999999999999 10.08 0.040000000000000036
      vertex 106.8 10.08 0.040000000000000036
    endloop
  endfacet
  facet normal 0 -0.44721359549995743 0.89442719099991619
    outer loop
      vertex 106.75999999999999 10.16 0.080000000000000016
      vertex 106.8 10.08 0.040000000000000036
      vertex 106.8 10.16 0.080000000000000016
    endloop
  endfacet
  facet normal 0 -0.44721359549995748 0.89442719099991608
    outer loop
      vertex 106.59999999999999 10.16 0.080000000000000016
      vertex 106.59999999999999 10.08 0.040000000000000036
      vertex 106.67999999999999 10.08 0.040000000000000036
    endloop
  endfacet
  facet normal 0 -0.44721359549995748 0.89442719099991608
    outer loop
      vertex 106.59999999999999 10.16 0.080000000000000016
      vertex 106.67999999999999 10.08 0.040000000000000036
      vertex 106.75999999999999 10.16 0.080000000000000016
    endloop
  endfacet
  facet normal 0 0.44721359549993361 0.89442719099992796
    outer loop
      vertex 106.72 40.120000000000005 0.040000000000000036
      vertex 106.64 40.039999999999999 0.080000000000000016
      vertex 106.8 40.039999999999999 0.080000000000000016
    endloop
  endfacet
  facet normal -0 0.44721359549993361 0.89442719099992796
    outer loop
      vertex 106.72 40.120000000000005 0.040000000000000036
      vertex 106.8 40.039999999999999 0.080000000000000016
      vertex 106.8 40.120000000000005 0.040000000000000036
    endloop
  endfacet
  facet normal 0 0.44721359549993361 0.89442719099992818
    outer loop
      vertex 106.59999999999999 40.120000000000005 0.040000000000000036
      vertex 106.59999999999999 40.039999999999999 0.080000000000000016
      vertex 106.64 40.039999999999999 0.080000000000000016
    endloop
  endfacet
  facet normal -0 0.44721359549993361 0.89442719099992807
    outer loop
      vertex 106.59999999999999 40.120000000000005 0.040000000000000036
      vertex 106.64 40.039999999999999 0.080000000000000016
      vertex 106.72 40.120000000000005 0.040000000000000036
    endloop
  endfacet
  facet normal 0 -0.44721359549995743 0.89442719099991619
    outer loop
      vertex 106.95999999999999 10.16 0.080000000000000016
      vertex 106.88 10.08 0.040000000000000036
      vertex 107 10.08 0.040000000000000036
    endloop
  endfacet
  facet normal 0 -0.44721359549995743 0.89442719099991619
    outer loop
      vertex 106.95999999999999 10.16 0.080000000000000016
      vertex 107 10.08 0.040000000000000036
      vertex 107 10.16 0.080000000000000016
    endloop
  endfacet
  facet normal 0 -0.44721359549995748 0.89442719099991608
    outer loop
      vertex 106.8 10.16 0.080000000000000016
      vertex 106.8 10.08 0.040000000000000036
      vertex 106.88 10.08 0.040000000000000036
    endloop
  endfacet
  facet normal 0 -0.44721359549995748 0.89442719099991608
    outer loop
      vertex 106.8 10.16 0.080000000000000016
      vertex 106.88 10.08 0.040000000000000036
      vertex 106.95999999999999 10.16 0.080000000000000016
    endloop
  endfacet
  facet normal 0 0.44721359549993361 0.89442719099992796
    outer loop
      vertex 106.92 40.120000000000005 0.040000000000000036
      vertex 106.84 40.039999999999999 0.080000000000000016
      vertex 107 40.039999999999999 0.080000000000000016
    endloop
  endfacet
  facet normal -0 0.44721359549993361 0.89442719099992796
    outer loop
      vertex 106.92 40.120000000000005 0.040000000000000036
      vertex 107 40.039999999999999 0.080000000000000016
      vertex 107 40.120000000000005 0.040000000000000036
    endloop
  endfacet
  facet normal 0 0.44721359549993361 0.89442719099992818
    outer loop
      vertex 106.8 40.120000000000005 0.040000000000000036
      vertex 106.8 40.039999999999999 0.080000000000000016
      vertex 106.84 40.039999999999999 0.080000000000000016
    endloop
  endfacet
  facet normal -0 0.44721359549993361 0.89442719099992807
    outer loop
      vertex 106.8 40.120000000000005 0.040000000000000036
      vertex 106.84 40.039999999999999 0.080000000000000016
      vertex 106.92 40.120000000000005 0.040000000000000036
    endloop
  endfacet
  facet normal 0 -0.44721359549995743 0.89442719099991619
    outer loop
      vertex 107.16 10.16 0.080000000000000016
      vertex 107.08 10.08 0.040000000000000036
      vertex 107.2 10.08 0.040000000000000036
    endloop
  endfacet
  facet normal 0 -0.44721359549995743 0.89442719099991619
    outer loop
      vertex 107.16 10.16 0.080000000000000016
      vertex 107.2 10.08 0.040000000000000036
      vertex 107.2 10.16 0.080000000000000016
    endloop
  endfacet
  facet normal 0 -0.44721359549995748 0.89442719099991608
    outer loop
      vertex 107 10.16 0.080000000000000016
      vertex 107 10.08 0.040000000000000036
      vertex 107.08 10.08 0.040000000000000036
    endloop
  endfacet
  facet normal 0 -0.44721359549995748 0.89442719099991608
    outer loop
      vertex 107 10.16 0.080000000000000016
      vertex 107.08 10.08 0.040000000000000036
      vertex 107.16 10.16 0.080000000000000016
    endloop
  endfacet
  facet normal 0 0.44721359549993361 0.89442719099992796
    outer loop
      vertex 107.12 40.120000000000005 0.040000000000000036
      vertex 107.04000000000001 40.039999999999999 0.080000000000000016
      vertex 107.2 40.039999999999999 0.080000000000000016
    endloop
  endfacet
  facet normal -0 0.44721359549993361 0.89442719099992796
    outer loop
      vertex 107.12 40.120000000000005 0.040000000000000036
      vertex 107.2 40.039999999999999 0.080000000000000016
      vertex 107.2 40.120000000000005 0.040000000000000036
    endloop
  endfacet
  facet normal 0 0.44721359549993361 0.89442719099992818
    outer loop
      vertex 107 40.120000000000005 0.040000000000000036
      vertex 107 40.039999999999999 0.080000000000000016
      vertex 107.04000000000001 40.039999999999999 0.080000000000000016
    endloop
  endfacet
  facet normal -0 0.44721359549993361 0.89442719099992807
    outer loop
      vertex 107 40.120000000000005 0.040000000000000036
      vertex 107.04000000000001 40.039999999999999 0.080000000000000016
      vertex 107.12 40.120000000000005 0.040000000000000036
    endloop
  endfacet
  facet normal 0 -0.44721359549994949 0.89442719099992019
    outer loop
      vertex 107.36 -20.039999999999999 0.080000000000000016
      vertex 107.28 -20.120000000000001 0.040000000000000036
      vertex 107.40000000000001 -20.120000000000001 0.040000000000000036
    endloop
  endfacet
  facet normal 0 -0.44721359549994955 0.89442719099992019
    outer loop
      vertex 107.36 -20.039999999999999 0.080000000000000016
      vertex 107.40000000000001 -20.120000000000001 0.040000000000000036
      vertex 107.40000000000001 -20.039999999999999 0.080000000000000016
    endloop
  endfacet
  facet normal -0.44721359549996559 0 0.89442719099991208
    outer loop
      vertex 107.28 -20.120000000000001 0.040000000000000036
      vertex 107.36 -20.039999999999999 0.080000000000000016
      vertex 107.36 -20 0.080000000000000016
    endloop
  endfacet
  facet normal -0.44721359549996548 0 0.89442719099991219
    outer loop
      vertex 107.28 -20.120000000000001 0.040000000000000036
      vertex 107.36 -20 0.080000000000000016
      vertex 107.28 -20 0.040000000000000036
    endloop
  endfacet
  facet normal -0.44721359549996548 0 0.89442719099991208
    outer loop
      vertex 107.36 -12.159999999999998 0.080000000000000016
      vertex 107.28 -16.079999999999998 0.040000000000000036
      vertex 107.28 -20 0.040000000000000036
    endloop
  endfacet
  facet normal -0.44721359549996548 0 0.8944271909999123
    outer loop
      vertex 107.36 -12.159999999999998 0.080000000000000016
      vertex 107.28 -20 0.040000000000000036
      vertex 107.36 -20 0.080000000000000016
    endloop
  endfacet
  facet normal -0.44721359549996542 0 0.89442719099991219
    outer loop
      vertex 107.28 -16.079999999999995 0.040000000000000036
      vertex 107.36 -12.159999999999998 0.080000000000000016
      vertex 107.36 -10.199999999999999 0.080000000000000016
    endloop
  endfacet
  facet normal -0.44721359549996531 0 0.89442719099991208
    outer loop
      vertex 107.28 -16.079999999999995 0.040000000000000036
      vertex 107.36 -10.199999999999999 0.080000000000000016
      vertex 107.28 -10.199999999999999 0.040000000000000036
    endloop
  endfacet
  facet normal -0.40824829046385663 0.40824829046392896 0.81649658092769617
    outer loop
      vertex 107.28 -10.199999999999999 0.040000000000000036
      vertex 107.36 -10.199999999999999 0.080000000000000016
      vertex 107.40000000000001 -10.16 0.080000000000000016
    endloop
  endfacet
  facet normal -0.40824829046384759 0.40824829046386563 0.81649658092773247
    outer loop
      vertex 107.28 -10.199999999999999 0.040000000000000036
      vertex 107.40000000000001 -10.16 0.080000000000000016
      vertex 107.40000000000001 -10.08 0.040000000000000036
    endloop
  endfacet
  facet normal 0.40824829046384759 -0.40824829046386563 0.81649658092773247
    outer loop
      vertex 107.2 10.16 0.080000000000000016
      vertex 107.2 10.08 0.040000000000000036
      vertex 107.32000000000001 10.199999999999999 0.040000000000000036
    endloop
  endfacet
  facet normal 0.40824829046385663 -0.40824829046392908 0.81649658092769617
    outer loop
      vertex 107.2 10.16 0.080000000000000016
      vertex 107.32000000000001 10.199999999999999 0.040000000000000036
      vertex 107.24000000000001 10.199999999999999 0.080000000000000016
    endloop
  endfacet
  facet normal 0.44721359549996542 0 0.89442719099991219
    outer loop
      vertex 107.32000000000001 16.079999999999995 0.040000000000000036
      vertex 107.24000000000001 12.159999999999998 0.080000000000000016
      vertex 107.24000000000001 10.199999999999999 0.080000000000000016
    endloop
  endfacet
  facet normal 0.44721359549996531 0 0.89442719099991208
    outer loop
      vertex 107.32000000000001 16.079999999999995 0.040000000000000036
      vertex 107.24000000000001 10.199999999999999 0.080000000000000016
      vertex 107.32000000000001 10.199999999999999 0.040000000000000036
    endloop
  endfacet
  facet normal 0.44721359549996548 0 0.89442719099991208
    outer loop
      vertex 107.24000000000001 12.159999999999998 0.080000000000000016
      vertex 107.32000000000001 16.079999999999998 0.040000000000000036
      vertex 107.32000000000001 20 0.040000000000000036
    endloop
  endfacet
  facet normal 0.44721359549996548 -0 0.8944271909999123
    outer loop
      vertex 107.24000000000001 12.159999999999998 0.080000000000000016
      vertex 107.32000000000001 20 0.040000000000000036
      vertex 107.24000000000001 20 0.080000000000000016
    endloop
  endfacet
  facet normal 0.44721359549996559 0 0.89442719099991208
    outer loop
      vertex 107.32000000000001 20.120000000000001 0.040000000000000036
      vertex 107.24000000000001 20.039999999999999 0.080000000000000016
      vertex 107.24000000000001 20 0.080000000000000016
    endloop
  endfacet
  facet normal 0.44721359549996548 0 0.89442719099991219
    outer loop
      vertex 107.32000000000001 20.120000000000001 0.040000000000000036
      vertex 107.24000000000001 20 0.080000000000000016
      vertex 107.32000000000001 20 0.040000000000000036
    endloop
  endfacet
  facet normal 0.44721359549996548 0 0.89442719099991219
    outer loop
      vertex 107.24000000000001 20.039999999999999 0.080000000000000016
      vertex 107.32000000000001 20.120000000000001 0.040000000000000036
      vertex 107.32000000000001 20.199999999999999 0.040000000000000036
    endloop
  endfacet
  facet normal 0.44721359549996537 -0 0.89442719099991208
    outer loop
      vertex 107.24000000000001 20.039999999999999 0.080000000000000016
      vertex 107.32000000000001 20.199999999999999 0.040000000000000036
      vertex 107.24000000000001 20.199999999999999 0.080000000000000016
    endloop
  endfacet
  facet normal 0.44721359549996548 0 0.89442719099991219
    outer loop
      vertex 107.32000000000001 32.079999999999991 0.040000000000000036
      vertex 107.24000000000001 24.159999999999997 0.080000000000000016
      vertex 107.24000000000001 20.199999999999999 0.080000000000000016
    endloop
  endfacet
  facet normal 0.44721359549996542 0 0.89442719099991219
    outer loop
      vertex 107.32000000000001 32.079999999999991 0.040000000000000036
      vertex 107.24000000000001 20.199999999999999 0.080000000000000016
      vertex 107.32000000000001 20.199999999999999 0.040000000000000036
    endloop
  endfacet
  facet normal 0.44721359549996537 0 0.89442719099991208
    outer loop
      vertex 107.24000000000001 24.159999999999997 0.080000000000000016
      vertex 107.32000000000001 32.079999999999991 0.040000000000000036
      vertex 107.32000000000001 40 0.040000000000000036
    endloop
  endfacet
  facet normal 0.44721359549996537 -0 0.89442719099991208
    outer loop
      vertex 107.24000000000001 24.159999999999997 0.080000000000000016
      vertex 107.32000000000001 40 0.040000000000000036
      vertex 107.24000000000001 40 0.080000000000000016
    endloop
  endfacet
  facet normal 0.44721359549996531 0 0.89442719099991219
    outer loop
      vertex 107.32000000000001 40.120000000000005 0.040000000000000036
      vertex 107.24000000000001 40.039999999999999 0.080000000000000016
      vertex 107.24000000000001 40 0.080000000000000016
    endloop
  endfacet
  facet normal 0.44721359549996542 0 0.89442719099991219
    outer loop
      vertex 107.32000000000001 40.120000000000005 0.040000000000000036
      vertex 107.24000000000001 40 0.080000000000000016
      vertex 107.32000000000001 40 0.040000000000000036
    endloop
  endfacet
  facet normal 0 0.44721359549993361 0.89442719099992818
    outer loop
      vertex 107.2 40.120000000000005 0.040000000000000036
      vertex 107.2 40.039999999999999 0.080000000000000016
      vertex 107.24000000000001 40.039999999999999 0.080000000000000016
    endloop
  endfacet
  facet normal -0 0.44721359549993361 0.89442719099992807
    outer loop
      vertex 107.2 40.120000000000005 0.040000000000000036
      vertex 107.24000000000001 40.039999999999999 0.080000000000000016
      vertex 107.32000000000001 40.120000000000005 0.040000000000000036
    endloop
  endfacet
  facet normal 0 -0.44721359549994949 0.89442719099992007
    outer loop
      vertex 107.56 -20.039999999999999 0.080000000000000016
      vertex 107.48 -20.120000000000001 0.040000000000000036
      vertex 107.59999999999999 -20.120000000000001 0.040000000000000036
    endloop
  endfacet
  facet normal 0 -0.44721359549994949 0.89442719099992007
    outer loop
      vertex 107.56 -20.039999999999999 0.080000000000000016
      vertex 107.59999999999999 -20.120000000000001 0.040000000000000036
      vertex 107.59999999999999 -20.039999999999999 0.080000000000000016
    endloop
  endfacet
  facet normal 0 -0.44721359549994949 0.89442719099992007
    outer loop
      vertex 107.40000000000001 -20.039999999999999 0.080000000000000016
      vertex 107.40000000000001 -20.120000000000001 0.040000000000000036
      vertex 107.48 -20.120000000000001 0.040000000000000036
    endloop
  endfacet
  facet normal 0 -0.44721359549994949 0.89442719099992007
    outer loop
      vertex 107.40000000000001 -20.039999999999999 0.080000000000000016
      vertex 107.48 -20.120000000000001 0.040000000000000036
      vertex 107.56 -20.039999999999999 0.080000000000000016
    endloop
  endfacet
  facet normal 0 0.44721359549995748 0.89442719099991608
    outer loop
      vertex 107.52 -10.08 0.040000000000000036
      vertex 107.44 -10.16 0.080000000000000016
      vertex 107.59999999999999 -10.16 0.080000000000000016
    endloop
  endfacet
  facet normal -0 0.44721359549995748 0.89442719099991608
    outer loop
      vertex 107.52 -10.08 0.040000000000000036
      vertex 107.59999999999999 -10.16 0.080000000000000016
      vertex 107.59999999999999 -10.08 0.040000000000000036
    endloop
  endfacet
  facet normal 0 0.44721359549995748 0.89442719099991619
    outer loop
      vertex 107.40000000000001 -10.08 0.040000000000000036
      vertex 107.40000000000001 -10.16 0.080000000000000016
      vertex 107.44 -10.16 0.080000000000000016
    endloop
  endfacet
  facet normal -0 0.44721359549995743 0.89442719099991619
    outer loop
      vertex 107.40000000000001 -10.08 0.040000000000000036
      vertex 107.44 -10.16 0.080000000000000016
      vertex 107.52 -10.08 0.040000000000000036
    endloop
  endfacet
  facet normal 0 -0.44721359549994949 0.89442719099992019
    outer loop
      vertex 107.75999999999999 -20.039999999999999 0.080000000000000016
      vertex 107.67999999999999 -20.120000000000001 0.040000000000000036
      vertex 107.8 -20.120000000000001 0.040000000000000036
    endloop
  endfacet
  facet normal 0 -0.44721359549994955 0.89442719099992019
    outer loop
      vertex 107.75999999999999 -20.039999999999999 0.080000000000000016
      vertex 107.8 -20.120000000000001 0.040000000000000036
      vertex 107.8 -20.039999999999999 0.080000000000000016
    endloop
  endfacet
  facet normal 0 -0.44721359549994949 0.89442719099992007
    outer loop
      vertex 107.59999999999999 -20.039999999999999 0.080000000000000016
      vertex 107.59999999999999 -20.120000000000001 0.040000000000000036
      vertex 107.67999999999999 -20.120000000000001 0.040000000000000036
    endloop
  endfacet
  facet normal 0 -0.44721359549994949 0.89442719099992007
    outer loop
      vertex 107.59999999999999 -20.039999999999999 0.080000000000000016
      vertex 107.67999999999999 -20.120000000000001 0.040000000000000036
      vertex 107.75999999999999 -20.039999999999999 0.080000000000000016
    endloop
  endfacet
  facet normal 0 0.44721359549995748 0.89442719099991608
    outer loop
      vertex 107.72 -10.08 0.040000000000000036
      vertex 107.64 -10.16 0.080000000000000016
      vertex 107.8 -10.16 0.080000000000000016
    endloop
  endfacet
  facet normal -0 0.44721359549995748 0.89442719099991608
    outer loop
      vertex 107.72 -10.08 0.040000000000000036
      vertex 107.8 -10.16 0.080000000000000016
      vertex 107.8 -10.08 0.040000000000000036
    endloop
  endfacet
  facet normal 0 0.44721359549995743 0.89442719099991619
    outer loop
      vertex 107.59999999999999 -10.08 0.040000000000000036
      vertex 107.59999999999999 -10.16 0.080000000000000016
      vertex 107.64 -10.16 0.080000000000000016
    endloop
  endfacet
  facet normal -0 0.44721359549995743 0.89442719099991619
    outer loop
      vertex 107.59999999999999 -10.08 0.040000000000000036
      vertex 107.64 -10.16 0.080000000000000016
      vertex 107.72 -10.08 0.040000000000000036
    endloop
  endfacet
  facet normal 0 -0.44721359549994949 0.89442719099992019
    outer loop
      vertex 107.95999999999999 -20.039999999999999 0.080000000000000016
      vertex 107.88 -20.120000000000001 0.040000000000000036
      vertex 108 -20.120000000000001 0.040000000000000036
    endloop
  endfacet
  facet normal 0 -0.44721359549994955 0.89442719099992019
    outer loop
      vertex 107.95999999999999 -20.039999999999999 0.080000000000000016
      vertex 108 -20.120000000000001 0.040000000000000036
      vertex 108 -20.039999999999999 0.080000000000000016
    endloop
  endfacet
  facet normal 0 -0.44721359549994949 0.89442719099992007
    outer loop
      vertex 107.8 -20.039999999999999 0.080000000000000016
      vertex 107.8 -20.120000000000001 0.040000000000000036
      vertex 107.88 -20.120000000000001 0.040000000000000036
    endloop
  endfacet
  facet normal 0 -0.44721359549994949 0.89442719099992007
    outer loop
      vertex 107.8 -20.039999999999999 0.080000000000000016
      vertex 107.88 -20.120000000000001 0.040000000000000036
      vertex 107.95999999999999 -20.039999999999999 0.080000000000000016
    endloop
  endfacet
  facet normal 0 0.44721359549995748 0.89442719099991608
    outer loop
      vertex 107.92 -10.08 0.040000000000000036
      vertex 107.84 -10.16 0.080000000000000016
      vertex 108 -10.16 0.080000000000000016
    endloop
  endfacet
  facet normal -0 0.44721359549995748 0.89442719099991608
    outer loop
      vertex 107.92 -10.08 0.040000000000000036
      vertex 108 -10.16 0.080000000000000016
      vertex 108 -10.08 0.040000000000000036
    endloop
  endfacet
  facet normal 0 0.44721359549995743 0.89442719099991619
    outer loop
      vertex 107.8 -10.08 0.040000000000000036
      vertex 107.8 -10.16 0.080000000000000016
      vertex 107.84 -10.16 0.080000000000000016
    endloop
  endfacet
  facet normal -0 0.44721359549995743 0.89442719099991619
    outer loop
      vertex 107.8 -10.08 0.040000000000000036
      vertex 107.84 -10.16 0.080000000000000016
      vertex 107.92 -10.08 0.040000000000000036
    endloop
  endfacet
  facet normal 0.40824829046384647 -0.40824829046385858 0.81649658092773647
    outer loop
      vertex 108 -20.039999999999999 0.080000000000000016
      vertex 108 -20.120000000000001 0.040000000000000036
      vertex 108.12 -20 0.040000000000000036
    endloop
  endfacet
  facet normal 0.40824829046385663 -0.40824829046392908 0.81649658092769617
    outer loop
      vertex 108 -20.039999999999999 0.080000000000000016
      vertex 108.12 -20 0.040000000000000036
      vertex 108.04000000000001 -20 0.080000000000000016
    endloop
  endfacet
  facet normal 0.44721359549996542 0 0.89442719099991208
    outer loop
      vertex 108.12 -14.120000000000003 0.040000000000000036
      vertex 108.04000000000001 -18.039999999999999 0.080000000000000016
      vertex 108.04000000000001 -20 0.080000000000000016
    endloop
  endfacet
  facet normal 0.44721359549996537 0 0.89442719099991219
    outer loop
      vertex 108.12 -14.120000000000003 0.040000000000000036
      vertex 108.04000000000001 -20 0.080000000000000016
      vertex 108.12 -20 0.040000000000000036
    endloop
  endfacet
  facet normal 0.44721359549996537 0 0.89442719099991219
    outer loop
      vertex 108.04000000000001 -18.039999999999999 0.080000000000000016
      vertex 108.12 -14.120000000000003 0.040000000000000036
      vertex 108.12 -10.199999999999999 0.040000000000000036
    endloop
  endfacet
  facet normal 0.44721359549996537 -0 0.89442719099991219
    outer loop
      vertex 108.04000000000001 -18.039999999999999 0.080000000000000016
      vertex 108.12 -10.199999999999999 0.040000000000000036
      vertex 108.04000000000001 -10.199999999999999 0.080000000000000016
    endloop
  endfacet
  facet normal 0.44721359549996548 0 0.89442719099991208
    outer loop
      vertex 108.12 -10.08 0.040000000000000036
      vertex 108.04000000000001 -10.16 0.080000000000000016
      vertex 108.04000000000001 -10.199999999999999 0.080000000000000016
    endloop
  endfacet
  facet normal 0.44721359549996548 0 0.89442719099991219
    outer loop
      vertex 108.12 -10.08 0.040000000000000036
      vertex 108.04000000000001 -10.199999999999999 0.080000000000000016
      vertex 108.12 -10.199999999999999 0.040000000000000036
    endloop
  endfacet
  facet normal 0 0.44721359549995743 0.89442719099991619
    outer loop
      vertex 108 -10.08 0.040000000000000036
      vertex 108 -10.16 0.080000000000000016
      vertex 108.04000000000001 -10.16 0.080000000000000016
    endloop
  endfacet
  facet normal -0 0.44721359549995743 0.89442719099991619
    outer loop
      vertex 108 -10.08 0.040000000000000036
      vertex 108.04000000000001 -10.16 0.080000000000000016
      vertex 108.12 -10.08 0.040000000000000036
    endloop
  endfacet
endsolid terrain_band_7
