solid terrain_band_9
  facet normal -0.21821789023594917 -0.43643578047197584 0.87287156094398488
    outer loop
      vertex 40.160000000000004 -80.040000000000006 0.12
      vertex 40.200000000000003 -80.060000000000002 0.12
      vertex 40.200000000000003 -80 0.14999999999999999
    endloop
  endfacet
  facet normal -0.60000000000000808 0 0.79999999999999383
    outer loop
      vertex 40.160000000000004 -80.040000000000006 0.12
      vertex 40.200000000000003 -80 0.14999999999999999
      vertex 40.160000000000004 -80 0.12
    endloop
  endfacet
  facet normal -0.60000000000000819 0 0.79999999999999394
    outer loop
      vertex 40.160000000000004 -64.159999999999997 0.12
      vertex 40.160000000000004 -80 0.12
      vertex 40.200000000000003 -80 0.14999999999999999
    endloop
  endfacet
  facet normal -0.60000000000000819 0 0.79999999999999394
    outer loop
      vertex 40.160000000000004 -64.159999999999997 0.12
      vertex 40.200000000000003 -80 0.14999999999999999
      vertex 40.200000000000003 -60.200000000000003 0.14999999999999999
    endloop
  endfacet
  facet normal -0.60000000000000819 0 0.79999999999999394
    outer loop
      vertex 40.160000000000004 -64.159999999999997 0.12
      vertex 40.200000000000003 -60.200000000000003 0.14999999999999999
      vertex 40.160000000000004 -60.200000000000003 0.12
    endloop
  endfacet
  facet normal -0.58834840541456113 0.19611613513817544 0.78446454055273152
    outer loop
      vertex 40.160000000000004 -60.200000000000003 0.12
      vertex 40.200000000000003 -60.200000000000003 0.14999999999999999
      vertex 40.200000000000003 -60.079999999999998 0.12
    endloop
  endfacet
  facet normal -0.43643578047199472 -0.2182178902359925 0.87287156094396445
    outer loop
      vertex 40.160000000000004 -10.039999999999999 0.12
      vertex 40.200000000000003 -10.119999999999999 0.12
      vertex 40.200000000000003 -10 0.14999999999999999
    endloop
  endfacet
  facet normal -0.60000000000000819 0 0.79999999999999394
    outer loop
      vertex 40.160000000000004 -10.039999999999999 0.12
      vertex 40.200000000000003 -10 0.14999999999999999
      vertex 40.160000000000004 -10 0.12
    endloop
  endfacet
  facet normal -0.60000000000000808 0 0.79999999999999383
    outer loop
      vertex 40.160000000000004 -2 0.12
      vertex 40.160000000000004 -10 0.12
      vertex 40.200000000000003 -10 0.14999999999999999
    endloop
  endfacet
  facet normal -0.60000000000000819 0 0.79999999999999383
    outer loop
      vertex 40.160000000000004 -2 0.12
      vertex 40.200000000000003 -10 0.14999999999999999
      vertex 40.200000000000003 0 0.14999999999999999
    endloop
  endfacet
  facet normal -0.60000000000000808 0 0.79999999999999383
    outer loop
      vertex 40.160000000000004 -2 0.12
      vertex 40.200000000000003 0 0.14999999999999999
      vertex 40.160000000000004 0 0.12
    endloop
  endfacet
  facet normal -0.58834840541456035 0.19611613513818252 0.7844645405527304
    outer loop
      vertex 40.160000000000004 0 0.12
      vertex 40.200000000000003 0 0.14999999999999999
      vertex 40.200000000000003 0.12000000000000002 0.12
    endloop
  endfacet
  facet normal -0.43643578047199472 -0.2182178902359925 0.87287156094396445
    outer loop
      vertex 40.160000000000004 10.16 0.12
      vertex 40.200000000000003 10.08 0.12
      vertex 40.200000000000003 10.199999999999999 0.14999999999999999
    endloop
  endfacet
  facet normal -0.60000000000000819 0 0.79999999999999394
    outer loop
      vertex 40.160000000000004 10.16 0.12
      vertex 40.200000000000003 10.199999999999999 0.14999999999999999
      vertex 40.160000000000004 10.199999999999999 0.12
    endloop
  endfacet
  facet normal -0.60000000000000819 0 0.79999999999999394
    outer loop
      vertex 40.160000000000004 18.039999999999999 0.12
      vertex 40.160000000000004 10.199999999999999 0.12
      vertex 40.200000000000003 10.199999999999999 0.14999999999999999
    endloop
  endfacet
  facet normal -0.60000000000000819 0 0.79999999999999394
    outer loop
      vertex 40.160000000000004 18.039999999999999 0.12
      vertex 40.200000000000003 10.199999999999999 0.14999999999999999
      vertex 40.200000000000003 20 0.14999999999999999
    endloop
  endfacet
  facet normal -0.60000000000000819 0 0.79999999999999372
    outer loop
      vertex 40.160000000000004 18.039999999999999 0.12
      vertex 40.200000000000003 20 0.14999999999999999
      vertex 40.160000000000004 20 0.12
    endloop
  endfacet
  facet normal -0.58834840541456057 0.19611613513818102 0.78446454055273063
    outer loop
      vertex 40.160000000000004 20 0.12
      vertex 40.200000000000003 20 0.14999999999999999
      vertex 40.200000000000003 20.120000000000001 0.12
    endloop
  endfacet
  facet normal 0 -0.44721359549994438 0.89442719099992263
    outer loop
      vertex 40.340000000000003 -80.060000000000002 0.12
      vertex 40.399999999999999 -80.060000000000002 0.12
      vertex 40.399999999999999 -80 0.14999999999999999
    endloop
  endfacet
  facet normal 0 -0.44721359549994444 0.89442719099992263
    outer loop
      vertex 40.200000000000003 -80.060000000000002 0.12
      vertex 40.340000000000003 -80.060000000000002 0.12
      vertex 40.399999999999999 -80 0.14999999999999999
    endloop
  endfacet
  facet normal 0 -0.44721359549994433 0.89442719099992274
    outer loop
      vertex 40.200000000000003 -80.060000000000002 0.12
      vertex 40.399999999999999 -80 0.14999999999999999
      vertex 40.200000000000003 -80 0.14999999999999999
    endloop
  endfacet
  facet normal 0 0 1
    outer loop
      vertex 40.200000000000003 -80 0.14999999999999999
      vertex 40.399999999999999 -80 0.14999999999999999
      vertex 40.399999999999999 -60.200000000000003 0.14999999999999999
    endloop
  endfacet
  facet normal 0 0 1
    outer loop
      vertex 40.200000000000003 -80 0.14999999999999999
      vertex 40.399999999999999 -60.200000000000003 0.14999999999999999
      vertex 40.200000000000003 -60.200000000000003 0.14999999999999999
    endloop
  endfacet
  facet normal 0 0.24253562503632434 0.9701425001453341
    outer loop
      vertex 40.32 -60.079999999999998 0.12
      vertex 40.200000000000003 -60.200000000000003 0.14999999999999999
      vertex 40.399999999999999 -60.200000000000003 0.14999999999999999
    endloop
  endfacet
  facet normal -0 0.24253562503632428 0.97014250014533399
    outer loop
      vertex 40.32 -60.079999999999998 0.12
      vertex 40.399999999999999 -60.200000000000003 0.14999999999999999
      vertex 40.399999999999999 -60.079999999999998 0.12
    endloop
  endfacet
  facet normal -0 0.24253562503632431 0.9701425001453341
    outer loop
      vertex 40.200000000000003 -60.079999999999998 0.12
      vertex 40.200000000000003 -60.200000000000003 0.14999999999999999
      vertex 40.32 -60.079999999999998 0.12
    endloop
  endfacet
  facet normal 0 -0.24253562503633447 0.97014250014533154
    outer loop
      vertex 40.280000000000001 -10.119999999999999 0.12
      vertex 40.399999999999999 -10.119999999999999 0.12
      vertex 40.399999999999999 -10 0.14999999999999999
    endloop
  endfacet
  facet normal 0 -0.24253562503633447 0.97014250014533154
    outer loop
      vertex 40.200000000000003 -10.119999999999999 0.12
      vertex 40.280000000000001 -10.119999999999999 0.12
      vertex 40.399999999999999 -10 0.14999999999999999
    endloop
  endfacet
  facet normal 0 -0.24253562503633444 0.97014250014533143
    outer loop
      vertex 40.200000000000003 -10.119999999999999 0.12
      vertex 40.399999999999999 -10 0.14999999999999999
      vertex 40.200000000000003 -10 0.14999999999999999
    endloop
  endfacet
  facet normal 0 0 1
    outer loop
      vertex 40.200000000000003 -10 0.14999999999999999
      vertex 40.399999999999999 -10 0.14999999999999999
      vertex 40.399999999999999 0 0.14999999999999999
    endloop
  endfacet
  facet normal 0 0 1
    outer loop
      vertex 40.200000000000003 -10 0.14999999999999999
      vertex 40.399999999999999 0 0.14999999999999999
      vertex 40.200000000000003 0 0.14999999999999999
    endloop
  endfacet
  facet normal 0 0.24253562503633291 0.97014250014533188
    outer loop
      vertex 40.32 0.12000000000000002 0.12
      vertex 40.200000000000003 0 0.14999999999999999
      vertex 40.399999999999999 0 0.14999999999999999
    endloop
  endfacet
  facet normal -0 0.24253562503633289 0.97014250014533188
    outer loop
      vertex 40.32 0.12000000000000002 0.12
      vertex 40.399999999999999 0 0.14999999999999999
      vertex 40.399999999999999 0.12000000000000002 0.12
    endloop
  endfacet
  facet normal -0 0.24253562503633291 0.97014250014533199
    outer loop
      vertex 40.200000000000003 0.12000000000000002 0.12
      vertex 40.200000000000003 0 0.14999999999999999
      vertex 40.32 0.12000000000000002 0.12
    endloop
  endfacet
  facet normal 0 -0.24253562503633447 0.97014250014533154
    outer loop
      vertex 40.280000000000001 10.08 0.12
      vertex 40.399999999999999 10.08 0.12
      vertex 40.399999999999999 10.199999999999999 0.14999999999999999
    endloop
  endfacet
  facet normal 0 -0.24253562503633447 0.97014250014533154
    outer loop
      vertex 40.200000000000003 10.08 0.12
      vertex 40.280000000000001 10.08 0.12
      vertex 40.399999999999999 10.199999999999999 0.14999999999999999
    endloop
  endfacet
  facet normal 0 -0.24253562503633444 0.97014250014533143
    outer loop
      vertex 40.200000000000003 10.08 0.12
      vertex 40.399999999999999 10.199999999999999 0.14999999999999999
      vertex 40.200000000000003 10.199999999999999 0.14999999999999999
    endloop
  endfacet
  facet normal 0 0 1
    outer loop
      vertex 40.200000000000003 10.199999999999999 0.14999999999999999
      vertex 40.399999999999999 10.199999999999999 0.14999999999999999
      vertex 40.399999999999999 20 0.14999999999999999
    endloop
  endfacet
  facet normal 0 0 1
    outer loop
      vertex 40.200000000000003 10.199999999999999 0.14999999999999999
      vertex 40.399999999999999 20 0.14999999999999999
      vertex 40.200000000000003 20 0.14999999999999999
    endloop
  endfacet
  facet normal 0 0.24253562503633103 0.97014250014533232
    outer loop
      vertex 40.32 20.120000000000001 0.12
      vertex 40.200000000000003 20 0.14999999999999999
      vertex 40.399999999999999 20 0.14999999999999999
    endloop
  endfacet
  facet normal -0 0.24253562503633105 0.97014250014533232
    outer loop
      vertex 40.32 20.120000000000001 0.12
      vertex 40.399999999999999 20 0.14999999999999999
      vertex 40.399999999999999 20.120000000000001 0.12
    endloop
  endfacet
  facet normal -0 0.24253562503633108 0.97014250014533243
    outer loop
      vertex 40.200000000000003 20.120000000000001 0.12
      vertex 40.200000000000003 20 0.14999999999999999
      vertex 40.32 20.120000000000001 0.12
    endloop
  endfacet
  facet normal 0 -0.44721359549994444 0.89442719099992274
    outer loop
      vertex 43.899999999999999 -80.060000000000002 0.12
      vertex 45.399999999999999 -80.060000000000002 0.12
      vertex 45.399999999999999 -80 0.14999999999999999
    endloop
  endfacet
  facet normal 0 -0.44721359549994433 0.89442719099992263
    outer loop
      vertex 40.399999999999999 -80.060000000000002 0.12
      vertex 43.899999999999999 -80.060000000000002 0.12
      vertex 45.399999999999999 -80 0.14999999999999999
    endloop
  endfacet
  facet normal 0 -0.44721359549994438 0.89442719099992263
    outer loop
      vertex 40.399999999999999 -80.060000000000002 0.12
      vertex 45.399999999999999 -80 0.14999999999999999
      vertex 40.399999999999999 -80 0.14999999999999999
    endloop
  endfacet
  facet normal 0 0 1
    outer loop
      vertex 40.399999999999999 -80 0.14999999999999999
      vertex 45.399999999999999 -80 0.14999999999999999
      vertex 45.399999999999999 -60.200000000000003 0.14999999999999999
    endloop
  endfacet
  facet normal 0 0 1
    outer loop
      vertex 40.399999999999999 -80 0.14999999999999999
      vertex 45.399999999999999 -60.200000000000003 0.14999999999999999
      vertex 40.399999999999999 -60.200000000000003 0.14999999999999999
    endloop
  endfacet
  facet normal 0 0.24253562503632434 0.9701425001453341
    outer loop
      vertex 43.399999999999999 -60.079999999999998 0.12
      vertex 40.399999999999999 -60.200000000000003 0.14999999999999999
      vertex 45.399999999999999 -60.200000000000003 0.14999999999999999
    endloop
  endfacet
  facet normal -0 0.24253562503632431 0.9701425001453341
    outer loop
      vertex 43.399999999999999 -60.079999999999998 0.12
      vertex 45.399999999999999 -60.200000000000003 0.14999999999999999
      vertex 45.399999999999999 -60.079999999999998 0.12
    endloop
  endfacet
  facet normal -0 0.24253562503632434 0.9701425001453341
    outer loop
      vertex 40.399999999999999 -60.079999999999998 0.12
      vertex 40.399999999999999 -60.200000000000003 0.14999999999999999
      vertex 43.399999999999999 -60.079999999999998 0.12
    endloop
  endfacet
  facet normal 0 -0.44721359549996553 0.89442719099991197
    outer loop
      vertex 43.899999999999999 -20.059999999999999 0.12
      vertex 45.399999999999999 -20.059999999999999 0.12
      vertex 45.399999999999999 -20 0.14999999999999999
    endloop
  endfacet
  facet normal -0.0097009684960298395 -0.24252421240075114 0.97009684960298392
    outer loop
      vertex 43.899999999999999 -20.059999999999999 0.12
      vertex 45.399999999999999 -20 0.14999999999999999
      vertex 42.399999999999999 -20 0.12
    endloop
  endfacet
  facet normal -0.0099995000374968751 0 0.99995000374968757
    outer loop
      vertex 42.399999999999999 -16.080000000000002 0.12
      vertex 42.399999999999999 -20 0.12
      vertex 45.399999999999999 -20 0.14999999999999999
    endloop
  endfacet
  facet normal -0.0099995000374968734 0 0.99995000374968745
    outer loop
      vertex 42.399999999999999 -16.080000000000002 0.12
      vertex 45.399999999999999 -20 0.14999999999999999
      vertex 45.399999999999999 -10.199999999999999 0.14999999999999999
    endloop
  endfacet
  facet normal -0.0099995000374968734 0 0.99995000374968745
    outer loop
      vertex 42.399999999999999 -16.080000000000002 0.12
      vertex 45.399999999999999 -10.199999999999999 0.14999999999999999
      vertex 42.399999999999999 -10.199999999999999 0.12
    endloop
  endfacet
  facet normal -0.009700968496029732 -0.24252421240074848 0.97009684960298448
    outer loop
      vertex 43.399999999999999 -10.08 0.15999999999999998
      vertex 41.399999999999999 -10.16 0.12
      vertex 42.399999999999999 -10.199999999999999 0.12
    endloop
  endfacet
  facet normal -0.0097009684960298499 -0.24252421240074765 0.97009684960298492
    outer loop
      vertex 43.399999999999999 -10.08 0.15999999999999998
      vertex 42.399999999999999 -10.199999999999999 0.12
      vertex 45.399999999999999 -10.199999999999999 0.14999999999999999
    endloop
  endfacet
  facet normal -0.0097009684960300373 -0.2425242124007507 0.97009684960298403
    outer loop
      vertex 43.399999999999999 -10.08 0.15999999999999998
      vertex 45.399999999999999 -10.199999999999999 0.14999999999999999
      vertex 45.399999999999999 -10.16 0.15999999999999998
    endloop
  endfacet
  facet normal -0.0097009684960299609 -0.24252421240074343 0.97009684960298581
    outer loop
      vertex 40.399999999999999 -10.119999999999999 0.12
      vertex 41.399999999999999 -10.16 0.12
      vertex 43.399999999999999 -10.08 0.15999999999999998
    endloop
  endfacet
  facet normal -0.0097009684960298985 -0.2425242124007472 0.97009684960298481
    outer loop
      vertex 40.399999999999999 -10.119999999999999 0.12
      vertex 43.399999999999999 -10.08 0.15999999999999998
      vertex 41.399999999999999 -10 0.15999999999999998
    endloop
  endfacet
  facet normal -0.0097009684960298308 -0.24252421240074776 0.9700968496029847
    outer loop
      vertex 40.399999999999999 -10.119999999999999 0.12
      vertex 41.399999999999999 -10 0.15999999999999998
      vertex 40.399999999999999 -10 0.14999999999999999
    endloop
  endfacet
  facet normal -0.0099995000374968578 0 0.99995000374968768
    outer loop
      vertex 41.399999999999999 -8.0000000000000053 0.15999999999999998
      vertex 40.399999999999999 -10 0.14999999999999999
      vertex 41.399999999999999 -10 0.15999999999999998
    endloop
  endfacet
  facet normal -0.009999500037496856 0 0.99995000374968768
    outer loop
      vertex 40.399999999999999 -10 0.14999999999999999
      vertex 41.399999999999999 -8.0000000000000036 0.15999999999999998
      vertex 41.399999999999999 0 0.15999999999999998
    endloop
  endfacet
  facet normal -0.009999500037496856 0 0.99995000374968757
    outer loop
      vertex 40.399999999999999 -10 0.14999999999999999
      vertex 41.399999999999999 0 0.15999999999999998
      vertex 40.399999999999999 0 0.14999999999999999
    endloop
  endfacet
  facet normal -0.0089439141605875648 0.44719570802937858 0.89439141605875838
    outer loop
      vertex 43.399999999999999 0.12000000000000002 0.12
      vertex 40.399999999999999 0 0.14999999999999999
      vertex 41.399999999999999 0 0.15999999999999998
    endloop
  endfacet
  facet normal -0.0089439141605875874 0.44719570802937891 0.89439141605875816
    outer loop
      vertex 43.399999999999999 0.12000000000000002 0.12
      vertex 41.399999999999999 0 0.15999999999999998
      vertex 45.399999999999999 0.080000000000000071 0.15999999999999998
    endloop
  endfacet
  facet normal -0.0089439141605875822 0.44719570802937908 0.89439141605875816
    outer loop
      vertex 43.399999999999999 0.12000000000000002 0.12
      vertex 45.399999999999999 0.080000000000000071 0.15999999999999998
      vertex 45.399999999999999 0.16000000000000003 0.12
    endloop
  endfacet
  facet normal -0 0.24253562503633289 0.97014250014533188
    outer loop
      vertex 40.399999999999999 0.12000000000000002 0.12
      vertex 40.399999999999999 0 0.14999999999999999
      vertex 43.399999999999999 0.12000000000000002 0.12
    endloop
  endfacet
  facet normal 0 -0.24253562503633447 0.97014250014533154
    outer loop
      vertex 42.399999999999999 10.08 0.12
      vertex 45.399999999999999 10.08 0.12
      vertex 45.399999999999999 10.199999999999999 0.14999999999999999
    endloop
  endfacet
  facet normal 0 -0.24253562503633447 0.97014250014533154
    outer loop
      vertex 40.399999999999999 10.08 0.12
      vertex 42.399999999999999 10.08 0.12
      vertex 45.399999999999999 10.199999999999999 0.14999999999999999
    endloop
  endfacet
  facet normal 0 -0.24253562503633441 0.97014250014533143
    outer loop
      vertex 40.399999999999999 10.08 0.12
      vertex 45.399999999999999 10.199999999999999 0.14999999999999999
      vertex 40.399999999999999 10.199999999999999 0.14999999999999999
    endloop
  endfacet
  facet normal 0 0 1
    outer loop
      vertex 40.399999999999999 10.199999999999999 0.14999999999999999
      vertex 45.399999999999999 10.199999999999999 0.14999999999999999
      vertex 45.399999999999999 20 0.14999999999999999
    endloop
  endfacet
  facet normal 0 0 1
    outer loop
      vertex 40.399999999999999 10.199999999999999 0.14999999999999999
      vertex 45.399999999999999 20 0.14999999999999999
      vertex 40.399999999999999 20 0.14999999999999999
    endloop
  endfacet
  facet normal 0 0.24253562503633108 0.97014250014533232
    outer loop
      vertex 43.399999999999999 20.120000000000001 0.12
      vertex 40.399999999999999 20 0.14999999999999999
      vertex 45.399999999999999 20 0.14999999999999999
    endloop
  endfacet
  facet normal -0 0.24253562503633105 0.97014250014533232
    outer loop
      vertex 43.399999999999999 20.120000000000001 0.12
      vertex 45.399999999999999 20 0.14999999999999999
      vertex 45.399999999999999 20.120000000000001 0.12
    endloop
  endfacet
  facet normal -0 0.24253562503633108 0.97014250014533243
    outer loop
      vertex 40.399999999999999 20.120000000000001 0.12
      vertex 40.399999999999999 20 0.14999999999999999
      vertex 43.399999999999999 20.120000000000001 0.12
    endloop
  endfacet
  facet normal 0 -0.44721359549994433 0.89442719099992252
    outer loop
      vertex 45.539999999999999 -80.060000000000002 0.12
      vertex 45.600000000000001 -80.060000000000002 0.12
      vertex 45.600000000000001 -80 0.14999999999999999
    endloop
  endfacet
  facet normal 0 -0.44721359549994444 0.89442719099992263
    outer loop
      vertex 45.399999999999999 -80.060000000000002 0.12
      vertex 45.539999999999999 -80.060000000000002 0.12
      vertex 45.600000000000001 -80 0.14999999999999999
    endloop
  endfacet
  facet normal 0 -0.44721359549994438 0.89442719099992263
    outer loop
      vertex 45.399999999999999 -80.060000000000002 0.12
      vertex 45.600000000000001 -80 0.14999999999999999
      vertex 45.399999999999999 -80 0.14999999999999999
    endloop
  endfacet
  facet normal 0 0 1
    outer loop
      vertex 45.399999999999999 -80 0.14999999999999999
      vertex 45.600000000000001 -80 0.14999999999999999
      vertex 45.600000000000001 -60.200000000000003 0.14999999999999999
    endloop
  endfacet
  facet normal 0 0 1
    outer loop
      vertex 45.399999999999999 -80 0.14999999999999999
      vertex 45.600000000000001 -60.200000000000003 0.14999999999999999
      vertex 45.399999999999999 -60.200000000000003 0.14999999999999999
    endloop
  endfacet
  facet normal 0 0.24253562503632431 0.97014250014533399
    outer loop
      vertex 45.520000000000003 -60.079999999999998 0.12
      vertex 45.399999999999999 -60.200000000000003 0.14999999999999999
      vertex 45.600000000000001 -60.200000000000003 0.14999999999999999
    endloop
  endfacet
  facet normal -0 0.24253562503632428 0.97014250014533399
    outer loop
      vertex 45.520000000000003 -60.079999999999998 0.12
      vertex 45.600000000000001 -60.200000000000003 0.14999999999999999
      vertex 45.600000000000001 -60.079999999999998 0.12
    endloop
  endfacet
  facet normal -0 0.24253562503632431 0.9701425001453341
    outer loop
      vertex 45.399999999999999 -60.079999999999998 0.12
      vertex 45.399999999999999 -60.200000000000003 0.14999999999999999
      vertex 45.520000000000003 -60.079999999999998 0.12
    endloop
  endfacet
  facet normal 0 -0.44721359549996553 0.89442719099991208
    outer loop
      vertex 45.539999999999999 -20.059999999999999 0.12
      vertex 45.600000000000001 -20.059999999999999 0.12
      vertex 45.600000000000001 -20 0.14999999999999999
    endloop
  endfacet
  facet normal 0 -0.44721359549996559 0.89442719099991208
    outer loop
      vertex 45.399999999999999 -20.059999999999999 0.12
      vertex 45.539999999999999 -20.059999999999999 0.12
      vertex 45.600000000000001 -20 0.14999999999999999
    endloop
  endfacet
  facet normal 0 -0.44721359549996553 0.89442719099991208
    outer loop
      vertex 45.399999999999999 -20.059999999999999 0.12
      vertex 45.600000000000001 -20 0.14999999999999999
      vertex 45.399999999999999 -20 0.14999999999999999
    endloop
  endfacet
  facet normal 0 0 1
    outer loop
      vertex 45.399999999999999 -20 0.14999999999999999
      vertex 45.600000000000001 -20 0.14999999999999999
      vertex 45.600000000000001 -10.199999999999999 0.14999999999999999
    endloop
  endfacet
  facet normal 0 0 1
    outer loop
      vertex 45.399999999999999 -20 0.14999999999999999
      vertex 45.600000000000001 -10.199999999999999 0.14999999999999999
      vertex 45.399999999999999 -10.199999999999999 0.14999999999999999
    endloop
  endfacet
  facet normal 0 -0.24253562503633741 0.97014250014533077
    outer loop
      vertex 45.439999999999998 -10.16 0.15999999999999998
      vertex 45.399999999999999 -10.199999999999999 0.14999999999999999
      vertex 45.600000000000001 -10.199999999999999 0.14999999999999999
    endloop
  endfacet
  facet normal 0 -0.24253562503633738 0.97014250014533077
    outer loop
      vertex 45.439999999999998 -10.16 0.15999999999999998
      vertex 45.600000000000001 -10.199999999999999 0.14999999999999999
      vertex 45.600000000000001 -10.16 0.15999999999999998
    endloop
  endfacet
  facet normal 0 -0.24253562503633741 0.97014250014533088
    outer loop
      vertex 45.399999999999999 -10.16 0.15999999999999998
      vertex 45.399999999999999 -10.199999999999999 0.14999999999999999
      vertex 45.439999999999998 -10.16 0.15999999999999998
    endloop
  endfacet
  facet normal 0 0.44721359549995798 0.89442719099991597
    outer loop
      vertex 45.560000000000002 0.16000000000000003 0.12
      vertex 45.480000000000004 0.080000000000000071 0.15999999999999998
      vertex 45.600000000000001 0.080000000000000071 0.15999999999999998
    endloop
  endfacet
  facet normal -0 0.44721359549995793 0.89442719099991586
    outer loop
      vertex 45.560000000000002 0.16000000000000003 0.12
      vertex 45.600000000000001 0.080000000000000071 0.15999999999999998
      vertex 45.600000000000001 0.16000000000000003 0.12
    endloop
  endfacet
  facet normal 0 0.44721359549995793 0.89442719099991586
    outer loop
      vertex 45.399999999999999 0.16000000000000003 0.12
      vertex 45.399999999999999 0.080000000000000071 0.15999999999999998
      vertex 45.480000000000004 0.080000000000000071 0.15999999999999998
    endloop
  endfacet
  facet normal -0 0.44721359549995798 0.89442719099991597
    outer loop
      vertex 45.399999999999999 0.16000000000000003 0.12
      vertex 45.480000000000004 0.080000000000000071 0.15999999999999998
      vertex 45.560000000000002 0.16000000000000003 0.12
    endloop
  endfacet
  facet normal 0 -0.24253562503633444 0.97014250014533154
    outer loop
      vertex 45.479999999999997 10.08 0.12
      vertex 45.600000000000001 10.08 0.12
      vertex 45.600000000000001 10.199999999999999 0.14999999999999999
    endloop
  endfacet
  facet normal 0 -0.24253562503633447 0.97014250014533154
    outer loop
      vertex 45.399999999999999 10.08 0.12
      vertex 45.479999999999997 10.08 0.12
      vertex 45.600000000000001 10.199999999999999 0.14999999999999999
    endloop
  endfacet
  facet normal 0 -0.2425356250363345 0.97014250014533165
    outer loop
      vertex 45.399999999999999 10.08 0.12
      vertex 45.600000000000001 10.199999999999999 0.14999999999999999
      vertex 45.399999999999999 10.199999999999999 0.14999999999999999
    endloop
  endfacet
  facet normal 0 0 1
    outer loop
      vertex 45.399999999999999 10.199999999999999 0.14999999999999999
      vertex 45.600000000000001 10.199999999999999 0.14999999999999999
      vertex 45.600000000000001 20 0.14999999999999999
    endloop
  endfacet
  facet normal 0 0 1
    outer loop
      vertex 45.399999999999999 10.199999999999999 0.14999999999999999
      vertex 45.600000000000001 20 0.14999999999999999
      vertex 45.399999999999999 20 0.14999999999999999
    endloop
  endfacet
  facet normal 0 0.24253562503633105 0.97014250014533232
    outer loop
      vertex 45.520000000000003 20.120000000000001 0.12
      vertex 45.399999999999999 20 0.14999999999999999
      vertex 45.600000000000001 20 0.14999999999999999
    endloop
  endfacet
  facet normal -0 0.24253562503633105 0.97014250014533232
    outer loop
      vertex 45.520000000000003 20.120000000000001 0.12
      vertex 45.600000000000001 20 0.14999999999999999
      vertex 45.600000000000001 20.120000000000001 0.12
    endloop
  endfacet
  facet normal -0 0.24253562503633103 0.97014250014533232
    outer loop
      vertex 45.399999999999999 20.120000000000001 0.12
      vertex 45.399999999999999 20 0.14999999999999999
      vertex 45.520000000000003 20.120000000000001 0.12
    endloop
  endfacet
  facet normal 0.55708601453116657 -0.37139067635408907 0.74278135270820633
    outer loop
      vertex 45.600000000000001 -80.060000000000002 0.12
      vertex 45.640000000000001 -80 0.12
      vertex 45.600000000000001 -80 0.14999999999999999
    endloop
  endfacet
  facet normal 0.60000000000000819 0 0.79999999999999394
    outer loop
      vertex 45.640000000000001 -76.040000000000006 0.12
      vertex 45.600000000000001 -80 0.14999999999999999
      vertex 45.640000000000001 -80 0.12
    endloop
  endfacet
  facet normal 0.60000000000000819 0 0.79999999999999394
    outer loop
      vertex 45.600000000000001 -80 0.14999999999999999
      vertex 45.640000000000001 -76.040000000000006 0.12
      vertex 45.640000000000001 -60.200000000000003 0.12
    endloop
  endfacet
  facet normal 0.60000000000000819 -0 0.79999999999999394
    outer loop
      vertex 45.600000000000001 -80 0.14999999999999999
      vertex 45.640000000000001 -60.200000000000003 0.12
      vertex 45.600000000000001 -60.200000000000003 0.14999999999999999
    endloop
  endfacet
  facet normal 0.60000000000000819 0 0.79999999999999394
    outer loop
      vertex 45.640000000000001 -60.160000000000004 0.12
      vertex 45.600000000000001 -60.200000000000003 0.14999999999999999
      vertex 45.640000000000001 -60.200000000000003 0.12
    endloop
  endfacet
  facet normal 0.4364357804720036 0.2182178902359824 0.87287156094396268
    outer loop
      vertex 45.600000000000001 -60.079999999999998 0.12
      vertex 45.600000000000001 -60.200000000000003 0.14999999999999999
      vertex 45.640000000000001 -60.160000000000004 0.12
    endloop
  endfacet
  facet normal 0.55708601453116213 -0.37139067635410805 0.74278135270820034
    outer loop
      vertex 45.600000000000001 -20.059999999999999 0.12
      vertex 45.640000000000001 -20 0.12
      vertex 45.600000000000001 -20 0.14999999999999999
    endloop
  endfacet
  facet normal 0.60000000000000819 0 0.79999999999999372
    outer loop
      vertex 45.640000000000001 -18.039999999999999 0.12
      vertex 45.600000000000001 -20 0.14999999999999999
      vertex 45.640000000000001 -20 0.12
    endloop
  endfacet
  facet normal 0.60000000000000808 0 0.79999999999999394
    outer loop
      vertex 45.600000000000001 -20 0.14999999999999999
      vertex 45.640000000000001 -18.039999999999999 0.12
      vertex 45.640000000000001 -10.199999999999999 0.12
    endloop
  endfacet
  facet normal 0.60000000000000808 -0 0.79999999999999394
    outer loop
      vertex 45.600000000000001 -20 0.14999999999999999
      vertex 45.640000000000001 -10.199999999999999 0.12
      vertex 45.600000000000001 -10.199999999999999 0.14999999999999999
    endloop
  endfacet
  facet normal 0.60000000000000819 0 0.79999999999999394
    outer loop
      vertex 45.640000000000001 -10.16 0.12
      vertex 45.600000000000001 -10.199999999999999 0.14999999999999999
      vertex 45.640000000000001 -10.199999999999999 0.12
    endloop
  endfacet
  facet normal 0.6963106238227984 -0.17407765595569935 0.69631062382278386
    outer loop
      vertex 45.600000000000001 -10.16 0.15999999999999998
      vertex 45.600000000000001 -10.199999999999999 0.14999999999999999
      vertex 45.640000000000001 -10.16 0.12
    endloop
  endfacet
  facet normal 0.69631062382279885 -0.17407765595569585 0.6963106238227843
    outer loop
      vertex 45.600000000000001 -10.16 0.15999999999999998
      vertex 45.640000000000001 -10.16 0.12
      vertex 45.68 -10 0.12
    endloop
  endfacet
  facet normal 0.69631062382279885 -0.17407765595569585 0.6963106238227843
    outer loop
      vertex 45.600000000000001 -10.16 0.15999999999999998
      vertex 45.68 -10 0.12
      vertex 45.640000000000001 -10 0.15999999999999998
    endloop
  endfacet
  facet normal 0.7071067811865549 0 0.70710678118654013
    outer loop
      vertex 45.68 -6 0.12
      vertex 45.640000000000001 -7.9999999999999982 0.15999999999999998
      vertex 45.640000000000001 -10 0.15999999999999998
    endloop
  endfacet
  facet normal 0.7071067811865549 0 0.70710678118654013
    outer loop
      vertex 45.68 -6 0.12
      vertex 45.640000000000001 -10 0.15999999999999998
      vertex 45.68 -10 0.12
    endloop
  endfacet
  facet normal 0.7071067811865549 0 0.70710678118654013
    outer loop
      vertex 45.640000000000001 -7.9999999999999982 0.15999999999999998
      vertex 45.68 -5.9999999999999991 0.12
      vertex 45.68 0 0.12
    endloop
  endfacet
  facet normal 0.70710678118655479 -0 0.70710678118654013
    outer loop
      vertex 45.640000000000001 -7.9999999999999982 0.15999999999999998
      vertex 45.68 0 0.12
      vertex 45.640000000000001 0 0.15999999999999998
    endloop
  endfacet
  facet normal 0.7071067811865549 0 0.70710678118654025
    outer loop
      vertex 45.68 0.080000000000000016 0.12
      vertex 45.640000000000001 0.040000000000000036 0.15999999999999998
      vertex 45.640000000000001 0 0.15999999999999998
    endloop
  endfacet
  facet normal 0.70710678118655479 0 0.70710678118654013
    outer loop
      vertex 45.68 0.080000000000000016 0.12
      vertex 45.640000000000001 0 0.15999999999999998
      vertex 45.68 0 0.12
    endloop
  endfacet
  facet normal 0.40824829046387068 0.40824829046386146 0.81649658092772293
    outer loop
      vertex 45.600000000000001 0.16000000000000003 0.12
      vertex 45.600000000000001 0.080000000000000071 0.15999999999999998
      vertex 45.640000000000001 0.040000000000000036 0.15999999999999998
    endloop
  endfacet
  facet normal 0.40824829046387023 0.40824829046386146 0.81649658092772315
    outer loop
      vertex 45.600000000000001 0.16000000000000003 0.12
      vertex 45.640000000000001 0.040000000000000036 0.15999999999999998
      vertex 45.68 0.080000000000000016 0.12
    endloop
  endfacet
  facet normal 0.58834840541456013 -0.19611613513818379 0.78446454055273007
    outer loop
      vertex 45.600000000000001 10.08 0.12
      vertex 45.640000000000001 10.199999999999999 0.12
      vertex 45.600000000000001 10.199999999999999 0.14999999999999999
    endloop
  endfacet
  facet normal 0.60000000000000819 0 0.79999999999999372
    outer loop
      vertex 45.640000000000001 12.16 0.12
      vertex 45.600000000000001 10.199999999999999 0.14999999999999999
      vertex 45.640000000000001 10.199999999999999 0.12
    endloop
  endfacet
  facet normal 0.60000000000000808 0 0.79999999999999394
    outer loop
      vertex 45.600000000000001 10.199999999999999 0.14999999999999999
      vertex 45.640000000000001 12.16 0.12
      vertex 45.640000000000001 20 0.12
    endloop
  endfacet
  facet normal 0.60000000000000808 -0 0.79999999999999394
    outer loop
      vertex 45.600000000000001 10.199999999999999 0.14999999999999999
      vertex 45.640000000000001 20 0.12
      vertex 45.600000000000001 20 0.14999999999999999
    endloop
  endfacet
  facet normal 0.60000000000000819 0 0.79999999999999394
    outer loop
      vertex 45.640000000000001 20.039999999999999 0.12
      vertex 45.600000000000001 20 0.14999999999999999
      vertex 45.640000000000001 20 0.12
    endloop
  endfacet
  facet normal 0.43643578047199766 0.21821789023598914 0.87287156094396379
    outer loop
      vertex 45.600000000000001 20.120000000000001 0.12
      vertex 45.600000000000001 20 0.14999999999999999
      vertex 45.640000000000001 20.039999999999999 0.12
    endloop
  endfacet
  facet normal -0.218217890236023 -0.43643578047196852 0.87287156094397012
    outer loop
      vertex 61.960000000000001 40.160000000000004 0.12
      vertex 62 40.140000000000001 0.12
      vertex 62 40.200000000000003 0.14999999999999999
    endloop
  endfacet
  facet normal -0.60000000000000819 0 0.79999999999999394
    outer loop
      vertex 61.960000000000001 40.160000000000004 0.12
      vertex 62 40.200000000000003 0.14999999999999999
      vertex 61.960000000000001 40.200000000000003 0.12
    endloop
  endfacet
  facet normal -0.60000000000000808 0 0.79999999999999394
    outer loop
      vertex 61.960000000000001 56.039999999999999 0.12
      vertex 61.960000000000001 40.200000000000003 0.12
      vertex 62 40.200000000000003 0.14999999999999999
    endloop
  endfacet
  facet normal -0.60000000000000819 0 0.79999999999999394
    outer loop
      vertex 61.960000000000001 56.039999999999999 0.12
      vertex 62 40.200000000000003 0.14999999999999999
      vertex 62 60 0.14999999999999999
    endloop
  endfacet
  facet normal -0.60000000000000819 0 0.79999999999999394
    outer loop
      vertex 61.960000000000001 56.039999999999999 0.12
      vertex 62 60 0.14999999999999999
      vertex 61.960000000000001 60 0.12
    endloop
  endfacet
  facet normal -0.55708601453116657 0.37139067635408907 0.74278135270820633
    outer loop
      vertex 61.960000000000001 60 0.12
      vertex 62 60 0.14999999999999999
      vertex 62 60.060000000000002 0.12
    endloop
  endfacet
  facet normal 0 -0.44721359549994433 0.89442719099992252
    outer loop
      vertex 62.140000000000001 40.140000000000001 0.12
      vertex 62.200000000000003 40.140000000000001 0.12
      vertex 62.200000000000003 40.200000000000003 0.14999999999999999
    endloop
  endfacet
  facet normal 0 -0.44721359549994444 0.89442719099992263
    outer loop
      vertex 62 40.140000000000001 0.12
      vertex 62.140000000000001 40.140000000000001 0.12
      vertex 62.200000000000003 40.200000000000003 0.14999999999999999
    endloop
  endfacet
  facet normal 0 -0.44721359549994438 0.89442719099992263
    outer loop
      vertex 62 40.140000000000001 0.12
      vertex 62.200000000000003 40.200000000000003 0.14999999999999999
      vertex 62 40.200000000000003 0.14999999999999999
    endloop
  endfacet
  facet normal 0 0 1
    outer loop
      vertex 62 40.200000000000003 0.14999999999999999
      vertex 62.200000000000003 40.200000000000003 0.14999999999999999
      vertex 62.200000000000003 60 0.14999999999999999
    endloop
  endfacet
  facet normal 0 0 1
    outer loop
      vertex 62 40.200000000000003 0.14999999999999999
      vertex 62.200000000000003 60 0.14999999999999999
      vertex 62 60 0.14999999999999999
    endloop
  endfacet
  facet normal 0 0.44721359549994438 0.89442719099992263
    outer loop
      vertex 62.060000000000002 60.060000000000002 0.12
      vertex 62 60 0.14999999999999999
      vertex 62.200000000000003 60 0.14999999999999999
    endloop
  endfacet
  facet normal -0 0.44721359549994444 0.89442719099992263
    outer loop
      vertex 62.060000000000002 60.060000000000002 0.12
      vertex 62.200000000000003 60 0.14999999999999999
      vertex 62.200000000000003 60.060000000000002 0.12
    endloop
  endfacet
  facet normal -0 0.44721359549994433 0.89442719099992252
    outer loop
      vertex 62 60.060000000000002 0.12
      vertex 62 60 0.14999999999999999
      vertex 62.060000000000002 60.060000000000002 0.12
    endloop
  endfacet
  facet normal 0.55708601453116657 -0.37139067635408907 0.74278135270820633
    outer loop
      vertex 62.200000000000003 40.140000000000001 0.12
      vertex 62.240000000000002 40.200000000000003 0.12
      vertex 62.200000000000003 40.200000000000003 0.14999999999999999
    endloop
  endfacet
  facet normal 0.60000000000000819 0 0.79999999999999394
    outer loop
      vertex 62.240000000000002 44.160000000000004 0.12
      vertex 62.200000000000003 40.200000000000003 0.14999999999999999
      vertex 62.240000000000002 40.200000000000003 0.12
    endloop
  endfacet
  facet normal 0.60000000000000808 0 0.79999999999999394
    outer loop
      vertex 62.200000000000003 40.200000000000003 0.14999999999999999
      vertex 62.240000000000002 44.160000000000004 0.12
      vertex 62.240000000000002 60 0.12
    endloop
  endfacet
  facet normal 0.60000000000000819 -0 0.79999999999999394
    outer loop
      vertex 62.200000000000003 40.200000000000003 0.14999999999999999
      vertex 62.240000000000002 60 0.12
      vertex 62.200000000000003 60 0.14999999999999999
    endloop
  endfacet
  facet normal 0.60000000000000819 0 0.79999999999999394
    outer loop
      vertex 62.240000000000002 60.039999999999999 0.12
      vertex 62.200000000000003 60 0.14999999999999999
      vertex 62.240000000000002 60 0.12
    endloop
  endfacet
  facet normal 0.218217890236023 0.43643578047196852 0.87287156094397012
    outer loop
      vertex 62.200000000000003 60.060000000000002 0.12
      vertex 62.200000000000003 60 0.14999999999999999
      vertex 62.240000000000002 60.039999999999999 0.12
    endloop
  endfacet
  facet normal 4.1633363423436867e-16 -0.60000000000000009 0.79999999999999982
    outer loop
      vertex 81.759999999999991 0.16 0.12
      vertex 81.799999999999997 0.16000000000000003 0.12
      vertex 81.799999999999997 0.20000000000000001 0.14999999999999999
    endloop
  endfacet
  facet normal -0.21821789023598695 -0.4364357804719648 0.87287156094398077
    outer loop
      vertex 81.759999999999991 0.16000000000000003 0.12
      vertex 81.799999999999997 0.20000000000000001 0.14999999999999999
      vertex 81.679999999999993 0.20000000000000001 0.12
    endloop
  endfacet
  facet normal -0.24253562503632431 0 0.97014250014533399
    outer loop
      vertex 81.679999999999993 4.1199999999999983 0.12
      vertex 81.679999999999993 0.20000000000000001 0.12
      vertex 81.799999999999997 0.20000000000000001 0.14999999999999999
    endloop
  endfacet
  facet normal -0.24253562503632431 0 0.97014250014533399
    outer loop
      vertex 81.679999999999993 4.1199999999999983 0.12
      vertex 81.799999999999997 0.20000000000000001 0.14999999999999999
      vertex 81.799999999999997 10 0.14999999999999999
    endloop
  endfacet
  facet normal -0.24253562503632434 0 0.9701425001453341
    outer loop
      vertex 81.679999999999993 4.1199999999999992 0.12
      vertex 81.799999999999997 10 0.14999999999999999
      vertex 81.679999999999993 10 0.12
    endloop
  endfacet
  facet normal -0.23570226039550732 0.23570226039551775 0.94280904158206502
    outer loop
      vertex 81.679999999999993 10 0.12
      vertex 81.799999999999997 10 0.14999999999999999
      vertex 81.799999999999997 10.119999999999999 0.12
    endloop
  endfacet
  facet normal -0.23570226039551406 -0.23570226039551406 0.94280904158206424
    outer loop
      vertex 81.739999999999995 20.140000000000001 0.12
      vertex 81.799999999999997 20.079999999999998 0.12
      vertex 81.799999999999997 20.199999999999999 0.14999999999999999
    endloop
  endfacet
  facet normal -0.23570226039550712 -0.23570226039552106 0.94280904158206424
    outer loop
      vertex 81.739999999999995 20.140000000000001 0.12
      vertex 81.799999999999997 20.199999999999999 0.14999999999999999
      vertex 81.679999999999993 20.199999999999999 0.12
    endloop
  endfacet
  facet normal -0.24253562503632431 0 0.9701425001453341
    outer loop
      vertex 81.679999999999993 28.119999999999997 0.12
      vertex 81.679999999999993 20.199999999999999 0.12
      vertex 81.799999999999997 20.199999999999999 0.14999999999999999
    endloop
  endfacet
  facet normal -0.24253562503632428 0 0.97014250014533399
    outer loop
      vertex 81.679999999999993 28.119999999999997 0.12
      vertex 81.799999999999997 20.199999999999999 0.14999999999999999
      vertex 81.799999999999997 40 0.14999999999999999
    endloop
  endfacet
  facet normal -0.24253562503632428 0 0.97014250014533399
    outer loop
      vertex 81.679999999999993 28.119999999999997 0.12
      vertex 81.799999999999997 40 0.14999999999999999
      vertex 81.679999999999993 40 0.12
    endloop
  endfacet
  facet normal -0.24253562503632428 0 0.97014250014533399
    outer loop
      vertex 81.679999999999993 40.079999999999998 0.12
      vertex 81.679999999999993 40 0.12
      vertex 81.799999999999997 40 0.14999999999999999
    endloop
  endfacet
  facet normal -0.24253562503632431 0 0.97014250014533399
    outer loop
      vertex 81.679999999999993 40.079999999999998 0.12
      vertex 81.799999999999997 40 0.14999999999999999
      vertex 81.799999999999997 40.200000000000003 0.14999999999999999
    endloop
  endfacet
  facet normal -0.24253562503632431 0 0.9701425001453341
    outer loop
      vertex 81.679999999999993 40.079999999999998 0.12
      vertex 81.799999999999997 40.200000000000003 0.14999999999999999
      vertex 81.679999999999993 40.200000000000003 0.12
    endloop
  endfacet
  facet normal -0.24253489721583385 0.0024498474466246767 0.97013958886337237
    outer loop
      vertex 81.679999999999993 40.200000000000003 0.12
      vertex 81.799999999999997 40.200000000000003 0.14999999999999999
      vertex 81.799999999999997 52.080000000000005 0.12
    endloop
  endfacet
  facet normal 0.2425327137936758 -0.00489965078371081 0.97013085517474007
    outer loop
      vertex 81.679999999999993 88.120000000000005 0.12
      vertex 81.799999999999997 94.060000000000002 0.12
      vertex 81.799999999999997 100 0.14999999999999999
    endloop
  endfacet
  facet normal -0.24253562503632431 0 0.9701425001453341
    outer loop
      vertex 81.679999999999993 88.120000000000005 0.12
      vertex 81.799999999999997 100 0.14999999999999999
      vertex 81.679999999999993 100 0.12
    endloop
  endfacet
  facet normal 4.1633363423436867e-16 -0.60000000000000009 0.79999999999999982
    outer loop
      vertex 81.959999999999994 0.16 0.12
      vertex 82 0.16000000000000003 0.12
      vertex 82 0.20000000000000001 0.14999999999999999
    endloop
  endfacet
  facet normal 1.0408340855861068e-16 -0.6000000000000002 0.79999999999999982
    outer loop
      vertex 81.799999999999997 0.16 0.12
      vertex 81.959999999999994 0.16000000000000003 0.12
      vertex 82 0.20000000000000001 0.14999999999999999
    endloop
  endfacet
  facet normal 0 -0.59999999999999998 0.80000000000000004
    outer loop
      vertex 81.799999999999997 0.16 0.12
      vertex 82 0.20000000000000001 0.14999999999999999
      vertex 81.799999999999997 0.20000000000000001 0.14999999999999999
    endloop
  endfacet
  facet normal 0 0 1
    outer loop
      vertex 81.799999999999997 0.20000000000000001 0.14999999999999999
      vertex 82 0.20000000000000001 0.14999999999999999
      vertex 82 10 0.14999999999999999
    endloop
  endfacet
  facet normal 0 0 1
    outer loop
      vertex 81.799999999999997 0.20000000000000001 0.14999999999999999
      vertex 82 10 0.14999999999999999
      vertex 81.799999999999997 10 0.14999999999999999
    endloop
  endfacet
  facet normal 0 0.2425356250363345 0.97014250014533165
    outer loop
      vertex 81.920000000000002 10.119999999999999 0.12
      vertex 81.799999999999997 10 0.14999999999999999
      vertex 82 10 0.14999999999999999
    endloop
  endfacet
  facet normal -0 0.24253562503633447 0.97014250014533154
    outer loop
      vertex 81.920000000000002 10.119999999999999 0.12
      vertex 82 10 0.14999999999999999
      vertex 82 10.119999999999999 0.12
    endloop
  endfacet
  facet normal -0 0.24253562503633444 0.97014250014533154
    outer loop
      vertex 81.799999999999997 10.119999999999999 0.12
      vertex 81.799999999999997 10 0.14999999999999999
      vertex 81.920000000000002 10.119999999999999 0.12
    endloop
  endfacet
  facet normal 0 -0.24253562503633103 0.97014250014533232
    outer loop
      vertex 81.879999999999995 20.079999999999998 0.12
      vertex 82 20.079999999999998 0.12
      vertex 82 20.199999999999999 0.14999999999999999
    endloop
  endfacet
  facet normal 0 -0.24253562503633105 0.97014250014533232
    outer loop
      vertex 81.799999999999997 20.079999999999998 0.12
      vertex 81.879999999999995 20.079999999999998 0.12
      vertex 82 20.199999999999999 0.14999999999999999
    endloop
  endfacet
  facet normal 0 -0.24253562503633105 0.97014250014533232
    outer loop
      vertex 81.799999999999997 20.079999999999998 0.12
      vertex 82 20.199999999999999 0.14999999999999999
      vertex 81.799999999999997 20.199999999999999 0.14999999999999999
    endloop
  endfacet
  facet normal 0 0 1
    outer loop
      vertex 81.799999999999997 20.199999999999999 0.14999999999999999
      vertex 82 20.199999999999999 0.14999999999999999
      vertex 82 40 0.14999999999999999
    endloop
  endfacet
  facet normal 0 0 1
    outer loop
      vertex 81.799999999999997 20.199999999999999 0.14999999999999999
      vertex 82 40 0.14999999999999999
      vertex 81.799999999999997 40 0.14999999999999999
    endloop
  endfacet
  facet normal 0 0 1
    outer loop
      vertex 81.799999999999997 40 0.14999999999999999
      vertex 82 40 0.14999999999999999
      vertex 82 40.200000000000003 0.14999999999999999
    endloop
  endfacet
  facet normal 0 0 1
    outer loop
      vertex 81.799999999999997 40 0.14999999999999999
      vertex 82 40.200000000000003 0.14999999999999999
      vertex 81.799999999999997 40.200000000000003 0.14999999999999999
    endloop
  endfacet
  facet normal 0 0.0025252444736492195 0.99999681156509101
    outer loop
      vertex 81.920000000000002 52.080000000000005 0.12
      vertex 81.799999999999997 40.200000000000003 0.14999999999999999
      vertex 82 40.200000000000003 0.14999999999999999
    endloop
  endfacet
  facet normal -0 0.0025252444736492191 0.99999681156509101
    outer loop
      vertex 81.920000000000002 52.080000000000005 0.12
      vertex 82 40.200000000000003 0.14999999999999999
      vertex 82 52.080000000000005 0.12
    endloop
  endfacet
  facet normal -0 0.0025252444736492191 0.99999681156509113
    outer loop
      vertex 81.799999999999997 52.080000000000005 0.12
      vertex 81.799999999999997 40.200000000000003 0.14999999999999999
      vertex 81.920000000000002 52.080000000000005 0.12
    endloop
  endfacet
  facet normal 0 -0.0050504406386027868 0.99998724644335146
    outer loop
      vertex 81.939999999999998 94.060000000000002 0.12
      vertex 82 94.060000000000002 0.12
      vertex 82 100 0.14999999999999999
    endloop
  endfacet
  facet normal 0 -0.0050504406386027868 0.99998724644335124
    outer loop
      vertex 81.799999999999997 94.060000000000002 0.12
      vertex 81.939999999999998 94.060000000000002 0.12
      vertex 82 100 0.14999999999999999
    endloop
  endfacet
  facet normal 0 -0.0050504406386027859 0.99998724644335124
    outer loop
      vertex 81.799999999999997 94.060000000000002 0.12
      vertex 82 100 0.14999999999999999
      vertex 81.799999999999997 100 0.14999999999999999
    endloop
  endfacet
  facet normal 4.1633363423436867e-16 -0.60000000000000009 0.79999999999999982
    outer loop
      vertex 82.159999999999997 0.16 0.12
      vertex 82.200000000000003 0.16000000000000003 0.12
      vertex 82.200000000000003 0.20000000000000001 0.14999999999999999
    endloop
  endfacet
  facet normal 1.0408340855861068e-16 -0.6000000000000002 0.79999999999999982
    outer loop
      vertex 82 0.16 0.12
      vertex 82.159999999999997 0.16000000000000003 0.12
      vertex 82.200000000000003 0.20000000000000001 0.14999999999999999
    endloop
  endfacet
  facet normal 0 -0.59999999999999998 0.80000000000000004
    outer loop
      vertex 82 0.16 0.12
      vertex 82.200000000000003 0.20000000000000001 0.14999999999999999
      vertex 82 0.20000000000000001 0.14999999999999999
    endloop
  endfacet
  facet normal 0 0 1
    outer loop
      vertex 82 0.20000000000000001 0.14999999999999999
      vertex 82.200000000000003 0.20000000000000001 0.14999999999999999
      vertex 82.200000000000003 10 0.14999999999999999
    endloop
  endfacet
  facet normal 0 0 1
    outer loop
      vertex 82 0.20000000000000001 0.14999999999999999
      vertex 82.200000000000003 10 0.14999999999999999
      vertex 82 10 0.14999999999999999
    endloop
  endfacet
  facet normal 0 0.2425356250363345 0.97014250014533165
    outer loop
      vertex 82.120000000000005 10.119999999999999 0.12
      vertex 82 10 0.14999999999999999
      vertex 82.200000000000003 10 0.14999999999999999
    endloop
  endfacet
  facet normal -0 0.24253562503633447 0.97014250014533154
    outer loop
      vertex 82.120000000000005 10.119999999999999 0.12
      vertex 82.200000000000003 10 0.14999999999999999
      vertex 82.200000000000003 10.119999999999999 0.12
    endloop
  endfacet
  facet normal -0 0.24253562503633444 0.97014250014533154
    outer loop
      vertex 82 10.119999999999999 0.12
      vertex 82 10 0.14999999999999999
      vertex 82.120000000000005 10.119999999999999 0.12
    endloop
  endfacet
  facet normal 0 -0.24253562503633103 0.97014250014533232
    outer loop
      vertex 82.079999999999998 20.079999999999998 0.12
      vertex 82.200000000000003 20.079999999999998 0.12
      vertex 82.200000000000003 20.199999999999999 0.14999999999999999
    endloop
  endfacet
  facet normal 0 -0.24253562503633105 0.97014250014533232
    outer loop
      vertex 82 20.079999999999998 0.12
      vertex 82.079999999999998 20.079999999999998 0.12
      vertex 82.200000000000003 20.199999999999999 0.14999999999999999
    endloop
  endfacet
  facet normal 0 -0.24253562503633105 0.97014250014533232
    outer loop
      vertex 82 20.079999999999998 0.12
      vertex 82.200000000000003 20.199999999999999 0.14999999999999999
      vertex 82 20.199999999999999 0.14999999999999999
    endloop
  endfacet
  facet normal 0 0 1
    outer loop
      vertex 82 20.199999999999999 0.14999999999999999
      vertex 82.200000000000003 20.199999999999999 0.14999999999999999
      vertex 82.200000000000003 40 0.14999999999999999
    endloop
  endfacet
  facet normal 0 0 1
    outer loop
      vertex 82 20.199999999999999 0.14999999999999999
      vertex 82.200000000000003 40 0.14999999999999999
      vertex 82 40 0.14999999999999999
    endloop
  endfacet
  facet normal 0 0 1
    outer loop
      vertex 82 40 0.14999999999999999
      vertex 82.200000000000003 40 0.14999999999999999
      vertex 82.200000000000003 40.200000000000003 0.14999999999999999
    endloop
  endfacet
  facet normal 0 0 1
    outer loop
      vertex 82 40 0.14999999999999999
      vertex 82.200000000000003 40.200000000000003 0.14999999999999999
      vertex 82 40.200000000000003 0.14999999999999999
    endloop
  endfacet
  facet normal 0 0.0025252444736492195 0.99999681156509101
    outer loop
      vertex 82.120000000000005 52.080000000000005 0.12
      vertex 82 40.200000000000003 0.14999999999999999
      vertex 82.200000000000003 40.200000000000003 0.14999999999999999
    endloop
  endfacet
  facet normal -0 0.0025252444736492191 0.99999681156509101
    outer loop
      vertex 82.120000000000005 52.080000000000005 0.12
      vertex 82.200000000000003 40.200000000000003 0.14999999999999999
      vertex 82.200000000000003 52.080000000000005 0.12
    endloop
  endfacet
  facet normal -0 0.0025252444736492191 0.99999681156509113
    outer loop
      vertex 82 52.080000000000005 0.12
      vertex 82 40.200000000000003 0.14999999999999999
      vertex 82.120000000000005 52.080000000000005 0.12
    endloop
  endfacet
  facet normal 0 -0.0050504406386027868 0.99998724644335146
    outer loop
      vertex 82.140000000000001 94.060000000000002 0.12
      vertex 82.200000000000003 94.060000000000002 0.12
      vertex 82.200000000000003 100 0.14999999999999999
    endloop
  endfacet
  facet normal 0 -0.0050504406386027868 0.99998724644335124
    outer loop
      vertex 82 94.060000000000002 0.12
      vertex 82.140000000000001 94.060000000000002 0.12
      vertex 82.200000000000003 100 0.14999999999999999
    endloop
  endfacet
  facet normal 0 -0.0050504406386027859 0.99998724644335124
    outer loop
      vertex 82 94.060000000000002 0.12
      vertex 82.200000000000003 100 0.14999999999999999
      vertex 82 100 0.14999999999999999
    endloop
  endfacet
  facet normal 4.1633363423436867e-16 -0.60000000000000009 0.79999999999999982
    outer loop
      vertex 82.359999999999999 0.16 0.12
      vertex 82.400000000000006 0.16000000000000003 0.12
      vertex 82.400000000000006 0.20000000000000001 0.14999999999999999
    endloop
  endfacet
  facet normal 1.0408340855861068e-16 -0.6000000000000002 0.79999999999999982
    outer loop
      vertex 82.200000000000003 0.16 0.12
      vertex 82.359999999999999 0.16000000000000003 0.12
      vertex 82.400000000000006 0.20000000000000001 0.14999999999999999
    endloop
  endfacet
  facet normal 0 -0.59999999999999998 0.80000000000000004
    outer loop
      vertex 82.200000000000003 0.16 0.12
      vertex 82.400000000000006 0.20000000000000001 0.14999999999999999
      vertex 82.200000000000003 0.20000000000000001 0.14999999999999999
    endloop
  endfacet
  facet normal 0 0 1
    outer loop
      vertex 82.200000000000003 0.20000000000000001 0.14999999999999999
      vertex 82.400000000000006 0.20000000000000001 0.14999999999999999
      vertex 82.400000000000006 10 0.14999999999999999
    endloop
  endfacet
  facet normal 0 0 1
    outer loop
      vertex 82.200000000000003 0.20000000000000001 0.14999999999999999
      vertex 82.400000000000006 10 0.14999999999999999
      vertex 82.200000000000003 10 0.14999999999999999
    endloop
  endfacet
  facet normal 0 0.2425356250363345 0.97014250014533165
    outer loop
      vertex 82.320000000000007 10.119999999999999 0.12
      vertex 82.200000000000003 10 0.14999999999999999
      vertex 82.400000000000006 10 0.14999999999999999
    endloop
  endfacet
  facet normal -0 0.24253562503633447 0.97014250014533154
    outer loop
      vertex 82.320000000000007 10.119999999999999 0.12
      vertex 82.400000000000006 10 0.14999999999999999
      vertex 82.400000000000006 10.119999999999999 0.12
    endloop
  endfacet
  facet normal -0 0.24253562503633444 0.97014250014533154
    outer loop
      vertex 82.200000000000003 10.119999999999999 0.12
      vertex 82.200000000000003 10 0.14999999999999999
      vertex 82.320000000000007 10.119999999999999 0.12
    endloop
  endfacet
  facet normal 0 -0.24253562503633103 0.97014250014533232
    outer loop
      vertex 82.280000000000001 20.079999999999998 0.12
      vertex 82.400000000000006 20.079999999999998 0.12
      vertex 82.400000000000006 20.199999999999999 0.14999999999999999
    endloop
  endfacet
  facet normal 0 -0.24253562503633105 0.97014250014533232
    outer loop
      vertex 82.200000000000003 20.079999999999998 0.12
      vertex 82.280000000000001 20.079999999999998 0.12
      vertex 82.400000000000006 20.199999999999999 0.14999999999999999
    endloop
  endfacet
  facet normal 0 -0.24253562503633105 0.97014250014533232
    outer loop
      vertex 82.200000000000003 20.079999999999998 0.12
      vertex 82.400000000000006 20.199999999999999 0.14999999999999999
      vertex 82.200000000000003 20.199999999999999 0.14999999999999999
    endloop
  endfacet
  facet normal 0 0 1
    outer loop
      vertex 82.200000000000003 20.199999999999999 0.14999999999999999
      vertex 82.400000000000006 20.199999999999999 0.14999999999999999
      vertex 82.400000000000006 40 0.14999999999999999
    endloop
  endfacet
  facet normal 0 0 1
    outer loop
      vertex 82.200000000000003 20.199999999999999 0.14999999999999999
      vertex 82.400000000000006 40 0.14999999999999999
      vertex 82.200000000000003 40 0.14999999999999999
    endloop
  endfacet
  facet normal 0 0 1
    outer loop
      vertex 82.200000000000003 40 0.14999999999999999
      vertex 82.400000000000006 40 0.14999999999999999
      vertex 82.400000000000006 40.200000000000003 0.14999999999999999
    endloop
  endfacet
  facet normal 0 0 1
    outer loop
      vertex 82.200000000000003 40 0.14999999999999999
      vertex 82.400000000000006 40.200000000000003 0.14999999999999999
      vertex 82.200000000000003 40.200000000000003 0.14999999999999999
    endloop
  endfacet
  facet normal 0 0.0025252444736492195 0.99999681156509101
    outer loop
      vertex 82.320000000000007 52.080000000000005 0.12
      vertex 82.200000000000003 40.200000000000003 0.14999999999999999
      vertex 82.400000000000006 40.200000000000003 0.14999999999999999
    endloop
  endfacet
  facet normal -0 0.0025252444736492191 0.99999681156509101
    outer loop
      vertex 82.320000000000007 52.080000000000005 0.12
      vertex 82.400000000000006 40.200000000000003 0.14999999999999999
      vertex 82.400000000000006 52.080000000000005 0.12
    endloop
  endfacet
  facet normal -0 0.0025252444736492191 0.99999681156509113
    outer loop
      vertex 82.200000000000003 52.080000000000005 0.12
      vertex 82.200000000000003 40.200000000000003 0.14999999999999999
      vertex 82.320000000000007 52.080000000000005 0.12
    endloop
  endfacet
  facet normal 0 -0.0050504406386027868 0.99998724644335146
    outer loop
      vertex 82.340000000000003 94.060000000000002 0.12
      vertex 82.400000000000006 94.060000000000002 0.12
      vertex 82.400000000000006 100 0.14999999999999999
    endloop
  endfacet
  facet normal 0 -0.0050504406386027868 0.99998724644335124
    outer loop
      vertex 82.200000000000003 94.060000000000002 0.12
      vertex 82.340000000000003 94.060000000000002 0.12
      vertex 82.400000000000006 100 0.14999999999999999
    endloop
  endfacet
  facet normal 0 -0.0050504406386027859 0.99998724644335124
    outer loop
      vertex 82.200000000000003 94.060000000000002 0.12
      vertex 82.400000000000006 100 0.14999999999999999
      vertex 82.200000000000003 100 0.14999999999999999
    endloop
  endfacet
  facet normal 0 -0.70710678118654757 0.70710678118654757
    outer loop
      vertex 82.559999999999988 0.15999999999999998 0.15999999999999998
      vertex 82.519999999999996 0.12 0.12
      vertex 82.599999999999994 0.12 0.12
    endloop
  endfacet
  facet normal 0 -0.70710678118654746 0.70710678118654746
    outer loop
      vertex 82.559999999999988 0.15999999999999998 0.15999999999999998
      vertex 82.599999999999994 0.12 0.12
      vertex 82.599999999999994 0.15999999999999998 0.15999999999999998
    endloop
  endfacet
  facet normal -0.19611613513820278 -0.5883484054145609 0.78446454055272463
    outer loop
      vertex 82.400000000000006 0.16 0.12
      vertex 82.519999999999996 0.12 0.12
      vertex 82.559999999999988 0.15999999999999998 0.15999999999999998
    endloop
  endfacet
  facet normal -0.19611613513820284 -0.58834840541456057 0.78446454055272485
    outer loop
      vertex 82.400000000000006 0.16 0.12
      vertex 82.559999999999988 0.15999999999999998 0.15999999999999998
      vertex 82.439999999999998 0.20000000000000001 0.15999999999999998
    endloop
  endfacet
  facet normal -0.19611613513822118 -0.58834840541454747 0.78446454055273018
    outer loop
      vertex 82.400000000000006 0.16 0.12
      vertex 82.439999999999998 0.20000000000000001 0.15999999999999998
      vertex 82.400000000000006 0.20000000000000001 0.14999999999999999
    endloop
  endfacet
  facet normal -0.24253562503637799 0 0.97014250014532066
    outer loop
      vertex 82.439999999999998 2.1599999999999948 0.15999999999999998
      vertex 82.400000000000006 0.20000000000000001 0.14999999999999999
      vertex 82.439999999999998 0.20000000000000001 0.15999999999999998
    endloop
  endfacet
  facet normal -0.24253562503637796 0 0.97014250014532055
    outer loop
      vertex 82.400000000000006 0.20000000000000001 0.14999999999999999
      vertex 82.439999999999998 2.1599999999999961 0.15999999999999998
      vertex 82.439999999999998 10 0.15999999999999998
    endloop
  endfacet
  facet normal -0.24253562503637796 0 0.97014250014532066
    outer loop
      vertex 82.400000000000006 0.20000000000000001 0.14999999999999999
      vertex 82.439999999999998 10 0.15999999999999998
      vertex 82.400000000000006 10 0.14999999999999999
    endloop
  endfacet
  facet normal -0.23570226039555742 0.23570226039555217 0.94280904158204382
    outer loop
      vertex 82.400000000000006 10 0.14999999999999999
      vertex 82.439999999999998 10 0.15999999999999998
      vertex 82.599999999999994 10.16 0.15999999999999998
    endloop
  endfacet
  facet normal -0.23570226039553174 0.23570226039551917 0.94280904158205847
    outer loop
      vertex 82.400000000000006 10 0.14999999999999999
      vertex 82.599999999999994 10.16 0.15999999999999998
      vertex 82.599999999999994 10.199999999999999 0.14999999999999999
    endloop
  endfacet
  facet normal -0.23570226039552902 0.23570226039551645 0.9428090415820598
    outer loop
      vertex 82.400000000000006 10.119999999999999 0.12
      vertex 82.400000000000006 10 0.14999999999999999
      vertex 82.599999999999994 10.199999999999999 0.14999999999999999
    endloop
  endfacet
  facet normal -0.23570226039553299 0.23570226039552775 0.94280904158205614
    outer loop
      vertex 82.400000000000006 10.119999999999999 0.12
      vertex 82.599999999999994 10.199999999999999 0.14999999999999999
      vertex 82.480000000000004 10.199999999999999 0.12
    endloop
  endfacet
  facet normal -0.24253562503635134 0 0.97014250014532721
    outer loop
      vertex 82.480000000000004 14.119999999999997 0.12
      vertex 82.480000000000004 10.199999999999999 0.12
      vertex 82.599999999999994 10.199999999999999 0.14999999999999999
    endloop
  endfacet
  facet normal -0.24253562503635137 0 0.97014250014532744
    outer loop
      vertex 82.480000000000004 14.119999999999997 0.12
      vertex 82.599999999999994 10.199999999999999 0.14999999999999999
      vertex 82.599999999999994 20 0.14999999999999999
    endloop
  endfacet
  facet normal -0.24253562503635137 0 0.97014250014532732
    outer loop
      vertex 82.480000000000004 14.119999999999999 0.12
      vertex 82.599999999999994 20 0.14999999999999999
      vertex 82.480000000000004 20 0.12
    endloop
  endfacet
  facet normal -0.23570226039549924 -0.23570226039554112 0.94280904158206114
    outer loop
      vertex 82.519999999999996 20.119999999999997 0.15999999999999998
      vertex 82.439999999999998 20.039999999999999 0.12
      vertex 82.480000000000004 20 0.12
    endloop
  endfacet
  facet normal -0.23570226039553296 -0.23570226039552816 0.94280904158205603
    outer loop
      vertex 82.519999999999996 20.119999999999997 0.15999999999999998
      vertex 82.480000000000004 20 0.12
      vertex 82.599999999999994 20 0.14999999999999999
    endloop
  endfacet
  facet normal -0.23570226039551986 -0.23570226039551986 0.94280904158206136
    outer loop
      vertex 82.519999999999996 20.119999999999997 0.15999999999999998
      vertex 82.599999999999994 20 0.14999999999999999
      vertex 82.599999999999994 20.039999999999999 0.15999999999999998
    endloop
  endfacet
  facet normal -0.23570226039554112 -0.23570226039549927 0.94280904158206114
    outer loop
      vertex 82.400000000000006 20.079999999999998 0.12
      vertex 82.439999999999998 20.039999999999999 0.12
      vertex 82.519999999999996 20.119999999999997 0.15999999999999998
    endloop
  endfacet
  facet normal -0.23570226039553241 -0.23570226039552192 0.94280904158205769
    outer loop
      vertex 82.400000000000006 20.079999999999998 0.12
      vertex 82.519999999999996 20.119999999999997 0.15999999999999998
      vertex 82.439999999999998 20.199999999999999 0.15999999999999998
    endloop
  endfacet
  facet normal -0.23570226039555989 -0.23570226039551143 0.94280904158205348
    outer loop
      vertex 82.400000000000006 20.079999999999998 0.12
      vertex 82.439999999999998 20.199999999999999 0.15999999999999998
      vertex 82.400000000000006 20.199999999999999 0.14999999999999999
    endloop
  endfacet
  facet normal -0.24253562503637796 0 0.97014250014532066
    outer loop
      vertex 82.439999999999998 24.159999999999989 0.15999999999999998
      vertex 82.400000000000006 20.199999999999999 0.14999999999999999
      vertex 82.439999999999998 20.199999999999999 0.15999999999999998
    endloop
  endfacet
  facet normal -0.24253562503637793 0 0.97014250014532066
    outer loop
      vertex 82.400000000000006 20.199999999999999 0.14999999999999999
      vertex 82.439999999999998 24.159999999999989 0.15999999999999998
      vertex 82.439999999999998 40 0.15999999999999998
    endloop
  endfacet
  facet normal -0.24253562503637796 0 0.97014250014532077
    outer loop
      vertex 82.400000000000006 20.199999999999999 0.14999999999999999
      vertex 82.439999999999998 40 0.15999999999999998
      vertex 82.400000000000006 40 0.14999999999999999
    endloop
  endfacet
  facet normal -0.24253562503637796 0 0.97014250014532066
    outer loop
      vertex 82.439999999999998 40.039999999999999 0.15999999999999998
      vertex 82.400000000000006 40 0.14999999999999999
      vertex 82.439999999999998 40 0.15999999999999998
    endloop
  endfacet
  facet normal -0.24253562503637799 0 0.97014250014532066
    outer loop
      vertex 82.400000000000006 40 0.14999999999999999
      vertex 82.439999999999998 40.039999999999999 0.15999999999999998
      vertex 82.439999999999998 40.200000000000003 0.15999999999999998
    endloop
  endfacet
  facet normal -0.24253562503637799 0 0.97014250014532066
    outer loop
      vertex 82.400000000000006 40 0.14999999999999999
      vertex 82.439999999999998 40.200000000000003 0.15999999999999998
      vertex 82.400000000000006 40.200000000000003 0.14999999999999999
    endloop
  endfacet
  facet normal -0.24253489721588756 0.002449847446625074 0.97013958886335894
    outer loop
      vertex 82.400000000000006 40.200000000000003 0.14999999999999999
      vertex 82.439999999999998 40.200000000000003 0.15999999999999998
      vertex 82.599999999999994 56.040000000000006 0.15999999999999998
    endloop
  endfacet
  facet normal -0.24253489721585547 0.0024498474466246637 0.97013958886336704
    outer loop
      vertex 82.400000000000006 40.200000000000003 0.14999999999999999
      vertex 82.599999999999994 56.040000000000006 0.15999999999999998
      vertex 82.599999999999994 60 0.14999999999999999
    endloop
  endfacet
  facet normal -0.24253489721585544 0.0024498474466246637 0.97013958886336704
    outer loop
      vertex 82.400000000000006 52.080000000000005 0.12
      vertex 82.400000000000006 40.200000000000003 0.14999999999999999
      vertex 82.599999999999994 60 0.14999999999999999
    endloop
  endfacet
  facet normal -0.24253489721586094 0.0024498474466248072 0.9701395888633656
    outer loop
      vertex 82.400000000000006 52.080000000000005 0.12
      vertex 82.599999999999994 60 0.14999999999999999
      vertex 82.480000000000004 60 0.12
    endloop
  endfacet
  facet normal -0.24253562503635134 0 0.97014250014532732
    outer loop
      vertex 82.480000000000004 60.079999999999998 0.12
      vertex 82.480000000000004 60 0.12
      vertex 82.599999999999994 60 0.14999999999999999
    endloop
  endfacet
  facet normal -0.24253562503635137 0 0.97014250014532732
    outer loop
      vertex 82.480000000000004 60.079999999999998 0.12
      vertex 82.599999999999994 60 0.14999999999999999
      vertex 82.599999999999994 60.200000000000003 0.14999999999999999
    endloop
  endfacet
  facet normal -0.24253562503635134 0 0.97014250014532732
    outer loop
      vertex 82.480000000000004 60.079999999999998 0.12
      vertex 82.599999999999994 60.200000000000003 0.14999999999999999
      vertex 82.480000000000004 60.200000000000003 0.12
    endloop
  endfacet
  facet normal -0.24253489721586091 0.0024498474466246611 0.9701395888633656
    outer loop
      vertex 82.480000000000004 60.200000000000003 0.12
      vertex 82.599999999999994 60.200000000000003 0.14999999999999999
      vertex 82.599999999999994 72.079999999999998 0.12
    endloop
  endfacet
  facet normal -0.2425327137937095 -0.0048996507837107631 0.97013085517473163
    outer loop
      vertex 82.546666666666667 94.719999999999999 0.15999999999999998
      vertex 82.493333333333339 89.439999999999998 0.12
      vertex 82.599999999999994 84.159999999999997 0.12
    endloop
  endfacet
  facet normal -0.2425327137937095 -0.0048996507837107631 0.97013085517473163
    outer loop
      vertex 82.546666666666667 94.719999999999999 0.15999999999999998
      vertex 82.599999999999994 84.159999999999997 0.12
      vertex 82.599999999999994 92.079999999999998 0.15999999999999998
    endloop
  endfacet
  facet normal -0.24253271379369229 -0.0048996507837109704 0.97013085517473607
    outer loop
      vertex 82.400000000000006 94.060000000000002 0.12
      vertex 82.493333333333339 89.439999999999998 0.12
      vertex 82.546666666666667 94.719999999999999 0.15999999999999998
    endloop
  endfacet
  facet normal -0.24253271379369187 -0.0048996507837110589 0.97013085517473607
    outer loop
      vertex 82.400000000000006 94.060000000000002 0.12
      vertex 82.546666666666667 94.719999999999999 0.15999999999999998
      vertex 82.439999999999998 100 0.15999999999999998
    endloop
  endfacet
  facet normal -0.24253271379372948 -0.0048996507837107423 0.97013085517472664
    outer loop
      vertex 82.400000000000006 94.060000000000002 0.12
      vertex 82.439999999999998 100 0.15999999999999998
      vertex 82.400000000000006 100 0.14999999999999999
    endloop
  endfacet
  facet normal 0 -0.70710678118654757 0.70710678118654757
    outer loop
      vertex 82.759999999999991 0.15999999999999998 0.15999999999999998
      vertex 82.719999999999999 0.12 0.12
      vertex 82.799999999999997 0.12 0.12
    endloop
  endfacet
  facet normal 0 -0.70710678118654746 0.70710678118654746
    outer loop
      vertex 82.759999999999991 0.15999999999999998 0.15999999999999998
      vertex 82.799999999999997 0.12 0.12
      vertex 82.799999999999997 0.15999999999999998 0.15999999999999998
    endloop
  endfacet
  facet normal 0 -0.70710678118654746 0.70710678118654746
    outer loop
      vertex 82.599999999999994 0.15999999999999998 0.15999999999999998
      vertex 82.599999999999994 0.12 0.12
      vertex 82.719999999999999 0.12 0.12
    endloop
  endfacet
  facet normal 0 -0.70710678118654757 0.70710678118654757
    outer loop
      vertex 82.599999999999994 0.15999999999999998 0.15999999999999998
      vertex 82.719999999999999 0.12 0.12
      vertex 82.759999999999991 0.15999999999999998 0.15999999999999998
    endloop
  endfacet
  facet normal -0 0.24253562503633741 0.97014250014533077
    outer loop
      vertex 82.759999999999991 10.16 0.15999999999999998
      vertex 82.799999999999997 10.16 0.15999999999999998
      vertex 82.799999999999997 10.199999999999999 0.14999999999999999
    endloop
  endfacet
  facet normal -0 0.24253562503633741 0.97014250014533088
    outer loop
      vertex 82.599999999999994 10.16 0.15999999999999998
      vertex 82.759999999999991 10.16 0.15999999999999998
      vertex 82.799999999999997 10.199999999999999 0.14999999999999999
    endloop
  endfacet
  facet normal 0 0.24253562503633741 0.97014250014533077
    outer loop
      vertex 82.599999999999994 10.16 0.15999999999999998
      vertex 82.799999999999997 10.199999999999999 0.14999999999999999
      vertex 82.599999999999994 10.199999999999999 0.14999999999999999
    endloop
  endfacet
  facet normal 0 0 1
    outer loop
      vertex 82.599999999999994 10.199999999999999 0.14999999999999999
      vertex 82.799999999999997 10.199999999999999 0.14999999999999999
      vertex 82.799999999999997 20 0.14999999999999999
    endloop
  endfacet
  facet normal 0 0 1
    outer loop
      vertex 82.599999999999994 10.199999999999999 0.14999999999999999
      vertex 82.799999999999997 20 0.14999999999999999
      vertex 82.599999999999994 20 0.14999999999999999
    endloop
  endfacet
  facet normal 0 -0.24253562503633735 0.97014250014533077
    outer loop
      vertex 82.640000000000001 20.039999999999999 0.15999999999999998
      vertex 82.599999999999994 20 0.14999999999999999
      vertex 82.799999999999997 20 0.14999999999999999
    endloop
  endfacet
  facet normal 0 -0.24253562503633741 0.97014250014533088
    outer loop
      vertex 82.640000000000001 20.039999999999999 0.15999999999999998
      vertex 82.799999999999997 20 0.14999999999999999
      vertex 82.799999999999997 20.039999999999999 0.15999999999999998
    endloop
  endfacet
  facet normal 0 -0.24253562503633741 0.97014250014533077
    outer loop
      vertex 82.599999999999994 20.039999999999999 0.15999999999999998
      vertex 82.599999999999994 20 0.14999999999999999
      vertex 82.640000000000001 20.039999999999999 0.15999999999999998
    endloop
  endfacet
  facet normal -0 0.0025252444736492186 0.99999681156509101
    outer loop
      vertex 82.759999999999991 56.040000000000006 0.15999999999999998
      vertex 82.799999999999997 56.040000000000006 0.15999999999999998
      vertex 82.799999999999997 60 0.14999999999999999
    endloop
  endfacet
  facet normal -0 0.0025252444736492186 0.99999681156509101
    outer loop
      vertex 82.599999999999994 56.040000000000006 0.15999999999999998
      vertex 82.759999999999991 56.040000000000006 0.15999999999999998
      vertex 82.799999999999997 60 0.14999999999999999
    endloop
  endfacet
  facet normal 0 0.0025252444736492195 0.99999681156509113
    outer loop
      vertex 82.599999999999994 56.040000000000006 0.15999999999999998
      vertex 82.799999999999997 60 0.14999999999999999
      vertex 82.599999999999994 60 0.14999999999999999
    endloop
  endfacet
  facet normal 0 0 1
    outer loop
      vertex 82.599999999999994 60 0.14999999999999999
      vertex 82.799999999999997 60 0.14999999999999999
      vertex 82.799999999999997 60.200000000000003 0.14999999999999999
    endloop
  endfacet
  facet normal 0 0 1
    outer loop
      vertex 82.599999999999994 60 0.14999999999999999
      vertex 82.799999999999997 60.200000000000003 0.14999999999999999
      vertex 82.599999999999994 60.200000000000003 0.14999999999999999
    endloop
  endfacet
  facet normal 0 0.0025252444736492208 0.99999681156509101
    outer loop
      vertex 82.719999999999999 72.079999999999998 0.12
      vertex 82.599999999999994 60.200000000000003 0.14999999999999999
      vertex 82.799999999999997 60.200000000000003 0.14999999999999999
    endloop
  endfacet
  facet normal -0 0.0025252444736492204 0.99999681156509101
    outer loop
      vertex 82.719999999999999 72.079999999999998 0.12
      vertex 82.799999999999997 60.200000000000003 0.14999999999999999
      vertex 82.799999999999997 72.079999999999998 0.12
    endloop
  endfacet
  facet normal -0 0.0025252444736492208 0.99999681156509113
    outer loop
      vertex 82.599999999999994 72.079999999999998 0.12
      vertex 82.599999999999994 60.200000000000003 0.14999999999999999
      vertex 82.719999999999999 72.079999999999998 0.12
    endloop
  endfacet
  facet normal 0 -0.0050504406386027816 0.99998724644335146
    outer loop
      vertex 82.719999999999999 92.079999999999998 0.15999999999999998
      vertex 82.640000000000001 84.159999999999997 0.12
      vertex 82.799999999999997 84.159999999999997 0.12
    endloop
  endfacet
  facet normal 0 -0.0050504406386027816 0.99998724644335146
    outer loop
      vertex 82.719999999999999 92.079999999999998 0.15999999999999998
      vertex 82.799999999999997 84.159999999999997 0.12
      vertex 82.799999999999997 92.079999999999998 0.15999999999999998
    endloop
  endfacet
  facet normal 0 -0.0050504406386027816 0.99998724644335146
    outer loop
      vertex 82.599999999999994 92.079999999999998 0.15999999999999998
      vertex 82.599999999999994 84.159999999999997 0.12
      vertex 82.640000000000001 84.159999999999997 0.12
    endloop
  endfacet
  facet normal 0 -0.0050504406386027807 0.99998724644335135
    outer loop
      vertex 82.599999999999994 92.079999999999998 0.15999999999999998
      vertex 82.640000000000001 84.159999999999997 0.12
      vertex 82.719999999999999 92.079999999999998 0.15999999999999998
    endloop
  endfacet
  facet normal 0 -0.70710678118654757 0.70710678118654757
    outer loop
      vertex 82.959999999999994 0.15999999999999998 0.15999999999999998
      vertex 82.920000000000002 0.12 0.12
      vertex 83 0.12 0.12
    endloop
  endfacet
  facet normal 0 -0.70710678118654746 0.70710678118654746
    outer loop
      vertex 82.959999999999994 0.15999999999999998 0.15999999999999998
      vertex 83 0.12 0.12
      vertex 83 0.15999999999999998 0.15999999999999998
    endloop
  endfacet
  facet normal 0 -0.70710678118654746 0.70710678118654746
    outer loop
      vertex 82.799999999999997 0.15999999999999998 0.15999999999999998
      vertex 82.799999999999997 0.12 0.12
      vertex 82.920000000000002 0.12 0.12
    endloop
  endfacet
  facet normal 0 -0.70710678118654757 0.70710678118654757
    outer loop
      vertex 82.799999999999997 0.15999999999999998 0.15999999999999998
      vertex 82.920000000000002 0.12 0.12
      vertex 82.959999999999994 0.15999999999999998 0.15999999999999998
    endloop
  endfacet
  facet normal -0 0.24253562503633741 0.97014250014533077
    outer loop
      vertex 82.959999999999994 10.16 0.15999999999999998
      vertex 83 10.16 0.15999999999999998
      vertex 83 10.199999999999999 0.14999999999999999
    endloop
  endfacet
  facet normal -0 0.24253562503633741 0.97014250014533088
    outer loop
      vertex 82.799999999999997 10.16 0.15999999999999998
      vertex 82.959999999999994 10.16 0.15999999999999998
      vertex 83 10.199999999999999 0.14999999999999999
    endloop
  endfacet
  facet normal 0 0.24253562503633741 0.97014250014533077
    outer loop
      vertex 82.799999999999997 10.16 0.15999999999999998
      vertex 83 10.199999999999999 0.14999999999999999
      vertex 82.799999999999997 10.199999999999999 0.14999999999999999
    endloop
  endfacet
  facet normal 0 0 1
    outer loop
      vertex 82.799999999999997 10.199999999999999 0.14999999999999999
      vertex 83 10.199999999999999 0.14999999999999999
      vertex 83 20 0.14999999999999999
    endloop
  endfacet
  facet normal 0 0 1
    outer loop
      vertex 82.799999999999997 10.199999999999999 0.14999999999999999
      vertex 83 20 0.14999999999999999
      vertex 82.799999999999997 20 0.14999999999999999
    endloop
  endfacet
  facet normal 0 -0.24253562503633735 0.97014250014533077
    outer loop
      vertex 82.840000000000003 20.039999999999999 0.15999999999999998
      vertex 82.799999999999997 20 0.14999999999999999
      vertex 83 20 0.14999999999999999
    endloop
  endfacet
  facet normal 0 -0.24253562503633741 0.97014250014533088
    outer loop
      vertex 82.840000000000003 20.039999999999999 0.15999999999999998
      vertex 83 20 0.14999999999999999
      vertex 83 20.039999999999999 0.15999999999999998
    endloop
  endfacet
  facet normal 0 -0.24253562503633741 0.97014250014533077
    outer loop
      vertex 82.799999999999997 20.039999999999999 0.15999999999999998
      vertex 82.799999999999997 20 0.14999999999999999
      vertex 82.840000000000003 20.039999999999999 0.15999999999999998
    endloop
  endfacet
  facet normal -0 0.0025252444736492186 0.99999681156509101
    outer loop
      vertex 82.959999999999994 56.040000000000006 0.15999999999999998
      vertex 83 56.040000000000006 0.15999999999999998
      vertex 83 60 0.14999999999999999
    endloop
  endfacet
  facet normal -0 0.0025252444736492186 0.99999681156509101
    outer loop
      vertex 82.799999999999997 56.040000000000006 0.15999999999999998
      vertex 82.959999999999994 56.040000000000006 0.15999999999999998
      vertex 83 60 0.14999999999999999
    endloop
  endfacet
  facet normal 0 0.0025252444736492195 0.99999681156509113
    outer loop
      vertex 82.799999999999997 56.040000000000006 0.15999999999999998
      vertex 83 60 0.14999999999999999
      vertex 82.799999999999997 60 0.14999999999999999
    endloop
  endfacet
  facet normal 0 0 1
    outer loop
      vertex 82.799999999999997 60 0.14999999999999999
      vertex 83 60 0.14999999999999999
      vertex 83 60.200000000000003 0.14999999999999999
    endloop
  endfacet
  facet normal 0 0 1
    outer loop
      vertex 82.799999999999997 60 0.14999999999999999
      vertex 83 60.200000000000003 0.14999999999999999
      vertex 82.799999999999997 60.200000000000003 0.14999999999999999
    endloop
  endfacet
  facet normal 0 0.0025252444736492208 0.99999681156509101
    outer loop
      vertex 82.920000000000002 72.079999999999998 0.12
      vertex 82.799999999999997 60.200000000000003 0.14999999999999999
      vertex 83 60.200000000000003 0.14999999999999999
    endloop
  endfacet
  facet normal -0 0.0025252444736492204 0.99999681156509101
    outer loop
      vertex 82.920000000000002 72.079999999999998 0.12
      vertex 83 60.200000000000003 0.14999999999999999
      vertex 83 72.079999999999998 0.12
    endloop
  endfacet
  facet normal -0 0.0025252444736492208 0.99999681156509113
    outer loop
      vertex 82.799999999999997 72.079999999999998 0.12
      vertex 82.799999999999997 60.200000000000003 0.14999999999999999
      vertex 82.920000000000002 72.079999999999998 0.12
    endloop
  endfacet
  facet normal 0 -0.0050504406386027816 0.99998724644335146
    outer loop
      vertex 82.920000000000002 92.079999999999998 0.15999999999999998
      vertex 82.840000000000003 84.159999999999997 0.12
      vertex 83 84.159999999999997 0.12
    endloop
  endfacet
  facet normal 0 -0.0050504406386027816 0.99998724644335146
    outer loop
      vertex 82.920000000000002 92.079999999999998 0.15999999999999998
      vertex 83 84.159999999999997 0.12
      vertex 83 92.079999999999998 0.15999999999999998
    endloop
  endfacet
  facet normal 0 -0.0050504406386027816 0.99998724644335146
    outer loop
      vertex 82.799999999999997 92.079999999999998 0.15999999999999998
      vertex 82.799999999999997 84.159999999999997 0.12
      vertex 82.840000000000003 84.159999999999997 0.12
    endloop
  endfacet
  facet normal 0 -0.0050504406386027807 0.99998724644335135
    outer loop
      vertex 82.799999999999997 92.079999999999998 0.15999999999999998
      vertex 82.840000000000003 84.159999999999997 0.12
      vertex 82.920000000000002 92.079999999999998 0.15999999999999998
    endloop
  endfacet
  facet normal 0 -0.70710678118654757 0.70710678118654757
    outer loop
      vertex 83.159999999999997 0.15999999999999998 0.15999999999999998
      vertex 83.120000000000005 0.12 0.12
      vertex 83.200000000000003 0.12 0.12
    endloop
  endfacet
  facet normal 0 -0.70710678118654746 0.70710678118654746
    outer loop
      vertex 83.159999999999997 0.15999999999999998 0.15999999999999998
      vertex 83.200000000000003 0.12 0.12
      vertex 83.200000000000003 0.15999999999999998 0.15999999999999998
    endloop
  endfacet
  facet normal 0 -0.70710678118654746 0.70710678118654746
    outer loop
      vertex 83 0.15999999999999998 0.15999999999999998
      vertex 83 0.12 0.12
      vertex 83.120000000000005 0.12 0.12
    endloop
  endfacet
  facet normal 0 -0.70710678118654757 0.70710678118654757
    outer loop
      vertex 83 0.15999999999999998 0.15999999999999998
      vertex 83.120000000000005 0.12 0.12
      vertex 83.159999999999997 0.15999999999999998 0.15999999999999998
    endloop
  endfacet
  facet normal -0 0.24253562503633741 0.97014250014533077
    outer loop
      vertex 83.159999999999997 10.16 0.15999999999999998
      vertex 83.200000000000003 10.16 0.15999999999999998
      vertex 83.200000000000003 10.199999999999999 0.14999999999999999
    endloop
  endfacet
  facet normal -0 0.24253562503633741 0.97014250014533088
    outer loop
      vertex 83 10.16 0.15999999999999998
      vertex 83.159999999999997 10.16 0.15999999999999998
      vertex 83.200000000000003 10.199999999999999 0.14999999999999999
    endloop
  endfacet
  facet normal 0 0.24253562503633741 0.97014250014533077
    outer loop
      vertex 83 10.16 0.15999999999999998
      vertex 83.200000000000003 10.199999999999999 0.14999999999999999
      vertex 83 10.199999999999999 0.14999999999999999
    endloop
  endfacet
  facet normal 0 0 1
    outer loop
      vertex 83 10.199999999999999 0.14999999999999999
      vertex 83.200000000000003 10.199999999999999 0.14999999999999999
      vertex 83.200000000000003 20 0.14999999999999999
    endloop
  endfacet
  facet normal 0 0 1
    outer loop
      vertex 83 10.199999999999999 0.14999999999999999
      vertex 83.200000000000003 20 0.14999999999999999
      vertex 83 20 0.14999999999999999
    endloop
  endfacet
  facet normal 0 -0.24253562503633735 0.97014250014533077
    outer loop
      vertex 83.040000000000006 20.039999999999999 0.15999999999999998
      vertex 83 20 0.14999999999999999
      vertex 83.200000000000003 20 0.14999999999999999
    endloop
  endfacet
  facet normal 0 -0.24253562503633741 0.97014250014533088
    outer loop
      vertex 83.040000000000006 20.039999999999999 0.15999999999999998
      vertex 83.200000000000003 20 0.14999999999999999
      vertex 83.200000000000003 20.039999999999999 0.15999999999999998
    endloop
  endfacet
  facet normal 0 -0.24253562503633741 0.97014250014533077
    outer loop
      vertex 83 20.039999999999999 0.15999999999999998
      vertex 83 20 0.14999999999999999
      vertex 83.040000000000006 20.039999999999999 0.15999999999999998
    endloop
  endfacet
  facet normal -0 0.0025252444736492186 0.99999681156509101
    outer loop
      vertex 83.159999999999997 56.040000000000006 0.15999999999999998
      vertex 83.200000000000003 56.040000000000006 0.15999999999999998
      vertex 83.200000000000003 60 0.14999999999999999
    endloop
  endfacet
  facet normal -0 0.0025252444736492186 0.99999681156509101
    outer loop
      vertex 83 56.040000000000006 0.15999999999999998
      vertex 83.159999999999997 56.040000000000006 0.15999999999999998
      vertex 83.200000000000003 60 0.14999999999999999
    endloop
  endfacet
  facet normal 0 0.0025252444736492195 0.99999681156509113
    outer loop
      vertex 83 56.040000000000006 0.15999999999999998
      vertex 83.200000000000003 60 0.14999999999999999
      vertex 83 60 0.14999999999999999
    endloop
  endfacet
  facet normal 0 0 1
    outer loop
      vertex 83 60 0.14999999999999999
      vertex 83.200000000000003 60 0.14999999999999999
      vertex 83.200000000000003 60.200000000000003 0.14999999999999999
    endloop
  endfacet
  facet normal 0 0 1
    outer loop
      vertex 83 60 0.14999999999999999
      vertex 83.200000000000003 60.200000000000003 0.14999999999999999
      vertex 83 60.200000000000003 0.14999999999999999
    endloop
  endfacet
  facet normal 0 0.0025252444736492208 0.99999681156509101
    outer loop
      vertex 83.120000000000005 72.079999999999998 0.12
      vertex 83 60.200000000000003 0.14999999999999999
      vertex 83.200000000000003 60.200000000000003 0.14999999999999999
    endloop
  endfacet
  facet normal -0 0.0025252444736492204 0.99999681156509101
    outer loop
      vertex 83.120000000000005 72.079999999999998 0.12
      vertex 83.200000000000003 60.200000000000003 0.14999999999999999
      vertex 83.200000000000003 72.079999999999998 0.12
    endloop
  endfacet
  facet normal -0 0.0025252444736492208 0.99999681156509113
    outer loop
      vertex 83 72.079999999999998 0.12
      vertex 83 60.200000000000003 0.14999999999999999
      vertex 83.120000000000005 72.079999999999998 0.12
    endloop
  endfacet
  facet normal 0 -0.0050504406386027816 0.99998724644335146
    outer loop
      vertex 83.120000000000005 92.079999999999998 0.15999999999999998
      vertex 83.040000000000006 84.159999999999997 0.12
      vertex 83.200000000000003 84.159999999999997 0.12
    endloop
  endfacet
  facet normal 0 -0.0050504406386027816 0.99998724644335146
    outer loop
      vertex 83.120000000000005 92.079999999999998 0.15999999999999998
      vertex 83.200000000000003 84.159999999999997 0.12
      vertex 83.200000000000003 92.079999999999998 0.15999999999999998
    endloop
  endfacet
  facet normal 0 -0.0050504406386027816 0.99998724644335146
    outer loop
      vertex 83 92.079999999999998 0.15999999999999998
      vertex 83 84.159999999999997 0.12
      vertex 83.040000000000006 84.159999999999997 0.12
    endloop
  endfacet
  facet normal 0 -0.0050504406386027807 0.99998724644335135
    outer loop
      vertex 83 92.079999999999998 0.15999999999999998
      vertex 83.040000000000006 84.159999999999997 0.12
      vertex 83.120000000000005 92.079999999999998 0.15999999999999998
    endloop
  endfacet
  facet normal 0.3333333333333397 -0.66666666666666508 0.66666666666666508
    outer loop
      vertex 83.200000000000003 0.15999999999999998 0.15999999999999998
      vertex 83.200000000000003 0.12 0.12
      vertex 83.359999999999999 0.20000000000000001 0.12
    endloop
  endfacet
  facet normal 0.3333333333333397 -0.66666666666666463 0.66666666666666552
    outer loop
      vertex 83.200000000000003 0.15999999999999998 0.15999999999999998
      vertex 83.359999999999999 0.20000000000000001 0.12
      vertex 83.280000000000001 0.20000000000000001 0.15999999999999998
    endloop
  endfacet
  facet normal 0.44721359549996542 0 0.89442719099991219
    outer loop
      vertex 83.359999999999999 8.0400000000000009 0.12
      vertex 83.280000000000001 4.1200000000000028 0.15999999999999998
      vertex 83.280000000000001 0.20000000000000001 0.15999999999999998
    endloop
  endfacet
  facet normal 0.44721359549996537 0 0.89442719099991208
    outer loop
      vertex 83.359999999999999 8.0400000000000009 0.12
      vertex 83.280000000000001 0.20000000000000001 0.15999999999999998
      vertex 83.359999999999999 0.20000000000000001 0.12
    endloop
  endfacet
  facet normal 0.44721359549996537 0 0.89442719099991208
    outer loop
      vertex 83.280000000000001 4.1200000000000037 0.15999999999999998
      vertex 83.359999999999999 8.0400000000000027 0.12
      vertex 83.359999999999999 10 0.12
    endloop
  endfacet
  facet normal 0.44721359549996542 -0 0.89442719099991219
    outer loop
      vertex 83.280000000000001 4.1200000000000037 0.15999999999999998
      vertex 83.359999999999999 10 0.12
      vertex 83.280000000000001 10 0.15999999999999998
    endloop
  endfacet
  facet normal 0.40824829046385663 -0.40824829046392896 0.81649658092769617
    outer loop
      vertex 83.280000000000001 10 0.15999999999999998
      vertex 83.359999999999999 10 0.12
      vertex 83.400000000000006 10.039999999999999 0.12
    endloop
  endfacet
  facet normal 0.40824829046384759 -0.40824829046386563 0.81649658092773247
    outer loop
      vertex 83.280000000000001 10 0.15999999999999998
      vertex 83.400000000000006 10.039999999999999 0.12
      vertex 83.400000000000006 10.119999999999999 0.15999999999999998
    endloop
  endfacet
  facet normal -0.23570226039548037 0.23570226039552225 0.94280904158207068
    outer loop
      vertex 83.200000000000003 10.16 0.15999999999999998
      vertex 83.240000000000009 10.199999999999999 0.15999999999999998
      vertex 83.200000000000003 10.199999999999999 0.14999999999999999
    endloop
  endfacet
  facet normal -0.24253562503629689 0 0.97014250014534098
    outer loop
      vertex 83.240000000000009 12.159999999999995 0.15999999999999998
      vertex 83.200000000000003 10.199999999999999 0.14999999999999999
      vertex 83.240000000000009 10.199999999999999 0.15999999999999998
    endloop
  endfacet
  facet normal -0.24253562503629689 0 0.97014250014534098
    outer loop
      vertex 83.200000000000003 10.199999999999999 0.14999999999999999
      vertex 83.240000000000009 12.159999999999995 0.15999999999999998
      vertex 83.240000000000009 20 0.15999999999999998
    endloop
  endfacet
  facet normal -0.24253562503629683 0 0.97014250014534076
    outer loop
      vertex 83.200000000000003 10.199999999999999 0.14999999999999999
      vertex 83.240000000000009 20 0.15999999999999998
      vertex 83.200000000000003 20 0.14999999999999999
    endloop
  endfacet
  facet normal -0.21821789023596233 0.43643578047196374 0.87287156094398755
    outer loop
      vertex 83.320000000000007 20.120000000000001 0.12
      vertex 83.200000000000003 20 0.14999999999999999
      vertex 83.240000000000009 20 0.15999999999999998
    endloop
  endfacet
  facet normal -0.21821789023600141 0.43643578047198345 0.87287156094396801
    outer loop
      vertex 83.320000000000007 20.120000000000001 0.12
      vertex 83.240000000000009 20 0.15999999999999998
      vertex 83.400000000000006 20.080000000000002 0.15999999999999998
    endloop
  endfacet
  facet normal -0.21821789023599583 0.43643578047199166 0.87287156094396512
    outer loop
      vertex 83.320000000000007 20.120000000000001 0.12
      vertex 83.400000000000006 20.080000000000002 0.15999999999999998
      vertex 83.400000000000006 20.16 0.12
    endloop
  endfacet
  facet normal 0.4364357804719759 -0.21821789023599744 0.87287156094397267
    outer loop
      vertex 83.200000000000003 20.039999999999999 0.15999999999999998
      vertex 83.200000000000003 20 0.14999999999999999
      vertex 83.320000000000007 20.120000000000001 0.12
    endloop
  endfacet
  facet normal 0.43643578047194376 -0.21821789023593319 0.87287156094400475
    outer loop
      vertex 83.200000000000003 20.039999999999999 0.15999999999999998
      vertex 83.320000000000007 20.120000000000001 0.12
      vertex 83.359999999999999 20.199999999999999 0.12
    endloop
  endfacet
  facet normal 0.43643578047199216 -0.21821789023599122 0.87287156094396612
    outer loop
      vertex 83.200000000000003 20.039999999999999 0.15999999999999998
      vertex 83.359999999999999 20.199999999999999 0.12
      vertex 83.280000000000001 20.199999999999999 0.15999999999999998
    endloop
  endfacet
  facet normal 0.44721359549996542 0 0.89442719099991219
    outer loop
      vertex 83.359999999999999 36.039999999999999 0.12
      vertex 83.280000000000001 28.120000000000005 0.15999999999999998
      vertex 83.280000000000001 20.199999999999999 0.15999999999999998
    endloop
  endfacet
  facet normal 0.44721359549996542 0 0.89442719099991219
    outer loop
      vertex 83.359999999999999 36.039999999999999 0.12
      vertex 83.280000000000001 20.199999999999999 0.15999999999999998
      vertex 83.359999999999999 20.199999999999999 0.12
    endloop
  endfacet
  facet normal 0.44721359549996559 0 0.89442719099991208
    outer loop
      vertex 83.280000000000001 28.120000000000008 0.15999999999999998
      vertex 83.359999999999999 36.040000000000006 0.12
      vertex 83.359999999999999 40 0.12
    endloop
  endfacet
  facet normal 0.44721359549996542 -0 0.89442719099991219
    outer loop
      vertex 83.280000000000001 28.120000000000008 0.15999999999999998
      vertex 83.359999999999999 40 0.12
      vertex 83.280000000000001 40 0.15999999999999998
    endloop
  endfacet
  facet normal 0.44721359549996526 0 0.89442719099991208
    outer loop
      vertex 83.359999999999999 40.160000000000004 0.12
      vertex 83.280000000000001 40.080000000000005 0.15999999999999998
      vertex 83.280000000000001 40 0.15999999999999998
    endloop
  endfacet
  facet normal 0.44721359549996537 0 0.89442719099991219
    outer loop
      vertex 83.359999999999999 40.160000000000004 0.12
      vertex 83.280000000000001 40 0.15999999999999998
      vertex 83.359999999999999 40 0.12
    endloop
  endfacet
  facet normal 0.44721359549996526 0 0.89442719099991208
    outer loop
      vertex 83.280000000000001 40.080000000000005 0.15999999999999998
      vertex 83.359999999999999 40.160000000000004 0.12
      vertex 83.359999999999999 40.200000000000003 0.12
    endloop
  endfacet
  facet normal 0.44721359549996542 -0 0.8944271909999123
    outer loop
      vertex 83.280000000000001 40.080000000000005 0.15999999999999998
      vertex 83.359999999999999 40.200000000000003 0.12
      vertex 83.280000000000001 40.200000000000003 0.15999999999999998
    endloop
  endfacet
  facet normal 0.44720903263136824 -0.0045172629558731187 0.89441806526271794
    outer loop
      vertex 83.280000000000001 40.200000000000003 0.15999999999999998
      vertex 83.359999999999999 40.200000000000003 0.12
      vertex 83.400000000000006 44.159999999999997 0.12
    endloop
  endfacet
  facet normal 0.44720903263134698 -0.0045172629558723667 0.8944180652627286
    outer loop
      vertex 83.280000000000001 40.200000000000003 0.15999999999999998
      vertex 83.400000000000006 44.159999999999997 0.12
      vertex 83.400000000000006 52.079999999999991 0.15999999999999998
    endloop
  endfacet
  facet normal -0.24253489721580643 0.002449847446624694 0.97013958886337925
    outer loop
      vertex 83.200000000000003 56.040000000000006 0.15999999999999998
      vertex 83.240000000000009 60 0.15999999999999998
      vertex 83.200000000000003 60 0.14999999999999999
    endloop
  endfacet
  facet normal -0.24253562503629686 0 0.97014250014534098
    outer loop
      vertex 83.240000000000009 60.039999999999999 0.15999999999999998
      vertex 83.200000000000003 60 0.14999999999999999
      vertex 83.240000000000009 60 0.15999999999999998
    endloop
  endfacet
  facet normal -0.24253562503629689 0 0.97014250014534087
    outer loop
      vertex 83.200000000000003 60 0.14999999999999999
      vertex 83.240000000000009 60.039999999999999 0.15999999999999998
      vertex 83.240000000000009 60.200000000000003 0.15999999999999998
    endloop
  endfacet
  facet normal -0.24253562503629691 0 0.97014250014534098
    outer loop
      vertex 83.200000000000003 60 0.14999999999999999
      vertex 83.240000000000009 60.200000000000003 0.15999999999999998
      vertex 83.200000000000003 60.200000000000003 0.14999999999999999
    endloop
  endfacet
  facet normal -0.24253489721580646 0.0024498474466242552 0.97013958886337925
    outer loop
      vertex 83.200000000000003 60.200000000000003 0.14999999999999999
      vertex 83.240000000000009 60.200000000000003 0.15999999999999998
      vertex 83.400000000000006 76.040000000000006 0.15999999999999998
    endloop
  endfacet
  facet normal -0.24253489721583918 0.0024498474466246737 0.97013958886337093
    outer loop
      vertex 83.200000000000003 60.200000000000003 0.14999999999999999
      vertex 83.400000000000006 76.040000000000006 0.15999999999999998
      vertex 83.400000000000006 80 0.14999999999999999
    endloop
  endfacet
  facet normal -0.24253489721583935 0.002449847446624675 0.97013958886337093
    outer loop
      vertex 83.200000000000003 72.079999999999998 0.12
      vertex 83.200000000000003 60.200000000000003 0.14999999999999999
      vertex 83.400000000000006 80 0.14999999999999999
    endloop
  endfacet
  facet normal -0.24253489721583385 0.0024498474466245314 0.97013958886337237
    outer loop
      vertex 83.200000000000003 72.079999999999998 0.12
      vertex 83.400000000000006 80 0.14999999999999999
      vertex 83.280000000000001 80 0.12
    endloop
  endfacet
  facet normal -0.24253562503632428 0 0.97014250014533399
    outer loop
      vertex 83.280000000000001 80.079999999999998 0.12
      vertex 83.280000000000001 80 0.12
      vertex 83.400000000000006 80 0.14999999999999999
    endloop
  endfacet
  facet normal -0.24253562503632431 0 0.97014250014533399
    outer loop
      vertex 83.280000000000001 80.079999999999998 0.12
      vertex 83.400000000000006 80 0.14999999999999999
      vertex 83.400000000000006 80.200000000000003 0.14999999999999999
    endloop
  endfacet
  facet normal -0.24253562503632431 0 0.9701425001453341
    outer loop
      vertex 83.280000000000001 80.079999999999998 0.12
      vertex 83.400000000000006 80.200000000000003 0.14999999999999999
      vertex 83.280000000000001 80.200000000000003 0.12
    endloop
  endfacet
  facet normal -0.24253489721583391 0.0024498474466246784 0.97013958886337248
    outer loop
      vertex 83.280000000000001 80.200000000000003 0.12
      vertex 83.400000000000006 80.200000000000003 0.14999999999999999
      vertex 83.400000000000006 92.079999999999998 0.12
    endloop
  endfacet
  facet normal 0.44720903263136819 -0.0045172629558723094 0.89441806526271772
    outer loop
      vertex 83.200000000000003 92.079999999999998 0.15999999999999998
      vertex 83.200000000000003 84.159999999999997 0.12
      vertex 83.359999999999999 100 0.12
    endloop
  endfacet
  facet normal 0.44720903263136819 -0.0045172629558723094 0.89441806526271772
    outer loop
      vertex 83.200000000000003 92.079999999999998 0.15999999999999998
      vertex 83.359999999999999 100 0.12
      vertex 83.280000000000001 100 0.15999999999999998
    endloop
  endfacet
  facet normal 0 -0.44721359549995748 0.89442719099991608
    outer loop
      vertex 83.519999999999996 10.119999999999999 0.15999999999999998
      vertex 83.439999999999998 10.039999999999999 0.12
      vertex 83.599999999999994 10.039999999999999 0.12
    endloop
  endfacet
  facet normal 0 -0.44721359549995748 0.89442719099991608
    outer loop
      vertex 83.519999999999996 10.119999999999999 0.15999999999999998
      vertex 83.599999999999994 10.039999999999999 0.12
      vertex 83.599999999999994 10.119999999999999 0.15999999999999998
    endloop
  endfacet
  facet normal 0 -0.44721359549995748 0.89442719099991619
    outer loop
      vertex 83.400000000000006 10.119999999999999 0.15999999999999998
      vertex 83.400000000000006 10.039999999999999 0.12
      vertex 83.439999999999998 10.039999999999999 0.12
    endloop
  endfacet
  facet normal 0 -0.44721359549995743 0.89442719099991619
    outer loop
      vertex 83.400000000000006 10.119999999999999 0.15999999999999998
      vertex 83.439999999999998 10.039999999999999 0.12
      vertex 83.519999999999996 10.119999999999999 0.15999999999999998
    endloop
  endfacet
  facet normal 0 0.44721359549996537 0.89442719099991219
    outer loop
      vertex 83.560000000000002 20.16 0.12
      vertex 83.480000000000004 20.080000000000002 0.15999999999999998
      vertex 83.599999999999994 20.080000000000002 0.15999999999999998
    endloop
  endfacet
  facet normal -0 0.44721359549996537 0.89442719099991208
    outer loop
      vertex 83.560000000000002 20.16 0.12
      vertex 83.599999999999994 20.080000000000002 0.15999999999999998
      vertex 83.599999999999994 20.16 0.12
    endloop
  endfacet
  facet normal 0 0.44721359549996542 0.89442719099991219
    outer loop
      vertex 83.400000000000006 20.16 0.12
      vertex 83.400000000000006 20.080000000000002 0.15999999999999998
      vertex 83.480000000000004 20.080000000000002 0.15999999999999998
    endloop
  endfacet
  facet normal -0 0.44721359549996542 0.89442719099991219
    outer loop
      vertex 83.400000000000006 20.16 0.12
      vertex 83.480000000000004 20.080000000000002 0.15999999999999998
      vertex 83.560000000000002 20.16 0.12
    endloop
  endfacet
  facet normal 0 -0.0050504406386027859 0.99998724644335146
    outer loop
      vertex 83.519999999999996 52.079999999999991 0.15999999999999998
      vertex 83.439999999999998 44.159999999999997 0.12
      vertex 83.599999999999994 44.159999999999997 0.12
    endloop
  endfacet
  facet normal 0 -0.0050504406386027859 0.99998724644335146
    outer loop
      vertex 83.519999999999996 52.079999999999991 0.15999999999999998
      vertex 83.599999999999994 44.159999999999997 0.12
      vertex 83.599999999999994 52.079999999999991 0.15999999999999998
    endloop
  endfacet
  facet normal 0 -0.005050440638602785 0.99998724644335124
    outer loop
      vertex 83.400000000000006 52.079999999999991 0.15999999999999998
      vertex 83.400000000000006 44.159999999999997 0.12
      vertex 83.439999999999998 44.159999999999997 0.12
    endloop
  endfacet
  facet normal 0 -0.0050504406386027859 0.99998724644335135
    outer loop
      vertex 83.400000000000006 52.079999999999991 0.15999999999999998
      vertex 83.439999999999998 44.159999999999997 0.12
      vertex 83.519999999999996 52.079999999999991 0.15999999999999998
    endloop
  endfacet
  facet normal -0 0.0025252444736492191 0.99999681156509101
    outer loop
      vertex 83.560000000000002 76.040000000000006 0.15999999999999998
      vertex 83.599999999999994 76.040000000000006 0.15999999999999998
      vertex 83.599999999999994 80 0.14999999999999999
    endloop
  endfacet
  facet normal -0 0.0025252444736492186 0.99999681156509101
    outer loop
      vertex 83.400000000000006 76.040000000000006 0.15999999999999998
      vertex 83.560000000000002 76.040000000000006 0.15999999999999998
      vertex 83.599999999999994 80 0.14999999999999999
    endloop
  endfacet
  facet normal 0 0.0025252444736492186 0.99999681156509101
    outer loop
      vertex 83.400000000000006 76.040000000000006 0.15999999999999998
      vertex 83.599999999999994 80 0.14999999999999999
      vertex 83.400000000000006 80 0.14999999999999999
    endloop
  endfacet
  facet normal 0 0 1
    outer loop
      vertex 83.400000000000006 80 0.14999999999999999
      vertex 83.599999999999994 80 0.14999999999999999
      vertex 83.599999999999994 80.200000000000003 0.14999999999999999
    endloop
  endfacet
  facet normal 0 0 1
    outer loop
      vertex 83.400000000000006 80 0.14999999999999999
      vertex 83.599999999999994 80.200000000000003 0.14999999999999999
      vertex 83.400000000000006 80.200000000000003 0.14999999999999999
    endloop
  endfacet
  facet normal 0 0.0025252444736492204 0.99999681156509101
    outer loop
      vertex 83.519999999999996 92.079999999999998 0.12
      vertex 83.400000000000006 80.200000000000003 0.14999999999999999
      vertex 83.599999999999994 80.200000000000003 0.14999999999999999
    endloop
  endfacet
  facet normal -0 0.0025252444736492204 0.99999681156509101
    outer loop
      vertex 83.519999999999996 92.079999999999998 0.12
      vertex 83.599999999999994 80.200000000000003 0.14999999999999999
      vertex 83.599999999999994 92.079999999999998 0.12
    endloop
  endfacet
  facet normal -0 0.0025252444736492208 0.99999681156509124
    outer loop
      vertex 83.400000000000006 92.079999999999998 0.12
      vertex 83.400000000000006 80.200000000000003 0.14999999999999999
      vertex 83.519999999999996 92.079999999999998 0.12
    endloop
  endfacet
  facet normal 0.66666666666667451 -0.33333333333332982 0.66666666666666063
    outer loop
      vertex 83.599999999999994 10.119999999999999 0.15999999999999998
      vertex 83.599999999999994 10.039999999999999 0.12
      vertex 83.679999999999993 10.199999999999999 0.12
    endloop
  endfacet
  facet normal 0.66666666666671404 -0.33333333333340875 0.6666666666665817
    outer loop
      vertex 83.599999999999994 10.119999999999999 0.15999999999999998
      vertex 83.679999999999993 10.199999999999999 0.12
      vertex 83.640000000000001 10.199999999999999 0.15999999999999998
    endloop
  endfacet
  facet normal 0.70710678118661774 0 0.70710678118647741
    outer loop
      vertex 83.679999999999993 14.120000000000001 0.12
      vertex 83.640000000000001 12.160000000000002 0.15999999999999998
      vertex 83.640000000000001 10.199999999999999 0.15999999999999998
    endloop
  endfacet
  facet normal 0.70710678118661774 0 0.70710678118647741
    outer loop
      vertex 83.679999999999993 14.120000000000001 0.12
      vertex 83.640000000000001 10.199999999999999 0.15999999999999998
      vertex 83.679999999999993 10.199999999999999 0.12
    endloop
  endfacet
  facet normal 0.70710678118661763 0 0.7071067811864773
    outer loop
      vertex 83.640000000000001 12.160000000000002 0.15999999999999998
      vertex 83.679999999999993 14.120000000000001 0.12
      vertex 83.679999999999993 20 0.12
    endloop
  endfacet
  facet normal 0.70710678118661774 -0 0.70710678118647741
    outer loop
      vertex 83.640000000000001 12.160000000000002 0.15999999999999998
      vertex 83.679999999999993 20 0.12
      vertex 83.640000000000001 20 0.15999999999999998
    endloop
  endfacet
  facet normal 0.70710678118661774 0 0.70710678118647741
    outer loop
      vertex 83.679999999999993 20.079999999999998 0.12
      vertex 83.640000000000001 20.039999999999999 0.15999999999999998
      vertex 83.640000000000001 20 0.15999999999999998
    endloop
  endfacet
  facet normal 0.70710678118661774 0 0.70710678118647741
    outer loop
      vertex 83.679999999999993 20.079999999999998 0.12
      vertex 83.640000000000001 20 0.15999999999999998
      vertex 83.679999999999993 20 0.12
    endloop
  endfacet
  facet normal 0.40824829046383854 0.40824829046387467 0.81649658092773247
    outer loop
      vertex 83.599999999999994 20.16 0.12
      vertex 83.599999999999994 20.080000000000002 0.15999999999999998
      vertex 83.640000000000001 20.039999999999999 0.15999999999999998
    endloop
  endfacet
  facet normal 0.40824829046390188 0.40824829046388378 0.81649658092769617
    outer loop
      vertex 83.599999999999994 20.16 0.12
      vertex 83.640000000000001 20.039999999999999 0.15999999999999998
      vertex 83.679999999999993 20.079999999999998 0.12
    endloop
  endfacet
  facet normal 0.7071022720802298 -0.0035712235963647199 0.70710227208021437
    outer loop
      vertex 83.599999999999994 52.079999999999991 0.15999999999999998
      vertex 83.599999999999994 44.159999999999997 0.12
      vertex 83.679999999999993 60 0.12
    endloop
  endfacet
  facet normal 0.70710227208029219 -0.0035712235963656666 0.70710227208015186
    outer loop
      vertex 83.599999999999994 52.079999999999991 0.15999999999999998
      vertex 83.679999999999993 60 0.12
      vertex 83.640000000000001 60 0.15999999999999998
    endloop
  endfacet
  facet normal 0.70710678118661774 0 0.70710678118647741
    outer loop
      vertex 83.679999999999993 60.079999999999998 0.12
      vertex 83.640000000000001 60.039999999999999 0.15999999999999998
      vertex 83.640000000000001 60 0.15999999999999998
    endloop
  endfacet
  facet normal 0.70710678118661774 0 0.70710678118647741
    outer loop
      vertex 83.679999999999993 60.079999999999998 0.12
      vertex 83.640000000000001 60 0.15999999999999998
      vertex 83.679999999999993 60 0.12
    endloop
  endfacet
  facet normal 0.70710678118661763 0 0.70710678118647741
    outer loop
      vertex 83.640000000000001 60.039999999999999 0.15999999999999998
      vertex 83.679999999999993 60.079999999999998 0.12
      vertex 83.679999999999993 60.200000000000003 0.12
    endloop
  endfacet
  facet normal 0.70710678118661763 -0 0.70710678118647741
    outer loop
      vertex 83.640000000000001 60.039999999999999 0.15999999999999998
      vertex 83.679999999999993 60.200000000000003 0.12
      vertex 83.640000000000001 60.200000000000003 0.15999999999999998
    endloop
  endfacet
  facet normal 0.70710678118661774 0 0.7071067811864773
    outer loop
      vertex 83.679999999999993 68.120000000000005 0.12
      vertex 83.640000000000001 64.160000000000011 0.15999999999999998
      vertex 83.640000000000001 60.200000000000003 0.15999999999999998
    endloop
  endfacet
  facet normal 0.70710678118661774 0 0.7071067811864773
    outer loop
      vertex 83.679999999999993 68.120000000000005 0.12
      vertex 83.640000000000001 60.200000000000003 0.15999999999999998
      vertex 83.679999999999993 60.200000000000003 0.12
    endloop
  endfacet
  facet normal 0.59999877563892912 0.0020201978977744885 0.79999836751848419
    outer loop
      vertex 83.599999999999994 76.040000000000006 0.15999999999999998
      vertex 83.640000000000001 64.160000000000011 0.15999999999999998
      vertex 83.679999999999993 68.120000000000005 0.12
    endloop
  endfacet
  facet normal 0.59999877563886095 0.0020201978977735413 0.79999836751853537
    outer loop
      vertex 83.599999999999994 76.040000000000006 0.15999999999999998
      vertex 83.679999999999993 68.120000000000005 0.12
      vertex 83.640000000000001 80 0.12
    endloop
  endfacet
  facet normal 0.59999877563882686 0.0020201978977741428 0.7999983675185609
    outer loop
      vertex 83.599999999999994 76.040000000000006 0.15999999999999998
      vertex 83.640000000000001 80 0.12
      vertex 83.599999999999994 80 0.14999999999999999
    endloop
  endfacet
  facet normal 0.59999999999993991 0 0.80000000000004512
    outer loop
      vertex 83.640000000000001 80.040000000000006 0.12
      vertex 83.599999999999994 80 0.14999999999999999
      vertex 83.640000000000001 80 0.12
    endloop
  endfacet
  facet normal 0.59999999999994003 0 0.8000000000000449
    outer loop
      vertex 83.599999999999994 80 0.14999999999999999
      vertex 83.640000000000001 80.040000000000006 0.12
      vertex 83.640000000000001 80.200000000000003 0.12
    endloop
  endfacet
  facet normal 0.59999999999994003 -0 0.80000000000004501
    outer loop
      vertex 83.599999999999994 80 0.14999999999999999
      vertex 83.640000000000001 80.200000000000003 0.12
      vertex 83.599999999999994 80.200000000000003 0.14999999999999999
    endloop
  endfacet
  facet normal 0.59999999999993991 0 0.80000000000004501
    outer loop
      vertex 83.640000000000001 84.159999999999997 0.12
      vertex 83.599999999999994 80.200000000000003 0.14999999999999999
      vertex 83.640000000000001 80.200000000000003 0.12
    endloop
  endfacet
  facet normal 0.44721245476965937 0.0022586487614632785 0.89442490953945808
    outer loop
      vertex 83.599999999999994 92.079999999999998 0.12
      vertex 83.599999999999994 80.200000000000003 0.14999999999999999
      vertex 83.640000000000001 84.159999999999997 0.12
    endloop
  endfacet
  facet normal -0.70710678118661774 0 0.70710678118647741
    outer loop
      vertex 89.359999999999999 -84.160000000000011 0.15999999999999998
      vertex 89.320000000000007 -88.120000000000005 0.12
      vertex 89.320000000000007 -100 0.12
    endloop
  endfacet
  facet normal -0.70710678118661774 0 0.70710678118647741
    outer loop
      vertex 89.359999999999999 -84.160000000000011 0.15999999999999998
      vertex 89.320000000000007 -100 0.12
      vertex 89.359999999999999 -100 0.15999999999999998
    endloop
  endfacet
  facet normal -0.70710678118661774 0 0.7071067811864773
    outer loop
      vertex 89.320000000000007 -88.120000000000005 0.12
      vertex 89.359999999999999 -84.160000000000011 0.15999999999999998
      vertex 89.359999999999999 -80.200000000000003 0.15999999999999998
    endloop
  endfacet
  facet normal -0.70710678118661774 0 0.7071067811864773
    outer loop
      vertex 89.320000000000007 -88.120000000000005 0.12
      vertex 89.359999999999999 -80.200000000000003 0.15999999999999998
      vertex 89.320000000000007 -80.200000000000003 0.12
    endloop
  endfacet
  facet normal -0.66666666666671237 0.33333333333341536 0.66666666666657992
    outer loop
      vertex 89.320000000000007 -80.200000000000003 0.12
      vertex 89.359999999999999 -80.200000000000003 0.15999999999999998
      vertex 89.400000000000006 -80.120000000000005 0.15999999999999998
    endloop
  endfacet
  facet normal -0.66666666666667285 0.33333333333333642 0.66666666666665886
    outer loop
      vertex 89.320000000000007 -80.200000000000003 0.12
      vertex 89.400000000000006 -80.120000000000005 0.15999999999999998
      vertex 89.400000000000006 -80.040000000000006 0.12
    endloop
  endfacet
  facet normal -0.43643578047194082 -0.21821789023598975 0.87287156094399221
    outer loop
      vertex 89.359999999999999 -60.039999999999999 0.12
      vertex 89.400000000000006 -60.120000000000005 0.12
      vertex 89.400000000000006 -60 0.14999999999999999
    endloop
  endfacet
  facet normal -0.59999999999993991 0 0.80000000000004501
    outer loop
      vertex 89.359999999999999 -60.039999999999999 0.12
      vertex 89.400000000000006 -60 0.14999999999999999
      vertex 89.359999999999999 -60 0.12
    endloop
  endfacet
  facet normal -0.59999999999994003 0 0.80000000000004501
    outer loop
      vertex 89.359999999999999 -44.160000000000004 0.12
      vertex 89.359999999999999 -60 0.12
      vertex 89.400000000000006 -60 0.14999999999999999
    endloop
  endfacet
  facet normal -0.59999999999993991 0 0.80000000000004501
    outer loop
      vertex 89.359999999999999 -44.160000000000004 0.12
      vertex 89.400000000000006 -60 0.14999999999999999
      vertex 89.400000000000006 -40.200000000000003 0.14999999999999999
    endloop
  endfacet
  facet normal -0.59999999999993991 0 0.80000000000004501
    outer loop
      vertex 89.359999999999999 -44.160000000000004 0.12
      vertex 89.400000000000006 -40.200000000000003 0.14999999999999999
      vertex 89.359999999999999 -40.200000000000003 0.12
    endloop
  endfacet
  facet normal -0.58834840541449285 0.19611613513818751 0.78446454055277981
    outer loop
      vertex 89.359999999999999 -40.200000000000003 0.12
      vertex 89.400000000000006 -40.200000000000003 0.14999999999999999
      vertex 89.400000000000006 -40.079999999999998 0.12
    endloop
  endfacet
  facet normal 0 0.44721359549996537 0.89442719099991219
    outer loop
      vertex 89.560000000000002 -80.040000000000006 0.12
      vertex 89.480000000000004 -80.120000000000005 0.15999999999999998
      vertex 89.599999999999994 -80.120000000000005 0.15999999999999998
    endloop
  endfacet
  facet normal -0 0.44721359549996537 0.89442719099991208
    outer loop
      vertex 89.560000000000002 -80.040000000000006 0.12
      vertex 89.599999999999994 -80.120000000000005 0.15999999999999998
      vertex 89.599999999999994 -80.040000000000006 0.12
    endloop
  endfacet
  facet normal 0 0.44721359549996542 0.89442719099991219
    outer loop
      vertex 89.400000000000006 -80.040000000000006 0.12
      vertex 89.400000000000006 -80.120000000000005 0.15999999999999998
      vertex 89.480000000000004 -80.120000000000005 0.15999999999999998
    endloop
  endfacet
  facet normal -0 0.44721359549996542 0.89442719099991219
    outer loop
      vertex 89.400000000000006 -80.040000000000006 0.12
      vertex 89.480000000000004 -80.120000000000005 0.15999999999999998
      vertex 89.560000000000002 -80.040000000000006 0.12
    endloop
  endfacet
  facet normal 0 -0.24253562503632434 0.9701425001453341
    outer loop
      vertex 89.480000000000004 -60.120000000000005 0.12
      vertex 89.599999999999994 -60.120000000000005 0.12
      vertex 89.599999999999994 -60 0.14999999999999999
    endloop
  endfacet
  facet normal 0 -0.24253562503632428 0.97014250014533399
    outer loop
      vertex 89.400000000000006 -60.120000000000005 0.12
      vertex 89.480000000000004 -60.120000000000005 0.12
      vertex 89.599999999999994 -60 0.14999999999999999
    endloop
  endfacet
  facet normal 0 -0.24253562503632428 0.97014250014533399
    outer loop
      vertex 89.400000000000006 -60.120000000000005 0.12
      vertex 89.599999999999994 -60 0.14999999999999999
      vertex 89.400000000000006 -60 0.14999999999999999
    endloop
  endfacet
  facet normal 0 0 1
    outer loop
      vertex 89.400000000000006 -60 0.14999999999999999
      vertex 89.599999999999994 -60 0.14999999999999999
      vertex 89.599999999999994 -40.200000000000003 0.14999999999999999
    endloop
  endfacet
  facet normal 0 0 1
    outer loop
      vertex 89.400000000000006 -60 0.14999999999999999
      vertex 89.599999999999994 -40.200000000000003 0.14999999999999999
      vertex 89.400000000000006 -40.200000000000003 0.14999999999999999
    endloop
  endfacet
  facet normal 0 0.24253562503632434 0.9701425001453341
    outer loop
      vertex 89.519999999999996 -40.079999999999998 0.12
      vertex 89.400000000000006 -40.200000000000003 0.14999999999999999
      vertex 89.599999999999994 -40.200000000000003 0.14999999999999999
    endloop
  endfacet
  facet normal -0 0.24253562503632428 0.97014250014533399
    outer loop
      vertex 89.519999999999996 -40.079999999999998 0.12
      vertex 89.599999999999994 -40.200000000000003 0.14999999999999999
      vertex 89.599999999999994 -40.079999999999998 0.12
    endloop
  endfacet
  facet normal -0 0.24253562503632434 0.9701425001453341
    outer loop
      vertex 89.400000000000006 -40.079999999999998 0.12
      vertex 89.400000000000006 -40.200000000000003 0.14999999999999999
      vertex 89.519999999999996 -40.079999999999998 0.12
    endloop
  endfacet
  facet normal 0.70710678118661774 0 0.7071067811864773
    outer loop
      vertex 89.679999999999993 -92.079999999999998 0.12
      vertex 89.640000000000001 -96.039999999999992 0.15999999999999998
      vertex 89.640000000000001 -100 0.15999999999999998
    endloop
  endfacet
  facet normal 0.70710678118661774 0 0.7071067811864773
    outer loop
      vertex 89.679999999999993 -92.079999999999998 0.12
      vertex 89.640000000000001 -100 0.15999999999999998
      vertex 89.679999999999993 -100 0.12
    endloop
  endfacet
  facet normal 0.70710678118661774 0 0.70710678118647741
    outer loop
      vertex 89.640000000000001 -96.039999999999992 0.15999999999999998
      vertex 89.679999999999993 -92.079999999999998 0.12
      vertex 89.679999999999993 -80.200000000000003 0.12
    endloop
  endfacet
  facet normal 0.70710678118661774 -0 0.70710678118647741
    outer loop
      vertex 89.640000000000001 -96.039999999999992 0.15999999999999998
      vertex 89.679999999999993 -80.200000000000003 0.12
      vertex 89.640000000000001 -80.200000000000003 0.15999999999999998
    endloop
  endfacet
  facet normal 0.70710678118661774 0 0.7071067811864773
    outer loop
      vertex 89.679999999999993 -80.120000000000005 0.12
      vertex 89.640000000000001 -80.159999999999997 0.15999999999999998
      vertex 89.640000000000001 -80.200000000000003 0.15999999999999998
    endloop
  endfacet
  facet normal 0.70710678118661774 0 0.70710678118647741
    outer loop
      vertex 89.679999999999993 -80.120000000000005 0.12
      vertex 89.640000000000001 -80.200000000000003 0.15999999999999998
      vertex 89.679999999999993 -80.200000000000003 0.12
    endloop
  endfacet
  facet normal 0.40824829046374778 0.40824829046389288 0.81649658092776878
    outer loop
      vertex 89.599999999999994 -80.040000000000006 0.12
      vertex 89.599999999999994 -80.120000000000005 0.15999999999999998
      vertex 89.640000000000001 -80.159999999999997 0.15999999999999998
    endloop
  endfacet
  facet normal 0.40824829046391697 0.40824829046391697 0.81649658092767197
    outer loop
      vertex 89.599999999999994 -80.040000000000006 0.12
      vertex 89.640000000000001 -80.159999999999997 0.15999999999999998
      vertex 89.679999999999993 -80.120000000000005 0.12
    endloop
  endfacet
  facet normal 0.58834840541449285 -0.19611613513818751 0.78446454055277981
    outer loop
      vertex 89.599999999999994 -60.120000000000005 0.12
      vertex 89.640000000000001 -60 0.12
      vertex 89.599999999999994 -60 0.14999999999999999
    endloop
  endfacet
  facet normal 0.59999999999993991 0 0.80000000000004501
    outer loop
      vertex 89.640000000000001 -56.039999999999999 0.12
      vertex 89.599999999999994 -60 0.14999999999999999
      vertex 89.640000000000001 -60 0.12
    endloop
  endfacet
  facet normal 0.59999999999993991 0 0.80000000000004512
    outer loop
      vertex 89.599999999999994 -60 0.14999999999999999
      vertex 89.640000000000001 -56.039999999999999 0.12
      vertex 89.640000000000001 -40.200000000000003 0.12
    endloop
  endfacet
  facet normal 0.59999999999993991 -0 0.80000000000004501
    outer loop
      vertex 89.599999999999994 -60 0.14999999999999999
      vertex 89.640000000000001 -40.200000000000003 0.12
      vertex 89.599999999999994 -40.200000000000003 0.14999999999999999
    endloop
  endfacet
  facet normal 0.59999999999993991 0 0.80000000000004501
    outer loop
      vertex 89.640000000000001 -40.160000000000004 0.12
      vertex 89.599999999999994 -40.200000000000003 0.14999999999999999
      vertex 89.640000000000001 -40.200000000000003 0.12
    endloop
  endfacet
  facet normal 0.43643578047194082 0.21821789023598975 0.87287156094399221
    outer loop
      vertex 89.599999999999994 -40.079999999999998 0.12
      vertex 89.599999999999994 -40.200000000000003 0.14999999999999999
      vertex 89.640000000000001 -40.160000000000004 0.12
    endloop
  endfacet
endsolid terrain_band_9
