solid terrain_band_4
  facet normal -4.0405829317174159e-17 0.44721359549995793 0.89442719099991586
    outer loop
      vertex 161.36000000000001 0.15999999999999998 -0.079999999999999988
      vertex 161.28 0.080000000000000016 -0.040000000000000008
      vertex 161.40000000000001 0.080000000000000029 -0.040000000000000008
    endloop
  endfacet
  facet normal -0 0.44721359549995798 0.89442719099991574
    outer loop
      vertex 161.36000000000001 0.15999999999999998 -0.079999999999999988
      vertex 161.40000000000001 0.080000000000000029 -0.040000000000000008
      vertex 161.40000000000001 0.15999999999999998 -0.079999999999999988
    endloop
  endfacet
  facet normal 0.44721359549990181 0 0.89442719099994394
    outer loop
      vertex 161.28 0.080000000000000029 -0.040000000000000008
      vertex 161.36000000000001 0.15999999999999998 -0.079999999999999988
      vertex 161.36000000000001 0.20000000000000001 -0.079999999999999988
    endloop
  endfacet
  facet normal 0.44721359549990181 -0 0.89442719099994394
    outer loop
      vertex 161.28 0.080000000000000029 -0.040000000000000008
      vertex 161.36000000000001 0.20000000000000001 -0.079999999999999988
      vertex 161.28 0.20000000000000001 -0.040000000000000008
    endloop
  endfacet
  facet normal 0.44721359549990186 0 0.89442719099994406
    outer loop
      vertex 161.36000000000001 8.0399999999999974 -0.079999999999999988
      vertex 161.28 4.1200000000000001 -0.040000000000000008
      vertex 161.28 0.20000000000000001 -0.040000000000000008
    endloop
  endfacet
  facet normal 0.44721359549990186 0 0.89442719099994394
    outer loop
      vertex 161.36000000000001 8.0399999999999974 -0.079999999999999988
      vertex 161.28 0.20000000000000001 -0.040000000000000008
      vertex 161.36000000000001 0.20000000000000001 -0.079999999999999988
    endloop
  endfacet
  facet normal 0.44721359549990197 0 0.89442719099994383
    outer loop
      vertex 161.28 4.120000000000001 -0.040000000000000008
      vertex 161.36000000000001 8.0399999999999991 -0.079999999999999988
      vertex 161.36000000000001 10 -0.079999999999999988
    endloop
  endfacet
  facet normal 0.44721359549990192 -0 0.89442719099994394
    outer loop
      vertex 161.28 4.120000000000001 -0.040000000000000008
      vertex 161.36000000000001 10 -0.079999999999999988
      vertex 161.28 10 -0.040000000000000008
    endloop
  endfacet
  facet normal 0.43643578047192944 -0.21821789023599861 0.87287156094399565
    outer loop
      vertex 161.36000000000001 10.16 -0.040000000000000008
      vertex 161.28 10 -0.040000000000000008
      vertex 161.36000000000001 10 -0.079999999999999988
    endloop
  endfacet
  facet normal 0.43643578047205495 -0.21821789023598384 0.87287156094393659
    outer loop
      vertex 161.36000000000001 10.16 -0.040000000000000008
      vertex 161.36000000000001 10 -0.079999999999999988
      vertex 161.40000000000001 10.08 -0.079999999999999988
    endloop
  endfacet
  facet normal 0.43643578047205217 -0.2182178902359857 0.87287156094393747
    outer loop
      vertex 161.36000000000001 10.16 -0.040000000000000008
      vertex 161.40000000000001 10.08 -0.079999999999999988
      vertex 161.40000000000001 10.199999999999999 -0.050000000000000003
    endloop
  endfacet
  facet normal 0.24253562503637832 -0 0.97014250014532066
    outer loop
      vertex 161.36000000000001 10.16 -0.040000000000000008
      vertex 161.40000000000001 10.199999999999999 -0.050000000000000003
      vertex 161.36000000000001 10.199999999999999 -0.040000000000000008
    endloop
  endfacet
  facet normal 0.24253562503637827 0 0.97014250014532055
    outer loop
      vertex 161.36000000000001 18.039999999999999 -0.040000000000000008
      vertex 161.36000000000001 10.199999999999999 -0.040000000000000008
      vertex 161.40000000000001 10.199999999999999 -0.050000000000000003
    endloop
  endfacet
  facet normal 0.24253562503637824 0 0.97014250014532055
    outer loop
      vertex 161.36000000000001 18.039999999999999 -0.040000000000000008
      vertex 161.40000000000001 10.199999999999999 -0.050000000000000003
      vertex 161.40000000000001 20 -0.050000000000000003
    endloop
  endfacet
  facet normal 0.24253562503637829 -0 0.97014250014532055
    outer loop
      vertex 161.36000000000001 18.040000000000003 -0.040000000000000008
      vertex 161.40000000000001 20 -0.050000000000000003
      vertex 161.36000000000001 20 -0.040000000000000008
    endloop
  endfacet
  facet normal 0.23570226039555978 -0.23570226039551789 0.94280904158205192
    outer loop
      vertex 161.36000000000001 20 -0.040000000000000008
      vertex 161.40000000000001 20 -0.050000000000000003
      vertex 161.40000000000001 20.039999999999999 -0.040000000000000008
    endloop
  endfacet
  facet normal 0 0.44721359549996542 0.89442719099991219
    outer loop
      vertex 161.36000000000001 40.160000000000004 -0.079999999999999988
      vertex 161.28 40.080000000000005 -0.040000000000000008
      vertex 161.40000000000001 40.080000000000005 -0.040000000000000008
    endloop
  endfacet
  facet normal -0 0.44721359549996537 0.89442719099991208
    outer loop
      vertex 161.36000000000001 40.160000000000004 -0.079999999999999988
      vertex 161.40000000000001 40.080000000000005 -0.040000000000000008
      vertex 161.40000000000001 40.160000000000004 -0.079999999999999988
    endloop
  endfacet
  facet normal 0.44721359549990181 0 0.89442719099994394
    outer loop
      vertex 161.28 40.080000000000005 -0.040000000000000008
      vertex 161.36000000000001 40.160000000000004 -0.079999999999999988
      vertex 161.36000000000001 40.200000000000003 -0.079999999999999988
    endloop
  endfacet
  facet normal 0.44721359549990181 -0 0.89442719099994394
    outer loop
      vertex 161.28 40.080000000000005 -0.040000000000000008
      vertex 161.36000000000001 40.200000000000003 -0.079999999999999988
      vertex 161.28 40.200000000000003 -0.040000000000000008
    endloop
  endfacet
  facet normal 0.44721359549990186 0 0.89442719099994406
    outer loop
      vertex 161.36000000000001 56.039999999999999 -0.079999999999999988
      vertex 161.28 48.120000000000005 -0.040000000000000008
      vertex 161.28 40.200000000000003 -0.040000000000000008
    endloop
  endfacet
  facet normal 0.44721359549990186 0 0.89442719099994394
    outer loop
      vertex 161.36000000000001 56.039999999999999 -0.079999999999999988
      vertex 161.28 40.200000000000003 -0.040000000000000008
      vertex 161.36000000000001 40.200000000000003 -0.079999999999999988
    endloop
  endfacet
  facet normal 0.44721359549990181 0 0.89442719099994406
    outer loop
      vertex 161.28 48.120000000000005 -0.040000000000000008
      vertex 161.36000000000001 56.039999999999999 -0.079999999999999988
      vertex 161.36000000000001 60 -0.079999999999999988
    endloop
  endfacet
  facet normal 0.44721359549990181 -0 0.89442719099994394
    outer loop
      vertex 161.28 48.120000000000005 -0.040000000000000008
      vertex 161.36000000000001 60 -0.079999999999999988
      vertex 161.28 60 -0.040000000000000008
    endloop
  endfacet
  facet normal 0.43643578047192993 0.21821789023599403 0.87287156094399665
    outer loop
      vertex 161.30666666666667 60.106666666666669 -0.079999999999999988
      vertex 161.25333333333333 60.053333333333335 -0.040000000000000008
      vertex 161.28 60 -0.040000000000000008
    endloop
  endfacet
  facet normal 0.43643578047192993 0.21821789023599403 0.87287156094399665
    outer loop
      vertex 161.30666666666667 60.106666666666669 -0.079999999999999988
      vertex 161.28 60 -0.040000000000000008
      vertex 161.36000000000001 60 -0.079999999999999988
    endloop
  endfacet
  facet normal 0.59999999999993969 0 0.80000000000004512
    outer loop
      vertex 161.25333333333333 60.053333333333335 -0.040000000000000008
      vertex 161.30666666666667 60.106666666666669 -0.079999999999999988
      vertex 161.30666666666667 60.200000000000003 -0.079999999999999988
    endloop
  endfacet
  facet normal 0.5999999999999398 -0 0.80000000000004523
    outer loop
      vertex 161.25333333333333 60.053333333333335 -0.040000000000000008
      vertex 161.30666666666667 60.200000000000003 -0.079999999999999988
      vertex 161.25333333333333 60.200000000000003 -0.040000000000000008
    endloop
  endfacet
  facet normal 0.5999999999999398 0 0.80000000000004523
    outer loop
      vertex 161.30666666666667 70.760000000000005 -0.079999999999999988
      vertex 161.25333333333333 65.480000000000004 -0.040000000000000008
      vertex 161.25333333333333 60.200000000000003 -0.040000000000000008
    endloop
  endfacet
  facet normal 0.5999999999999398 0 0.80000000000004523
    outer loop
      vertex 161.30666666666667 70.760000000000005 -0.079999999999999988
      vertex 161.25333333333333 60.200000000000003 -0.040000000000000008
      vertex 161.30666666666667 60.200000000000003 -0.079999999999999988
    endloop
  endfacet
  facet normal 0.5999999999999398 0 0.80000000000004523
    outer loop
      vertex 161.25333333333333 65.480000000000004 -0.040000000000000008
      vertex 161.30666666666667 70.760000000000005 -0.079999999999999988
      vertex 161.30666666666667 80 -0.079999999999999988
    endloop
  endfacet
  facet normal 0.5999999999999398 -0 0.80000000000004523
    outer loop
      vertex 161.25333333333333 65.480000000000004 -0.040000000000000008
      vertex 161.30666666666667 80 -0.079999999999999988
      vertex 161.25333333333333 80 -0.040000000000000008
    endloop
  endfacet
  facet normal 0.58834840541474454 0.19611613513803919 0.78446454055262793
    outer loop
      vertex 161.28 80.079999999999998 -0.079999999999999988
      vertex 161.24000000000001 80.040000000000006 -0.040000000000000008
      vertex 161.25333333333333 80 -0.040000000000000008
    endloop
  endfacet
  facet normal 0.58834840541449129 0.19611613513819859 0.78446454055277814
    outer loop
      vertex 161.28 80.079999999999998 -0.079999999999999988
      vertex 161.25333333333333 80 -0.040000000000000008
      vertex 161.30666666666667 80 -0.079999999999999988
    endloop
  endfacet
  facet normal 0.70710678118661785 0 0.70710678118647741
    outer loop
      vertex 161.24000000000001 80.040000000000006 -0.040000000000000008
      vertex 161.28 80.079999999999998 -0.079999999999999988
      vertex 161.28 80.200000000000003 -0.079999999999999988
    endloop
  endfacet
  facet normal 0.70710678118661774 -0 0.70710678118647741
    outer loop
      vertex 161.24000000000001 80.040000000000006 -0.040000000000000008
      vertex 161.28 80.200000000000003 -0.079999999999999988
      vertex 161.24000000000001 80.200000000000003 -0.040000000000000008
    endloop
  endfacet
  facet normal 0.70710678118661774 0 0.7071067811864773
    outer loop
      vertex 161.28 88.120000000000005 -0.079999999999999988
      vertex 161.24000000000001 84.160000000000011 -0.040000000000000008
      vertex 161.24000000000001 80.200000000000003 -0.040000000000000008
    endloop
  endfacet
  facet normal 0.70710678118661774 0 0.7071067811864773
    outer loop
      vertex 161.28 88.120000000000005 -0.079999999999999988
      vertex 161.24000000000001 80.200000000000003 -0.040000000000000008
      vertex 161.28 80.200000000000003 -0.079999999999999988
    endloop
  endfacet
  facet normal 0.70710678118661774 0 0.70710678118647741
    outer loop
      vertex 161.24000000000001 84.160000000000011 -0.040000000000000008
      vertex 161.28 88.120000000000005 -0.079999999999999988
      vertex 161.28 100 -0.079999999999999988
    endloop
  endfacet
  facet normal 0.70710678118661774 -0 0.70710678118647741
    outer loop
      vertex 161.24000000000001 84.160000000000011 -0.040000000000000008
      vertex 161.28 100 -0.079999999999999988
      vertex 161.24000000000001 100 -0.040000000000000008
    endloop
  endfacet
  facet normal -4.040582931718373e-17 0.44721359549995798 0.89442719099991574
    outer loop
      vertex 161.56 0.15999999999999998 -0.079999999999999988
      vertex 161.48000000000002 0.080000000000000016 -0.040000000000000008
      vertex 161.59999999999999 0.080000000000000029 -0.040000000000000008
    endloop
  endfacet
  facet normal -0 0.44721359549995798 0.89442719099991574
    outer loop
      vertex 161.56 0.15999999999999998 -0.079999999999999988
      vertex 161.59999999999999 0.080000000000000029 -0.040000000000000008
      vertex 161.59999999999999 0.15999999999999998 -0.079999999999999988
    endloop
  endfacet
  facet normal -6.0608743975754061e-17 0.44721359549995793 0.89442719099991586
    outer loop
      vertex 161.40000000000001 0.15999999999999998 -0.079999999999999988
      vertex 161.40000000000001 0.080000000000000016 -0.040000000000000008
      vertex 161.48000000000002 0.080000000000000029 -0.040000000000000008
    endloop
  endfacet
  facet normal -0 0.44721359549995804 0.89442719099991586
    outer loop
      vertex 161.40000000000001 0.15999999999999998 -0.079999999999999988
      vertex 161.48000000000002 0.080000000000000029 -0.040000000000000008
      vertex 161.56 0.15999999999999998 -0.079999999999999988
    endloop
  endfacet
  facet normal 0 -0.24253562503633433 0.97014250014533154
    outer loop
      vertex 161.47999999999999 10.08 -0.079999999999999988
      vertex 161.59999999999999 10.08 -0.079999999999999988
      vertex 161.59999999999999 10.199999999999999 -0.050000000000000003
    endloop
  endfacet
  facet normal 0 -0.24253562503633436 0.97014250014533143
    outer loop
      vertex 161.40000000000001 10.08 -0.079999999999999988
      vertex 161.47999999999999 10.08 -0.079999999999999988
      vertex 161.59999999999999 10.199999999999999 -0.050000000000000003
    endloop
  endfacet
  facet normal 0 -0.2425356250363343 0.97014250014533154
    outer loop
      vertex 161.40000000000001 10.08 -0.079999999999999988
      vertex 161.59999999999999 10.199999999999999 -0.050000000000000003
      vertex 161.40000000000001 10.199999999999999 -0.050000000000000003
    endloop
  endfacet
  facet normal 0 0 1
    outer loop
      vertex 161.40000000000001 10.199999999999999 -0.050000000000000003
      vertex 161.59999999999999 10.199999999999999 -0.050000000000000003
      vertex 161.59999999999999 20 -0.050000000000000003
    endloop
  endfacet
  facet normal 0 0 1
    outer loop
      vertex 161.40000000000001 10.199999999999999 -0.050000000000000003
      vertex 161.59999999999999 20 -0.050000000000000003
      vertex 161.40000000000001 20 -0.050000000000000003
    endloop
  endfacet
  facet normal 0 -0.24253562503633777 0.97014250014533077
    outer loop
      vertex 161.44 20.039999999999999 -0.040000000000000008
      vertex 161.40000000000001 20 -0.050000000000000003
      vertex 161.59999999999999 20 -0.050000000000000003
    endloop
  endfacet
  facet normal 0 -0.24253562503633774 0.97014250014533077
    outer loop
      vertex 161.44 20.039999999999999 -0.040000000000000008
      vertex 161.59999999999999 20 -0.050000000000000003
      vertex 161.59999999999999 20.039999999999999 -0.040000000000000008
    endloop
  endfacet
  facet normal 0 -0.24253562503633774 0.97014250014533066
    outer loop
      vertex 161.40000000000001 20.039999999999999 -0.040000000000000008
      vertex 161.40000000000001 20 -0.050000000000000003
      vertex 161.44 20.039999999999999 -0.040000000000000008
    endloop
  endfacet
  facet normal 0 0.44721359549996542 0.89442719099991208
    outer loop
      vertex 161.56 40.160000000000004 -0.079999999999999988
      vertex 161.48000000000002 40.080000000000005 -0.040000000000000008
      vertex 161.59999999999999 40.080000000000005 -0.040000000000000008
    endloop
  endfacet
  facet normal -0 0.44721359549996537 0.89442719099991208
    outer loop
      vertex 161.56 40.160000000000004 -0.079999999999999988
      vertex 161.59999999999999 40.080000000000005 -0.040000000000000008
      vertex 161.59999999999999 40.160000000000004 -0.079999999999999988
    endloop
  endfacet
  facet normal 0 0.44721359549996537 0.89442719099991219
    outer loop
      vertex 161.40000000000001 40.160000000000004 -0.079999999999999988
      vertex 161.40000000000001 40.080000000000005 -0.040000000000000008
      vertex 161.48000000000002 40.080000000000005 -0.040000000000000008
    endloop
  endfacet
  facet normal -0 0.44721359549996542 0.89442719099991219
    outer loop
      vertex 161.40000000000001 40.160000000000004 -0.079999999999999988
      vertex 161.48000000000002 40.080000000000005 -0.040000000000000008
      vertex 161.56 40.160000000000004 -0.079999999999999988
    endloop
  endfacet
  facet normal -1.6162331726870276e-18 0.44721359549995798 0.89442719099991586
    outer loop
      vertex 165.59999999999999 0.15999999999999998 -0.079999999999999988
      vertex 163.59999999999999 0.080000000000000016 -0.040000000000000008
      vertex 166.59999999999999 0.080000000000000029 -0.040000000000000008
    endloop
  endfacet
  facet normal -0 0.44721359549995798 0.89442719099991586
    outer loop
      vertex 165.59999999999999 0.15999999999999998 -0.079999999999999988
      vertex 166.59999999999999 0.080000000000000029 -0.040000000000000008
      vertex 166.59999999999999 0.15999999999999998 -0.079999999999999988
    endloop
  endfacet
  facet normal -2.4243497590305413e-18 0.44721359549995793 0.89442719099991586
    outer loop
      vertex 161.59999999999999 0.15999999999999998 -0.079999999999999988
      vertex 161.59999999999999 0.080000000000000016 -0.040000000000000008
      vertex 163.59999999999999 0.080000000000000029 -0.040000000000000008
    endloop
  endfacet
  facet normal -0 0.44721359549995798 0.89442719099991586
    outer loop
      vertex 161.59999999999999 0.15999999999999998 -0.079999999999999988
      vertex 163.59999999999999 0.080000000000000029 -0.040000000000000008
      vertex 165.59999999999999 0.15999999999999998 -0.079999999999999988
    endloop
  endfacet
  facet normal 0 -0.24253562503633433 0.97014250014533154
    outer loop
      vertex 163.59999999999999 10.08 -0.079999999999999988
      vertex 166.59999999999999 10.08 -0.079999999999999988
      vertex 166.59999999999999 10.199999999999999 -0.050000000000000003
    endloop
  endfacet
  facet normal 0 -0.24253562503633436 0.97014250014533154
    outer loop
      vertex 161.59999999999999 10.08 -0.079999999999999988
      vertex 163.59999999999999 10.08 -0.079999999999999988
      vertex 166.59999999999999 10.199999999999999 -0.050000000000000003
    endloop
  endfacet
  facet normal 0 -0.24253562503633433 0.97014250014533154
    outer loop
      vertex 161.59999999999999 10.08 -0.079999999999999988
      vertex 166.59999999999999 10.199999999999999 -0.050000000000000003
      vertex 161.59999999999999 10.199999999999999 -0.050000000000000003
    endloop
  endfacet
  facet normal 0 0 1
    outer loop
      vertex 161.59999999999999 10.199999999999999 -0.050000000000000003
      vertex 166.59999999999999 10.199999999999999 -0.050000000000000003
      vertex 166.59999999999999 20 -0.050000000000000003
    endloop
  endfacet
  facet normal 0 0 1
    outer loop
      vertex 161.59999999999999 10.199999999999999 -0.050000000000000003
      vertex 166.59999999999999 20 -0.050000000000000003
      vertex 161.59999999999999 20 -0.050000000000000003
    endloop
  endfacet
  facet normal 0 -0.24253562503633774 0.97014250014533077
    outer loop
      vertex 162.59999999999999 20.039999999999999 -0.040000000000000008
      vertex 161.59999999999999 20 -0.050000000000000003
      vertex 166.59999999999999 20 -0.050000000000000003
    endloop
  endfacet
  facet normal 0 -0.24253562503633772 0.97014250014533066
    outer loop
      vertex 162.59999999999999 20.039999999999999 -0.040000000000000008
      vertex 166.59999999999999 20 -0.050000000000000003
      vertex 166.59999999999999 20.039999999999999 -0.040000000000000008
    endloop
  endfacet
  facet normal 0 -0.24253562503633772 0.97014250014533066
    outer loop
      vertex 161.59999999999999 20.039999999999999 -0.040000000000000008
      vertex 161.59999999999999 20 -0.050000000000000003
      vertex 162.59999999999999 20.039999999999999 -0.040000000000000008
    endloop
  endfacet
  facet normal 0 0.44721359549996537 0.89442719099991208
    outer loop
      vertex 165.59999999999999 40.160000000000004 -0.079999999999999988
      vertex 163.59999999999999 40.080000000000005 -0.040000000000000008
      vertex 166.59999999999999 40.080000000000005 -0.040000000000000008
    endloop
  endfacet
  facet normal -0 0.44721359549996537 0.89442719099991208
    outer loop
      vertex 165.59999999999999 40.160000000000004 -0.079999999999999988
      vertex 166.59999999999999 40.080000000000005 -0.040000000000000008
      vertex 166.59999999999999 40.160000000000004 -0.079999999999999988
    endloop
  endfacet
  facet normal 0 0.44721359549996537 0.89442719099991208
    outer loop
      vertex 161.59999999999999 40.160000000000004 -0.079999999999999988
      vertex 161.59999999999999 40.080000000000005 -0.040000000000000008
      vertex 163.59999999999999 40.080000000000005 -0.040000000000000008
    endloop
  endfacet
  facet normal -0 0.44721359549996537 0.89442719099991208
    outer loop
      vertex 161.59999999999999 40.160000000000004 -0.079999999999999988
      vertex 163.59999999999999 40.080000000000005 -0.040000000000000008
      vertex 165.59999999999999 40.160000000000004 -0.079999999999999988
    endloop
  endfacet
  facet normal -4.0405829317174159e-17 0.44721359549995793 0.89442719099991586
    outer loop
      vertex 166.76000000000002 0.15999999999999998 -0.079999999999999988
      vertex 166.68000000000001 0.080000000000000016 -0.040000000000000008
      vertex 166.80000000000001 0.080000000000000029 -0.040000000000000008
    endloop
  endfacet
  facet normal -0 0.44721359549995798 0.89442719099991574
    outer loop
      vertex 166.76000000000002 0.15999999999999998 -0.079999999999999988
      vertex 166.80000000000001 0.080000000000000029 -0.040000000000000008
      vertex 166.80000000000001 0.15999999999999998 -0.079999999999999988
    endloop
  endfacet
  facet normal -6.0608743975754061e-17 0.44721359549995793 0.89442719099991586
    outer loop
      vertex 166.59999999999999 0.15999999999999998 -0.079999999999999988
      vertex 166.59999999999999 0.080000000000000016 -0.040000000000000008
      vertex 166.68000000000001 0.080000000000000029 -0.040000000000000008
    endloop
  endfacet
  facet normal -0 0.44721359549995798 0.89442719099991586
    outer loop
      vertex 166.59999999999999 0.15999999999999998 -0.079999999999999988
      vertex 166.68000000000001 0.080000000000000029 -0.040000000000000008
      vertex 166.76000000000002 0.15999999999999998 -0.079999999999999988
    endloop
  endfacet
  facet normal 0 -0.24253562503633433 0.97014250014533154
    outer loop
      vertex 166.68000000000001 10.08 -0.079999999999999988
      vertex 166.80000000000001 10.08 -0.079999999999999988
      vertex 166.80000000000001 10.199999999999999 -0.050000000000000003
    endloop
  endfacet
  facet normal 0 -0.24253562503633433 0.97014250014533154
    outer loop
      vertex 166.59999999999999 10.08 -0.079999999999999988
      vertex 166.68000000000001 10.08 -0.079999999999999988
      vertex 166.80000000000001 10.199999999999999 -0.050000000000000003
    endloop
  endfacet
  facet normal 0 -0.24253562503633433 0.97014250014533154
    outer loop
      vertex 166.59999999999999 10.08 -0.079999999999999988
      vertex 166.80000000000001 10.199999999999999 -0.050000000000000003
      vertex 166.59999999999999 10.199999999999999 -0.050000000000000003
    endloop
  endfacet
  facet normal 0 0 1
    outer loop
      vertex 166.59999999999999 10.199999999999999 -0.050000000000000003
      vertex 166.80000000000001 10.199999999999999 -0.050000000000000003
      vertex 166.80000000000001 20 -0.050000000000000003
    endloop
  endfacet
  facet normal 0 0 1
    outer loop
      vertex 166.59999999999999 10.199999999999999 -0.050000000000000003
      vertex 166.80000000000001 20 -0.050000000000000003
      vertex 166.59999999999999 20 -0.050000000000000003
    endloop
  endfacet
  facet normal 0 -0.24253562503633769 0.97014250014533054
    outer loop
      vertex 166.63999999999999 20.039999999999999 -0.040000000000000008
      vertex 166.59999999999999 20 -0.050000000000000003
      vertex 166.80000000000001 20 -0.050000000000000003
    endloop
  endfacet
  facet normal 0 -0.24253562503633772 0.97014250014533077
    outer loop
      vertex 166.63999999999999 20.039999999999999 -0.040000000000000008
      vertex 166.80000000000001 20 -0.050000000000000003
      vertex 166.80000000000001 20.039999999999999 -0.040000000000000008
    endloop
  endfacet
  facet normal 0 -0.24253562503633774 0.97014250014533066
    outer loop
      vertex 166.59999999999999 20.039999999999999 -0.040000000000000008
      vertex 166.59999999999999 20 -0.050000000000000003
      vertex 166.63999999999999 20.039999999999999 -0.040000000000000008
    endloop
  endfacet
  facet normal 0 0.44721359549996542 0.89442719099991219
    outer loop
      vertex 166.76000000000002 40.160000000000004 -0.079999999999999988
      vertex 166.68000000000001 40.080000000000005 -0.040000000000000008
      vertex 166.80000000000001 40.080000000000005 -0.040000000000000008
    endloop
  endfacet
  facet normal -0 0.44721359549996537 0.89442719099991208
    outer loop
      vertex 166.76000000000002 40.160000000000004 -0.079999999999999988
      vertex 166.80000000000001 40.080000000000005 -0.040000000000000008
      vertex 166.80000000000001 40.160000000000004 -0.079999999999999988
    endloop
  endfacet
  facet normal 0 0.44721359549996537 0.89442719099991219
    outer loop
      vertex 166.59999999999999 40.160000000000004 -0.079999999999999988
      vertex 166.59999999999999 40.080000000000005 -0.040000000000000008
      vertex 166.68000000000001 40.080000000000005 -0.040000000000000008
    endloop
  endfacet
  facet normal -0 0.44721359549996537 0.89442719099991219
    outer loop
      vertex 166.59999999999999 40.160000000000004 -0.079999999999999988
      vertex 166.68000000000001 40.080000000000005 -0.040000000000000008
      vertex 166.76000000000002 40.160000000000004 -0.079999999999999988
    endloop
  endfacet
  facet normal -0.017885682339724072 0.44714205849310185 0.89428411698620369
    outer loop
      vertex 166.80000000000001 0.15999999999999998 -0.079999999999999988
      vertex 166.80000000000001 0.080000000000000016 -0.040000000000000008
      vertex 169.80000000000001 0.20000000000000001 -0.040000000000000008
    endloop
  endfacet
  facet normal -0.017885682339724072 0.44714205849310135 0.89428411698620391
    outer loop
      vertex 166.80000000000001 0.15999999999999998 -0.079999999999999988
      vertex 169.80000000000001 0.20000000000000001 -0.040000000000000008
      vertex 167.80000000000001 0.20000000000000001 -0.079999999999999988
    endloop
  endfacet
  facet normal -0.019996001199600131 0 0.99980005998000698
    outer loop
      vertex 169.80000000000001 6.0799999999999983 -0.040000000000000008
      vertex 167.80000000000001 2.160000000000001 -0.079999999999999988
      vertex 167.80000000000001 0.20000000000000001 -0.079999999999999988
    endloop
  endfacet
  facet normal -0.019996001199600131 0 0.99980005998000709
    outer loop
      vertex 169.80000000000001 6.0799999999999983 -0.040000000000000008
      vertex 167.80000000000001 0.20000000000000001 -0.079999999999999988
      vertex 169.80000000000001 0.20000000000000001 -0.040000000000000008
    endloop
  endfacet
  facet normal -0.019996001199600131 0 0.99980005998000698
    outer loop
      vertex 167.80000000000001 2.1600000000000019 -0.079999999999999988
      vertex 169.80000000000001 6.0800000000000001 -0.040000000000000008
      vertex 169.80000000000001 10 -0.040000000000000008
    endloop
  endfacet
  facet normal -0.019996001199600131 0 0.99980005998000698
    outer loop
      vertex 167.80000000000001 2.1600000000000019 -0.079999999999999988
      vertex 169.80000000000001 10 -0.040000000000000008
      vertex 167.80000000000001 10 -0.079999999999999988
    endloop
  endfacet
  facet normal -0.019996001199600131 0 0.99980005998000698
    outer loop
      vertex 169.80000000000001 10.119999999999999 -0.040000000000000008
      vertex 167.80000000000001 10.039999999999999 -0.079999999999999988
      vertex 167.80000000000001 10 -0.079999999999999988
    endloop
  endfacet
  facet normal -0.019996001199600131 0 0.99980005998000698
    outer loop
      vertex 169.80000000000001 10.119999999999999 -0.040000000000000008
      vertex 167.80000000000001 10 -0.079999999999999988
      vertex 169.80000000000001 10 -0.040000000000000008
    endloop
  endfacet
  facet normal -0.0097009684960299609 -0.24252421240074343 0.97009684960298581
    outer loop
      vertex 166.80000000000001 10.08 -0.079999999999999988
      vertex 167.80000000000001 10.039999999999999 -0.079999999999999988
      vertex 169.80000000000001 10.119999999999999 -0.040000000000000008
    endloop
  endfacet
  facet normal -0.0097009684960298985 -0.2425242124007472 0.97009684960298481
    outer loop
      vertex 166.80000000000001 10.08 -0.079999999999999988
      vertex 169.80000000000001 10.119999999999999 -0.040000000000000008
      vertex 167.80000000000001 10.199999999999999 -0.040000000000000008
    endloop
  endfacet
  facet normal -0.0097009684960298447 -0.24252421240074765 0.9700968496029847
    outer loop
      vertex 166.80000000000001 10.08 -0.079999999999999988
      vertex 167.80000000000001 10.199999999999999 -0.040000000000000008
      vertex 166.80000000000001 10.199999999999999 -0.050000000000000003
    endloop
  endfacet
  facet normal -0.0099995000374968716 0 0.99995000374968757
    outer loop
      vertex 167.80000000000001 12.159999999999997 -0.040000000000000008
      vertex 166.80000000000001 10.199999999999999 -0.050000000000000003
      vertex 167.80000000000001 10.199999999999999 -0.040000000000000008
    endloop
  endfacet
  facet normal -0.0099995000374968716 0 0.99995000374968757
    outer loop
      vertex 166.80000000000001 10.199999999999999 -0.050000000000000003
      vertex 167.80000000000001 12.159999999999998 -0.040000000000000008
      vertex 167.80000000000001 20 -0.040000000000000008
    endloop
  endfacet
  facet normal -0.0099995000374968716 0 0.99995000374968757
    outer loop
      vertex 166.80000000000001 10.199999999999999 -0.050000000000000003
      vertex 167.80000000000001 20 -0.040000000000000008
      vertex 166.80000000000001 20 -0.050000000000000003
    endloop
  endfacet
  facet normal -0.0099995000374968716 0 0.99995000374968768
    outer loop
      vertex 167.80000000000001 20.039999999999999 -0.040000000000000008
      vertex 166.80000000000001 20 -0.050000000000000003
      vertex 167.80000000000001 20 -0.040000000000000008
    endloop
  endfacet
  facet normal 0 -0.24253562503633772 0.97014250014533066
    outer loop
      vertex 166.80000000000001 20.039999999999999 -0.040000000000000008
      vertex 166.80000000000001 20 -0.050000000000000003
      vertex 167.80000000000001 20.039999999999999 -0.040000000000000008
    endloop
  endfacet
  facet normal -0.017885682339723992 0.44714205849310934 0.89428411698620003
    outer loop
      vertex 166.80000000000001 40.160000000000004 -0.079999999999999988
      vertex 166.80000000000001 40.080000000000005 -0.040000000000000008
      vertex 169.80000000000001 40.200000000000003 -0.040000000000000008
    endloop
  endfacet
  facet normal -0.017885682339723992 0.44714205849310934 0.89428411698620003
    outer loop
      vertex 166.80000000000001 40.160000000000004 -0.079999999999999988
      vertex 169.80000000000001 40.200000000000003 -0.040000000000000008
      vertex 167.80000000000001 40.200000000000003 -0.079999999999999988
    endloop
  endfacet
  facet normal -0.019996001199600127 0 0.99980005998000698
    outer loop
      vertex 169.80000000000001 52.079999999999998 -0.040000000000000008
      vertex 167.80000000000001 44.160000000000004 -0.079999999999999988
      vertex 167.80000000000001 40.200000000000003 -0.079999999999999988
    endloop
  endfacet
  facet normal -0.019996001199600127 0 0.99980005998000698
    outer loop
      vertex 169.80000000000001 52.079999999999998 -0.040000000000000008
      vertex 167.80000000000001 40.200000000000003 -0.079999999999999988
      vertex 169.80000000000001 40.200000000000003 -0.040000000000000008
    endloop
  endfacet
  facet normal -0.019996001199600127 0 0.99980005998000698
    outer loop
      vertex 167.80000000000001 44.160000000000004 -0.079999999999999988
      vertex 169.80000000000001 52.079999999999998 -0.040000000000000008
      vertex 169.80000000000001 60 -0.040000000000000008
    endloop
  endfacet
  facet normal -0.019996001199600127 0 0.99980005998000698
    outer loop
      vertex 167.80000000000001 44.160000000000004 -0.079999999999999988
      vertex 169.80000000000001 60 -0.040000000000000008
      vertex 167.80000000000001 60 -0.079999999999999988
    endloop
  endfacet
  facet normal -0.019996001199600131 0 0.99980005998000698
    outer loop
      vertex 169.80000000000001 60.119999999999997 -0.040000000000000008
      vertex 167.80000000000001 60.039999999999999 -0.079999999999999988
      vertex 167.80000000000001 60 -0.079999999999999988
    endloop
  endfacet
  facet normal -0.019996001199600131 0 0.99980005998000698
    outer loop
      vertex 169.80000000000001 60.119999999999997 -0.040000000000000008
      vertex 167.80000000000001 60 -0.079999999999999988
      vertex 169.80000000000001 60 -0.040000000000000008
    endloop
  endfacet
  facet normal -0.029091956313325996 0.24243296927769681 0.96973187711091713
    outer loop
      vertex 167.80000000000001 60.039999999999999 -0.079999999999999988
      vertex 169.80000000000001 60.119999999999997 -0.040000000000000008
      vertex 170.46666666666667 60.200000000000003 -0.040000000000000008
    endloop
  endfacet
  facet normal -0.029091956313327682 0.24243296927772681 0.96973187711090947
    outer loop
      vertex 167.80000000000001 60.039999999999999 -0.079999999999999988
      vertex 170.46666666666667 60.200000000000003 -0.040000000000000008
      vertex 169.13333333333335 60.200000000000003 -0.079999999999999988
    endloop
  endfacet
  facet normal -0.029986509105671414 0 0.99955030352236673
    outer loop
      vertex 170.46666666666667 74.719999999999999 -0.040000000000000008
      vertex 169.13333333333335 69.439999999999998 -0.079999999999999988
      vertex 169.13333333333335 60.200000000000003 -0.079999999999999988
    endloop
  endfacet
  facet normal -0.029986509105671411 0 0.99955030352236662
    outer loop
      vertex 170.46666666666667 74.719999999999999 -0.040000000000000008
      vertex 169.13333333333335 60.200000000000003 -0.079999999999999988
      vertex 170.46666666666667 60.200000000000003 -0.040000000000000008
    endloop
  endfacet
  facet normal -0.029986509105671418 0 0.99955030352236685
    outer loop
      vertex 169.13333333333335 69.439999999999998 -0.079999999999999988
      vertex 170.46666666666667 74.719999999999999 -0.040000000000000008
      vertex 170.46666666666667 80 -0.040000000000000008
    endloop
  endfacet
  facet normal -0.029986509105671418 0 0.99955030352236685
    outer loop
      vertex 169.13333333333335 69.439999999999998 -0.079999999999999988
      vertex 170.46666666666667 80 -0.040000000000000008
      vertex 169.13333333333335 80 -0.079999999999999988
    endloop
  endfacet
  facet normal -0.029986509105671407 0 0.99955030352236673
    outer loop
      vertex 170.46666666666667 80.146666666666661 -0.040000000000000008
      vertex 169.13333333333335 80.093333333333334 -0.079999999999999988
      vertex 169.13333333333335 80 -0.079999999999999988
    endloop
  endfacet
  facet normal -0.029986509105671411 0 0.99955030352236673
    outer loop
      vertex 170.46666666666667 80.146666666666661 -0.040000000000000008
      vertex 169.13333333333335 80 -0.079999999999999988
      vertex 170.46666666666667 80 -0.040000000000000008
    endloop
  endfacet
  facet normal -0.038776514554653745 0.24235321596655487 0.96941286386640291
    outer loop
      vertex 169.13333333333335 80.093333333333334 -0.079999999999999988
      vertex 170.46666666666667 80.146666666666661 -0.040000000000000008
      vertex 170.80000000000001 80.200000000000003 -0.040000000000000008
    endloop
  endfacet
  facet normal -0.038776514554655757 0.24235321596658943 0.96941286386639436
    outer loop
      vertex 169.13333333333335 80.093333333333334 -0.079999999999999988
      vertex 170.80000000000001 80.200000000000003 -0.040000000000000008
      vertex 169.80000000000001 80.200000000000003 -0.079999999999999988
    endloop
  endfacet
  facet normal -0.039968038348871561 0 0.99920095872178949
    outer loop
      vertex 170.80000000000001 96.039999999999992 -0.040000000000000008
      vertex 169.80000000000001 92.079999999999998 -0.079999999999999988
      vertex 169.80000000000001 80.200000000000003 -0.079999999999999988
    endloop
  endfacet
  facet normal -0.039968038348871561 0 0.99920095872178949
    outer loop
      vertex 170.80000000000001 96.039999999999992 -0.040000000000000008
      vertex 169.80000000000001 80.200000000000003 -0.079999999999999988
      vertex 170.80000000000001 80.200000000000003 -0.040000000000000008
    endloop
  endfacet
  facet normal -0.039968038348871554 0 0.99920095872178938
    outer loop
      vertex 169.80000000000001 92.079999999999998 -0.079999999999999988
      vertex 170.80000000000001 96.039999999999992 -0.040000000000000008
      vertex 170.80000000000001 100 -0.040000000000000008
    endloop
  endfacet
  facet normal -0.039968038348871561 0 0.99920095872178949
    outer loop
      vertex 169.80000000000001 92.079999999999998 -0.079999999999999988
      vertex 170.80000000000001 100 -0.040000000000000008
      vertex 169.80000000000001 100 -0.079999999999999988
    endloop
  endfacet
  facet normal 0.0099995000374968699 0 0.99995000374968757
    outer loop
      vertex 176.40000000000001 -84.159999999999997 -0.040000000000000008
      vertex 176.40000000000001 -100 -0.040000000000000008
      vertex 177.40000000000001 -100 -0.050000000000000003
    endloop
  endfacet
  facet normal 0.0099995000374968699 0 0.99995000374968757
    outer loop
      vertex 176.40000000000001 -84.159999999999997 -0.040000000000000008
      vertex 177.40000000000001 -100 -0.050000000000000003
      vertex 177.40000000000001 -80.200000000000003 -0.050000000000000003
    endloop
  endfacet
  facet normal 0.0099995000374968699 -0 0.99995000374968757
    outer loop
      vertex 176.40000000000001 -84.159999999999997 -0.040000000000000008
      vertex 177.40000000000001 -80.200000000000003 -0.050000000000000003
      vertex 176.40000000000001 -80.200000000000003 -0.040000000000000008
    endloop
  endfacet
  facet normal 0.0079997440122877937 -0.59998080092149075 0.79997440122877972
    outer loop
      vertex 176.40000000000001 -80.200000000000003 -0.040000000000000008
      vertex 177.40000000000001 -80.200000000000003 -0.050000000000000003
      vertex 177.40000000000001 -80.186666666666667 -0.040000000000000008
    endloop
  endfacet
  facet normal 0 0 1
    outer loop
      vertex 177.40000000000001 -100 -0.050000000000000003
      vertex 177.59999999999999 -100 -0.050000000000000003
      vertex 177.59999999999999 -80.200000000000003 -0.050000000000000003
    endloop
  endfacet
  facet normal 0 0 1
    outer loop
      vertex 177.40000000000001 -100 -0.050000000000000003
      vertex 177.59999999999999 -80.200000000000003 -0.050000000000000003
      vertex 177.40000000000001 -80.200000000000003 -0.050000000000000003
    endloop
  endfacet
  facet normal 0 -0.5999999999999398 0.80000000000004512
    outer loop
      vertex 177.41333333333333 -80.186666666666667 -0.040000000000000008
      vertex 177.40000000000001 -80.200000000000003 -0.050000000000000003
      vertex 177.59999999999999 -80.200000000000003 -0.050000000000000003
    endloop
  endfacet
  facet normal 0 -0.5999999999999398 0.80000000000004512
    outer loop
      vertex 177.41333333333333 -80.186666666666667 -0.040000000000000008
      vertex 177.59999999999999 -80.200000000000003 -0.050000000000000003
      vertex 177.59999999999999 -80.186666666666667 -0.040000000000000008
    endloop
  endfacet
  facet normal 0 -0.59999999999993969 0.80000000000004523
    outer loop
      vertex 177.40000000000001 -80.186666666666667 -0.040000000000000008
      vertex 177.40000000000001 -80.200000000000003 -0.050000000000000003
      vertex 177.41333333333333 -80.186666666666667 -0.040000000000000008
    endloop
  endfacet
  facet normal 0 0 1
    outer loop
      vertex 177.59999999999999 -100 -0.050000000000000003
      vertex 179.59999999999999 -100 -0.050000000000000003
      vertex 179.59999999999999 -80.200000000000003 -0.050000000000000003
    endloop
  endfacet
  facet normal 0 0 1
    outer loop
      vertex 177.59999999999999 -100 -0.050000000000000003
      vertex 179.59999999999999 -80.200000000000003 -0.050000000000000003
      vertex 177.59999999999999 -80.200000000000003 -0.050000000000000003
    endloop
  endfacet
  facet normal 0 -0.5999999999999398 0.80000000000004512
    outer loop
      vertex 177.73333333333332 -80.186666666666667 -0.040000000000000008
      vertex 177.59999999999999 -80.200000000000003 -0.050000000000000003
      vertex 179.59999999999999 -80.200000000000003 -0.050000000000000003
    endloop
  endfacet
  facet normal 0 -0.5999999999999398 0.80000000000004512
    outer loop
      vertex 177.73333333333332 -80.186666666666667 -0.040000000000000008
      vertex 179.59999999999999 -80.200000000000003 -0.050000000000000003
      vertex 179.59999999999999 -80.186666666666667 -0.040000000000000008
    endloop
  endfacet
  facet normal 0 -0.5999999999999398 0.80000000000004501
    outer loop
      vertex 177.59999999999999 -80.186666666666667 -0.040000000000000008
      vertex 177.59999999999999 -80.200000000000003 -0.050000000000000003
      vertex 177.73333333333332 -80.186666666666667 -0.040000000000000008
    endloop
  endfacet
  facet normal 0 0 1
    outer loop
      vertex 179.59999999999999 -100 -0.050000000000000003
      vertex 179.80000000000001 -100 -0.050000000000000003
      vertex 179.80000000000001 -80.200000000000003 -0.050000000000000003
    endloop
  endfacet
  facet normal 0 0 1
    outer loop
      vertex 179.59999999999999 -100 -0.050000000000000003
      vertex 179.80000000000001 -80.200000000000003 -0.050000000000000003
      vertex 179.59999999999999 -80.200000000000003 -0.050000000000000003
    endloop
  endfacet
  facet normal 0 -0.5999999999999398 0.80000000000004523
    outer loop
      vertex 179.61333333333332 -80.186666666666667 -0.040000000000000008
      vertex 179.59999999999999 -80.200000000000003 -0.050000000000000003
      vertex 179.80000000000001 -80.200000000000003 -0.050000000000000003
    endloop
  endfacet
  facet normal 0 -0.5999999999999398 0.80000000000004523
    outer loop
      vertex 179.61333333333332 -80.186666666666667 -0.040000000000000008
      vertex 179.80000000000001 -80.200000000000003 -0.050000000000000003
      vertex 179.80000000000001 -80.186666666666667 -0.040000000000000008
    endloop
  endfacet
  facet normal 0 -0.59999999999993969 0.80000000000004523
    outer loop
      vertex 179.59999999999999 -80.186666666666667 -0.040000000000000008
      vertex 179.59999999999999 -80.200000000000003 -0.050000000000000003
      vertex 179.61333333333332 -80.186666666666667 -0.040000000000000008
    endloop
  endfacet
  facet normal -0.24253562503637832 0 0.97014250014532066
    outer loop
      vertex 179.84 -96.040000000000006 -0.040000000000000008
      vertex 179.80000000000001 -100 -0.050000000000000003
      vertex 179.84 -100 -0.040000000000000008
    endloop
  endfacet
  facet normal -0.24253562503637829 0 0.97014250014532055
    outer loop
      vertex 179.80000000000001 -100 -0.050000000000000003
      vertex 179.84 -96.040000000000006 -0.040000000000000008
      vertex 179.84 -80.200000000000003 -0.040000000000000008
    endloop
  endfacet
  facet normal -0.24253562503637829 0 0.97014250014532066
    outer loop
      vertex 179.80000000000001 -100 -0.050000000000000003
      vertex 179.84 -80.200000000000003 -0.040000000000000008
      vertex 179.80000000000001 -80.200000000000003 -0.050000000000000003
    endloop
  endfacet
  facet normal -0.24253562503637829 0 0.97014250014532066
    outer loop
      vertex 179.84 -80.159999999999997 -0.040000000000000008
      vertex 179.80000000000001 -80.200000000000003 -0.050000000000000003
      vertex 179.84 -80.200000000000003 -0.040000000000000008
    endloop
  endfacet
  facet normal 0.37139067635418532 -0.55708601453108009 0.74278135270822332
    outer loop
      vertex 179.80000000000001 -80.186666666666667 -0.040000000000000008
      vertex 179.80000000000001 -80.200000000000003 -0.050000000000000003
      vertex 179.84 -80.159999999999997 -0.040000000000000008
    endloop
  endfacet
  facet normal -0 0.24253562503633294 0.97014250014533177
    outer loop
      vertex 204.96000000000001 0.16000000000000003 -0.040000000000000008
      vertex 205 0.16000000000000003 -0.040000000000000008
      vertex 205 0.20000000000000001 -0.050000000000000003
    endloop
  endfacet
  facet normal 0.24253562503637827 -0 0.97014250014532055
    outer loop
      vertex 204.96000000000001 0.16000000000000003 -0.040000000000000008
      vertex 205 0.20000000000000001 -0.050000000000000003
      vertex 204.96000000000001 0.20000000000000001 -0.040000000000000008
    endloop
  endfacet
  facet normal 0.24253562503637827 0 0.97014250014532055
    outer loop
      vertex 204.96000000000001 8.0400000000000009 -0.040000000000000008
      vertex 204.96000000000001 0.20000000000000001 -0.040000000000000008
      vertex 205 0.20000000000000001 -0.050000000000000003
    endloop
  endfacet
  facet normal 0.24253562503637824 0 0.97014250014532055
    outer loop
      vertex 204.96000000000001 8.0400000000000009 -0.040000000000000008
      vertex 205 0.20000000000000001 -0.050000000000000003
      vertex 205 10 -0.050000000000000003
    endloop
  endfacet
  facet normal 0.24253562503637829 -0 0.97014250014532055
    outer loop
      vertex 204.96000000000001 8.0400000000000027 -0.040000000000000008
      vertex 205 10 -0.050000000000000003
      vertex 204.96000000000001 10 -0.040000000000000008
    endloop
  endfacet
  facet normal 0.23570226039556005 0.23570226039551292 0.94280904158205303
    outer loop
      vertex 204.96000000000001 10.16 -0.079999999999999988
      vertex 204.88000000000002 10.08 -0.040000000000000008
      vertex 204.96000000000001 10 -0.040000000000000008
    endloop
  endfacet
  facet normal 0.23570226039556005 0.23570226039551292 0.94280904158205303
    outer loop
      vertex 204.96000000000001 10.16 -0.079999999999999988
      vertex 204.96000000000001 10 -0.040000000000000008
      vertex 205 10 -0.050000000000000003
    endloop
  endfacet
  facet normal 0.23570226039556658 0.23570226039551423 0.94280904158205103
    outer loop
      vertex 204.96000000000001 10.16 -0.079999999999999988
      vertex 205 10 -0.050000000000000003
      vertex 205 10.119999999999999 -0.079999999999999988
    endloop
  endfacet
  facet normal 0.44721359550002904 0 0.89442719099988033
    outer loop
      vertex 204.88000000000002 10.08 -0.040000000000000008
      vertex 204.96000000000001 10.16 -0.079999999999999988
      vertex 204.96000000000001 10.199999999999999 -0.079999999999999988
    endloop
  endfacet
  facet normal 0.44721359550002893 -0 0.89442719099988022
    outer loop
      vertex 204.88000000000002 10.08 -0.040000000000000008
      vertex 204.96000000000001 10.199999999999999 -0.079999999999999988
      vertex 204.88000000000002 10.199999999999999 -0.040000000000000008
    endloop
  endfacet
  facet normal 0.44721359550002898 0 0.89442719099988044
    outer loop
      vertex 204.96000000000001 18.039999999999999 -0.079999999999999988
      vertex 204.88000000000002 14.120000000000001 -0.040000000000000008
      vertex 204.88000000000002 10.199999999999999 -0.040000000000000008
    endloop
  endfacet
  facet normal 0.44721359550002898 0 0.89442719099988044
    outer loop
      vertex 204.96000000000001 18.039999999999999 -0.079999999999999988
      vertex 204.88000000000002 10.199999999999999 -0.040000000000000008
      vertex 204.96000000000001 10.199999999999999 -0.079999999999999988
    endloop
  endfacet
  facet normal 0.44721359550002898 0 0.89442719099988033
    outer loop
      vertex 204.88000000000002 14.120000000000001 -0.040000000000000008
      vertex 204.96000000000001 18.039999999999999 -0.079999999999999988
      vertex 204.96000000000001 20 -0.079999999999999988
    endloop
  endfacet
  facet normal 0.44721359550002898 -0 0.89442719099988044
    outer loop
      vertex 204.88000000000002 14.120000000000001 -0.040000000000000008
      vertex 204.96000000000001 20 -0.079999999999999988
      vertex 204.88000000000002 20 -0.040000000000000008
    endloop
  endfacet
  facet normal 0.43643578047205528 0.21821789023605676 0.87287156094391805
    outer loop
      vertex 204.90666666666667 20.106666666666666 -0.079999999999999988
      vertex 204.85333333333335 20.053333333333335 -0.040000000000000008
      vertex 204.88000000000002 20 -0.040000000000000008
    endloop
  endfacet
  facet normal 0.43643578047204729 0.21821789023605997 0.87287156094392138
    outer loop
      vertex 204.90666666666667 20.106666666666666 -0.079999999999999988
      vertex 204.88000000000002 20 -0.040000000000000008
      vertex 204.96000000000001 20 -0.079999999999999988
    endloop
  endfacet
  facet normal 0.60000000000014453 0 0.79999999999989169
    outer loop
      vertex 204.85333333333335 20.053333333333335 -0.040000000000000008
      vertex 204.90666666666667 20.106666666666666 -0.079999999999999988
      vertex 204.90666666666667 20.199999999999999 -0.079999999999999988
    endloop
  endfacet
  facet normal 0.60000000000014442 -0 0.79999999999989158
    outer loop
      vertex 204.85333333333335 20.053333333333335 -0.040000000000000008
      vertex 204.90666666666667 20.199999999999999 -0.079999999999999988
      vertex 204.85333333333335 20.199999999999999 -0.040000000000000008
    endloop
  endfacet
  facet normal 0.60000000000014442 0 0.7999999999998918
    outer loop
      vertex 204.90666666666667 30.759999999999998 -0.079999999999999988
      vertex 204.85333333333335 25.48 -0.040000000000000008
      vertex 204.85333333333335 20.199999999999999 -0.040000000000000008
    endloop
  endfacet
  facet normal 0.60000000000014442 0 0.7999999999998918
    outer loop
      vertex 204.90666666666667 30.759999999999998 -0.079999999999999988
      vertex 204.85333333333335 20.199999999999999 -0.040000000000000008
      vertex 204.90666666666667 20.199999999999999 -0.079999999999999988
    endloop
  endfacet
  facet normal 0.60000000000014431 0 0.79999999999989169
    outer loop
      vertex 204.85333333333335 25.48 -0.040000000000000008
      vertex 204.90666666666667 30.759999999999998 -0.079999999999999988
      vertex 204.90666666666667 40 -0.079999999999999988
    endloop
  endfacet
  facet normal 0.60000000000014442 -0 0.7999999999998918
    outer loop
      vertex 204.85333333333335 25.48 -0.040000000000000008
      vertex 204.90666666666667 40 -0.079999999999999988
      vertex 204.85333333333335 40 -0.040000000000000008
    endloop
  endfacet
  facet normal 0.5883484054144672 0.19611613513839962 0.78446454055274595
    outer loop
      vertex 204.88 40.079999999999998 -0.079999999999999988
      vertex 204.84 40.039999999999999 -0.040000000000000008
      vertex 204.85333333333335 40 -0.040000000000000008
    endloop
  endfacet
  facet normal 0.58834840541468436 0.19611613513826293 0.78446454055261727
    outer loop
      vertex 204.88 40.079999999999998 -0.079999999999999988
      vertex 204.85333333333335 40 -0.040000000000000008
      vertex 204.90666666666667 40 -0.079999999999999988
    endloop
  endfacet
  facet normal 0.70710678118661763 0 0.70710678118647741
    outer loop
      vertex 204.84 40.039999999999999 -0.040000000000000008
      vertex 204.88 40.079999999999998 -0.079999999999999988
      vertex 204.88 40.200000000000003 -0.079999999999999988
    endloop
  endfacet
  facet normal 0.70710678118661763 -0 0.70710678118647741
    outer loop
      vertex 204.84 40.039999999999999 -0.040000000000000008
      vertex 204.88 40.200000000000003 -0.079999999999999988
      vertex 204.84 40.200000000000003 -0.040000000000000008
    endloop
  endfacet
  facet normal 0.70710678118661774 0 0.7071067811864773
    outer loop
      vertex 204.88 48.119999999999997 -0.079999999999999988
      vertex 204.84 44.160000000000004 -0.040000000000000008
      vertex 204.84 40.200000000000003 -0.040000000000000008
    endloop
  endfacet
  facet normal 0.70710678118661774 0 0.70710678118647741
    outer loop
      vertex 204.88 48.119999999999997 -0.079999999999999988
      vertex 204.84 40.200000000000003 -0.040000000000000008
      vertex 204.88 40.200000000000003 -0.079999999999999988
    endloop
  endfacet
  facet normal 0.70710678118661763 0 0.70710678118647741
    outer loop
      vertex 204.84 44.160000000000004 -0.040000000000000008
      vertex 204.88 48.119999999999997 -0.079999999999999988
      vertex 204.88 60 -0.079999999999999988
    endloop
  endfacet
  facet normal 0.70710678118661763 -0 0.70710678118647741
    outer loop
      vertex 204.84 44.160000000000004 -0.040000000000000008
      vertex 204.88 60 -0.079999999999999988
      vertex 204.84 60 -0.040000000000000008
    endloop
  endfacet
  facet normal 0.62469504755447058 -0.46852128566585988 0.62469504755434668
    outer loop
      vertex 204.96000000000001 60.160000000000004 -0.040000000000000008
      vertex 204.84 60 -0.040000000000000008
      vertex 204.88 60 -0.079999999999999988
    endloop
  endfacet
  facet normal 0.62469504755447058 -0.46852128566585988 0.62469504755434668
    outer loop
      vertex 204.96000000000001 60.160000000000004 -0.040000000000000008
      vertex 204.88 60 -0.079999999999999988
      vertex 205 60.160000000000004 -0.079999999999999988
    endloop
  endfacet
  facet normal 0.62469504755449701 -0.46852128566578954 0.624695047554373
    outer loop
      vertex 204.96000000000001 60.160000000000004 -0.040000000000000008
      vertex 205 60.160000000000004 -0.079999999999999988
      vertex 205 60.200000000000003 -0.050000000000000003
    endloop
  endfacet
  facet normal 0.24253562503637832 -0 0.97014250014532066
    outer loop
      vertex 204.96000000000001 60.160000000000004 -0.040000000000000008
      vertex 205 60.200000000000003 -0.050000000000000003
      vertex 204.96000000000001 60.200000000000003 -0.040000000000000008
    endloop
  endfacet
  facet normal 0.24253562503637829 0 0.97014250014532055
    outer loop
      vertex 204.96000000000001 76.040000000000006 -0.040000000000000008
      vertex 204.96000000000001 60.200000000000003 -0.040000000000000008
      vertex 205 60.200000000000003 -0.050000000000000003
    endloop
  endfacet
  facet normal 0.24253562503637829 0 0.97014250014532066
    outer loop
      vertex 204.96000000000001 76.040000000000006 -0.040000000000000008
      vertex 205 60.200000000000003 -0.050000000000000003
      vertex 205 80 -0.050000000000000003
    endloop
  endfacet
  facet normal 0.24253562503637832 -0 0.97014250014532066
    outer loop
      vertex 204.96000000000001 76.040000000000006 -0.040000000000000008
      vertex 205 80 -0.050000000000000003
      vertex 204.96000000000001 80 -0.040000000000000008
    endloop
  endfacet
  facet normal 0.23570226039555978 0.23570226039551789 0.94280904158205192
    outer loop
      vertex 204.96000000000001 80.159999999999997 -0.079999999999999988
      vertex 204.88000000000002 80.079999999999998 -0.040000000000000008
      vertex 204.96000000000001 80 -0.040000000000000008
    endloop
  endfacet
  facet normal 0.23570226039555978 0.23570226039551789 0.94280904158205192
    outer loop
      vertex 204.96000000000001 80.159999999999997 -0.079999999999999988
      vertex 204.96000000000001 80 -0.040000000000000008
      vertex 205 80 -0.050000000000000003
    endloop
  endfacet
  facet normal 0.23570226039550785 0.23570226039550785 0.94280904158206746
    outer loop
      vertex 204.96000000000001 80.159999999999997 -0.079999999999999988
      vertex 205 80 -0.050000000000000003
      vertex 205 80.120000000000005 -0.079999999999999988
    endloop
  endfacet
  facet normal 0.44721359550002887 0 0.89442719099988055
    outer loop
      vertex 204.88000000000002 80.079999999999998 -0.040000000000000008
      vertex 204.96000000000001 80.159999999999997 -0.079999999999999988
      vertex 204.96000000000001 80.200000000000003 -0.079999999999999988
    endloop
  endfacet
  facet normal 0.44721359550002893 -0 0.89442719099988044
    outer loop
      vertex 204.88000000000002 80.079999999999998 -0.040000000000000008
      vertex 204.96000000000001 80.200000000000003 -0.079999999999999988
      vertex 204.88000000000002 80.200000000000003 -0.040000000000000008
    endloop
  endfacet
  facet normal 0.44721359550002893 0 0.89442719099988033
    outer loop
      vertex 204.96000000000001 96.039999999999992 -0.079999999999999988
      vertex 204.88000000000002 88.120000000000005 -0.040000000000000008
      vertex 204.88000000000002 80.200000000000003 -0.040000000000000008
    endloop
  endfacet
  facet normal 0.44721359550002898 0 0.89442719099988033
    outer loop
      vertex 204.96000000000001 96.039999999999992 -0.079999999999999988
      vertex 204.88000000000002 80.200000000000003 -0.040000000000000008
      vertex 204.96000000000001 80.200000000000003 -0.079999999999999988
    endloop
  endfacet
  facet normal 0.44721359550002893 0 0.89442719099988044
    outer loop
      vertex 204.88000000000002 88.120000000000005 -0.040000000000000008
      vertex 204.96000000000001 96.039999999999992 -0.079999999999999988
      vertex 204.96000000000001 100 -0.079999999999999988
    endloop
  endfacet
  facet normal 0.44721359550002898 -0 0.89442719099988044
    outer loop
      vertex 204.88000000000002 88.120000000000005 -0.040000000000000008
      vertex 204.96000000000001 100 -0.079999999999999988
      vertex 204.88000000000002 100 -0.040000000000000008
    endloop
  endfacet
  facet normal -0 0.24253562503633294 0.97014250014533177
    outer loop
      vertex 205.16 0.16000000000000003 -0.040000000000000008
      vertex 205.19999999999999 0.16000000000000003 -0.040000000000000008
      vertex 205.19999999999999 0.20000000000000001 -0.050000000000000003
    endloop
  endfacet
  facet normal -0 0.24253562503633297 0.97014250014533188
    outer loop
      vertex 205 0.16000000000000003 -0.040000000000000008
      vertex 205.16 0.16000000000000003 -0.040000000000000008
      vertex 205.19999999999999 0.20000000000000001 -0.050000000000000003
    endloop
  endfacet
  facet normal 0 0.242535625036333 0.97014250014533199
    outer loop
      vertex 205 0.16000000000000003 -0.040000000000000008
      vertex 205.19999999999999 0.20000000000000001 -0.050000000000000003
      vertex 205 0.20000000000000001 -0.050000000000000003
    endloop
  endfacet
  facet normal 0 0 1
    outer loop
      vertex 205 0.20000000000000001 -0.050000000000000003
      vertex 205.19999999999999 0.20000000000000001 -0.050000000000000003
      vertex 205.19999999999999 10 -0.050000000000000003
    endloop
  endfacet
  facet normal 0 0 1
    outer loop
      vertex 205 0.20000000000000001 -0.050000000000000003
      vertex 205.19999999999999 10 -0.050000000000000003
      vertex 205 10 -0.050000000000000003
    endloop
  endfacet
  facet normal 0 0.24253562503633436 0.97014250014533154
    outer loop
      vertex 205.12 10.119999999999999 -0.079999999999999988
      vertex 205 10 -0.050000000000000003
      vertex 205.19999999999999 10 -0.050000000000000003
    endloop
  endfacet
  facet normal -0 0.24253562503633436 0.97014250014533143
    outer loop
      vertex 205.12 10.119999999999999 -0.079999999999999988
      vertex 205.19999999999999 10 -0.050000000000000003
      vertex 205.19999999999999 10.119999999999999 -0.079999999999999988
    endloop
  endfacet
  facet normal -0 0.24253562503633433 0.97014250014533154
    outer loop
      vertex 205 10.119999999999999 -0.079999999999999988
      vertex 205 10 -0.050000000000000003
      vertex 205.12 10.119999999999999 -0.079999999999999988
    endloop
  endfacet
  facet normal 0 -0.60000000000000808 0.79999999999999405
    outer loop
      vertex 205.16 60.160000000000004 -0.079999999999999988
      vertex 205.19999999999999 60.160000000000004 -0.079999999999999988
      vertex 205.19999999999999 60.200000000000003 -0.050000000000000003
    endloop
  endfacet
  facet normal 0 -0.60000000000000797 0.79999999999999394
    outer loop
      vertex 205 60.160000000000004 -0.079999999999999988
      vertex 205.16 60.160000000000004 -0.079999999999999988
      vertex 205.19999999999999 60.200000000000003 -0.050000000000000003
    endloop
  endfacet
  facet normal 0 -0.60000000000000808 0.79999999999999405
    outer loop
      vertex 205 60.160000000000004 -0.079999999999999988
      vertex 205.19999999999999 60.200000000000003 -0.050000000000000003
      vertex 205 60.200000000000003 -0.050000000000000003
    endloop
  endfacet
  facet normal 0 0 1
    outer loop
      vertex 205 60.200000000000003 -0.050000000000000003
      vertex 205.19999999999999 60.200000000000003 -0.050000000000000003
      vertex 205.19999999999999 80 -0.050000000000000003
    endloop
  endfacet
  facet normal 0 0 1
    outer loop
      vertex 205 60.200000000000003 -0.050000000000000003
      vertex 205.19999999999999 80 -0.050000000000000003
      vertex 205 80 -0.050000000000000003
    endloop
  endfacet
  facet normal 0 0.24253562503632428 0.9701425001453341
    outer loop
      vertex 205.12 80.120000000000005 -0.079999999999999988
      vertex 205 80 -0.050000000000000003
      vertex 205.19999999999999 80 -0.050000000000000003
    endloop
  endfacet
  facet normal -0 0.24253562503632423 0.9701425001453341
    outer loop
      vertex 205.12 80.120000000000005 -0.079999999999999988
      vertex 205.19999999999999 80 -0.050000000000000003
      vertex 205.19999999999999 80.120000000000005 -0.079999999999999988
    endloop
  endfacet
  facet normal -0 0.24253562503632425 0.97014250014533421
    outer loop
      vertex 205 80.120000000000005 -0.079999999999999988
      vertex 205 80 -0.050000000000000003
      vertex 205.12 80.120000000000005 -0.079999999999999988
    endloop
  endfacet
  facet normal 0 0.70710678118661763 0.70710678118647741
    outer loop
      vertex 205.28 -80.120000000000005 -0.079999999999999988
      vertex 205.24000000000001 -80.159999999999997 -0.040000000000000008
      vertex 205.40000000000001 -80.159999999999997 -0.040000000000000008
    endloop
  endfacet
  facet normal -0 0.70710678118661763 0.70710678118647741
    outer loop
      vertex 205.28 -80.120000000000005 -0.079999999999999988
      vertex 205.40000000000001 -80.159999999999997 -0.040000000000000008
      vertex 205.40000000000001 -80.120000000000005 -0.079999999999999988
    endloop
  endfacet
  facet normal 0.70710678118661785 0 0.70710678118647741
    outer loop
      vertex 205.24000000000001 -80.159999999999997 -0.040000000000000008
      vertex 205.28 -80.120000000000005 -0.079999999999999988
      vertex 205.28 -80 -0.079999999999999988
    endloop
  endfacet
  facet normal 0.70710678118661774 -0 0.70710678118647741
    outer loop
      vertex 205.24000000000001 -80.159999999999997 -0.040000000000000008
      vertex 205.28 -80 -0.079999999999999988
      vertex 205.24000000000001 -80 -0.040000000000000008
    endloop
  endfacet
  facet normal 0.70710678118661774 0 0.7071067811864773
    outer loop
      vertex 205.28 -72.079999999999998 -0.079999999999999988
      vertex 205.24000000000001 -76.039999999999992 -0.040000000000000008
      vertex 205.24000000000001 -80 -0.040000000000000008
    endloop
  endfacet
  facet normal 0.70710678118661774 0 0.7071067811864773
    outer loop
      vertex 205.28 -72.079999999999998 -0.079999999999999988
      vertex 205.24000000000001 -80 -0.040000000000000008
      vertex 205.28 -80 -0.079999999999999988
    endloop
  endfacet
  facet normal 0.70710678118661774 0 0.70710678118647741
    outer loop
      vertex 205.24000000000001 -76.039999999999992 -0.040000000000000008
      vertex 205.28 -72.079999999999998 -0.079999999999999988
      vertex 205.28 -60.200000000000003 -0.079999999999999988
    endloop
  endfacet
  facet normal 0.70710678118661774 -0 0.70710678118647741
    outer loop
      vertex 205.24000000000001 -76.039999999999992 -0.040000000000000008
      vertex 205.28 -60.200000000000003 -0.079999999999999988
      vertex 205.24000000000001 -60.200000000000003 -0.040000000000000008
    endloop
  endfacet
  facet normal 0.57735026918966392 -0.57735026918966403 0.57735026918954935
    outer loop
      vertex 205.24000000000001 -60.200000000000003 -0.040000000000000008
      vertex 205.28 -60.200000000000003 -0.079999999999999988
      vertex 205.40000000000001 -60.079999999999998 -0.079999999999999988
    endloop
  endfacet
  facet normal 0.57735026918964671 -0.57735026918962118 0.5773502691896093
    outer loop
      vertex 205.24000000000001 -60.200000000000003 -0.040000000000000008
      vertex 205.40000000000001 -60.079999999999998 -0.079999999999999988
      vertex 205.40000000000001 -60.039999999999999 -0.040000000000000008
    endloop
  endfacet
  facet normal -0.23570226039556 0.23570226039551323 0.94280904158205292
    outer loop
      vertex 205.19999999999999 0.16000000000000003 -0.040000000000000008
      vertex 205.23999999999998 0.20000000000000001 -0.040000000000000008
      vertex 205.19999999999999 0.20000000000000001 -0.050000000000000003
    endloop
  endfacet
  facet normal -0.24253562503637827 0 0.97014250014532055
    outer loop
      vertex 205.23999999999998 2.1599999999999975 -0.040000000000000008
      vertex 205.19999999999999 0.20000000000000001 -0.050000000000000003
      vertex 205.23999999999998 0.20000000000000001 -0.040000000000000008
    endloop
  endfacet
  facet normal -0.24253562503637832 0 0.97014250014532055
    outer loop
      vertex 205.19999999999999 0.20000000000000001 -0.050000000000000003
      vertex 205.23999999999998 2.1599999999999993 -0.040000000000000008
      vertex 205.23999999999998 10 -0.040000000000000008
    endloop
  endfacet
  facet normal -0.24253562503637829 0 0.97014250014532055
    outer loop
      vertex 205.19999999999999 0.20000000000000001 -0.050000000000000003
      vertex 205.23999999999998 10 -0.040000000000000008
      vertex 205.19999999999999 10 -0.050000000000000003
    endloop
  endfacet
  facet normal -0.24253562503637832 0 0.97014250014532066
    outer loop
      vertex 205.23999999999998 10.039999999999999 -0.040000000000000008
      vertex 205.19999999999999 10 -0.050000000000000003
      vertex 205.23999999999998 10 -0.040000000000000008
    endloop
  endfacet
  facet normal -0.43643578047205217 0.2182178902359857 0.87287156094393747
    outer loop
      vertex 205.19999999999999 10.119999999999999 -0.079999999999999988
      vertex 205.19999999999999 10 -0.050000000000000003
      vertex 205.23999999999998 10.039999999999999 -0.040000000000000008
    endloop
  endfacet
  facet normal -0.4364357804719885 0.21821789023602814 0.87287156094395879
    outer loop
      vertex 205.19999999999999 10.119999999999999 -0.079999999999999988
      vertex 205.23999999999998 10.039999999999999 -0.040000000000000008
      vertex 205.31999999999999 10.199999999999999 -0.040000000000000008
    endloop
  endfacet
  facet normal -0.43643578047193682 0.21821789023592478 0.87287156094401031
    outer loop
      vertex 205.19999999999999 10.119999999999999 -0.079999999999999988
      vertex 205.31999999999999 10.199999999999999 -0.040000000000000008
      vertex 205.23999999999998 10.199999999999999 -0.079999999999999988
    endloop
  endfacet
  facet normal -0.44721359549990197 0 0.89442719099994383
    outer loop
      vertex 205.31999999999999 16.079999999999998 -0.040000000000000008
      vertex 205.23999999999998 12.16 -0.079999999999999988
      vertex 205.23999999999998 10.199999999999999 -0.079999999999999988
    endloop
  endfacet
  facet normal -0.44721359549990192 0 0.89442719099994394
    outer loop
      vertex 205.31999999999999 16.079999999999998 -0.040000000000000008
      vertex 205.23999999999998 10.199999999999999 -0.079999999999999988
      vertex 205.31999999999999 10.199999999999999 -0.040000000000000008
    endloop
  endfacet
  facet normal -0.44721359549990181 0 0.89442719099994394
    outer loop
      vertex 205.23999999999998 12.160000000000002 -0.079999999999999988
      vertex 205.31999999999999 16.079999999999998 -0.040000000000000008
      vertex 205.31999999999999 20 -0.040000000000000008
    endloop
  endfacet
  facet normal -0.44721359549990181 0 0.89442719099994383
    outer loop
      vertex 205.23999999999998 12.160000000000002 -0.079999999999999988
      vertex 205.31999999999999 20 -0.040000000000000008
      vertex 205.23999999999998 20 -0.079999999999999988
    endloop
  endfacet
  facet normal -0.44721359549990181 0 0.89442719099994394
    outer loop
      vertex 205.31999999999999 20.119999999999997 -0.040000000000000008
      vertex 205.23999999999998 20.039999999999999 -0.079999999999999988
      vertex 205.23999999999998 20 -0.079999999999999988
    endloop
  endfacet
  facet normal -0.44721359549990181 0 0.89442719099994394
    outer loop
      vertex 205.31999999999999 20.119999999999997 -0.040000000000000008
      vertex 205.23999999999998 20 -0.079999999999999988
      vertex 205.31999999999999 20 -0.040000000000000008
    endloop
  endfacet
  facet normal -0.5883484054144843 0.19611613513818751 0.78446454055278614
    outer loop
      vertex 205.23999999999998 20.039999999999999 -0.079999999999999988
      vertex 205.31999999999999 20.119999999999997 -0.040000000000000008
      vertex 205.34666666666666 20.199999999999999 -0.040000000000000008
    endloop
  endfacet
  facet normal -0.58834840541449185 0.1961161351381944 0.7844645405527787
    outer loop
      vertex 205.23999999999998 20.039999999999999 -0.079999999999999988
      vertex 205.34666666666666 20.199999999999999 -0.040000000000000008
      vertex 205.29333333333332 20.199999999999999 -0.079999999999999988
    endloop
  endfacet
  facet normal -0.59999999999993969 0 0.80000000000004512
    outer loop
      vertex 205.34666666666666 34.719999999999999 -0.040000000000000008
      vertex 205.29333333333332 29.439999999999998 -0.079999999999999988
      vertex 205.29333333333332 20.199999999999999 -0.079999999999999988
    endloop
  endfacet
  facet normal -0.5999999999999398 0 0.80000000000004523
    outer loop
      vertex 205.34666666666666 34.719999999999999 -0.040000000000000008
      vertex 205.29333333333332 20.199999999999999 -0.079999999999999988
      vertex 205.34666666666666 20.199999999999999 -0.040000000000000008
    endloop
  endfacet
  facet normal -0.59999999999993969 0 0.80000000000004523
    outer loop
      vertex 205.29333333333332 29.440000000000001 -0.079999999999999988
      vertex 205.34666666666666 34.719999999999999 -0.040000000000000008
      vertex 205.34666666666666 40 -0.040000000000000008
    endloop
  endfacet
  facet normal -0.59999999999993969 0 0.80000000000004512
    outer loop
      vertex 205.29333333333332 29.440000000000001 -0.079999999999999988
      vertex 205.34666666666666 40 -0.040000000000000008
      vertex 205.29333333333332 40 -0.079999999999999988
    endloop
  endfacet
  facet normal -0.59999999999993969 0 0.80000000000004512
    outer loop
      vertex 205.34666666666666 40.146666666666668 -0.040000000000000008
      vertex 205.29333333333332 40.093333333333334 -0.079999999999999988
      vertex 205.29333333333332 40 -0.079999999999999988
    endloop
  endfacet
  facet normal -0.5999999999999398 0 0.80000000000004523
    outer loop
      vertex 205.34666666666666 40.146666666666668 -0.040000000000000008
      vertex 205.29333333333332 40 -0.079999999999999988
      vertex 205.34666666666666 40 -0.040000000000000008
    endloop
  endfacet
  facet normal -0.6963106238226382 0.17407765595549729 0.69631062382299469
    outer loop
      vertex 205.29333333333332 40.093333333333334 -0.079999999999999988
      vertex 205.34666666666666 40.146666666666668 -0.040000000000000008
      vertex 205.35999999999999 40.200000000000003 -0.040000000000000008
    endloop
  endfacet
  facet normal -0.69631062382285558 0.17407765595573707 0.69631062382271736
    outer loop
      vertex 205.29333333333332 40.093333333333334 -0.079999999999999988
      vertex 205.35999999999999 40.200000000000003 -0.040000000000000008
      vertex 205.31999999999999 40.200000000000003 -0.079999999999999988
    endloop
  endfacet
  facet normal -0.70710678118661763 0 0.70710678118647741
    outer loop
      vertex 205.35999999999999 56.039999999999999 -0.040000000000000008
      vertex 205.31999999999999 52.080000000000005 -0.079999999999999988
      vertex 205.31999999999999 40.200000000000003 -0.079999999999999988
    endloop
  endfacet
  facet normal -0.70710678118661763 0 0.70710678118647741
    outer loop
      vertex 205.35999999999999 56.039999999999999 -0.040000000000000008
      vertex 205.31999999999999 40.200000000000003 -0.079999999999999988
      vertex 205.35999999999999 40.200000000000003 -0.040000000000000008
    endloop
  endfacet
  facet normal -0.70710678118661774 0 0.7071067811864773
    outer loop
      vertex 205.31999999999999 52.080000000000005 -0.079999999999999988
      vertex 205.35999999999999 56.039999999999999 -0.040000000000000008
      vertex 205.35999999999999 60 -0.040000000000000008
    endloop
  endfacet
  facet normal -0.70710678118661774 0 0.70710678118647741
    outer loop
      vertex 205.31999999999999 52.080000000000005 -0.079999999999999988
      vertex 205.35999999999999 60 -0.040000000000000008
      vertex 205.31999999999999 60 -0.079999999999999988
    endloop
  endfacet
  facet normal -0.70710678118661763 0 0.70710678118647741
    outer loop
      vertex 205.35999999999999 60.160000000000004 -0.040000000000000008
      vertex 205.31999999999999 60.120000000000005 -0.079999999999999988
      vertex 205.31999999999999 60 -0.079999999999999988
    endloop
  endfacet
  facet normal -0.70710678118661763 0 0.70710678118647741
    outer loop
      vertex 205.35999999999999 60.160000000000004 -0.040000000000000008
      vertex 205.31999999999999 60 -0.079999999999999988
      vertex 205.35999999999999 60 -0.040000000000000008
    endloop
  endfacet
  facet normal -0.19611613513818252 -0.58834840541458233 0.78446454055271375
    outer loop
      vertex 205.19999999999999 60.160000000000004 -0.079999999999999988
      vertex 205.31999999999999 60.120000000000005 -0.079999999999999988
      vertex 205.35999999999999 60.160000000000004 -0.040000000000000008
    endloop
  endfacet
  facet normal -0.19611613513818252 -0.58834840541458244 0.78446454055271375
    outer loop
      vertex 205.19999999999999 60.160000000000004 -0.079999999999999988
      vertex 205.35999999999999 60.160000000000004 -0.040000000000000008
      vertex 205.23999999999998 60.200000000000003 -0.040000000000000008
    endloop
  endfacet
  facet normal -0.19611613513822004 -0.58834840541455569 0.78446454055272441
    outer loop
      vertex 205.19999999999999 60.160000000000004 -0.079999999999999988
      vertex 205.23999999999998 60.200000000000003 -0.040000000000000008
      vertex 205.19999999999999 60.200000000000003 -0.050000000000000003
    endloop
  endfacet
  facet normal -0.24253562503637832 0 0.97014250014532066
    outer loop
      vertex 205.23999999999998 64.159999999999997 -0.040000000000000008
      vertex 205.19999999999999 60.200000000000003 -0.050000000000000003
      vertex 205.23999999999998 60.200000000000003 -0.040000000000000008
    endloop
  endfacet
  facet normal -0.24253562503637829 0 0.97014250014532055
    outer loop
      vertex 205.19999999999999 60.200000000000003 -0.050000000000000003
      vertex 205.23999999999998 64.159999999999997 -0.040000000000000008
      vertex 205.23999999999998 80 -0.040000000000000008
    endloop
  endfacet
  facet normal -0.24253562503637829 0 0.97014250014532066
    outer loop
      vertex 205.19999999999999 60.200000000000003 -0.050000000000000003
      vertex 205.23999999999998 80 -0.040000000000000008
      vertex 205.19999999999999 80 -0.050000000000000003
    endloop
  endfacet
  facet normal -0.24253562503637829 0 0.97014250014532066
    outer loop
      vertex 205.23999999999998 80.040000000000006 -0.040000000000000008
      vertex 205.19999999999999 80 -0.050000000000000003
      vertex 205.23999999999998 80 -0.040000000000000008
    endloop
  endfacet
  facet normal -0.43643578047207654 0.21821789023597374 0.87287156094392837
    outer loop
      vertex 205.19999999999999 80.120000000000005 -0.079999999999999988
      vertex 205.19999999999999 80 -0.050000000000000003
      vertex 205.23999999999998 80.040000000000006 -0.040000000000000008
    endloop
  endfacet
  facet normal -0.436435780471988 0.21821789023603275 0.87287156094395779
    outer loop
      vertex 205.19999999999999 80.120000000000005 -0.079999999999999988
      vertex 205.23999999999998 80.040000000000006 -0.040000000000000008
      vertex 205.31999999999999 80.200000000000003 -0.040000000000000008
    endloop
  endfacet
  facet normal -0.43643578047193632 0.21821789023592941 0.87287156094400942
    outer loop
      vertex 205.19999999999999 80.120000000000005 -0.079999999999999988
      vertex 205.31999999999999 80.200000000000003 -0.040000000000000008
      vertex 205.23999999999998 80.200000000000003 -0.079999999999999988
    endloop
  endfacet
  facet normal -0.44721359549990181 0 0.89442719099994406
    outer loop
      vertex 205.31999999999999 92.079999999999998 -0.040000000000000008
      vertex 205.23999999999998 84.160000000000011 -0.079999999999999988
      vertex 205.23999999999998 80.200000000000003 -0.079999999999999988
    endloop
  endfacet
  facet normal -0.44721359549990181 0 0.89442719099994394
    outer loop
      vertex 205.31999999999999 92.079999999999998 -0.040000000000000008
      vertex 205.23999999999998 80.200000000000003 -0.079999999999999988
      vertex 205.31999999999999 80.200000000000003 -0.040000000000000008
    endloop
  endfacet
  facet normal -0.44721359549990181 0 0.89442719099994383
    outer loop
      vertex 205.23999999999998 84.160000000000011 -0.079999999999999988
      vertex 205.31999999999999 92.079999999999998 -0.040000000000000008
      vertex 205.31999999999999 100 -0.040000000000000008
    endloop
  endfacet
  facet normal -0.44721359549990181 0 0.89442719099994394
    outer loop
      vertex 205.23999999999998 84.160000000000011 -0.079999999999999988
      vertex 205.31999999999999 100 -0.040000000000000008
      vertex 205.23999999999998 100 -0.079999999999999988
    endloop
  endfacet
  facet normal 0 0.70710678118661763 0.7071067811864773
    outer loop
      vertex 207.40000000000001 -80.120000000000005 -0.079999999999999988
      vertex 206.40000000000001 -80.159999999999997 -0.040000000000000008
      vertex 210.40000000000001 -80.159999999999997 -0.040000000000000008
    endloop
  endfacet
  facet normal -0 0.70710678118661763 0.7071067811864773
    outer loop
      vertex 207.40000000000001 -80.120000000000005 -0.079999999999999988
      vertex 210.40000000000001 -80.159999999999997 -0.040000000000000008
      vertex 210.40000000000001 -80.120000000000005 -0.079999999999999988
    endloop
  endfacet
  facet normal 0 0.70710678118661763 0.7071067811864773
    outer loop
      vertex 205.40000000000001 -80.120000000000005 -0.079999999999999988
      vertex 205.40000000000001 -80.159999999999997 -0.040000000000000008
      vertex 206.40000000000001 -80.159999999999997 -0.040000000000000008
    endloop
  endfacet
  facet normal -0 0.70710678118661763 0.7071067811864773
    outer loop
      vertex 205.40000000000001 -80.120000000000005 -0.079999999999999988
      vertex 206.40000000000001 -80.159999999999997 -0.040000000000000008
      vertex 207.40000000000001 -80.120000000000005 -0.079999999999999988
    endloop
  endfacet
  facet normal 0 -0.7071067811865549 0.70710678118654013
    outer loop
      vertex 209.40000000000001 -60.039999999999999 -0.040000000000000008
      vertex 208.40000000000001 -60.079999999999998 -0.079999999999999988
      vertex 210.40000000000001 -60.079999999999998 -0.079999999999999988
    endloop
  endfacet
  facet normal 0 -0.7071067811865549 0.70710678118654013
    outer loop
      vertex 209.40000000000001 -60.039999999999999 -0.040000000000000008
      vertex 210.40000000000001 -60.079999999999998 -0.079999999999999988
      vertex 210.40000000000001 -60.039999999999999 -0.040000000000000008
    endloop
  endfacet
  facet normal 0 -0.7071067811865549 0.70710678118654013
    outer loop
      vertex 205.40000000000001 -60.039999999999999 -0.040000000000000008
      vertex 205.40000000000001 -60.079999999999998 -0.079999999999999988
      vertex 208.40000000000001 -60.079999999999998 -0.079999999999999988
    endloop
  endfacet
  facet normal 0 -0.7071067811865549 0.70710678118654013
    outer loop
      vertex 205.40000000000001 -60.039999999999999 -0.040000000000000008
      vertex 208.40000000000001 -60.079999999999998 -0.079999999999999988
      vertex 209.40000000000001 -60.039999999999999 -0.040000000000000008
    endloop
  endfacet
  facet normal 0 0.70710678118661763 0.70710678118647741
    outer loop
      vertex 210.47999999999999 -80.120000000000005 -0.079999999999999988
      vertex 210.44 -80.159999999999997 -0.040000000000000008
      vertex 210.59999999999999 -80.159999999999997 -0.040000000000000008
    endloop
  endfacet
  facet normal -0 0.70710678118661763 0.70710678118647741
    outer loop
      vertex 210.47999999999999 -80.120000000000005 -0.079999999999999988
      vertex 210.59999999999999 -80.159999999999997 -0.040000000000000008
      vertex 210.59999999999999 -80.120000000000005 -0.079999999999999988
    endloop
  endfacet
  facet normal 0 0.70710678118661763 0.7071067811864773
    outer loop
      vertex 210.40000000000001 -80.120000000000005 -0.079999999999999988
      vertex 210.40000000000001 -80.159999999999997 -0.040000000000000008
      vertex 210.44 -80.159999999999997 -0.040000000000000008
    endloop
  endfacet
  facet normal -0 0.70710678118661763 0.7071067811864773
    outer loop
      vertex 210.40000000000001 -80.120000000000005 -0.079999999999999988
      vertex 210.44 -80.159999999999997 -0.040000000000000008
      vertex 210.47999999999999 -80.120000000000005 -0.079999999999999988
    endloop
  endfacet
  facet normal 0 -0.7071067811865549 0.70710678118654013
    outer loop
      vertex 210.56 -60.039999999999999 -0.040000000000000008
      vertex 210.52000000000001 -60.079999999999998 -0.079999999999999988
      vertex 210.59999999999999 -60.079999999999998 -0.079999999999999988
    endloop
  endfacet
  facet normal 0 -0.7071067811865549 0.70710678118654013
    outer loop
      vertex 210.56 -60.039999999999999 -0.040000000000000008
      vertex 210.59999999999999 -60.079999999999998 -0.079999999999999988
      vertex 210.59999999999999 -60.039999999999999 -0.040000000000000008
    endloop
  endfacet
  facet normal 0 -0.7071067811865549 0.70710678118654013
    outer loop
      vertex 210.40000000000001 -60.039999999999999 -0.040000000000000008
      vertex 210.40000000000001 -60.079999999999998 -0.079999999999999988
      vertex 210.52000000000001 -60.079999999999998 -0.079999999999999988
    endloop
  endfacet
  facet normal 0 -0.7071067811865549 0.70710678118654013
    outer loop
      vertex 210.40000000000001 -60.039999999999999 -0.040000000000000008
      vertex 210.52000000000001 -60.079999999999998 -0.079999999999999988
      vertex 210.56 -60.039999999999999 -0.040000000000000008
    endloop
  endfacet
  facet normal -2.3957709635678243e-17 0.70710678118654746 0.70710678118654746
    outer loop
      vertex 210.47999999999999 0.079999999999999988 -0.079999999999999988
      vertex 210.44 0.040000000000000008 -0.040000000000000008
      vertex 210.59999999999999 0.040000000000000015 -0.040000000000000008
    endloop
  endfacet
  facet normal -0 0.70710678118654757 0.70710678118654746
    outer loop
      vertex 210.47999999999999 0.079999999999999988 -0.079999999999999988
      vertex 210.59999999999999 0.040000000000000015 -0.040000000000000008
      vertex 210.59999999999999 0.079999999999999988 -0.079999999999999988
    endloop
  endfacet
  facet normal 0.70710678118661763 0 0.70710678118647741
    outer loop
      vertex 210.44 0.040000000000000015 -0.040000000000000008
      vertex 210.47999999999999 0.079999999999999988 -0.079999999999999988
      vertex 210.47999999999999 0.20000000000000001 -0.079999999999999988
    endloop
  endfacet
  facet normal 0.70710678118661774 -0 0.70710678118647752
    outer loop
      vertex 210.44 0.040000000000000015 -0.040000000000000008
      vertex 210.47999999999999 0.20000000000000001 -0.079999999999999988
      vertex 210.44 0.20000000000000001 -0.040000000000000008
    endloop
  endfacet
  facet normal 0.70710678118661763 0 0.7071067811864773
    outer loop
      vertex 210.47999999999999 4.1199999999999983 -0.079999999999999988
      vertex 210.44 2.1600000000000001 -0.040000000000000008
      vertex 210.44 0.20000000000000001 -0.040000000000000008
    endloop
  endfacet
  facet normal 0.70710678118661774 0 0.70710678118647741
    outer loop
      vertex 210.47999999999999 4.1199999999999983 -0.079999999999999988
      vertex 210.44 0.20000000000000001 -0.040000000000000008
      vertex 210.47999999999999 0.20000000000000001 -0.079999999999999988
    endloop
  endfacet
  facet normal 0.70710678118661763 0 0.70710678118647741
    outer loop
      vertex 210.44 2.1600000000000006 -0.040000000000000008
      vertex 210.47999999999999 4.1199999999999992 -0.079999999999999988
      vertex 210.47999999999999 10 -0.079999999999999988
    endloop
  endfacet
  facet normal 0.70710678118661763 -0 0.70710678118647741
    outer loop
      vertex 210.44 2.1600000000000006 -0.040000000000000008
      vertex 210.47999999999999 10 -0.079999999999999988
      vertex 210.44 10 -0.040000000000000008
    endloop
  endfacet
  facet normal 0.69631062382307218 -0.17407765595598262 0.69631062382243936
    outer loop
      vertex 210.50666666666666 10.106666666666666 -0.079999999999999988
      vertex 210.45333333333335 10.053333333333333 -0.040000000000000008
      vertex 210.44 10 -0.040000000000000008
    endloop
  endfacet
  facet normal 0.6963106238228548 -0.17407765595574268 0.69631062382271669
    outer loop
      vertex 210.50666666666666 10.106666666666666 -0.079999999999999988
      vertex 210.44 10 -0.040000000000000008
      vertex 210.47999999999999 10 -0.079999999999999988
    endloop
  endfacet
  facet normal 0.60000000000014453 0 0.79999999999989169
    outer loop
      vertex 210.45333333333335 10.053333333333333 -0.040000000000000008
      vertex 210.50666666666666 10.106666666666666 -0.079999999999999988
      vertex 210.50666666666666 10.199999999999999 -0.079999999999999988
    endloop
  endfacet
  facet normal 0.60000000000014442 -0 0.79999999999989169
    outer loop
      vertex 210.45333333333335 10.053333333333333 -0.040000000000000008
      vertex 210.50666666666666 10.199999999999999 -0.079999999999999988
      vertex 210.45333333333335 10.199999999999999 -0.040000000000000008
    endloop
  endfacet
  facet normal 0.60000000000014442 0 0.79999999999989169
    outer loop
      vertex 210.50666666666666 15.426666666666666 -0.079999999999999988
      vertex 210.45333333333335 12.813333333333333 -0.040000000000000008
      vertex 210.45333333333335 10.199999999999999 -0.040000000000000008
    endloop
  endfacet
  facet normal 0.60000000000014442 0 0.79999999999989169
    outer loop
      vertex 210.50666666666666 15.426666666666666 -0.079999999999999988
      vertex 210.45333333333335 10.199999999999999 -0.040000000000000008
      vertex 210.50666666666666 10.199999999999999 -0.079999999999999988
    endloop
  endfacet
  facet normal 0.60000000000014442 0 0.79999999999989169
    outer loop
      vertex 210.45333333333335 12.813333333333334 -0.040000000000000008
      vertex 210.50666666666666 15.426666666666666 -0.079999999999999988
      vertex 210.50666666666666 20 -0.079999999999999988
    endloop
  endfacet
  facet normal 0.60000000000014442 -0 0.79999999999989169
    outer loop
      vertex 210.45333333333335 12.813333333333334 -0.040000000000000008
      vertex 210.50666666666666 20 -0.079999999999999988
      vertex 210.45333333333335 20 -0.040000000000000008
    endloop
  endfacet
  facet normal 0.58834840541467726 -0.19611613513825193 0.78446454055262538
    outer loop
      vertex 210.56 20.16 -0.079999999999999988
      vertex 210.48000000000002 20.080000000000002 -0.040000000000000008
      vertex 210.45333333333335 20 -0.040000000000000008
    endloop
  endfacet
  facet normal 0.58834840541468469 -0.19611613513825871 0.78446454055261783
    outer loop
      vertex 210.56 20.16 -0.079999999999999988
      vertex 210.45333333333335 20 -0.040000000000000008
      vertex 210.50666666666666 20 -0.079999999999999988
    endloop
  endfacet
  facet normal 0.44721359550002887 0 0.89442719099988044
    outer loop
      vertex 210.48000000000002 20.080000000000002 -0.040000000000000008
      vertex 210.56 20.16 -0.079999999999999988
      vertex 210.56 20.199999999999999 -0.079999999999999988
    endloop
  endfacet
  facet normal 0.44721359550002887 -0 0.89442719099988033
    outer loop
      vertex 210.48000000000002 20.080000000000002 -0.040000000000000008
      vertex 210.56 20.199999999999999 -0.079999999999999988
      vertex 210.48000000000002 20.199999999999999 -0.040000000000000008
    endloop
  endfacet
  facet normal 0.44721359550002904 0 0.89442719099988033
    outer loop
      vertex 210.56 36.039999999999999 -0.079999999999999988
      vertex 210.48000000000002 28.120000000000001 -0.040000000000000008
      vertex 210.48000000000002 20.199999999999999 -0.040000000000000008
    endloop
  endfacet
  facet normal 0.44721359550002898 0 0.89442719099988044
    outer loop
      vertex 210.56 36.039999999999999 -0.079999999999999988
      vertex 210.48000000000002 20.199999999999999 -0.040000000000000008
      vertex 210.56 20.199999999999999 -0.079999999999999988
    endloop
  endfacet
  facet normal 0.44721359550002876 0 0.89442719099988033
    outer loop
      vertex 210.48000000000002 28.119999999999997 -0.040000000000000008
      vertex 210.56 36.039999999999992 -0.079999999999999988
      vertex 210.56 40 -0.079999999999999988
    endloop
  endfacet
  facet normal 0.44721359550002887 -0 0.89442719099988033
    outer loop
      vertex 210.48000000000002 28.119999999999997 -0.040000000000000008
      vertex 210.56 40 -0.079999999999999988
      vertex 210.48000000000002 40 -0.040000000000000008
    endloop
  endfacet
  facet normal 0.43643578047205533 -0.21821789023597923 0.87287156094393747
    outer loop
      vertex 210.56 40.160000000000004 -0.040000000000000008
      vertex 210.48000000000002 40 -0.040000000000000008
      vertex 210.56 40 -0.079999999999999988
    endloop
  endfacet
  facet normal 0.43643578047203962 -0.21821789023598107 0.87287156094394491
    outer loop
      vertex 210.56 40.160000000000004 -0.040000000000000008
      vertex 210.56 40 -0.079999999999999988
      vertex 210.59999999999999 40.079999999999998 -0.079999999999999988
    endloop
  endfacet
  facet normal 0.43643578047204523 -0.21821789023597737 0.87287156094394291
    outer loop
      vertex 210.56 40.160000000000004 -0.040000000000000008
      vertex 210.59999999999999 40.079999999999998 -0.079999999999999988
      vertex 210.59999999999999 40.200000000000003 -0.050000000000000003
    endloop
  endfacet
  facet normal 0.24253562503637832 -0 0.97014250014532066
    outer loop
      vertex 210.56 40.160000000000004 -0.040000000000000008
      vertex 210.59999999999999 40.200000000000003 -0.050000000000000003
      vertex 210.56 40.200000000000003 -0.040000000000000008
    endloop
  endfacet
  facet normal 0.24253562503637829 0 0.97014250014532055
    outer loop
      vertex 210.56 56.040000000000006 -0.040000000000000008
      vertex 210.56 40.200000000000003 -0.040000000000000008
      vertex 210.59999999999999 40.200000000000003 -0.050000000000000003
    endloop
  endfacet
  facet normal 0.24253562503637829 0 0.97014250014532066
    outer loop
      vertex 210.56 56.040000000000006 -0.040000000000000008
      vertex 210.59999999999999 40.200000000000003 -0.050000000000000003
      vertex 210.59999999999999 60 -0.050000000000000003
    endloop
  endfacet
  facet normal 0.24253562503637832 -0 0.97014250014532066
    outer loop
      vertex 210.56 56.040000000000006 -0.040000000000000008
      vertex 210.59999999999999 60 -0.050000000000000003
      vertex 210.56 60 -0.040000000000000008
    endloop
  endfacet
  facet normal 0.23570226039555978 -0.23570226039551789 0.94280904158205192
    outer loop
      vertex 210.56 60 -0.040000000000000008
      vertex 210.59999999999999 60 -0.050000000000000003
      vertex 210.59999999999999 60.039999999999999 -0.040000000000000008
    endloop
  endfacet
  facet normal 0 0.70710678118661763 0.70710678118647741
    outer loop
      vertex 210.68000000000001 -80.120000000000005 -0.079999999999999988
      vertex 210.64000000000001 -80.159999999999997 -0.040000000000000008
      vertex 210.80000000000001 -80.159999999999997 -0.040000000000000008
    endloop
  endfacet
  facet normal -0 0.70710678118661763 0.70710678118647741
    outer loop
      vertex 210.68000000000001 -80.120000000000005 -0.079999999999999988
      vertex 210.80000000000001 -80.159999999999997 -0.040000000000000008
      vertex 210.80000000000001 -80.120000000000005 -0.079999999999999988
    endloop
  endfacet
  facet normal 0 0.70710678118661763 0.70710678118647741
    outer loop
      vertex 210.59999999999999 -80.120000000000005 -0.079999999999999988
      vertex 210.59999999999999 -80.159999999999997 -0.040000000000000008
      vertex 210.64000000000001 -80.159999999999997 -0.040000000000000008
    endloop
  endfacet
  facet normal -0 0.70710678118661763 0.70710678118647741
    outer loop
      vertex 210.59999999999999 -80.120000000000005 -0.079999999999999988
      vertex 210.64000000000001 -80.159999999999997 -0.040000000000000008
      vertex 210.68000000000001 -80.120000000000005 -0.079999999999999988
    endloop
  endfacet
  facet normal 0 -0.7071067811865549 0.70710678118654013
    outer loop
      vertex 210.75999999999999 -60.039999999999999 -0.040000000000000008
      vertex 210.72 -60.079999999999998 -0.079999999999999988
      vertex 210.80000000000001 -60.079999999999998 -0.079999999999999988
    endloop
  endfacet
  facet normal 0 -0.7071067811865549 0.70710678118654013
    outer loop
      vertex 210.75999999999999 -60.039999999999999 -0.040000000000000008
      vertex 210.80000000000001 -60.079999999999998 -0.079999999999999988
      vertex 210.80000000000001 -60.039999999999999 -0.040000000000000008
    endloop
  endfacet
  facet normal 0 -0.7071067811865549 0.70710678118654013
    outer loop
      vertex 210.59999999999999 -60.039999999999999 -0.040000000000000008
      vertex 210.59999999999999 -60.079999999999998 -0.079999999999999988
      vertex 210.72 -60.079999999999998 -0.079999999999999988
    endloop
  endfacet
  facet normal 0 -0.7071067811865549 0.70710678118654013
    outer loop
      vertex 210.59999999999999 -60.039999999999999 -0.040000000000000008
      vertex 210.72 -60.079999999999998 -0.079999999999999988
      vertex 210.75999999999999 -60.039999999999999 -0.040000000000000008
    endloop
  endfacet
  facet normal -2.3957709635678243e-17 0.70710678118654746 0.70710678118654746
    outer loop
      vertex 210.68000000000001 0.079999999999999988 -0.079999999999999988
      vertex 210.64000000000001 0.040000000000000008 -0.040000000000000008
      vertex 210.80000000000001 0.040000000000000015 -0.040000000000000008
    endloop
  endfacet
  facet normal -0 0.70710678118654757 0.70710678118654746
    outer loop
      vertex 210.68000000000001 0.079999999999999988 -0.079999999999999988
      vertex 210.80000000000001 0.040000000000000015 -0.040000000000000008
      vertex 210.80000000000001 0.079999999999999988 -0.079999999999999988
    endloop
  endfacet
  facet normal -9.5830838542661894e-17 0.70710678118654746 0.70710678118654746
    outer loop
      vertex 210.59999999999999 0.079999999999999988 -0.079999999999999988
      vertex 210.59999999999999 0.040000000000000008 -0.040000000000000008
      vertex 210.64000000000001 0.040000000000000015 -0.040000000000000008
    endloop
  endfacet
  facet normal -0 0.70710678118654757 0.70710678118654746
    outer loop
      vertex 210.59999999999999 0.079999999999999988 -0.079999999999999988
      vertex 210.64000000000001 0.040000000000000015 -0.040000000000000008
      vertex 210.68000000000001 0.079999999999999988 -0.079999999999999988
    endloop
  endfacet
  facet normal 0 -0.24253562503632425 0.97014250014533421
    outer loop
      vertex 210.68000000000001 40.079999999999998 -0.079999999999999988
      vertex 210.80000000000001 40.079999999999998 -0.079999999999999988
      vertex 210.80000000000001 40.200000000000003 -0.050000000000000003
    endloop
  endfacet
  facet normal 0 -0.24253562503632423 0.97014250014533399
    outer loop
      vertex 210.59999999999999 40.079999999999998 -0.079999999999999988
      vertex 210.68000000000001 40.079999999999998 -0.079999999999999988
      vertex 210.80000000000001 40.200000000000003 -0.050000000000000003
    endloop
  endfacet
  facet normal 0 -0.2425356250363242 0.9701425001453341
    outer loop
      vertex 210.59999999999999 40.079999999999998 -0.079999999999999988
      vertex 210.80000000000001 40.200000000000003 -0.050000000000000003
      vertex 210.59999999999999 40.200000000000003 -0.050000000000000003
    endloop
  endfacet
  facet normal 0 0 1
    outer loop
      vertex 210.59999999999999 40.200000000000003 -0.050000000000000003
      vertex 210.80000000000001 40.200000000000003 -0.050000000000000003
      vertex 210.80000000000001 60 -0.050000000000000003
    endloop
  endfacet
  facet normal 0 0 1
    outer loop
      vertex 210.59999999999999 40.200000000000003 -0.050000000000000003
      vertex 210.80000000000001 60 -0.050000000000000003
      vertex 210.59999999999999 60 -0.050000000000000003
    endloop
  endfacet
  facet normal 0 -0.24253562503633769 0.97014250014533054
    outer loop
      vertex 210.63999999999999 60.039999999999999 -0.040000000000000008
      vertex 210.59999999999999 60 -0.050000000000000003
      vertex 210.80000000000001 60 -0.050000000000000003
    endloop
  endfacet
  facet normal 0 -0.24253562503633772 0.97014250014533077
    outer loop
      vertex 210.63999999999999 60.039999999999999 -0.040000000000000008
      vertex 210.80000000000001 60 -0.050000000000000003
      vertex 210.80000000000001 60.039999999999999 -0.040000000000000008
    endloop
  endfacet
  facet normal 0 -0.24253562503633774 0.97014250014533066
    outer loop
      vertex 210.59999999999999 60.039999999999999 -0.040000000000000008
      vertex 210.59999999999999 60 -0.050000000000000003
      vertex 210.63999999999999 60.039999999999999 -0.040000000000000008
    endloop
  endfacet
  facet normal -0.028272964322667897 0.70682410806671259 0.70682410806657225
    outer loop
      vertex 210.80000000000001 -80.120000000000005 -0.079999999999999988
      vertex 210.80000000000001 -80.159999999999997 -0.040000000000000008
      vertex 214.80000000000001 -80 -0.040000000000000008
    endloop
  endfacet
  facet normal -0.028272964322666225 0.70682410806662888 0.70682410806665597
    outer loop
      vertex 210.80000000000001 -80.120000000000005 -0.079999999999999988
      vertex 214.80000000000001 -80 -0.040000000000000008
      vertex 213.80000000000001 -80 -0.079999999999999988
    endloop
  endfacet
  facet normal -0.039968038348871561 0 0.99920095872178949
    outer loop
      vertex 214.80000000000001 -64.160000000000011 -0.040000000000000008
      vertex 213.80000000000001 -68.120000000000005 -0.079999999999999988
      vertex 213.80000000000001 -80 -0.079999999999999988
    endloop
  endfacet
  facet normal -0.039968038348871561 0 0.99920095872178949
    outer loop
      vertex 214.80000000000001 -64.160000000000011 -0.040000000000000008
      vertex 213.80000000000001 -80 -0.079999999999999988
      vertex 214.80000000000001 -80 -0.040000000000000008
    endloop
  endfacet
  facet normal -0.039968038348871554 0 0.99920095872178938
    outer loop
      vertex 213.80000000000001 -68.120000000000005 -0.079999999999999988
      vertex 214.80000000000001 -64.160000000000011 -0.040000000000000008
      vertex 214.80000000000001 -60.200000000000003 -0.040000000000000008
    endloop
  endfacet
  facet normal -0.039968038348871561 0 0.99920095872178949
    outer loop
      vertex 213.80000000000001 -68.120000000000005 -0.079999999999999988
      vertex 214.80000000000001 -60.200000000000003 -0.040000000000000008
      vertex 213.80000000000001 -60.200000000000003 -0.079999999999999988
    endloop
  endfacet
  facet normal -0.039968038348871554 0 0.99920095872178949
    outer loop
      vertex 214.80000000000001 -60.039999999999999 -0.040000000000000008
      vertex 213.80000000000001 -60.079999999999998 -0.079999999999999988
      vertex 213.80000000000001 -60.200000000000003 -0.079999999999999988
    endloop
  endfacet
  facet normal -0.039968038348871554 0 0.99920095872178938
    outer loop
      vertex 214.80000000000001 -60.039999999999999 -0.040000000000000008
      vertex 213.80000000000001 -60.200000000000003 -0.079999999999999988
      vertex 214.80000000000001 -60.200000000000003 -0.040000000000000008
    endloop
  endfacet
  facet normal 0 -0.7071067811865549 0.70710678118654013
    outer loop
      vertex 210.80000000000001 -60.039999999999999 -0.040000000000000008
      vertex 210.80000000000001 -60.079999999999998 -0.079999999999999988
      vertex 213.80000000000001 -60.079999999999998 -0.079999999999999988
    endloop
  endfacet
  facet normal 0 -0.7071067811865549 0.70710678118654013
    outer loop
      vertex 210.80000000000001 -60.039999999999999 -0.040000000000000008
      vertex 213.80000000000001 -60.079999999999998 -0.079999999999999988
      vertex 214.80000000000001 -60.039999999999999 -0.040000000000000008
    endloop
  endfacet
  facet normal -0.0062468285873950972 0.78085357342438688 0.62468285873950924
    outer loop
      vertex 212.80000000000001 0.079999999999999988 -0.079999999999999988
      vertex 211.80000000000001 0.040000000000000008 -0.040000000000000008
      vertex 215.80000000000001 0.072000000000000022 -0.040000000000000008
    endloop
  endfacet
  facet normal -0.0062468285873950972 0.78085357342438655 0.62468285873950924
    outer loop
      vertex 212.80000000000001 0.079999999999999988 -0.079999999999999988
      vertex 215.80000000000001 0.072000000000000022 -0.040000000000000008
      vertex 215.80000000000001 0.10400000000000001 -0.079999999999999988
    endloop
  endfacet
  facet normal -3.8332335417084369e-18 0.70710678118654746 0.70710678118654746
    outer loop
      vertex 210.80000000000001 0.079999999999999988 -0.079999999999999988
      vertex 210.80000000000001 0.040000000000000008 -0.040000000000000008
      vertex 211.80000000000001 0.040000000000000015 -0.040000000000000008
    endloop
  endfacet
  facet normal -0 0.70710678118654757 0.70710678118654746
    outer loop
      vertex 210.80000000000001 0.079999999999999988 -0.079999999999999988
      vertex 211.80000000000001 0.040000000000000015 -0.040000000000000008
      vertex 212.80000000000001 0.079999999999999988 -0.079999999999999988
    endloop
  endfacet
  facet normal 0 -0.24253562503632423 0.9701425001453341
    outer loop
      vertex 212.80000000000001 40.079999999999998 -0.079999999999999988
      vertex 215.80000000000001 40.079999999999998 -0.079999999999999988
      vertex 215.80000000000001 40.200000000000003 -0.050000000000000003
    endloop
  endfacet
  facet normal 0 -0.2425356250363242 0.9701425001453341
    outer loop
      vertex 210.80000000000001 40.079999999999998 -0.079999999999999988
      vertex 212.80000000000001 40.079999999999998 -0.079999999999999988
      vertex 215.80000000000001 40.200000000000003 -0.050000000000000003
    endloop
  endfacet
  facet normal 0 -0.2425356250363242 0.9701425001453341
    outer loop
      vertex 210.80000000000001 40.079999999999998 -0.079999999999999988
      vertex 215.80000000000001 40.200000000000003 -0.050000000000000003
      vertex 210.80000000000001 40.200000000000003 -0.050000000000000003
    endloop
  endfacet
  facet normal 0 0 1
    outer loop
      vertex 210.80000000000001 40.200000000000003 -0.050000000000000003
      vertex 215.80000000000001 40.200000000000003 -0.050000000000000003
      vertex 215.80000000000001 60 -0.050000000000000003
    endloop
  endfacet
  facet normal 0 0 1
    outer loop
      vertex 210.80000000000001 40.200000000000003 -0.050000000000000003
      vertex 215.80000000000001 60 -0.050000000000000003
      vertex 210.80000000000001 60 -0.050000000000000003
    endloop
  endfacet
  facet normal 0 -0.24253562503633774 0.97014250014533077
    outer loop
      vertex 211.80000000000001 60.039999999999999 -0.040000000000000008
      vertex 210.80000000000001 60 -0.050000000000000003
      vertex 215.80000000000001 60 -0.050000000000000003
    endloop
  endfacet
  facet normal 0 -0.24253562503633772 0.97014250014533066
    outer loop
      vertex 211.80000000000001 60.039999999999999 -0.040000000000000008
      vertex 215.80000000000001 60 -0.050000000000000003
      vertex 215.80000000000001 60.039999999999999 -0.040000000000000008
    endloop
  endfacet
  facet normal 0 -0.24253562503633772 0.97014250014533066
    outer loop
      vertex 210.80000000000001 60.039999999999999 -0.040000000000000008
      vertex 210.80000000000001 60 -0.050000000000000003
      vertex 211.80000000000001 60.039999999999999 -0.040000000000000008
    endloop
  endfacet
  facet normal -9.9213241362233974e-17 0.7808688094430305 0.62469504755442395
    outer loop
      vertex 215.904 0.10399999999999998 -0.079999999999999988
      vertex 215.87200000000001 0.072000000000000008 -0.040000000000000008
      vertex 216 0.072000000000000022 -0.040000000000000008
    endloop
  endfacet
  facet normal -2.2576524256647222e-16 0.78086880944303028 0.62469504755442429
    outer loop
      vertex 215.904 0.10399999999999998 -0.079999999999999988
      vertex 216 0.072000000000000022 -0.040000000000000008
      vertex 216 0.10400000000000001 -0.079999999999999988
    endloop
  endfacet
  facet normal -1.763790957550565e-16 0.78086880944303039 0.62469504755442407
    outer loop
      vertex 215.80000000000001 0.10399999999999998 -0.079999999999999988
      vertex 215.80000000000001 0.072000000000000008 -0.040000000000000008
      vertex 215.87200000000001 0.072000000000000022 -0.040000000000000008
    endloop
  endfacet
  facet normal -2.0839868544601235e-16 0.7808688094430305 0.62469504755442429
    outer loop
      vertex 215.80000000000001 0.10399999999999998 -0.079999999999999988
      vertex 215.87200000000001 0.072000000000000022 -0.040000000000000008
      vertex 215.904 0.10400000000000001 -0.079999999999999988
    endloop
  endfacet
  facet normal 0 -0.24253562503632425 0.97014250014533421
    outer loop
      vertex 215.88 40.079999999999998 -0.079999999999999988
      vertex 216 40.079999999999998 -0.079999999999999988
      vertex 216 40.200000000000003 -0.050000000000000003
    endloop
  endfacet
  facet normal 0 -0.24253562503632423 0.9701425001453341
    outer loop
      vertex 215.80000000000001 40.079999999999998 -0.079999999999999988
      vertex 215.88 40.079999999999998 -0.079999999999999988
      vertex 216 40.200000000000003 -0.050000000000000003
    endloop
  endfacet
  facet normal 0 -0.24253562503632417 0.97014250014533399
    outer loop
      vertex 215.80000000000001 40.079999999999998 -0.079999999999999988
      vertex 216 40.200000000000003 -0.050000000000000003
      vertex 215.80000000000001 40.200000000000003 -0.050000000000000003
    endloop
  endfacet
  facet normal 0 0 1
    outer loop
      vertex 215.80000000000001 40.200000000000003 -0.050000000000000003
      vertex 216 40.200000000000003 -0.050000000000000003
      vertex 216 60 -0.050000000000000003
    endloop
  endfacet
  facet normal 0 0 1
    outer loop
      vertex 215.80000000000001 40.200000000000003 -0.050000000000000003
      vertex 216 60 -0.050000000000000003
      vertex 215.80000000000001 60 -0.050000000000000003
    endloop
  endfacet
  facet normal 0 -0.24253562503633777 0.97014250014533077
    outer loop
      vertex 215.84 60.039999999999999 -0.040000000000000008
      vertex 215.80000000000001 60 -0.050000000000000003
      vertex 216 60 -0.050000000000000003
    endloop
  endfacet
  facet normal 0 -0.24253562503633774 0.97014250014533077
    outer loop
      vertex 215.84 60.039999999999999 -0.040000000000000008
      vertex 216 60 -0.050000000000000003
      vertex 216 60.039999999999999 -0.040000000000000008
    endloop
  endfacet
  facet normal 0 -0.24253562503633774 0.97014250014533066
    outer loop
      vertex 215.80000000000001 60.039999999999999 -0.040000000000000008
      vertex 215.80000000000001 60 -0.050000000000000003
      vertex 215.84 60.039999999999999 -0.040000000000000008
    endloop
  endfacet
  facet normal -0.52981294282602576 0.66226617853251812 0.52981294282601432
    outer loop
      vertex 216 0.10399999999999998 -0.079999999999999988
      vertex 216 0.072000000000000008 -0.040000000000000008
      vertex 216.16 0.20000000000000001 -0.040000000000000008
    endloop
  endfacet
  facet normal -0.5298129428260383 0.66226617853257275 0.52981294282593328
    outer loop
      vertex 216 0.10399999999999998 -0.079999999999999988
      vertex 216.16 0.20000000000000001 -0.040000000000000008
      vertex 216.12 0.20000000000000001 -0.079999999999999988
    endloop
  endfacet
  facet normal -0.70710678118661785 0 0.7071067811864773
    outer loop
      vertex 216.16 8.0399999999999991 -0.040000000000000008
      vertex 216.12 6.0800000000000001 -0.079999999999999988
      vertex 216.12 0.20000000000000001 -0.079999999999999988
    endloop
  endfacet
  facet normal -0.70710678118661774 0 0.7071067811864773
    outer loop
      vertex 216.16 8.0399999999999991 -0.040000000000000008
      vertex 216.12 0.20000000000000001 -0.079999999999999988
      vertex 216.16 0.20000000000000001 -0.040000000000000008
    endloop
  endfacet
  facet normal -0.70710678118661774 0 0.70710678118647741
    outer loop
      vertex 216.12 6.0800000000000018 -0.079999999999999988
      vertex 216.16 8.0400000000000009 -0.040000000000000008
      vertex 216.16 10 -0.040000000000000008
    endloop
  endfacet
  facet normal -0.70710678118661774 0 0.70710678118647741
    outer loop
      vertex 216.12 6.0800000000000018 -0.079999999999999988
      vertex 216.16 10 -0.040000000000000008
      vertex 216.12 10 -0.079999999999999988
    endloop
  endfacet
  facet normal -0.70710678118661774 0 0.7071067811864773
    outer loop
      vertex 216.16 10.159999999999998 -0.040000000000000008
      vertex 216.12 10.119999999999999 -0.079999999999999988
      vertex 216.12 10 -0.079999999999999988
    endloop
  endfacet
  facet normal -0.70710678118661774 0 0.70710678118647741
    outer loop
      vertex 216.16 10.159999999999998 -0.040000000000000008
      vertex 216.12 10 -0.079999999999999988
      vertex 216.16 10 -0.040000000000000008
    endloop
  endfacet
  facet normal -0.5883484054144722 -0.19611613513839257 0.78446454055274384
    outer loop
      vertex 216.12 10.119999999999999 -0.079999999999999988
      vertex 216.16 10.159999999999998 -0.040000000000000008
      vertex 216.14666666666665 10.199999999999999 -0.040000000000000008
    endloop
  endfacet
  facet normal -0.58834840541468469 -0.19611613513825871 0.78446454055261794
    outer loop
      vertex 216.12 10.119999999999999 -0.079999999999999988
      vertex 216.14666666666665 10.199999999999999 -0.040000000000000008
      vertex 216.09333333333333 10.199999999999999 -0.079999999999999988
    endloop
  endfacet
  facet normal -0.60000000000014442 0 0.79999999999989169
    outer loop
      vertex 216.14666666666665 17.386666666666667 -0.040000000000000008
      vertex 216.09333333333333 14.773333333333333 -0.079999999999999988
      vertex 216.09333333333333 10.199999999999999 -0.079999999999999988
    endloop
  endfacet
  facet normal -0.60000000000014442 0 0.79999999999989169
    outer loop
      vertex 216.14666666666665 17.386666666666667 -0.040000000000000008
      vertex 216.09333333333333 10.199999999999999 -0.079999999999999988
      vertex 216.14666666666665 10.199999999999999 -0.040000000000000008
    endloop
  endfacet
  facet normal -0.60000000000014442 0 0.79999999999989169
    outer loop
      vertex 216.09333333333333 14.773333333333333 -0.079999999999999988
      vertex 216.14666666666665 17.386666666666667 -0.040000000000000008
      vertex 216.14666666666665 20 -0.040000000000000008
    endloop
  endfacet
  facet normal -0.60000000000014442 0 0.79999999999989169
    outer loop
      vertex 216.09333333333333 14.773333333333333 -0.079999999999999988
      vertex 216.14666666666665 20 -0.040000000000000008
      vertex 216.09333333333333 20 -0.079999999999999988
    endloop
  endfacet
  facet normal -0.60000000000014453 0 0.79999999999989169
    outer loop
      vertex 216.14666666666665 20.146666666666665 -0.040000000000000008
      vertex 216.09333333333333 20.093333333333334 -0.079999999999999988
      vertex 216.09333333333333 20 -0.079999999999999988
    endloop
  endfacet
  facet normal -0.60000000000014442 0 0.79999999999989158
    outer loop
      vertex 216.14666666666665 20.146666666666665 -0.040000000000000008
      vertex 216.09333333333333 20 -0.079999999999999988
      vertex 216.14666666666665 20 -0.040000000000000008
    endloop
  endfacet
  facet normal -0.43643578047205528 -0.21821789023605676 0.87287156094391805
    outer loop
      vertex 216.09333333333333 20.093333333333334 -0.079999999999999988
      vertex 216.14666666666665 20.146666666666665 -0.040000000000000008
      vertex 216.11999999999998 20.199999999999999 -0.040000000000000008
    endloop
  endfacet
  facet normal -0.43643578047204729 -0.21821789023605997 0.87287156094392138
    outer loop
      vertex 216.09333333333333 20.093333333333334 -0.079999999999999988
      vertex 216.11999999999998 20.199999999999999 -0.040000000000000008
      vertex 216.03999999999999 20.199999999999999 -0.079999999999999988
    endloop
  endfacet
  facet normal -0.44721359550002893 0 0.89442719099988044
    outer loop
      vertex 216.11999999999998 32.079999999999998 -0.040000000000000008
      vertex 216.03999999999999 24.160000000000004 -0.079999999999999988
      vertex 216.03999999999999 20.199999999999999 -0.079999999999999988
    endloop
  endfacet
  facet normal -0.44721359550002898 0 0.89442719099988044
    outer loop
      vertex 216.11999999999998 32.079999999999998 -0.040000000000000008
      vertex 216.03999999999999 20.199999999999999 -0.079999999999999988
      vertex 216.11999999999998 20.199999999999999 -0.040000000000000008
    endloop
  endfacet
  facet normal -0.44721359550002882 0 0.89442719099988033
    outer loop
      vertex 216.03999999999999 24.160000000000004 -0.079999999999999988
      vertex 216.11999999999998 32.079999999999998 -0.040000000000000008
      vertex 216.11999999999998 40 -0.040000000000000008
    endloop
  endfacet
  facet normal -0.44721359550002893 0 0.89442719099988044
    outer loop
      vertex 216.03999999999999 24.160000000000004 -0.079999999999999988
      vertex 216.11999999999998 40 -0.040000000000000008
      vertex 216.03999999999999 40 -0.079999999999999988
    endloop
  endfacet
  facet normal -0.44721359550002887 0 0.89442719099988044
    outer loop
      vertex 216.11999999999998 40.119999999999997 -0.040000000000000008
      vertex 216.03999999999999 40.039999999999999 -0.079999999999999988
      vertex 216.03999999999999 40 -0.079999999999999988
    endloop
  endfacet
  facet normal -0.44721359550002887 0 0.89442719099988033
    outer loop
      vertex 216.11999999999998 40.119999999999997 -0.040000000000000008
      vertex 216.03999999999999 40 -0.079999999999999988
      vertex 216.11999999999998 40 -0.040000000000000008
    endloop
  endfacet
  facet normal -0.23570226039555975 -0.23570226039551787 0.94280904158205192
    outer loop
      vertex 216 40.079999999999998 -0.079999999999999988
      vertex 216.03999999999999 40.039999999999999 -0.079999999999999988
      vertex 216.11999999999998 40.119999999999997 -0.040000000000000008
    endloop
  endfacet
  facet normal -0.23570226039556552 -0.23570226039550279 0.94280904158205425
    outer loop
      vertex 216 40.079999999999998 -0.079999999999999988
      vertex 216.11999999999998 40.119999999999997 -0.040000000000000008
      vertex 216.03999999999999 40.200000000000003 -0.040000000000000008
    endloop
  endfacet
  facet normal -0.23570226039556044 -0.23570226039550474 0.94280904158205503
    outer loop
      vertex 216 40.079999999999998 -0.079999999999999988
      vertex 216.03999999999999 40.200000000000003 -0.040000000000000008
      vertex 216 40.200000000000003 -0.050000000000000003
    endloop
  endfacet
  facet normal -0.24253562503637832 0 0.97014250014532066
    outer loop
      vertex 216.03999999999999 44.159999999999997 -0.040000000000000008
      vertex 216 40.200000000000003 -0.050000000000000003
      vertex 216.03999999999999 40.200000000000003 -0.040000000000000008
    endloop
  endfacet
  facet normal -0.24253562503637829 0 0.97014250014532055
    outer loop
      vertex 216 40.200000000000003 -0.050000000000000003
      vertex 216.03999999999999 44.159999999999997 -0.040000000000000008
      vertex 216.03999999999999 60 -0.040000000000000008
    endloop
  endfacet
  facet normal -0.24253562503637829 0 0.97014250014532066
    outer loop
      vertex 216 40.200000000000003 -0.050000000000000003
      vertex 216.03999999999999 60 -0.040000000000000008
      vertex 216 60 -0.050000000000000003
    endloop
  endfacet
  facet normal -0.24253562503637832 0 0.97014250014532066
    outer loop
      vertex 216.03999999999999 60.039999999999999 -0.040000000000000008
      vertex 216 60 -0.050000000000000003
      vertex 216.03999999999999 60 -0.040000000000000008
    endloop
  endfacet
  facet normal 0 -0.24253562503633774 0.97014250014533066
    outer loop
      vertex 216 60.039999999999999 -0.040000000000000008
      vertex 216 60 -0.050000000000000003
      vertex 216.03999999999999 60.039999999999999 -0.040000000000000008
    endloop
  endfacet
  facet normal -0 0.24253562503629716 0.97014250014534087
    outer loop
      vertex 216.56 80.159999999999997 -0.040000000000000008
      vertex 216.59999999999999 80.159999999999997 -0.040000000000000008
      vertex 216.59999999999999 80.200000000000003 -0.050000000000000003
    endloop
  endfacet
  facet normal 0.24253562503637829 -0 0.97014250014532066
    outer loop
      vertex 216.56 80.159999999999997 -0.040000000000000008
      vertex 216.59999999999999 80.200000000000003 -0.050000000000000003
      vertex 216.56 80.200000000000003 -0.040000000000000008
    endloop
  endfacet
  facet normal 0.24253562503637829 0 0.97014250014532055
    outer loop
      vertex 216.56 96.040000000000006 -0.040000000000000008
      vertex 216.56 80.200000000000003 -0.040000000000000008
      vertex 216.59999999999999 80.200000000000003 -0.050000000000000003
    endloop
  endfacet
  facet normal 0.24253562503637829 0 0.97014250014532066
    outer loop
      vertex 216.56 96.040000000000006 -0.040000000000000008
      vertex 216.59999999999999 80.200000000000003 -0.050000000000000003
      vertex 216.59999999999999 100 -0.050000000000000003
    endloop
  endfacet
  facet normal 0.24253562503637832 -0 0.97014250014532066
    outer loop
      vertex 216.56 96.040000000000006 -0.040000000000000008
      vertex 216.59999999999999 100 -0.050000000000000003
      vertex 216.56 100 -0.040000000000000008
    endloop
  endfacet
  facet normal -0 0.24253562503629716 0.97014250014534087
    outer loop
      vertex 216.76000000000002 80.159999999999997 -0.040000000000000008
      vertex 216.80000000000001 80.159999999999997 -0.040000000000000008
      vertex 216.80000000000001 80.200000000000003 -0.050000000000000003
    endloop
  endfacet
  facet normal -0 0.24253562503629716 0.97014250014534087
    outer loop
      vertex 216.59999999999999 80.159999999999997 -0.040000000000000008
      vertex 216.76000000000002 80.159999999999997 -0.040000000000000008
      vertex 216.80000000000001 80.200000000000003 -0.050000000000000003
    endloop
  endfacet
  facet normal 0 0.24253562503629719 0.97014250014534076
    outer loop
      vertex 216.59999999999999 80.159999999999997 -0.040000000000000008
      vertex 216.80000000000001 80.200000000000003 -0.050000000000000003
      vertex 216.59999999999999 80.200000000000003 -0.050000000000000003
    endloop
  endfacet
  facet normal 0 0 1
    outer loop
      vertex 216.59999999999999 80.200000000000003 -0.050000000000000003
      vertex 216.80000000000001 80.200000000000003 -0.050000000000000003
      vertex 216.80000000000001 100 -0.050000000000000003
    endloop
  endfacet
  facet normal 0 0 1
    outer loop
      vertex 216.59999999999999 80.200000000000003 -0.050000000000000003
      vertex 216.80000000000001 100 -0.050000000000000003
      vertex 216.59999999999999 100 -0.050000000000000003
    endloop
  endfacet
  facet normal -0 0.24253562503629716 0.97014250014534087
    outer loop
      vertex 216.96000000000001 80.159999999999997 -0.040000000000000008
      vertex 217 80.159999999999997 -0.040000000000000008
      vertex 217 80.200000000000003 -0.050000000000000003
    endloop
  endfacet
  facet normal -0 0.24253562503629719 0.97014250014534087
    outer loop
      vertex 216.80000000000001 80.159999999999997 -0.040000000000000008
      vertex 216.96000000000001 80.159999999999997 -0.040000000000000008
      vertex 217 80.200000000000003 -0.050000000000000003
    endloop
  endfacet
  facet normal 0 0.24253562503629716 0.97014250014534098
    outer loop
      vertex 216.80000000000001 80.159999999999997 -0.040000000000000008
      vertex 217 80.200000000000003 -0.050000000000000003
      vertex 216.80000000000001 80.200000000000003 -0.050000000000000003
    endloop
  endfacet
  facet normal 0 0 1
    outer loop
      vertex 216.80000000000001 80.200000000000003 -0.050000000000000003
      vertex 217 80.200000000000003 -0.050000000000000003
      vertex 217 100 -0.050000000000000003
    endloop
  endfacet
  facet normal 0 0 1
    outer loop
      vertex 216.80000000000001 80.200000000000003 -0.050000000000000003
      vertex 217 100 -0.050000000000000003
      vertex 216.80000000000001 100 -0.050000000000000003
    endloop
  endfacet
  facet normal -0 0.24253562503629716 0.97014250014534087
    outer loop
      vertex 217.16 80.159999999999997 -0.040000000000000008
      vertex 217.19999999999999 80.159999999999997 -0.040000000000000008
      vertex 217.19999999999999 80.200000000000003 -0.050000000000000003
    endloop
  endfacet
  facet normal -0 0.24253562503629719 0.97014250014534087
    outer loop
      vertex 217 80.159999999999997 -0.040000000000000008
      vertex 217.16 80.159999999999997 -0.040000000000000008
      vertex 217.19999999999999 80.200000000000003 -0.050000000000000003
    endloop
  endfacet
  facet normal 0 0.24253562503629716 0.97014250014534098
    outer loop
      vertex 217 80.159999999999997 -0.040000000000000008
      vertex 217.19999999999999 80.200000000000003 -0.050000000000000003
      vertex 217 80.200000000000003 -0.050000000000000003
    endloop
  endfacet
  facet normal 0 0 1
    outer loop
      vertex 217 80.200000000000003 -0.050000000000000003
      vertex 217.19999999999999 80.200000000000003 -0.050000000000000003
      vertex 217.19999999999999 100 -0.050000000000000003
    endloop
  endfacet
  facet normal 0 0 1
    outer loop
      vertex 217 80.200000000000003 -0.050000000000000003
      vertex 217.19999999999999 100 -0.050000000000000003
      vertex 217 100 -0.050000000000000003
    endloop
  endfacet
  facet normal 0.44721359549990181 0 0.89442719099994383
    outer loop
      vertex 217.36000000000001 -84.160000000000011 -0.079999999999999988
      vertex 217.28 -92.079999999999998 -0.040000000000000008
      vertex 217.28 -100 -0.040000000000000008
    endloop
  endfacet
  facet normal 0.44721359549990181 0 0.89442719099994394
    outer loop
      vertex 217.36000000000001 -84.160000000000011 -0.079999999999999988
      vertex 217.28 -100 -0.040000000000000008
      vertex 217.36000000000001 -100 -0.079999999999999988
    endloop
  endfacet
  facet normal 0.44721359549990181 0 0.89442719099994406
    outer loop
      vertex 217.28 -92.079999999999998 -0.040000000000000008
      vertex 217.36000000000001 -84.160000000000011 -0.079999999999999988
      vertex 217.36000000000001 -80.200000000000003 -0.079999999999999988
    endloop
  endfacet
  facet normal 0.44721359549990181 -0 0.89442719099994394
    outer loop
      vertex 217.28 -92.079999999999998 -0.040000000000000008
      vertex 217.36000000000001 -80.200000000000003 -0.079999999999999988
      vertex 217.28 -80.200000000000003 -0.040000000000000008
    endloop
  endfacet
  facet normal 0.40824829046384453 -0.40824829046369943 0.81649658092781718
    outer loop
      vertex 217.28 -80.200000000000003 -0.040000000000000008
      vertex 217.36000000000001 -80.200000000000003 -0.079999999999999988
      vertex 217.40000000000001 -80.159999999999997 -0.079999999999999988
    endloop
  endfacet
  facet normal 0.40824829046386868 -0.40824829046386868 0.81649658092772037
    outer loop
      vertex 217.28 -80.200000000000003 -0.040000000000000008
      vertex 217.40000000000001 -80.159999999999997 -0.079999999999999988
      vertex 217.40000000000001 -80.079999999999998 -0.040000000000000008
    endloop
  endfacet
  facet normal -0 0.24253562503633774 0.97014250014533066
    outer loop
      vertex 217.36000000000001 -60.039999999999999 -0.040000000000000008
      vertex 217.40000000000001 -60.039999999999999 -0.040000000000000008
      vertex 217.40000000000001 -60 -0.050000000000000003
    endloop
  endfacet
  facet normal 0.24253562503637832 -0 0.97014250014532066
    outer loop
      vertex 217.36000000000001 -60.039999999999999 -0.040000000000000008
      vertex 217.40000000000001 -60 -0.050000000000000003
      vertex 217.36000000000001 -60 -0.040000000000000008
    endloop
  endfacet
  facet normal 0.24253562503637829 0 0.97014250014532055
    outer loop
      vertex 217.36000000000001 -44.159999999999997 -0.040000000000000008
      vertex 217.36000000000001 -60 -0.040000000000000008
      vertex 217.40000000000001 -60 -0.050000000000000003
    endloop
  endfacet
  facet normal 0.24253562503637829 0 0.97014250014532066
    outer loop
      vertex 217.36000000000001 -44.159999999999997 -0.040000000000000008
      vertex 217.40000000000001 -60 -0.050000000000000003
      vertex 217.40000000000001 -40.200000000000003 -0.050000000000000003
    endloop
  endfacet
  facet normal 0.24253562503637832 -0 0.97014250014532066
    outer loop
      vertex 217.36000000000001 -44.159999999999997 -0.040000000000000008
      vertex 217.40000000000001 -40.200000000000003 -0.050000000000000003
      vertex 217.36000000000001 -40.200000000000003 -0.040000000000000008
    endloop
  endfacet
  facet normal 0.23570226039555978 -0.23570226039551789 0.94280904158205192
    outer loop
      vertex 217.36000000000001 -40.200000000000003 -0.040000000000000008
      vertex 217.40000000000001 -40.200000000000003 -0.050000000000000003
      vertex 217.40000000000001 -40.160000000000004 -0.040000000000000008
    endloop
  endfacet
  facet normal -0.23570226039556208 0.23570226039547837 0.94280904158206125
    outer loop
      vertex 217.19999999999999 80.159999999999997 -0.040000000000000008
      vertex 217.23999999999998 80.200000000000003 -0.040000000000000008
      vertex 217.19999999999999 80.200000000000003 -0.050000000000000003
    endloop
  endfacet
  facet normal -0.24253562503637832 0 0.97014250014532066
    outer loop
      vertex 217.23999999999998 84.159999999999997 -0.040000000000000008
      vertex 217.19999999999999 80.200000000000003 -0.050000000000000003
      vertex 217.23999999999998 80.200000000000003 -0.040000000000000008
    endloop
  endfacet
  facet normal -0.24253562503637829 0 0.97014250014532055
    outer loop
      vertex 217.19999999999999 80.200000000000003 -0.050000000000000003
      vertex 217.23999999999998 84.159999999999997 -0.040000000000000008
      vertex 217.23999999999998 100 -0.040000000000000008
    endloop
  endfacet
  facet normal -0.24253562503637829 0 0.97014250014532066
    outer loop
      vertex 217.19999999999999 80.200000000000003 -0.050000000000000003
      vertex 217.23999999999998 100 -0.040000000000000008
      vertex 217.19999999999999 100 -0.050000000000000003
    endloop
  endfacet
  facet normal 0 -0.44721359549996542 0.89442719099991219
    outer loop
      vertex 217.51999999999998 -80.079999999999998 -0.040000000000000008
      vertex 217.44 -80.159999999999997 -0.079999999999999988
      vertex 217.59999999999999 -80.159999999999997 -0.079999999999999988
    endloop
  endfacet
  facet normal 0 -0.44721359549996537 0.89442719099991219
    outer loop
      vertex 217.51999999999998 -80.079999999999998 -0.040000000000000008
      vertex 217.59999999999999 -80.159999999999997 -0.079999999999999988
      vertex 217.59999999999999 -80.079999999999998 -0.040000000000000008
    endloop
  endfacet
  facet normal 0 -0.44721359549996537 0.89442719099991208
    outer loop
      vertex 217.40000000000001 -80.079999999999998 -0.040000000000000008
      vertex 217.40000000000001 -80.159999999999997 -0.079999999999999988
      vertex 217.44 -80.159999999999997 -0.079999999999999988
    endloop
  endfacet
  facet normal 0 -0.44721359549996537 0.89442719099991208
    outer loop
      vertex 217.40000000000001 -80.079999999999998 -0.040000000000000008
      vertex 217.44 -80.159999999999997 -0.079999999999999988
      vertex 217.51999999999998 -80.079999999999998 -0.040000000000000008
    endloop
  endfacet
  facet normal -0 0.24253562503633774 0.97014250014533066
    outer loop
      vertex 217.56 -60.039999999999999 -0.040000000000000008
      vertex 217.59999999999999 -60.039999999999999 -0.040000000000000008
      vertex 217.59999999999999 -60 -0.050000000000000003
    endloop
  endfacet
  facet normal -0 0.24253562503633774 0.97014250014533077
    outer loop
      vertex 217.40000000000001 -60.039999999999999 -0.040000000000000008
      vertex 217.56 -60.039999999999999 -0.040000000000000008
      vertex 217.59999999999999 -60 -0.050000000000000003
    endloop
  endfacet
  facet normal 0 0.24253562503633774 0.97014250014533077
    outer loop
      vertex 217.40000000000001 -60.039999999999999 -0.040000000000000008
      vertex 217.59999999999999 -60 -0.050000000000000003
      vertex 217.40000000000001 -60 -0.050000000000000003
    endloop
  endfacet
  facet normal 0 0 1
    outer loop
      vertex 217.40000000000001 -60 -0.050000000000000003
      vertex 217.59999999999999 -60 -0.050000000000000003
      vertex 217.59999999999999 -40.200000000000003 -0.050000000000000003
    endloop
  endfacet
  facet normal 0 0 1
    outer loop
      vertex 217.40000000000001 -60 -0.050000000000000003
      vertex 217.59999999999999 -40.200000000000003 -0.050000000000000003
      vertex 217.40000000000001 -40.200000000000003 -0.050000000000000003
    endloop
  endfacet
  facet normal 0 -0.24253562503633777 0.97014250014533077
    outer loop
      vertex 217.44 -40.160000000000004 -0.040000000000000008
      vertex 217.40000000000001 -40.200000000000003 -0.050000000000000003
      vertex 217.59999999999999 -40.200000000000003 -0.050000000000000003
    endloop
  endfacet
  facet normal 0 -0.24253562503633774 0.97014250014533077
    outer loop
      vertex 217.44 -40.160000000000004 -0.040000000000000008
      vertex 217.59999999999999 -40.200000000000003 -0.050000000000000003
      vertex 217.59999999999999 -40.160000000000004 -0.040000000000000008
    endloop
  endfacet
  facet normal 0 -0.24253562503633774 0.97014250014533066
    outer loop
      vertex 217.40000000000001 -40.160000000000004 -0.040000000000000008
      vertex 217.40000000000001 -40.200000000000003 -0.050000000000000003
      vertex 217.44 -40.160000000000004 -0.040000000000000008
    endloop
  endfacet
  facet normal 0 -0.44721359549996537 0.89442719099991219
    outer loop
      vertex 217.72 -80.079999999999998 -0.040000000000000008
      vertex 217.63999999999999 -80.159999999999997 -0.079999999999999988
      vertex 217.80000000000001 -80.159999999999997 -0.079999999999999988
    endloop
  endfacet
  facet normal 0 -0.44721359549996537 0.89442719099991219
    outer loop
      vertex 217.72 -80.079999999999998 -0.040000000000000008
      vertex 217.80000000000001 -80.159999999999997 -0.079999999999999988
      vertex 217.80000000000001 -80.079999999999998 -0.040000000000000008
    endloop
  endfacet
  facet normal 0 -0.44721359549996537 0.89442719099991208
    outer loop
      vertex 217.59999999999999 -80.079999999999998 -0.040000000000000008
      vertex 217.59999999999999 -80.159999999999997 -0.079999999999999988
      vertex 217.63999999999999 -80.159999999999997 -0.079999999999999988
    endloop
  endfacet
  facet normal 0 -0.44721359549996542 0.89442719099991219
    outer loop
      vertex 217.59999999999999 -80.079999999999998 -0.040000000000000008
      vertex 217.63999999999999 -80.159999999999997 -0.079999999999999988
      vertex 217.72 -80.079999999999998 -0.040000000000000008
    endloop
  endfacet
  facet normal -0 0.24253562503633774 0.97014250014533066
    outer loop
      vertex 217.76000000000002 -60.039999999999999 -0.040000000000000008
      vertex 217.80000000000001 -60.039999999999999 -0.040000000000000008
      vertex 217.80000000000001 -60 -0.050000000000000003
    endloop
  endfacet
  facet normal -0 0.24253562503633772 0.97014250014533077
    outer loop
      vertex 217.59999999999999 -60.039999999999999 -0.040000000000000008
      vertex 217.76000000000002 -60.039999999999999 -0.040000000000000008
      vertex 217.80000000000001 -60 -0.050000000000000003
    endloop
  endfacet
  facet normal 0 0.24253562503633769 0.97014250014533054
    outer loop
      vertex 217.59999999999999 -60.039999999999999 -0.040000000000000008
      vertex 217.80000000000001 -60 -0.050000000000000003
      vertex 217.59999999999999 -60 -0.050000000000000003
    endloop
  endfacet
  facet normal 0 0 1
    outer loop
      vertex 217.59999999999999 -60 -0.050000000000000003
      vertex 217.80000000000001 -60 -0.050000000000000003
      vertex 217.80000000000001 -40.200000000000003 -0.050000000000000003
    endloop
  endfacet
  facet normal 0 0 1
    outer loop
      vertex 217.59999999999999 -60 -0.050000000000000003
      vertex 217.80000000000001 -40.200000000000003 -0.050000000000000003
      vertex 217.59999999999999 -40.200000000000003 -0.050000000000000003
    endloop
  endfacet
  facet normal 0 -0.24253562503633769 0.97014250014533054
    outer loop
      vertex 217.63999999999999 -40.160000000000004 -0.040000000000000008
      vertex 217.59999999999999 -40.200000000000003 -0.050000000000000003
      vertex 217.80000000000001 -40.200000000000003 -0.050000000000000003
    endloop
  endfacet
  facet normal 0 -0.24253562503633772 0.97014250014533077
    outer loop
      vertex 217.63999999999999 -40.160000000000004 -0.040000000000000008
      vertex 217.80000000000001 -40.200000000000003 -0.050000000000000003
      vertex 217.80000000000001 -40.160000000000004 -0.040000000000000008
    endloop
  endfacet
  facet normal 0 -0.24253562503633774 0.97014250014533066
    outer loop
      vertex 217.59999999999999 -40.160000000000004 -0.040000000000000008
      vertex 217.59999999999999 -40.200000000000003 -0.050000000000000003
      vertex 217.63999999999999 -40.160000000000004 -0.040000000000000008
    endloop
  endfacet
  facet normal 0 -0.44721359549996542 0.89442719099991219
    outer loop
      vertex 217.91999999999999 -80.079999999999998 -0.040000000000000008
      vertex 217.84 -80.159999999999997 -0.079999999999999988
      vertex 218 -80.159999999999997 -0.079999999999999988
    endloop
  endfacet
  facet normal 0 -0.44721359549996537 0.89442719099991219
    outer loop
      vertex 217.91999999999999 -80.079999999999998 -0.040000000000000008
      vertex 218 -80.159999999999997 -0.079999999999999988
      vertex 218 -80.079999999999998 -0.040000000000000008
    endloop
  endfacet
  facet normal 0 -0.44721359549996537 0.89442719099991208
    outer loop
      vertex 217.80000000000001 -80.079999999999998 -0.040000000000000008
      vertex 217.80000000000001 -80.159999999999997 -0.079999999999999988
      vertex 217.84 -80.159999999999997 -0.079999999999999988
    endloop
  endfacet
  facet normal 0 -0.44721359549996537 0.89442719099991208
    outer loop
      vertex 217.80000000000001 -80.079999999999998 -0.040000000000000008
      vertex 217.84 -80.159999999999997 -0.079999999999999988
      vertex 217.91999999999999 -80.079999999999998 -0.040000000000000008
    endloop
  endfacet
  facet normal -0 0.24253562503633774 0.97014250014533066
    outer loop
      vertex 217.96000000000001 -60.039999999999999 -0.040000000000000008
      vertex 218 -60.039999999999999 -0.040000000000000008
      vertex 218 -60 -0.050000000000000003
    endloop
  endfacet
  facet normal -0 0.24253562503633774 0.97014250014533077
    outer loop
      vertex 217.80000000000001 -60.039999999999999 -0.040000000000000008
      vertex 217.96000000000001 -60.039999999999999 -0.040000000000000008
      vertex 218 -60 -0.050000000000000003
    endloop
  endfacet
  facet normal 0 0.24253562503633774 0.97014250014533077
    outer loop
      vertex 217.80000000000001 -60.039999999999999 -0.040000000000000008
      vertex 218 -60 -0.050000000000000003
      vertex 217.80000000000001 -60 -0.050000000000000003
    endloop
  endfacet
  facet normal 0 0 1
    outer loop
      vertex 217.80000000000001 -60 -0.050000000000000003
      vertex 218 -60 -0.050000000000000003
      vertex 218 -40.200000000000003 -0.050000000000000003
    endloop
  endfacet
  facet normal 0 0 1
    outer loop
      vertex 217.80000000000001 -60 -0.050000000000000003
      vertex 218 -40.200000000000003 -0.050000000000000003
      vertex 217.80000000000001 -40.200000000000003 -0.050000000000000003
    endloop
  endfacet
  facet normal 0 -0.24253562503633777 0.97014250014533077
    outer loop
      vertex 217.84 -40.160000000000004 -0.040000000000000008
      vertex 217.80000000000001 -40.200000000000003 -0.050000000000000003
      vertex 218 -40.200000000000003 -0.050000000000000003
    endloop
  endfacet
  facet normal 0 -0.24253562503633774 0.97014250014533077
    outer loop
      vertex 217.84 -40.160000000000004 -0.040000000000000008
      vertex 218 -40.200000000000003 -0.050000000000000003
      vertex 218 -40.160000000000004 -0.040000000000000008
    endloop
  endfacet
  facet normal 0 -0.24253562503633774 0.97014250014533066
    outer loop
      vertex 217.80000000000001 -40.160000000000004 -0.040000000000000008
      vertex 217.80000000000001 -40.200000000000003 -0.050000000000000003
      vertex 217.84 -40.160000000000004 -0.040000000000000008
    endloop
  endfacet
  facet normal -0.44721359550002893 0 0.89442719099988044
    outer loop
      vertex 218.11999999999998 -88.120000000000005 -0.040000000000000008
      vertex 218.03999999999999 -96.039999999999992 -0.079999999999999988
      vertex 218.03999999999999 -100 -0.079999999999999988
    endloop
  endfacet
  facet normal -0.44721359550002898 0 0.89442719099988044
    outer loop
      vertex 218.11999999999998 -88.120000000000005 -0.040000000000000008
      vertex 218.03999999999999 -100 -0.079999999999999988
      vertex 218.11999999999998 -100 -0.040000000000000008
    endloop
  endfacet
  facet normal -0.44721359550002893 0 0.89442719099988033
    outer loop
      vertex 218.03999999999999 -96.039999999999992 -0.079999999999999988
      vertex 218.11999999999998 -88.120000000000005 -0.040000000000000008
      vertex 218.11999999999998 -80.200000000000003 -0.040000000000000008
    endloop
  endfacet
  facet normal -0.44721359550002898 0 0.89442719099988033
    outer loop
      vertex 218.03999999999999 -96.039999999999992 -0.079999999999999988
      vertex 218.11999999999998 -80.200000000000003 -0.040000000000000008
      vertex 218.03999999999999 -80.200000000000003 -0.079999999999999988
    endloop
  endfacet
  facet normal -0.44721359550002887 0 0.89442719099988055
    outer loop
      vertex 218.11999999999998 -80.079999999999998 -0.040000000000000008
      vertex 218.03999999999999 -80.159999999999997 -0.079999999999999988
      vertex 218.03999999999999 -80.200000000000003 -0.079999999999999988
    endloop
  endfacet
  facet normal -0.44721359550002893 0 0.89442719099988044
    outer loop
      vertex 218.11999999999998 -80.079999999999998 -0.040000000000000008
      vertex 218.03999999999999 -80.200000000000003 -0.079999999999999988
      vertex 218.11999999999998 -80.200000000000003 -0.040000000000000008
    endloop
  endfacet
  facet normal 0 -0.44721359549996537 0.89442719099991208
    outer loop
      vertex 218 -80.079999999999998 -0.040000000000000008
      vertex 218 -80.159999999999997 -0.079999999999999988
      vertex 218.03999999999999 -80.159999999999997 -0.079999999999999988
    endloop
  endfacet
  facet normal 0 -0.44721359549996537 0.89442719099991208
    outer loop
      vertex 218 -80.079999999999998 -0.040000000000000008
      vertex 218.03999999999999 -80.159999999999997 -0.079999999999999988
      vertex 218.11999999999998 -80.079999999999998 -0.040000000000000008
    endloop
  endfacet
  facet normal -0.23570226039555978 0.23570226039551789 0.94280904158205192
    outer loop
      vertex 218 -60.039999999999999 -0.040000000000000008
      vertex 218.03999999999999 -60 -0.040000000000000008
      vertex 218 -60 -0.050000000000000003
    endloop
  endfacet
  facet normal -0.24253562503637832 0 0.97014250014532066
    outer loop
      vertex 218.03999999999999 -56.040000000000006 -0.040000000000000008
      vertex 218 -60 -0.050000000000000003
      vertex 218.03999999999999 -60 -0.040000000000000008
    endloop
  endfacet
  facet normal -0.24253562503637829 0 0.97014250014532055
    outer loop
      vertex 218 -60 -0.050000000000000003
      vertex 218.03999999999999 -56.040000000000006 -0.040000000000000008
      vertex 218.03999999999999 -40.200000000000003 -0.040000000000000008
    endloop
  endfacet
  facet normal -0.24253562503637829 0 0.97014250014532066
    outer loop
      vertex 218 -60 -0.050000000000000003
      vertex 218.03999999999999 -40.200000000000003 -0.040000000000000008
      vertex 218 -40.200000000000003 -0.050000000000000003
    endloop
  endfacet
  facet normal -0.24253562503637832 0 0.97014250014532066
    outer loop
      vertex 218.03999999999999 -40.160000000000004 -0.040000000000000008
      vertex 218 -40.200000000000003 -0.050000000000000003
      vertex 218.03999999999999 -40.200000000000003 -0.040000000000000008
    endloop
  endfacet
  facet normal 0 -0.24253562503633774 0.97014250014533066
    outer loop
      vertex 218 -40.160000000000004 -0.040000000000000008
      vertex 218 -40.200000000000003 -0.050000000000000003
      vertex 218.03999999999999 -40.160000000000004 -0.040000000000000008
    endloop
  endfacet
endsolid terrain_band_4
