solid terrain_band_9
  facet normal -0.21821789023598606 -0.43643578047197212 0.87287156094397733
    outer loop
      vertex 150.16 -80.040000000000006 0.12
      vertex 150.19999999999999 -80.060000000000002 0.12
      vertex 150.19999999999999 -80 0.14999999999999999
    endloop
  endfacet
  facet normal -0.60000000000007636 0 0.79999999999994276
    outer loop
      vertex 150.16 -80.040000000000006 0.12
      vertex 150.19999999999999 -80 0.14999999999999999
      vertex 150.16 -80 0.12
    endloop
  endfacet
  facet normal -0.60000000000007647 0 0.79999999999994276
    outer loop
      vertex 150.16 -64.159999999999997 0.12
      vertex 150.16 -80 0.12
      vertex 150.19999999999999 -80 0.14999999999999999
    endloop
  endfacet
  facet normal -0.60000000000007636 0 0.79999999999994265
    outer loop
      vertex 150.16 -64.159999999999997 0.12
      vertex 150.19999999999999 -80 0.14999999999999999
      vertex 150.19999999999999 -60.200000000000003 0.14999999999999999
    endloop
  endfacet
  facet normal -0.60000000000007636 0 0.79999999999994265
    outer loop
      vertex 150.16 -64.159999999999997 0.12
      vertex 150.19999999999999 -60.200000000000003 0.14999999999999999
      vertex 150.16 -60.200000000000003 0.12
    endloop
  endfacet
  facet normal -0.58834840541462941 0.19611613513816337 0.78446454055268322
    outer loop
      vertex 150.16 -60.200000000000003 0.12
      vertex 150.19999999999999 -60.200000000000003 0.14999999999999999
      vertex 150.19999999999999 -60.079999999999998 0.12
    endloop
  endfacet
  facet normal -0.4364357804720575 -0.21821789023598515 0.87287156094393481
    outer loop
      vertex 150.16 -10.039999999999999 0.12
      vertex 150.19999999999999 -10.119999999999999 0.12
      vertex 150.19999999999999 -10 0.14999999999999999
    endloop
  endfacet
  facet normal -0.60000000000007636 0 0.79999999999994276
    outer loop
      vertex 150.16 -10.039999999999999 0.12
      vertex 150.19999999999999 -10 0.14999999999999999
      vertex 150.16 -10 0.12
    endloop
  endfacet
  facet normal -0.60000000000007636 0 0.79999999999994276
    outer loop
      vertex 150.16 -2 0.12
      vertex 150.16 -10 0.12
      vertex 150.19999999999999 -10 0.14999999999999999
    endloop
  endfacet
  facet normal -0.60000000000007636 0 0.79999999999994276
    outer loop
      vertex 150.16 -2 0.12
      vertex 150.19999999999999 -10 0.14999999999999999
      vertex 150.19999999999999 0 0.14999999999999999
    endloop
  endfacet
  facet normal -0.60000000000007636 0 0.79999999999994276
    outer loop
      vertex 150.16 -2 0.12
      vertex 150.19999999999999 0 0.14999999999999999
      vertex 150.16 0 0.12
    endloop
  endfacet
  facet normal -0.58834840541462863 0.19611613513817044 0.78446454055268211
    outer loop
      vertex 150.16 0 0.12
      vertex 150.19999999999999 0 0.14999999999999999
      vertex 150.19999999999999 0.12000000000000002 0.12
    endloop
  endfacet
  facet normal -0.4364357804720575 -0.21821789023598515 0.87287156094393481
    outer loop
      vertex 150.16 10.16 0.12
      vertex 150.19999999999999 10.08 0.12
      vertex 150.19999999999999 10.199999999999999 0.14999999999999999
    endloop
  endfacet
  facet normal -0.60000000000007636 0 0.79999999999994276
    outer loop
      vertex 150.16 10.16 0.12
      vertex 150.19999999999999 10.199999999999999 0.14999999999999999
      vertex 150.16 10.199999999999999 0.12
    endloop
  endfacet
  facet normal -0.60000000000007647 0 0.79999999999994276
    outer loop
      vertex 150.16 18.039999999999999 0.12
      vertex 150.16 10.199999999999999 0.12
      vertex 150.19999999999999 10.199999999999999 0.14999999999999999
    endloop
  endfacet
  facet normal -0.60000000000007647 0 0.79999999999994265
    outer loop
      vertex 150.16 18.039999999999999 0.12
      vertex 150.19999999999999 10.199999999999999 0.14999999999999999
      vertex 150.19999999999999 20 0.14999999999999999
    endloop
  endfacet
  facet normal -0.60000000000007636 0 0.79999999999994276
    outer loop
      vertex 150.16 18.039999999999999 0.12
      vertex 150.19999999999999 20 0.14999999999999999
      vertex 150.16 20 0.12
    endloop
  endfacet
  facet normal -0.58834840541462885 0.19611613513816895 0.78446454055268233
    outer loop
      vertex 150.16 20 0.12
      vertex 150.19999999999999 20 0.14999999999999999
      vertex 150.19999999999999 20.120000000000001 0.12
    endloop
  endfacet
  facet normal 0 -0.44721359549994433 0.89442719099992252
    outer loop
      vertex 150.34 -80.060000000000002 0.12
      vertex 150.40000000000001 -80.060000000000002 0.12
      vertex 150.40000000000001 -80 0.14999999999999999
    endloop
  endfacet
  facet normal 0 -0.44721359549994433 0.89442719099992263
    outer loop
      vertex 150.19999999999999 -80.060000000000002 0.12
      vertex 150.34 -80.060000000000002 0.12
      vertex 150.40000000000001 -80 0.14999999999999999
    endloop
  endfacet
  facet normal 0 -0.44721359549994433 0.89442719099992274
    outer loop
      vertex 150.19999999999999 -80.060000000000002 0.12
      vertex 150.40000000000001 -80 0.14999999999999999
      vertex 150.19999999999999 -80 0.14999999999999999
    endloop
  endfacet
  facet normal 0 0 1
    outer loop
      vertex 150.19999999999999 -80 0.14999999999999999
      vertex 150.40000000000001 -80 0.14999999999999999
      vertex 150.40000000000001 -60.200000000000003 0.14999999999999999
    endloop
  endfacet
  facet normal 0 0 1
    outer loop
      vertex 150.19999999999999 -80 0.14999999999999999
      vertex 150.40000000000001 -60.200000000000003 0.14999999999999999
      vertex 150.19999999999999 -60.200000000000003 0.14999999999999999
    endloop
  endfacet
  facet normal 0 0.24253562503632428 0.9701425001453341
    outer loop
      vertex 150.31999999999999 -60.079999999999998 0.12
      vertex 150.19999999999999 -60.200000000000003 0.14999999999999999
      vertex 150.40000000000001 -60.200000000000003 0.14999999999999999
    endloop
  endfacet
  facet normal -0 0.24253562503632431 0.97014250014533399
    outer loop
      vertex 150.31999999999999 -60.079999999999998 0.12
      vertex 150.40000000000001 -60.200000000000003 0.14999999999999999
      vertex 150.40000000000001 -60.079999999999998 0.12
    endloop
  endfacet
  facet normal -0 0.24253562503632431 0.9701425001453341
    outer loop
      vertex 150.19999999999999 -60.079999999999998 0.12
      vertex 150.19999999999999 -60.200000000000003 0.14999999999999999
      vertex 150.31999999999999 -60.079999999999998 0.12
    endloop
  endfacet
  facet normal 0 -0.24253562503633444 0.97014250014533154
    outer loop
      vertex 150.28 -10.119999999999999 0.12
      vertex 150.40000000000001 -10.119999999999999 0.12
      vertex 150.40000000000001 -10 0.14999999999999999
    endloop
  endfacet
  facet normal 0 -0.24253562503633441 0.97014250014533154
    outer loop
      vertex 150.19999999999999 -10.119999999999999 0.12
      vertex 150.28 -10.119999999999999 0.12
      vertex 150.40000000000001 -10 0.14999999999999999
    endloop
  endfacet
  facet normal 0 -0.24253562503633444 0.97014250014533154
    outer loop
      vertex 150.19999999999999 -10.119999999999999 0.12
      vertex 150.40000000000001 -10 0.14999999999999999
      vertex 150.19999999999999 -10 0.14999999999999999
    endloop
  endfacet
  facet normal 0 0 1
    outer loop
      vertex 150.19999999999999 -10 0.14999999999999999
      vertex 150.40000000000001 -10 0.14999999999999999
      vertex 150.40000000000001 0 0.14999999999999999
    endloop
  endfacet
  facet normal 0 0 1
    outer loop
      vertex 150.19999999999999 -10 0.14999999999999999
      vertex 150.40000000000001 0 0.14999999999999999
      vertex 150.19999999999999 0 0.14999999999999999
    endloop
  endfacet
  facet normal 0 0.24253562503633289 0.97014250014533188
    outer loop
      vertex 150.31999999999999 0.12000000000000002 0.12
      vertex 150.19999999999999 0 0.14999999999999999
      vertex 150.40000000000001 0 0.14999999999999999
    endloop
  endfacet
  facet normal -0 0.24253562503633289 0.97014250014533188
    outer loop
      vertex 150.31999999999999 0.12000000000000002 0.12
      vertex 150.40000000000001 0 0.14999999999999999
      vertex 150.40000000000001 0.12000000000000002 0.12
    endloop
  endfacet
  facet normal -0 0.24253562503633294 0.97014250014533199
    outer loop
      vertex 150.19999999999999 0.12000000000000002 0.12
      vertex 150.19999999999999 0 0.14999999999999999
      vertex 150.31999999999999 0.12000000000000002 0.12
    endloop
  endfacet
  facet normal 0 -0.24253562503633444 0.97014250014533154
    outer loop
      vertex 150.28 10.08 0.12
      vertex 150.40000000000001 10.08 0.12
      vertex 150.40000000000001 10.199999999999999 0.14999999999999999
    endloop
  endfacet
  facet normal 0 -0.24253562503633441 0.97014250014533154
    outer loop
      vertex 150.19999999999999 10.08 0.12
      vertex 150.28 10.08 0.12
      vertex 150.40000000000001 10.199999999999999 0.14999999999999999
    endloop
  endfacet
  facet normal 0 -0.24253562503633444 0.97014250014533154
    outer loop
      vertex 150.19999999999999 10.08 0.12
      vertex 150.40000000000001 10.199999999999999 0.14999999999999999
      vertex 150.19999999999999 10.199999999999999 0.14999999999999999
    endloop
  endfacet
  facet normal 0 0 1
    outer loop
      vertex 150.19999999999999 10.199999999999999 0.14999999999999999
      vertex 150.40000000000001 10.199999999999999 0.14999999999999999
      vertex 150.40000000000001 20 0.14999999999999999
    endloop
  endfacet
  facet normal 0 0 1
    outer loop
      vertex 150.19999999999999 10.199999999999999 0.14999999999999999
      vertex 150.40000000000001 20 0.14999999999999999
      vertex 150.19999999999999 20 0.14999999999999999
    endloop
  endfacet
  facet normal 0 0.24253562503633105 0.97014250014533232
    outer loop
      vertex 150.31999999999999 20.120000000000001 0.12
      vertex 150.19999999999999 20 0.14999999999999999
      vertex 150.40000000000001 20 0.14999999999999999
    endloop
  endfacet
  facet normal -0 0.24253562503633105 0.97014250014533232
    outer loop
      vertex 150.31999999999999 20.120000000000001 0.12
      vertex 150.40000000000001 20 0.14999999999999999
      vertex 150.40000000000001 20.120000000000001 0.12
    endloop
  endfacet
  facet normal -0 0.24253562503633103 0.97014250014533232
    outer loop
      vertex 150.19999999999999 20.120000000000001 0.12
      vertex 150.19999999999999 20 0.14999999999999999
      vertex 150.31999999999999 20.120000000000001 0.12
    endloop
  endfacet
  facet normal 0 -0.44721359549994444 0.89442719099992274
    outer loop
      vertex 153.90000000000001 -80.060000000000002 0.12
      vertex 155.40000000000001 -80.060000000000002 0.12
      vertex 155.40000000000001 -80 0.14999999999999999
    endloop
  endfacet
  facet normal 0 -0.44721359549994433 0.89442719099992263
    outer loop
      vertex 150.40000000000001 -80.060000000000002 0.12
      vertex 153.90000000000001 -80.060000000000002 0.12
      vertex 155.40000000000001 -80 0.14999999999999999
    endloop
  endfacet
  facet normal 0 -0.44721359549994438 0.89442719099992263
    outer loop
      vertex 150.40000000000001 -80.060000000000002 0.12
      vertex 155.40000000000001 -80 0.14999999999999999
      vertex 150.40000000000001 -80 0.14999999999999999
    endloop
  endfacet
  facet normal 0 0 1
    outer loop
      vertex 150.40000000000001 -80 0.14999999999999999
      vertex 155.40000000000001 -80 0.14999999999999999
      vertex 155.40000000000001 -60.200000000000003 0.14999999999999999
    endloop
  endfacet
  facet normal 0 0 1
    outer loop
      vertex 150.40000000000001 -80 0.14999999999999999
      vertex 155.40000000000001 -60.200000000000003 0.14999999999999999
      vertex 150.40000000000001 -60.200000000000003 0.14999999999999999
    endloop
  endfacet
  facet normal 0 0.24253562503632434 0.9701425001453341
    outer loop
      vertex 153.40000000000001 -60.079999999999998 0.12
      vertex 150.40000000000001 -60.200000000000003 0.14999999999999999
      vertex 155.40000000000001 -60.200000000000003 0.14999999999999999
    endloop
  endfacet
  facet normal -0 0.24253562503632431 0.9701425001453341
    outer loop
      vertex 153.40000000000001 -60.079999999999998 0.12
      vertex 155.40000000000001 -60.200000000000003 0.14999999999999999
      vertex 155.40000000000001 -60.079999999999998 0.12
    endloop
  endfacet
  facet normal -0 0.24253562503632434 0.9701425001453341
    outer loop
      vertex 150.40000000000001 -60.079999999999998 0.12
      vertex 150.40000000000001 -60.200000000000003 0.14999999999999999
      vertex 153.40000000000001 -60.079999999999998 0.12
    endloop
  endfacet
  facet normal 0 -0.44721359549996553 0.89442719099991197
    outer loop
      vertex 153.90000000000001 -20.059999999999999 0.12
      vertex 155.40000000000001 -20.059999999999999 0.12
      vertex 155.40000000000001 -20 0.14999999999999999
    endloop
  endfacet
  facet normal -0.0097009684960298395 -0.24252421240075114 0.97009684960298392
    outer loop
      vertex 153.90000000000001 -20.059999999999999 0.12
      vertex 155.40000000000001 -20 0.14999999999999999
      vertex 152.40000000000001 -20 0.12
    endloop
  endfacet
  facet normal -0.0099995000374968751 0 0.99995000374968757
    outer loop
      vertex 152.40000000000001 -16.080000000000002 0.12
      vertex 152.40000000000001 -20 0.12
      vertex 155.40000000000001 -20 0.14999999999999999
    endloop
  endfacet
  facet normal -0.0099995000374968734 0 0.99995000374968745
    outer loop
      vertex 152.40000000000001 -16.080000000000002 0.12
      vertex 155.40000000000001 -20 0.14999999999999999
      vertex 155.40000000000001 -10.199999999999999 0.14999999999999999
    endloop
  endfacet
  facet normal -0.0099995000374968734 0 0.99995000374968745
    outer loop
      vertex 152.40000000000001 -16.080000000000002 0.12
      vertex 155.40000000000001 -10.199999999999999 0.14999999999999999
      vertex 152.40000000000001 -10.199999999999999 0.12
    endloop
  endfacet
  facet normal -0.009700968496029732 -0.24252421240074848 0.97009684960298448
    outer loop
      vertex 153.40000000000001 -10.08 0.15999999999999998
      vertex 151.40000000000001 -10.16 0.12
      vertex 152.40000000000001 -10.199999999999999 0.12
    endloop
  endfacet
  facet normal -0.0097009684960298499 -0.24252421240074765 0.97009684960298492
    outer loop
      vertex 153.40000000000001 -10.08 0.15999999999999998
      vertex 152.40000000000001 -10.199999999999999 0.12
      vertex 155.40000000000001 -10.199999999999999 0.14999999999999999
    endloop
  endfacet
  facet normal -0.0097009684960300373 -0.2425242124007507 0.97009684960298403
    outer loop
      vertex 153.40000000000001 -10.08 0.15999999999999998
      vertex 155.40000000000001 -10.199999999999999 0.14999999999999999
      vertex 155.40000000000001 -10.16 0.15999999999999998
    endloop
  endfacet
  facet normal -0.0097009684960299609 -0.24252421240074343 0.97009684960298581
    outer loop
      vertex 150.40000000000001 -10.119999999999999 0.12
      vertex 151.40000000000001 -10.16 0.12
      vertex 153.40000000000001 -10.08 0.15999999999999998
    endloop
  endfacet
  facet normal -0.0097009684960298985 -0.2425242124007472 0.97009684960298481
    outer loop
      vertex 150.40000000000001 -10.119999999999999 0.12
      vertex 153.40000000000001 -10.08 0.15999999999999998
      vertex 151.40000000000001 -10 0.15999999999999998
    endloop
  endfacet
  facet normal -0.0097009684960298308 -0.24252421240074776 0.9700968496029847
    outer loop
      vertex 150.40000000000001 -10.119999999999999 0.12
      vertex 151.40000000000001 -10 0.15999999999999998
      vertex 150.40000000000001 -10 0.14999999999999999
    endloop
  endfacet
  facet normal -0.0099995000374968578 0 0.99995000374968768
    outer loop
      vertex 151.40000000000001 -8.0000000000000053 0.15999999999999998
      vertex 150.40000000000001 -10 0.14999999999999999
      vertex 151.40000000000001 -10 0.15999999999999998
    endloop
  endfacet
  facet normal -0.009999500037496856 0 0.99995000374968768
    outer loop
      vertex 150.40000000000001 -10 0.14999999999999999
      vertex 151.40000000000001 -8.0000000000000036 0.15999999999999998
      vertex 151.40000000000001 0 0.15999999999999998
    endloop
  endfacet
  facet normal -0.009999500037496856 0 0.99995000374968757
    outer loop
      vertex 150.40000000000001 -10 0.14999999999999999
      vertex 151.40000000000001 0 0.15999999999999998
      vertex 150.40000000000001 0 0.14999999999999999
    endloop
  endfacet
  facet normal -0.0089439141605875648 0.44719570802937858 0.89439141605875838
    outer loop
      vertex 153.40000000000001 0.12000000000000002 0.12
      vertex 150.40000000000001 0 0.14999999999999999
      vertex 151.40000000000001 0 0.15999999999999998
    endloop
  endfacet
  facet normal -0.0089439141605875874 0.44719570802937891 0.89439141605875816
    outer loop
      vertex 153.40000000000001 0.12000000000000002 0.12
      vertex 151.40000000000001 0 0.15999999999999998
      vertex 155.40000000000001 0.080000000000000071 0.15999999999999998
    endloop
  endfacet
  facet normal -0.0089439141605875822 0.44719570802937908 0.89439141605875816
    outer loop
      vertex 153.40000000000001 0.12000000000000002 0.12
      vertex 155.40000000000001 0.080000000000000071 0.15999999999999998
      vertex 155.40000000000001 0.16000000000000003 0.12
    endloop
  endfacet
  facet normal -0 0.24253562503633289 0.97014250014533188
    outer loop
      vertex 150.40000000000001 0.12000000000000002 0.12
      vertex 150.40000000000001 0 0.14999999999999999
      vertex 153.40000000000001 0.12000000000000002 0.12
    endloop
  endfacet
  facet normal 0 -0.24253562503633447 0.97014250014533154
    outer loop
      vertex 152.40000000000001 10.08 0.12
      vertex 155.40000000000001 10.08 0.12
      vertex 155.40000000000001 10.199999999999999 0.14999999999999999
    endloop
  endfacet
  facet normal 0 -0.24253562503633447 0.97014250014533154
    outer loop
      vertex 150.40000000000001 10.08 0.12
      vertex 152.40000000000001 10.08 0.12
      vertex 155.40000000000001 10.199999999999999 0.14999999999999999
    endloop
  endfacet
  facet normal 0 -0.24253562503633441 0.97014250014533143
    outer loop
      vertex 150.40000000000001 10.08 0.12
      vertex 155.40000000000001 10.199999999999999 0.14999999999999999
      vertex 150.40000000000001 10.199999999999999 0.14999999999999999
    endloop
  endfacet
  facet normal 0 0 1
    outer loop
      vertex 150.40000000000001 10.199999999999999 0.14999999999999999
      vertex 155.40000000000001 10.199999999999999 0.14999999999999999
      vertex 155.40000000000001 20 0.14999999999999999
    endloop
  endfacet
  facet normal 0 0 1
    outer loop
      vertex 150.40000000000001 10.199999999999999 0.14999999999999999
      vertex 155.40000000000001 20 0.14999999999999999
      vertex 150.40000000000001 20 0.14999999999999999
    endloop
  endfacet
  facet normal 0 0.24253562503633108 0.97014250014533232
    outer loop
      vertex 153.40000000000001 20.120000000000001 0.12
      vertex 150.40000000000001 20 0.14999999999999999
      vertex 155.40000000000001 20 0.14999999999999999
    endloop
  endfacet
  facet normal -0 0.24253562503633105 0.97014250014533232
    outer loop
      vertex 153.40000000000001 20.120000000000001 0.12
      vertex 155.40000000000001 20 0.14999999999999999
      vertex 155.40000000000001 20.120000000000001 0.12
    endloop
  endfacet
  facet normal -0 0.24253562503633108 0.97014250014533243
    outer loop
      vertex 150.40000000000001 20.120000000000001 0.12
      vertex 150.40000000000001 20 0.14999999999999999
      vertex 153.40000000000001 20.120000000000001 0.12
    endloop
  endfacet
  facet normal 0 -0.44721359549994433 0.89442719099992252
    outer loop
      vertex 155.53999999999999 -80.060000000000002 0.12
      vertex 155.59999999999999 -80.060000000000002 0.12
      vertex 155.59999999999999 -80 0.14999999999999999
    endloop
  endfacet
  facet normal 0 -0.44721359549994433 0.89442719099992263
    outer loop
      vertex 155.40000000000001 -80.060000000000002 0.12
      vertex 155.53999999999999 -80.060000000000002 0.12
      vertex 155.59999999999999 -80 0.14999999999999999
    endloop
  endfacet
  facet normal 0 -0.44721359549994433 0.89442719099992274
    outer loop
      vertex 155.40000000000001 -80.060000000000002 0.12
      vertex 155.59999999999999 -80 0.14999999999999999
      vertex 155.40000000000001 -80 0.14999999999999999
    endloop
  endfacet
  facet normal 0 0 1
    outer loop
      vertex 155.40000000000001 -80 0.14999999999999999
      vertex 155.59999999999999 -80 0.14999999999999999
      vertex 155.59999999999999 -60.200000000000003 0.14999999999999999
    endloop
  endfacet
  facet normal 0 0 1
    outer loop
      vertex 155.40000000000001 -80 0.14999999999999999
      vertex 155.59999999999999 -60.200000000000003 0.14999999999999999
      vertex 155.40000000000001 -60.200000000000003 0.14999999999999999
    endloop
  endfacet
  facet normal 0 0.24253562503632434 0.9701425001453341
    outer loop
      vertex 155.52000000000001 -60.079999999999998 0.12
      vertex 155.40000000000001 -60.200000000000003 0.14999999999999999
      vertex 155.59999999999999 -60.200000000000003 0.14999999999999999
    endloop
  endfacet
  facet normal -0 0.24253562503632434 0.9701425001453341
    outer loop
      vertex 155.52000000000001 -60.079999999999998 0.12
      vertex 155.59999999999999 -60.200000000000003 0.14999999999999999
      vertex 155.59999999999999 -60.079999999999998 0.12
    endloop
  endfacet
  facet normal -0 0.24253562503632431 0.9701425001453341
    outer loop
      vertex 155.40000000000001 -60.079999999999998 0.12
      vertex 155.40000000000001 -60.200000000000003 0.14999999999999999
      vertex 155.52000000000001 -60.079999999999998 0.12
    endloop
  endfacet
  facet normal 0 -0.44721359549996553 0.89442719099991208
    outer loop
      vertex 155.53999999999999 -20.059999999999999 0.12
      vertex 155.59999999999999 -20.059999999999999 0.12
      vertex 155.59999999999999 -20 0.14999999999999999
    endloop
  endfacet
  facet normal 0 -0.44721359549996553 0.89442719099991208
    outer loop
      vertex 155.40000000000001 -20.059999999999999 0.12
      vertex 155.53999999999999 -20.059999999999999 0.12
      vertex 155.59999999999999 -20 0.14999999999999999
    endloop
  endfacet
  facet normal 0 -0.44721359549996559 0.89442719099991219
    outer loop
      vertex 155.40000000000001 -20.059999999999999 0.12
      vertex 155.59999999999999 -20 0.14999999999999999
      vertex 155.40000000000001 -20 0.14999999999999999
    endloop
  endfacet
  facet normal 0 0 1
    outer loop
      vertex 155.40000000000001 -20 0.14999999999999999
      vertex 155.59999999999999 -20 0.14999999999999999
      vertex 155.59999999999999 -10.199999999999999 0.14999999999999999
    endloop
  endfacet
  facet normal 0 0 1
    outer loop
      vertex 155.40000000000001 -20 0.14999999999999999
      vertex 155.59999999999999 -10.199999999999999 0.14999999999999999
      vertex 155.40000000000001 -10.199999999999999 0.14999999999999999
    endloop
  endfacet
  facet normal 0 -0.24253562503633741 0.97014250014533077
    outer loop
      vertex 155.44 -10.16 0.15999999999999998
      vertex 155.40000000000001 -10.199999999999999 0.14999999999999999
      vertex 155.59999999999999 -10.199999999999999 0.14999999999999999
    endloop
  endfacet
  facet normal 0 -0.24253562503633741 0.97014250014533088
    outer loop
      vertex 155.44 -10.16 0.15999999999999998
      vertex 155.59999999999999 -10.199999999999999 0.14999999999999999
      vertex 155.59999999999999 -10.16 0.15999999999999998
    endloop
  endfacet
  facet normal 0 -0.24253562503633744 0.97014250014533088
    outer loop
      vertex 155.40000000000001 -10.16 0.15999999999999998
      vertex 155.40000000000001 -10.199999999999999 0.14999999999999999
      vertex 155.44 -10.16 0.15999999999999998
    endloop
  endfacet
  facet normal 0 0.44721359549995798 0.89442719099991597
    outer loop
      vertex 155.56 0.16000000000000003 0.12
      vertex 155.48000000000002 0.080000000000000071 0.15999999999999998
      vertex 155.59999999999999 0.080000000000000071 0.15999999999999998
    endloop
  endfacet
  facet normal -0 0.44721359549995793 0.89442719099991586
    outer loop
      vertex 155.56 0.16000000000000003 0.12
      vertex 155.59999999999999 0.080000000000000071 0.15999999999999998
      vertex 155.59999999999999 0.16000000000000003 0.12
    endloop
  endfacet
  facet normal 0 0.44721359549995793 0.89442719099991586
    outer loop
      vertex 155.40000000000001 0.16000000000000003 0.12
      vertex 155.40000000000001 0.080000000000000071 0.15999999999999998
      vertex 155.48000000000002 0.080000000000000071 0.15999999999999998
    endloop
  endfacet
  facet normal -0 0.44721359549995793 0.89442719099991586
    outer loop
      vertex 155.40000000000001 0.16000000000000003 0.12
      vertex 155.48000000000002 0.080000000000000071 0.15999999999999998
      vertex 155.56 0.16000000000000003 0.12
    endloop
  endfacet
  facet normal 0 -0.24253562503633444 0.97014250014533154
    outer loop
      vertex 155.47999999999999 10.08 0.12
      vertex 155.59999999999999 10.08 0.12
      vertex 155.59999999999999 10.199999999999999 0.14999999999999999
    endloop
  endfacet
  facet normal 0 -0.24253562503633444 0.97014250014533143
    outer loop
      vertex 155.40000000000001 10.08 0.12
      vertex 155.47999999999999 10.08 0.12
      vertex 155.59999999999999 10.199999999999999 0.14999999999999999
    endloop
  endfacet
  facet normal 0 -0.24253562503633441 0.97014250014533154
    outer loop
      vertex 155.40000000000001 10.08 0.12
      vertex 155.59999999999999 10.199999999999999 0.14999999999999999
      vertex 155.40000000000001 10.199999999999999 0.14999999999999999
    endloop
  endfacet
  facet normal 0 0 1
    outer loop
      vertex 155.40000000000001 10.199999999999999 0.14999999999999999
      vertex 155.59999999999999 10.199999999999999 0.14999999999999999
      vertex 155.59999999999999 20 0.14999999999999999
    endloop
  endfacet
  facet normal 0 0 1
    outer loop
      vertex 155.40000000000001 10.199999999999999 0.14999999999999999
      vertex 155.59999999999999 20 0.14999999999999999
      vertex 155.40000000000001 20 0.14999999999999999
    endloop
  endfacet
  facet normal 0 0.24253562503633105 0.97014250014533232
    outer loop
      vertex 155.52000000000001 20.120000000000001 0.12
      vertex 155.40000000000001 20 0.14999999999999999
      vertex 155.59999999999999 20 0.14999999999999999
    endloop
  endfacet
  facet normal -0 0.24253562503633108 0.97014250014533243
    outer loop
      vertex 155.52000000000001 20.120000000000001 0.12
      vertex 155.59999999999999 20 0.14999999999999999
      vertex 155.59999999999999 20.120000000000001 0.12
    endloop
  endfacet
  facet normal -0 0.24253562503633103 0.97014250014533232
    outer loop
      vertex 155.40000000000001 20.120000000000001 0.12
      vertex 155.40000000000001 20 0.14999999999999999
      vertex 155.52000000000001 20.120000000000001 0.12
    endloop
  endfacet
  facet normal 0.55708601453123485 -0.37139067635406864 0.74278135270816548
    outer loop
      vertex 155.59999999999999 -80.060000000000002 0.12
      vertex 155.63999999999999 -80 0.12
      vertex 155.59999999999999 -80 0.14999999999999999
    endloop
  endfacet
  facet normal 0.60000000000007636 0 0.79999999999994265
    outer loop
      vertex 155.63999999999999 -76.040000000000006 0.12
      vertex 155.59999999999999 -80 0.14999999999999999
      vertex 155.63999999999999 -80 0.12
    endloop
  endfacet
  facet normal 0.60000000000007647 0 0.79999999999994276
    outer loop
      vertex 155.59999999999999 -80 0.14999999999999999
      vertex 155.63999999999999 -76.040000000000006 0.12
      vertex 155.63999999999999 -60.200000000000003 0.12
    endloop
  endfacet
  facet normal 0.60000000000007636 -0 0.79999999999994265
    outer loop
      vertex 155.59999999999999 -80 0.14999999999999999
      vertex 155.63999999999999 -60.200000000000003 0.12
      vertex 155.59999999999999 -60.200000000000003 0.14999999999999999
    endloop
  endfacet
  facet normal 0.60000000000007636 0 0.79999999999994276
    outer loop
      vertex 155.63999999999999 -60.160000000000004 0.12
      vertex 155.59999999999999 -60.200000000000003 0.14999999999999999
      vertex 155.63999999999999 -60.200000000000003 0.12
    endloop
  endfacet
  facet normal 0.43643578047206638 0.21821789023597502 0.87287156094393314
    outer loop
      vertex 155.59999999999999 -60.079999999999998 0.12
      vertex 155.59999999999999 -60.200000000000003 0.14999999999999999
      vertex 155.63999999999999 -60.160000000000004 0.12
    endloop
  endfacet
  facet normal 0.5570860145312303 -0.37139067635408757 0.74278135270815948
    outer loop
      vertex 155.59999999999999 -20.059999999999999 0.12
      vertex 155.63999999999999 -20 0.12
      vertex 155.59999999999999 -20 0.14999999999999999
    endloop
  endfacet
  facet normal 0.60000000000007636 0 0.79999999999994276
    outer loop
      vertex 155.63999999999999 -18.039999999999999 0.12
      vertex 155.59999999999999 -20 0.14999999999999999
      vertex 155.63999999999999 -20 0.12
    endloop
  endfacet
  facet normal 0.60000000000007636 0 0.79999999999994276
    outer loop
      vertex 155.59999999999999 -20 0.14999999999999999
      vertex 155.63999999999999 -18.039999999999999 0.12
      vertex 155.63999999999999 -10.199999999999999 0.12
    endloop
  endfacet
  facet normal 0.60000000000007636 -0 0.79999999999994276
    outer loop
      vertex 155.59999999999999 -20 0.14999999999999999
      vertex 155.63999999999999 -10.199999999999999 0.12
      vertex 155.59999999999999 -10.199999999999999 0.14999999999999999
    endloop
  endfacet
  facet normal 0.60000000000007636 0 0.79999999999994276
    outer loop
      vertex 155.63999999999999 -10.16 0.12
      vertex 155.59999999999999 -10.199999999999999 0.14999999999999999
      vertex 155.63999999999999 -10.199999999999999 0.12
    endloop
  endfacet
  facet normal 0.69631062382286213 -0.17407765595568436 0.69631062382272391
    outer loop
      vertex 155.59999999999999 -10.16 0.15999999999999998
      vertex 155.59999999999999 -10.199999999999999 0.14999999999999999
      vertex 155.63999999999999 -10.16 0.12
    endloop
  endfacet
  facet normal 0.69631062382284759 -0.17407765595580077 0.69631062382270936
    outer loop
      vertex 155.59999999999999 -10.16 0.15999999999999998
      vertex 155.63999999999999 -10.16 0.12
      vertex 155.68000000000001 -10 0.12
    endloop
  endfacet
  facet normal 0.69631062382284747 -0.17407765595580077 0.69631062382270936
    outer loop
      vertex 155.59999999999999 -10.16 0.15999999999999998
      vertex 155.68000000000001 -10 0.12
      vertex 155.64000000000001 -10 0.15999999999999998
    endloop
  endfacet
  facet normal 0.70710678118661774 0 0.70710678118647741
    outer loop
      vertex 155.68000000000001 -6 0.12
      vertex 155.64000000000001 -7.9999999999999982 0.15999999999999998
      vertex 155.64000000000001 -10 0.15999999999999998
    endloop
  endfacet
  facet normal 0.70710678118661763 0 0.7071067811864773
    outer loop
      vertex 155.68000000000001 -6 0.12
      vertex 155.64000000000001 -10 0.15999999999999998
      vertex 155.68000000000001 -10 0.12
    endloop
  endfacet
  facet normal 0.70710678118661763 0 0.7071067811864773
    outer loop
      vertex 155.64000000000001 -7.9999999999999982 0.15999999999999998
      vertex 155.68000000000001 -5.9999999999999991 0.12
      vertex 155.68000000000001 0 0.12
    endloop
  endfacet
  facet normal 0.70710678118661774 -0 0.70710678118647741
    outer loop
      vertex 155.64000000000001 -7.9999999999999982 0.15999999999999998
      vertex 155.68000000000001 0 0.12
      vertex 155.64000000000001 0 0.15999999999999998
    endloop
  endfacet
  facet normal 0.70710678118661763 0 0.70710678118647741
    outer loop
      vertex 155.68000000000001 0.080000000000000016 0.12
      vertex 155.64000000000001 0.040000000000000036 0.15999999999999998
      vertex 155.64000000000001 0 0.15999999999999998
    endloop
  endfacet
  facet normal 0.70710678118661774 0 0.70710678118647741
    outer loop
      vertex 155.68000000000001 0.080000000000000016 0.12
      vertex 155.64000000000001 0 0.15999999999999998
      vertex 155.68000000000001 0 0.12
    endloop
  endfacet
  facet normal 0.40824829046368943 0.40824829046389777 0.81649658092779553
    outer loop
      vertex 155.59999999999999 0.16000000000000003 0.12
      vertex 155.59999999999999 0.080000000000000071 0.15999999999999998
      vertex 155.64000000000001 0.040000000000000036 0.15999999999999998
    endloop
  endfacet
  facet normal 0.40824829046385813 0.40824829046392186 0.81649658092769895
    outer loop
      vertex 155.59999999999999 0.16000000000000003 0.12
      vertex 155.64000000000001 0.040000000000000036 0.15999999999999998
      vertex 155.68000000000001 0.080000000000000016 0.12
    endloop
  endfacet
  facet normal 0.58834840541462852 -0.19611613513817175 0.78446454055268189
    outer loop
      vertex 155.59999999999999 10.08 0.12
      vertex 155.63999999999999 10.199999999999999 0.12
      vertex 155.59999999999999 10.199999999999999 0.14999999999999999
    endloop
  endfacet
  facet normal 0.60000000000007636 0 0.79999999999994276
    outer loop
      vertex 155.63999999999999 12.16 0.12
      vertex 155.59999999999999 10.199999999999999 0.14999999999999999
      vertex 155.63999999999999 10.199999999999999 0.12
    endloop
  endfacet
  facet normal 0.60000000000007636 0 0.79999999999994276
    outer loop
      vertex 155.59999999999999 10.199999999999999 0.14999999999999999
      vertex 155.63999999999999 12.16 0.12
      vertex 155.63999999999999 20 0.12
    endloop
  endfacet
  facet normal 0.60000000000007636 -0 0.79999999999994276
    outer loop
      vertex 155.59999999999999 10.199999999999999 0.14999999999999999
      vertex 155.63999999999999 20 0.12
      vertex 155.59999999999999 20 0.14999999999999999
    endloop
  endfacet
  facet normal 0.60000000000007636 0 0.79999999999994276
    outer loop
      vertex 155.63999999999999 20.039999999999999 0.12
      vertex 155.59999999999999 20 0.14999999999999999
      vertex 155.63999999999999 20 0.12
    endloop
  endfacet
  facet normal 0.43643578047206044 0.21821789023598176 0.87287156094393425
    outer loop
      vertex 155.59999999999999 20.120000000000001 0.12
      vertex 155.59999999999999 20 0.14999999999999999
      vertex 155.63999999999999 20.039999999999999 0.12
    endloop
  endfacet
  facet normal -0.21821789023605989 -0.43643578047196474 0.87287156094396268
    outer loop
      vertex 171.96000000000001 40.160000000000004 0.12
      vertex 172 40.140000000000001 0.12
      vertex 172 40.200000000000003 0.14999999999999999
    endloop
  endfacet
  facet normal -0.60000000000007636 0 0.79999999999994276
    outer loop
      vertex 171.96000000000001 40.160000000000004 0.12
      vertex 172 40.200000000000003 0.14999999999999999
      vertex 171.96000000000001 40.200000000000003 0.12
    endloop
  endfacet
  facet normal -0.60000000000007636 0 0.79999999999994265
    outer loop
      vertex 171.96000000000001 56.039999999999999 0.12
      vertex 171.96000000000001 40.200000000000003 0.12
      vertex 172 40.200000000000003 0.14999999999999999
    endloop
  endfacet
  facet normal -0.60000000000007625 0 0.79999999999994276
    outer loop
      vertex 171.96000000000001 56.039999999999999 0.12
      vertex 172 40.200000000000003 0.14999999999999999
      vertex 172 60 0.14999999999999999
    endloop
  endfacet
  facet normal -0.60000000000007647 0 0.79999999999994276
    outer loop
      vertex 171.96000000000001 56.039999999999999 0.12
      vertex 172 60 0.14999999999999999
      vertex 171.96000000000001 60 0.12
    endloop
  endfacet
  facet normal -0.55708601453123485 0.37139067635406864 0.74278135270816548
    outer loop
      vertex 171.96000000000001 60 0.12
      vertex 172 60 0.14999999999999999
      vertex 172 60.060000000000002 0.12
    endloop
  endfacet
  facet normal 0 -0.44721359549994433 0.89442719099992252
    outer loop
      vertex 172.13999999999999 40.140000000000001 0.12
      vertex 172.19999999999999 40.140000000000001 0.12
      vertex 172.19999999999999 40.200000000000003 0.14999999999999999
    endloop
  endfacet
  facet normal 0 -0.44721359549994433 0.89442719099992263
    outer loop
      vertex 172 40.140000000000001 0.12
      vertex 172.13999999999999 40.140000000000001 0.12
      vertex 172.19999999999999 40.200000000000003 0.14999999999999999
    endloop
  endfacet
  facet normal 0 -0.44721359549994433 0.89442719099992274
    outer loop
      vertex 172 40.140000000000001 0.12
      vertex 172.19999999999999 40.200000000000003 0.14999999999999999
      vertex 172 40.200000000000003 0.14999999999999999
    endloop
  endfacet
  facet normal 0 0 1
    outer loop
      vertex 172 40.200000000000003 0.14999999999999999
      vertex 172.19999999999999 40.200000000000003 0.14999999999999999
      vertex 172.19999999999999 60 0.14999999999999999
    endloop
  endfacet
  facet normal 0 0 1
    outer loop
      vertex 172 40.200000000000003 0.14999999999999999
      vertex 172.19999999999999 60 0.14999999999999999
      vertex 172 60 0.14999999999999999
    endloop
  endfacet
  facet normal 0 0.44721359549994433 0.89442719099992274
    outer loop
      vertex 172.06 60.060000000000002 0.12
      vertex 172 60 0.14999999999999999
      vertex 172.19999999999999 60 0.14999999999999999
    endloop
  endfacet
  facet normal -0 0.44721359549994433 0.89442719099992263
    outer loop
      vertex 172.06 60.060000000000002 0.12
      vertex 172.19999999999999 60 0.14999999999999999
      vertex 172.19999999999999 60.060000000000002 0.12
    endloop
  endfacet
  facet normal -0 0.44721359549994433 0.89442719099992252
    outer loop
      vertex 172 60.060000000000002 0.12
      vertex 172 60 0.14999999999999999
      vertex 172.06 60.060000000000002 0.12
    endloop
  endfacet
  facet normal 0.55708601453123485 -0.37139067635406864 0.74278135270816548
    outer loop
      vertex 172.19999999999999 40.140000000000001 0.12
      vertex 172.23999999999998 40.200000000000003 0.12
      vertex 172.19999999999999 40.200000000000003 0.14999999999999999
    endloop
  endfacet
  facet normal 0.60000000000007647 0 0.79999999999994276
    outer loop
      vertex 172.23999999999998 44.160000000000004 0.12
      vertex 172.19999999999999 40.200000000000003 0.14999999999999999
      vertex 172.23999999999998 40.200000000000003 0.12
    endloop
  endfacet
  facet normal 0.60000000000007636 0 0.79999999999994265
    outer loop
      vertex 172.19999999999999 40.200000000000003 0.14999999999999999
      vertex 172.23999999999998 44.160000000000004 0.12
      vertex 172.23999999999998 60 0.12
    endloop
  endfacet
  facet normal 0.60000000000007636 -0 0.79999999999994265
    outer loop
      vertex 172.19999999999999 40.200000000000003 0.14999999999999999
      vertex 172.23999999999998 60 0.12
      vertex 172.19999999999999 60 0.14999999999999999
    endloop
  endfacet
  facet normal 0.60000000000007636 0 0.79999999999994276
    outer loop
      vertex 172.23999999999998 60.039999999999999 0.12
      vertex 172.19999999999999 60 0.14999999999999999
      vertex 172.23999999999998 60 0.12
    endloop
  endfacet
  facet normal 0.21821789023605989 0.43643578047196474 0.87287156094396268
    outer loop
      vertex 172.19999999999999 60.060000000000002 0.12
      vertex 172.19999999999999 60 0.14999999999999999
      vertex 172.23999999999998 60.039999999999999 0.12
    endloop
  endfacet
  facet normal 4.1633363423451663e-16 -0.60000000000000009 0.79999999999999982
    outer loop
      vertex 191.76000000000002 0.16 0.12
      vertex 191.80000000000001 0.16000000000000003 0.12
      vertex 191.80000000000001 0.20000000000000001 0.14999999999999999
    endloop
  endfacet
  facet normal -0.21821789023597959 -0.43643578047202758 0.87287156094395135
    outer loop
      vertex 191.76000000000002 0.16000000000000003 0.12
      vertex 191.80000000000001 0.20000000000000001 0.14999999999999999
      vertex 191.68000000000001 0.20000000000000001 0.12
    endloop
  endfacet
  facet normal -0.24253562503632431 0 0.97014250014533399
    outer loop
      vertex 191.68000000000001 4.1199999999999983 0.12
      vertex 191.68000000000001 0.20000000000000001 0.12
      vertex 191.80000000000001 0.20000000000000001 0.14999999999999999
    endloop
  endfacet
  facet normal -0.24253562503632431 0 0.97014250014533399
    outer loop
      vertex 191.68000000000001 4.1199999999999983 0.12
      vertex 191.80000000000001 0.20000000000000001 0.14999999999999999
      vertex 191.80000000000001 10 0.14999999999999999
    endloop
  endfacet
  facet normal -0.24253562503632434 0 0.9701425001453341
    outer loop
      vertex 191.68000000000001 4.1199999999999992 0.12
      vertex 191.80000000000001 10 0.14999999999999999
      vertex 191.68000000000001 10 0.12
    endloop
  endfacet
  facet normal -0.23570226039550732 0.23570226039551775 0.94280904158206502
    outer loop
      vertex 191.68000000000001 10 0.12
      vertex 191.80000000000001 10 0.14999999999999999
      vertex 191.80000000000001 10.119999999999999 0.12
    endloop
  endfacet
  facet normal -0.23570226039551406 -0.23570226039551406 0.94280904158206424
    outer loop
      vertex 191.74000000000001 20.140000000000001 0.12
      vertex 191.80000000000001 20.079999999999998 0.12
      vertex 191.80000000000001 20.199999999999999 0.14999999999999999
    endloop
  endfacet
  facet normal -0.23570226039550712 -0.23570226039552106 0.94280904158206424
    outer loop
      vertex 191.74000000000001 20.140000000000001 0.12
      vertex 191.80000000000001 20.199999999999999 0.14999999999999999
      vertex 191.68000000000001 20.199999999999999 0.12
    endloop
  endfacet
  facet normal -0.24253562503632431 0 0.9701425001453341
    outer loop
      vertex 191.68000000000001 28.119999999999997 0.12
      vertex 191.68000000000001 20.199999999999999 0.12
      vertex 191.80000000000001 20.199999999999999 0.14999999999999999
    endloop
  endfacet
  facet normal -0.24253562503632428 0 0.97014250014533399
    outer loop
      vertex 191.68000000000001 28.119999999999997 0.12
      vertex 191.80000000000001 20.199999999999999 0.14999999999999999
      vertex 191.80000000000001 40 0.14999999999999999
    endloop
  endfacet
  facet normal -0.24253562503632428 0 0.97014250014533399
    outer loop
      vertex 191.68000000000001 28.119999999999997 0.12
      vertex 191.80000000000001 40 0.14999999999999999
      vertex 191.68000000000001 40 0.12
    endloop
  endfacet
  facet normal -0.24253562503632428 0 0.97014250014533399
    outer loop
      vertex 191.68000000000001 40.079999999999998 0.12
      vertex 191.68000000000001 40 0.12
      vertex 191.80000000000001 40 0.14999999999999999
    endloop
  endfacet
  facet normal -0.24253562503632431 0 0.97014250014533399
    outer loop
      vertex 191.68000000000001 40.079999999999998 0.12
      vertex 191.80000000000001 40 0.14999999999999999
      vertex 191.80000000000001 40.200000000000003 0.14999999999999999
    endloop
  endfacet
  facet normal -0.24253562503632431 0 0.9701425001453341
    outer loop
      vertex 191.68000000000001 40.079999999999998 0.12
      vertex 191.80000000000001 40.200000000000003 0.14999999999999999
      vertex 191.68000000000001 40.200000000000003 0.12
    endloop
  endfacet
  facet normal -0.24253489721583385 0.0024498474466246767 0.97013958886337237
    outer loop
      vertex 191.68000000000001 40.200000000000003 0.12
      vertex 191.80000000000001 40.200000000000003 0.14999999999999999
      vertex 191.80000000000001 52.080000000000005 0.12
    endloop
  endfacet
  facet normal 0.2425327137936758 -0.00489965078371081 0.97013085517474007
    outer loop
      vertex 191.68000000000001 88.120000000000005 0.12
      vertex 191.80000000000001 94.060000000000002 0.12
      vertex 191.80000000000001 100 0.14999999999999999
    endloop
  endfacet
  facet normal -0.24253562503632431 0 0.9701425001453341
    outer loop
      vertex 191.68000000000001 88.120000000000005 0.12
      vertex 191.80000000000001 100 0.14999999999999999
      vertex 191.68000000000001 100 0.12
    endloop
  endfacet
  facet normal 4.1633363423451663e-16 -0.60000000000000009 0.79999999999999982
    outer loop
      vertex 191.96000000000001 0.16 0.12
      vertex 192 0.16000000000000003 0.12
      vertex 192 0.20000000000000001 0.14999999999999999
    endloop
  endfacet
  facet normal 1.0408340855861068e-16 -0.6000000000000002 0.79999999999999982
    outer loop
      vertex 191.80000000000001 0.16 0.12
      vertex 191.96000000000001 0.16000000000000003 0.12
      vertex 192 0.20000000000000001 0.14999999999999999
    endloop
  endfacet
  facet normal 0 -0.59999999999999987 0.80000000000000016
    outer loop
      vertex 191.80000000000001 0.16 0.12
      vertex 192 0.20000000000000001 0.14999999999999999
      vertex 191.80000000000001 0.20000000000000001 0.14999999999999999
    endloop
  endfacet
  facet normal 0 0 1
    outer loop
      vertex 191.80000000000001 0.20000000000000001 0.14999999999999999
      vertex 192 0.20000000000000001 0.14999999999999999
      vertex 192 10 0.14999999999999999
    endloop
  endfacet
  facet normal 0 0 1
    outer loop
      vertex 191.80000000000001 0.20000000000000001 0.14999999999999999
      vertex 192 10 0.14999999999999999
      vertex 191.80000000000001 10 0.14999999999999999
    endloop
  endfacet
  facet normal 0 0.24253562503633441 0.97014250014533154
    outer loop
      vertex 191.92000000000002 10.119999999999999 0.12
      vertex 191.80000000000001 10 0.14999999999999999
      vertex 192 10 0.14999999999999999
    endloop
  endfacet
  facet normal -0 0.24253562503633444 0.97014250014533143
    outer loop
      vertex 191.92000000000002 10.119999999999999 0.12
      vertex 192 10 0.14999999999999999
      vertex 192 10.119999999999999 0.12
    endloop
  endfacet
  facet normal -0 0.24253562503633444 0.97014250014533154
    outer loop
      vertex 191.80000000000001 10.119999999999999 0.12
      vertex 191.80000000000001 10 0.14999999999999999
      vertex 191.92000000000002 10.119999999999999 0.12
    endloop
  endfacet
  facet normal 0 -0.24253562503633103 0.97014250014533232
    outer loop
      vertex 191.88 20.079999999999998 0.12
      vertex 192 20.079999999999998 0.12
      vertex 192 20.199999999999999 0.14999999999999999
    endloop
  endfacet
  facet normal 0 -0.24253562503633108 0.97014250014533243
    outer loop
      vertex 191.80000000000001 20.079999999999998 0.12
      vertex 191.88 20.079999999999998 0.12
      vertex 192 20.199999999999999 0.14999999999999999
    endloop
  endfacet
  facet normal 0 -0.24253562503633105 0.97014250014533232
    outer loop
      vertex 191.80000000000001 20.079999999999998 0.12
      vertex 192 20.199999999999999 0.14999999999999999
      vertex 191.80000000000001 20.199999999999999 0.14999999999999999
    endloop
  endfacet
  facet normal 0 0 1
    outer loop
      vertex 191.80000000000001 20.199999999999999 0.14999999999999999
      vertex 192 20.199999999999999 0.14999999999999999
      vertex 192 40 0.14999999999999999
    endloop
  endfacet
  facet normal 0 0 1
    outer loop
      vertex 191.80000000000001 20.199999999999999 0.14999999999999999
      vertex 192 40 0.14999999999999999
      vertex 191.80000000000001 40 0.14999999999999999
    endloop
  endfacet
  facet normal 0 0 1
    outer loop
      vertex 191.80000000000001 40 0.14999999999999999
      vertex 192 40 0.14999999999999999
      vertex 192 40.200000000000003 0.14999999999999999
    endloop
  endfacet
  facet normal 0 0 1
    outer loop
      vertex 191.80000000000001 40 0.14999999999999999
      vertex 192 40.200000000000003 0.14999999999999999
      vertex 191.80000000000001 40.200000000000003 0.14999999999999999
    endloop
  endfacet
  facet normal 0 0.0025252444736492191 0.99999681156509101
    outer loop
      vertex 191.92000000000002 52.080000000000005 0.12
      vertex 191.80000000000001 40.200000000000003 0.14999999999999999
      vertex 192 40.200000000000003 0.14999999999999999
    endloop
  endfacet
  facet normal -0 0.0025252444736492191 0.99999681156509113
    outer loop
      vertex 191.92000000000002 52.080000000000005 0.12
      vertex 192 40.200000000000003 0.14999999999999999
      vertex 192 52.080000000000005 0.12
    endloop
  endfacet
  facet normal -0 0.0025252444736492191 0.99999681156509113
    outer loop
      vertex 191.80000000000001 52.080000000000005 0.12
      vertex 191.80000000000001 40.200000000000003 0.14999999999999999
      vertex 191.92000000000002 52.080000000000005 0.12
    endloop
  endfacet
  facet normal 0 -0.0050504406386027868 0.99998724644335146
    outer loop
      vertex 191.94 94.060000000000002 0.12
      vertex 192 94.060000000000002 0.12
      vertex 192 100 0.14999999999999999
    endloop
  endfacet
  facet normal 0 -0.0050504406386027859 0.99998724644335124
    outer loop
      vertex 191.80000000000001 94.060000000000002 0.12
      vertex 191.94 94.060000000000002 0.12
      vertex 192 100 0.14999999999999999
    endloop
  endfacet
  facet normal 0 -0.0050504406386027859 0.99998724644335124
    outer loop
      vertex 191.80000000000001 94.060000000000002 0.12
      vertex 192 100 0.14999999999999999
      vertex 191.80000000000001 100 0.14999999999999999
    endloop
  endfacet
  facet normal 4.1633363423451663e-16 -0.60000000000000009 0.79999999999999982
    outer loop
      vertex 192.16 0.16 0.12
      vertex 192.19999999999999 0.16000000000000003 0.12
      vertex 192.19999999999999 0.20000000000000001 0.14999999999999999
    endloop
  endfacet
  facet normal 1.0408340855861068e-16 -0.6000000000000002 0.79999999999999982
    outer loop
      vertex 192 0.16 0.12
      vertex 192.16 0.16000000000000003 0.12
      vertex 192.19999999999999 0.20000000000000001 0.14999999999999999
    endloop
  endfacet
  facet normal 0 -0.59999999999999987 0.80000000000000016
    outer loop
      vertex 192 0.16 0.12
      vertex 192.19999999999999 0.20000000000000001 0.14999999999999999
      vertex 192 0.20000000000000001 0.14999999999999999
    endloop
  endfacet
  facet normal 0 0 1
    outer loop
      vertex 192 0.20000000000000001 0.14999999999999999
      vertex 192.19999999999999 0.20000000000000001 0.14999999999999999
      vertex 192.19999999999999 10 0.14999999999999999
    endloop
  endfacet
  facet normal 0 0 1
    outer loop
      vertex 192 0.20000000000000001 0.14999999999999999
      vertex 192.19999999999999 10 0.14999999999999999
      vertex 192 10 0.14999999999999999
    endloop
  endfacet
  facet normal 0 0.24253562503633441 0.97014250014533154
    outer loop
      vertex 192.12 10.119999999999999 0.12
      vertex 192 10 0.14999999999999999
      vertex 192.19999999999999 10 0.14999999999999999
    endloop
  endfacet
  facet normal -0 0.24253562503633444 0.97014250014533143
    outer loop
      vertex 192.12 10.119999999999999 0.12
      vertex 192.19999999999999 10 0.14999999999999999
      vertex 192.19999999999999 10.119999999999999 0.12
    endloop
  endfacet
  facet normal -0 0.24253562503633444 0.97014250014533154
    outer loop
      vertex 192 10.119999999999999 0.12
      vertex 192 10 0.14999999999999999
      vertex 192.12 10.119999999999999 0.12
    endloop
  endfacet
  facet normal 0 -0.24253562503633103 0.97014250014533232
    outer loop
      vertex 192.07999999999998 20.079999999999998 0.12
      vertex 192.19999999999999 20.079999999999998 0.12
      vertex 192.19999999999999 20.199999999999999 0.14999999999999999
    endloop
  endfacet
  facet normal 0 -0.24253562503633108 0.97014250014533243
    outer loop
      vertex 192 20.079999999999998 0.12
      vertex 192.07999999999998 20.079999999999998 0.12
      vertex 192.19999999999999 20.199999999999999 0.14999999999999999
    endloop
  endfacet
  facet normal 0 -0.24253562503633105 0.97014250014533232
    outer loop
      vertex 192 20.079999999999998 0.12
      vertex 192.19999999999999 20.199999999999999 0.14999999999999999
      vertex 192 20.199999999999999 0.14999999999999999
    endloop
  endfacet
  facet normal 0 0 1
    outer loop
      vertex 192 20.199999999999999 0.14999999999999999
      vertex 192.19999999999999 20.199999999999999 0.14999999999999999
      vertex 192.19999999999999 40 0.14999999999999999
    endloop
  endfacet
  facet normal 0 0 1
    outer loop
      vertex 192 20.199999999999999 0.14999999999999999
      vertex 192.19999999999999 40 0.14999999999999999
      vertex 192 40 0.14999999999999999
    endloop
  endfacet
  facet normal 0 0 1
    outer loop
      vertex 192 40 0.14999999999999999
      vertex 192.19999999999999 40 0.14999999999999999
      vertex 192.19999999999999 40.200000000000003 0.14999999999999999
    endloop
  endfacet
  facet normal 0 0 1
    outer loop
      vertex 192 40 0.14999999999999999
      vertex 192.19999999999999 40.200000000000003 0.14999999999999999
      vertex 192 40.200000000000003 0.14999999999999999
    endloop
  endfacet
  facet normal 0 0.0025252444736492191 0.99999681156509101
    outer loop
      vertex 192.12 52.080000000000005 0.12
      vertex 192 40.200000000000003 0.14999999999999999
      vertex 192.19999999999999 40.200000000000003 0.14999999999999999
    endloop
  endfacet
  facet normal -0 0.0025252444736492191 0.99999681156509113
    outer loop
      vertex 192.12 52.080000000000005 0.12
      vertex 192.19999999999999 40.200000000000003 0.14999999999999999
      vertex 192.19999999999999 52.080000000000005 0.12
    endloop
  endfacet
  facet normal -0 0.0025252444736492191 0.99999681156509113
    outer loop
      vertex 192 52.080000000000005 0.12
      vertex 192 40.200000000000003 0.14999999999999999
      vertex 192.12 52.080000000000005 0.12
    endloop
  endfacet
  facet normal 0 -0.0050504406386027868 0.99998724644335146
    outer loop
      vertex 192.13999999999999 94.060000000000002 0.12
      vertex 192.19999999999999 94.060000000000002 0.12
      vertex 192.19999999999999 100 0.14999999999999999
    endloop
  endfacet
  facet normal 0 -0.0050504406386027859 0.99998724644335124
    outer loop
      vertex 192 94.060000000000002 0.12
      vertex 192.13999999999999 94.060000000000002 0.12
      vertex 192.19999999999999 100 0.14999999999999999
    endloop
  endfacet
  facet normal 0 -0.0050504406386027859 0.99998724644335124
    outer loop
      vertex 192 94.060000000000002 0.12
      vertex 192.19999999999999 100 0.14999999999999999
      vertex 192 100 0.14999999999999999
    endloop
  endfacet
  facet normal 4.1633363423451663e-16 -0.60000000000000009 0.79999999999999982
    outer loop
      vertex 192.36000000000001 0.16 0.12
      vertex 192.40000000000001 0.16000000000000003 0.12
      vertex 192.40000000000001 0.20000000000000001 0.14999999999999999
    endloop
  endfacet
  facet normal 1.0408340855859219e-16 -0.6000000000000002 0.79999999999999982
    outer loop
      vertex 192.19999999999999 0.16 0.12
      vertex 192.36000000000001 0.16000000000000003 0.12
      vertex 192.40000000000001 0.20000000000000001 0.14999999999999999
    endloop
  endfacet
  facet normal 0 -0.59999999999999987 0.80000000000000004
    outer loop
      vertex 192.19999999999999 0.16 0.12
      vertex 192.40000000000001 0.20000000000000001 0.14999999999999999
      vertex 192.19999999999999 0.20000000000000001 0.14999999999999999
    endloop
  endfacet
  facet normal 0 0 1
    outer loop
      vertex 192.19999999999999 0.20000000000000001 0.14999999999999999
      vertex 192.40000000000001 0.20000000000000001 0.14999999999999999
      vertex 192.40000000000001 10 0.14999999999999999
    endloop
  endfacet
  facet normal 0 0 1
    outer loop
      vertex 192.19999999999999 0.20000000000000001 0.14999999999999999
      vertex 192.40000000000001 10 0.14999999999999999
      vertex 192.19999999999999 10 0.14999999999999999
    endloop
  endfacet
  facet normal 0 0.24253562503633444 0.97014250014533154
    outer loop
      vertex 192.31999999999999 10.119999999999999 0.12
      vertex 192.19999999999999 10 0.14999999999999999
      vertex 192.40000000000001 10 0.14999999999999999
    endloop
  endfacet
  facet normal -0 0.24253562503633441 0.97014250014533154
    outer loop
      vertex 192.31999999999999 10.119999999999999 0.12
      vertex 192.40000000000001 10 0.14999999999999999
      vertex 192.40000000000001 10.119999999999999 0.12
    endloop
  endfacet
  facet normal -0 0.24253562503633444 0.97014250014533154
    outer loop
      vertex 192.19999999999999 10.119999999999999 0.12
      vertex 192.19999999999999 10 0.14999999999999999
      vertex 192.31999999999999 10.119999999999999 0.12
    endloop
  endfacet
  facet normal 0 -0.24253562503633103 0.97014250014533232
    outer loop
      vertex 192.28 20.079999999999998 0.12
      vertex 192.40000000000001 20.079999999999998 0.12
      vertex 192.40000000000001 20.199999999999999 0.14999999999999999
    endloop
  endfacet
  facet normal 0 -0.24253562503633105 0.97014250014533232
    outer loop
      vertex 192.19999999999999 20.079999999999998 0.12
      vertex 192.28 20.079999999999998 0.12
      vertex 192.40000000000001 20.199999999999999 0.14999999999999999
    endloop
  endfacet
  facet normal 0 -0.24253562503633105 0.97014250014533232
    outer loop
      vertex 192.19999999999999 20.079999999999998 0.12
      vertex 192.40000000000001 20.199999999999999 0.14999999999999999
      vertex 192.19999999999999 20.199999999999999 0.14999999999999999
    endloop
  endfacet
  facet normal 0 0 1
    outer loop
      vertex 192.19999999999999 20.199999999999999 0.14999999999999999
      vertex 192.40000000000001 20.199999999999999 0.14999999999999999
      vertex 192.40000000000001 40 0.14999999999999999
    endloop
  endfacet
  facet normal 0 0 1
    outer loop
      vertex 192.19999999999999 20.199999999999999 0.14999999999999999
      vertex 192.40000000000001 40 0.14999999999999999
      vertex 192.19999999999999 40 0.14999999999999999
    endloop
  endfacet
  facet normal 0 0 1
    outer loop
      vertex 192.19999999999999 40 0.14999999999999999
      vertex 192.40000000000001 40 0.14999999999999999
      vertex 192.40000000000001 40.200000000000003 0.14999999999999999
    endloop
  endfacet
  facet normal 0 0 1
    outer loop
      vertex 192.19999999999999 40 0.14999999999999999
      vertex 192.40000000000001 40.200000000000003 0.14999999999999999
      vertex 192.19999999999999 40.200000000000003 0.14999999999999999
    endloop
  endfacet
  facet normal 0 0.0025252444736492186 0.99999681156509101
    outer loop
      vertex 192.31999999999999 52.080000000000005 0.12
      vertex 192.19999999999999 40.200000000000003 0.14999999999999999
      vertex 192.40000000000001 40.200000000000003 0.14999999999999999
    endloop
  endfacet
  facet normal -0 0.0025252444736492191 0.99999681156509101
    outer loop
      vertex 192.31999999999999 52.080000000000005 0.12
      vertex 192.40000000000001 40.200000000000003 0.14999999999999999
      vertex 192.40000000000001 52.080000000000005 0.12
    endloop
  endfacet
  facet normal -0 0.0025252444736492191 0.99999681156509113
    outer loop
      vertex 192.19999999999999 52.080000000000005 0.12
      vertex 192.19999999999999 40.200000000000003 0.14999999999999999
      vertex 192.31999999999999 52.080000000000005 0.12
    endloop
  endfacet
  facet normal 0 -0.0050504406386027868 0.99998724644335146
    outer loop
      vertex 192.34 94.060000000000002 0.12
      vertex 192.40000000000001 94.060000000000002 0.12
      vertex 192.40000000000001 100 0.14999999999999999
    endloop
  endfacet
  facet normal 0 -0.0050504406386027859 0.99998724644335146
    outer loop
      vertex 192.19999999999999 94.060000000000002 0.12
      vertex 192.34 94.060000000000002 0.12
      vertex 192.40000000000001 100 0.14999999999999999
    endloop
  endfacet
  facet normal 0 -0.0050504406386027868 0.99998724644335146
    outer loop
      vertex 192.19999999999999 94.060000000000002 0.12
      vertex 192.40000000000001 100 0.14999999999999999
      vertex 192.19999999999999 100 0.14999999999999999
    endloop
  endfacet
  facet normal 0 -0.70710678118654757 0.70710678118654757
    outer loop
      vertex 192.56 0.15999999999999998 0.15999999999999998
      vertex 192.52000000000001 0.12 0.12
      vertex 192.59999999999999 0.12 0.12
    endloop
  endfacet
  facet normal 0 -0.70710678118654757 0.70710678118654757
    outer loop
      vertex 192.56 0.15999999999999998 0.15999999999999998
      vertex 192.59999999999999 0.12 0.12
      vertex 192.59999999999999 0.15999999999999998 0.15999999999999998
    endloop
  endfacet
  facet normal -0.19611613513818404 -0.58834840541457434 0.78446454055271952
    outer loop
      vertex 192.40000000000001 0.16 0.12
      vertex 192.52000000000001 0.12 0.12
      vertex 192.56 0.15999999999999998 0.15999999999999998
    endloop
  endfacet
  facet normal -0.19611613513818407 -0.588348405414574 0.78446454055271952
    outer loop
      vertex 192.40000000000001 0.16 0.12
      vertex 192.56 0.15999999999999998 0.15999999999999998
      vertex 192.44 0.20000000000000001 0.15999999999999998
    endloop
  endfacet
  facet normal -0.19611613513822118 -0.58834840541454747 0.78446454055273018
    outer loop
      vertex 192.40000000000001 0.16 0.12
      vertex 192.44 0.20000000000000001 0.15999999999999998
      vertex 192.40000000000001 0.20000000000000001 0.14999999999999999
    endloop
  endfacet
  facet normal -0.24253562503637799 0 0.97014250014532066
    outer loop
      vertex 192.44 2.1599999999999948 0.15999999999999998
      vertex 192.40000000000001 0.20000000000000001 0.14999999999999999
      vertex 192.44 0.20000000000000001 0.15999999999999998
    endloop
  endfacet
  facet normal -0.24253562503637796 0 0.97014250014532055
    outer loop
      vertex 192.40000000000001 0.20000000000000001 0.14999999999999999
      vertex 192.44 2.1599999999999961 0.15999999999999998
      vertex 192.44 10 0.15999999999999998
    endloop
  endfacet
  facet normal -0.24253562503637796 0 0.97014250014532066
    outer loop
      vertex 192.40000000000001 0.20000000000000001 0.14999999999999999
      vertex 192.44 10 0.15999999999999998
      vertex 192.40000000000001 10 0.14999999999999999
    endloop
  endfacet
  facet normal -0.23570226039555742 0.23570226039555217 0.94280904158204382
    outer loop
      vertex 192.40000000000001 10 0.14999999999999999
      vertex 192.44 10 0.15999999999999998
      vertex 192.59999999999999 10.16 0.15999999999999998
    endloop
  endfacet
  facet normal -0.23570226039553174 0.23570226039551917 0.94280904158205847
    outer loop
      vertex 192.40000000000001 10 0.14999999999999999
      vertex 192.59999999999999 10.16 0.15999999999999998
      vertex 192.59999999999999 10.199999999999999 0.14999999999999999
    endloop
  endfacet
  facet normal -0.23570226039552902 0.23570226039551645 0.9428090415820598
    outer loop
      vertex 192.40000000000001 10.119999999999999 0.12
      vertex 192.40000000000001 10 0.14999999999999999
      vertex 192.59999999999999 10.199999999999999 0.14999999999999999
    endloop
  endfacet
  facet normal -0.23570226039551048 0.23570226039546338 0.94280904158207779
    outer loop
      vertex 192.40000000000001 10.119999999999999 0.12
      vertex 192.59999999999999 10.199999999999999 0.14999999999999999
      vertex 192.47999999999999 10.199999999999999 0.12
    endloop
  endfacet
  facet normal -0.24253562503632431 0 0.97014250014533399
    outer loop
      vertex 192.47999999999999 14.119999999999997 0.12
      vertex 192.47999999999999 10.199999999999999 0.12
      vertex 192.59999999999999 10.199999999999999 0.14999999999999999
    endloop
  endfacet
  facet normal -0.24253562503632431 0 0.97014250014533399
    outer loop
      vertex 192.47999999999999 14.119999999999997 0.12
      vertex 192.59999999999999 10.199999999999999 0.14999999999999999
      vertex 192.59999999999999 20 0.14999999999999999
    endloop
  endfacet
  facet normal -0.24253562503632434 0 0.9701425001453341
    outer loop
      vertex 192.47999999999999 14.119999999999999 0.12
      vertex 192.59999999999999 20 0.14999999999999999
      vertex 192.47999999999999 20 0.12
    endloop
  endfacet
  facet normal -0.23570226039555975 -0.23570226039551787 0.94280904158205192
    outer loop
      vertex 192.51999999999998 20.119999999999997 0.15999999999999998
      vertex 192.44 20.039999999999999 0.12
      vertex 192.47999999999999 20 0.12
    endloop
  endfacet
  facet normal -0.23570226039550612 -0.23570226039553849 0.94280904158206014
    outer loop
      vertex 192.51999999999998 20.119999999999997 0.15999999999999998
      vertex 192.47999999999999 20 0.12
      vertex 192.59999999999999 20 0.14999999999999999
    endloop
  endfacet
  facet normal -0.23570226039548031 -0.2357022603955222 0.94280904158207057
    outer loop
      vertex 192.51999999999998 20.119999999999997 0.15999999999999998
      vertex 192.59999999999999 20 0.14999999999999999
      vertex 192.59999999999999 20.039999999999999 0.15999999999999998
    endloop
  endfacet
  facet normal -0.23570226039555975 -0.23570226039551787 0.94280904158205192
    outer loop
      vertex 192.40000000000001 20.079999999999998 0.12
      vertex 192.44 20.039999999999999 0.12
      vertex 192.51999999999998 20.119999999999997 0.15999999999999998
    endloop
  endfacet
  facet normal -0.23570226039556263 -0.23570226039551032 0.94280904158205303
    outer loop
      vertex 192.40000000000001 20.079999999999998 0.12
      vertex 192.51999999999998 20.119999999999997 0.15999999999999998
      vertex 192.44 20.199999999999999 0.15999999999999998
    endloop
  endfacet
  facet normal -0.23570226039555989 -0.23570226039551143 0.94280904158205348
    outer loop
      vertex 192.40000000000001 20.079999999999998 0.12
      vertex 192.44 20.199999999999999 0.15999999999999998
      vertex 192.40000000000001 20.199999999999999 0.14999999999999999
    endloop
  endfacet
  facet normal -0.24253562503637796 0 0.97014250014532066
    outer loop
      vertex 192.44 24.159999999999989 0.15999999999999998
      vertex 192.40000000000001 20.199999999999999 0.14999999999999999
      vertex 192.44 20.199999999999999 0.15999999999999998
    endloop
  endfacet
  facet normal -0.24253562503637793 0 0.97014250014532066
    outer loop
      vertex 192.40000000000001 20.199999999999999 0.14999999999999999
      vertex 192.44 24.159999999999989 0.15999999999999998
      vertex 192.44 40 0.15999999999999998
    endloop
  endfacet
  facet normal -0.24253562503637796 0 0.97014250014532077
    outer loop
      vertex 192.40000000000001 20.199999999999999 0.14999999999999999
      vertex 192.44 40 0.15999999999999998
      vertex 192.40000000000001 40 0.14999999999999999
    endloop
  endfacet
  facet normal -0.24253562503637796 0 0.97014250014532066
    outer loop
      vertex 192.44 40.039999999999999 0.15999999999999998
      vertex 192.40000000000001 40 0.14999999999999999
      vertex 192.44 40 0.15999999999999998
    endloop
  endfacet
  facet normal -0.24253562503637799 0 0.97014250014532066
    outer loop
      vertex 192.40000000000001 40 0.14999999999999999
      vertex 192.44 40.039999999999999 0.15999999999999998
      vertex 192.44 40.200000000000003 0.15999999999999998
    endloop
  endfacet
  facet normal -0.24253562503637799 0 0.97014250014532066
    outer loop
      vertex 192.40000000000001 40 0.14999999999999999
      vertex 192.44 40.200000000000003 0.15999999999999998
      vertex 192.40000000000001 40.200000000000003 0.14999999999999999
    endloop
  endfacet
  facet normal -0.24253489721588756 0.002449847446625074 0.97013958886335894
    outer loop
      vertex 192.40000000000001 40.200000000000003 0.14999999999999999
      vertex 192.44 40.200000000000003 0.15999999999999998
      vertex 192.59999999999999 56.040000000000006 0.15999999999999998
    endloop
  endfacet
  facet normal -0.24253489721585547 0.0024498474466246637 0.97013958886336704
    outer loop
      vertex 192.40000000000001 40.200000000000003 0.14999999999999999
      vertex 192.59999999999999 56.040000000000006 0.15999999999999998
      vertex 192.59999999999999 60 0.14999999999999999
    endloop
  endfacet
  facet normal -0.24253489721585544 0.0024498474466246637 0.97013958886336704
    outer loop
      vertex 192.40000000000001 52.080000000000005 0.12
      vertex 192.40000000000001 40.200000000000003 0.14999999999999999
      vertex 192.59999999999999 60 0.14999999999999999
    endloop
  endfacet
  facet normal -0.24253489721583393 0.002449847446624099 0.97013958886337248
    outer loop
      vertex 192.40000000000001 52.080000000000005 0.12
      vertex 192.59999999999999 60 0.14999999999999999
      vertex 192.47999999999999 60 0.12
    endloop
  endfacet
  facet normal -0.24253562503632428 0 0.97014250014533399
    outer loop
      vertex 192.47999999999999 60.079999999999998 0.12
      vertex 192.47999999999999 60 0.12
      vertex 192.59999999999999 60 0.14999999999999999
    endloop
  endfacet
  facet normal -0.24253562503632431 0 0.97014250014533399
    outer loop
      vertex 192.47999999999999 60.079999999999998 0.12
      vertex 192.59999999999999 60 0.14999999999999999
      vertex 192.59999999999999 60.200000000000003 0.14999999999999999
    endloop
  endfacet
  facet normal -0.24253562503632431 0 0.9701425001453341
    outer loop
      vertex 192.47999999999999 60.079999999999998 0.12
      vertex 192.59999999999999 60.200000000000003 0.14999999999999999
      vertex 192.47999999999999 60.200000000000003 0.12
    endloop
  endfacet
  facet normal -0.24253489721583391 0.0024498474466246784 0.97013958886337248
    outer loop
      vertex 192.47999999999999 60.200000000000003 0.12
      vertex 192.59999999999999 60.200000000000003 0.14999999999999999
      vertex 192.59999999999999 72.079999999999998 0.12
    endloop
  endfacet
  facet normal -0.24253271379372979 -0.0048996507837111725 0.97013085517472664
    outer loop
      vertex 192.54666666666665 94.719999999999999 0.15999999999999998
      vertex 192.49333333333334 89.439999999999998 0.12
      vertex 192.59999999999999 84.159999999999997 0.12
    endloop
  endfacet
  facet normal -0.24253271379364869 -0.0048996507837108386 0.97013085517474695
    outer loop
      vertex 192.54666666666665 94.719999999999999 0.15999999999999998
      vertex 192.59999999999999 84.159999999999997 0.12
      vertex 192.59999999999999 92.079999999999998 0.15999999999999998
    endloop
  endfacet
  facet normal -0.24253271379371258 -0.0048996507837113798 0.97013085517473097
    outer loop
      vertex 192.40000000000001 94.060000000000002 0.12
      vertex 192.49333333333334 89.439999999999998 0.12
      vertex 192.54666666666665 94.719999999999999 0.15999999999999998
    endloop
  endfacet
  facet normal -0.24253271379371469 -0.0048996507837108681 0.97013085517473041
    outer loop
      vertex 192.40000000000001 94.060000000000002 0.12
      vertex 192.54666666666665 94.719999999999999 0.15999999999999998
      vertex 192.44 100 0.15999999999999998
    endloop
  endfacet
  facet normal -0.24253271379372948 -0.0048996507837107423 0.97013085517472664
    outer loop
      vertex 192.40000000000001 94.060000000000002 0.12
      vertex 192.44 100 0.15999999999999998
      vertex 192.40000000000001 100 0.14999999999999999
    endloop
  endfacet
  facet normal 0 -0.70710678118654746 0.70710678118654746
    outer loop
      vertex 192.75999999999999 0.15999999999999998 0.15999999999999998
      vertex 192.72 0.12 0.12
      vertex 192.80000000000001 0.12 0.12
    endloop
  endfacet
  facet normal 0 -0.70710678118654746 0.70710678118654746
    outer loop
      vertex 192.75999999999999 0.15999999999999998 0.15999999999999998
      vertex 192.80000000000001 0.12 0.12
      vertex 192.80000000000001 0.15999999999999998 0.15999999999999998
    endloop
  endfacet
  facet normal 0 -0.70710678118654746 0.70710678118654746
    outer loop
      vertex 192.59999999999999 0.15999999999999998 0.15999999999999998
      vertex 192.59999999999999 0.12 0.12
      vertex 192.72 0.12 0.12
    endloop
  endfacet
  facet normal 0 -0.70710678118654757 0.70710678118654757
    outer loop
      vertex 192.59999999999999 0.15999999999999998 0.15999999999999998
      vertex 192.72 0.12 0.12
      vertex 192.75999999999999 0.15999999999999998 0.15999999999999998
    endloop
  endfacet
  facet normal -0 0.24253562503633744 0.97014250014533088
    outer loop
      vertex 192.76000000000002 10.16 0.15999999999999998
      vertex 192.80000000000001 10.16 0.15999999999999998
      vertex 192.80000000000001 10.199999999999999 0.14999999999999999
    endloop
  endfacet
  facet normal -0 0.24253562503633741 0.97014250014533077
    outer loop
      vertex 192.59999999999999 10.16 0.15999999999999998
      vertex 192.76000000000002 10.16 0.15999999999999998
      vertex 192.80000000000001 10.199999999999999 0.14999999999999999
    endloop
  endfacet
  facet normal 0 0.24253562503633738 0.97014250014533077
    outer loop
      vertex 192.59999999999999 10.16 0.15999999999999998
      vertex 192.80000000000001 10.199999999999999 0.14999999999999999
      vertex 192.59999999999999 10.199999999999999 0.14999999999999999
    endloop
  endfacet
  facet normal 0 0 1
    outer loop
      vertex 192.59999999999999 10.199999999999999 0.14999999999999999
      vertex 192.80000000000001 10.199999999999999 0.14999999999999999
      vertex 192.80000000000001 20 0.14999999999999999
    endloop
  endfacet
  facet normal 0 0 1
    outer loop
      vertex 192.59999999999999 10.199999999999999 0.14999999999999999
      vertex 192.80000000000001 20 0.14999999999999999
      vertex 192.59999999999999 20 0.14999999999999999
    endloop
  endfacet
  facet normal 0 -0.24253562503633738 0.97014250014533077
    outer loop
      vertex 192.63999999999999 20.039999999999999 0.15999999999999998
      vertex 192.59999999999999 20 0.14999999999999999
      vertex 192.80000000000001 20 0.14999999999999999
    endloop
  endfacet
  facet normal 0 -0.24253562503633741 0.97014250014533077
    outer loop
      vertex 192.63999999999999 20.039999999999999 0.15999999999999998
      vertex 192.80000000000001 20 0.14999999999999999
      vertex 192.80000000000001 20.039999999999999 0.15999999999999998
    endloop
  endfacet
  facet normal 0 -0.24253562503633744 0.97014250014533088
    outer loop
      vertex 192.59999999999999 20.039999999999999 0.15999999999999998
      vertex 192.59999999999999 20 0.14999999999999999
      vertex 192.63999999999999 20.039999999999999 0.15999999999999998
    endloop
  endfacet
  facet normal -0 0.0025252444736492191 0.99999681156509101
    outer loop
      vertex 192.76000000000002 56.040000000000006 0.15999999999999998
      vertex 192.80000000000001 56.040000000000006 0.15999999999999998
      vertex 192.80000000000001 60 0.14999999999999999
    endloop
  endfacet
  facet normal -0 0.0025252444736492186 0.99999681156509101
    outer loop
      vertex 192.59999999999999 56.040000000000006 0.15999999999999998
      vertex 192.76000000000002 56.040000000000006 0.15999999999999998
      vertex 192.80000000000001 60 0.14999999999999999
    endloop
  endfacet
  facet normal 0 0.0025252444736492191 0.99999681156509113
    outer loop
      vertex 192.59999999999999 56.040000000000006 0.15999999999999998
      vertex 192.80000000000001 60 0.14999999999999999
      vertex 192.59999999999999 60 0.14999999999999999
    endloop
  endfacet
  facet normal 0 0 1
    outer loop
      vertex 192.59999999999999 60 0.14999999999999999
      vertex 192.80000000000001 60 0.14999999999999999
      vertex 192.80000000000001 60.200000000000003 0.14999999999999999
    endloop
  endfacet
  facet normal 0 0 1
    outer loop
      vertex 192.59999999999999 60 0.14999999999999999
      vertex 192.80000000000001 60.200000000000003 0.14999999999999999
      vertex 192.59999999999999 60.200000000000003 0.14999999999999999
    endloop
  endfacet
  facet normal 0 0.0025252444736492204 0.99999681156509101
    outer loop
      vertex 192.72 72.079999999999998 0.12
      vertex 192.59999999999999 60.200000000000003 0.14999999999999999
      vertex 192.80000000000001 60.200000000000003 0.14999999999999999
    endloop
  endfacet
  facet normal -0 0.0025252444736492208 0.99999681156509113
    outer loop
      vertex 192.72 72.079999999999998 0.12
      vertex 192.80000000000001 60.200000000000003 0.14999999999999999
      vertex 192.80000000000001 72.079999999999998 0.12
    endloop
  endfacet
  facet normal -0 0.0025252444736492208 0.99999681156509113
    outer loop
      vertex 192.59999999999999 72.079999999999998 0.12
      vertex 192.59999999999999 60.200000000000003 0.14999999999999999
      vertex 192.72 72.079999999999998 0.12
    endloop
  endfacet
  facet normal 0 -0.0050504406386027816 0.99998724644335146
    outer loop
      vertex 192.72 92.079999999999998 0.15999999999999998
      vertex 192.63999999999999 84.159999999999997 0.12
      vertex 192.80000000000001 84.159999999999997 0.12
    endloop
  endfacet
  facet normal 0 -0.0050504406386027816 0.99998724644335146
    outer loop
      vertex 192.72 92.079999999999998 0.15999999999999998
      vertex 192.80000000000001 84.159999999999997 0.12
      vertex 192.80000000000001 92.079999999999998 0.15999999999999998
    endloop
  endfacet
  facet normal 0 -0.0050504406386027816 0.99998724644335146
    outer loop
      vertex 192.59999999999999 92.079999999999998 0.15999999999999998
      vertex 192.59999999999999 84.159999999999997 0.12
      vertex 192.63999999999999 84.159999999999997 0.12
    endloop
  endfacet
  facet normal 0 -0.0050504406386027807 0.99998724644335135
    outer loop
      vertex 192.59999999999999 92.079999999999998 0.15999999999999998
      vertex 192.63999999999999 84.159999999999997 0.12
      vertex 192.72 92.079999999999998 0.15999999999999998
    endloop
  endfacet
  facet normal 0 -0.70710678118654757 0.70710678118654757
    outer loop
      vertex 192.96000000000001 0.15999999999999998 0.15999999999999998
      vertex 192.92000000000002 0.12 0.12
      vertex 193 0.12 0.12
    endloop
  endfacet
  facet normal 0 -0.70710678118654757 0.70710678118654757
    outer loop
      vertex 192.96000000000001 0.15999999999999998 0.15999999999999998
      vertex 193 0.12 0.12
      vertex 193 0.15999999999999998 0.15999999999999998
    endloop
  endfacet
  facet normal 0 -0.70710678118654746 0.70710678118654746
    outer loop
      vertex 192.80000000000001 0.15999999999999998 0.15999999999999998
      vertex 192.80000000000001 0.12 0.12
      vertex 192.92000000000002 0.12 0.12
    endloop
  endfacet
  facet normal 0 -0.70710678118654757 0.70710678118654757
    outer loop
      vertex 192.80000000000001 0.15999999999999998 0.15999999999999998
      vertex 192.92000000000002 0.12 0.12
      vertex 192.96000000000001 0.15999999999999998 0.15999999999999998
    endloop
  endfacet
  facet normal -0 0.24253562503633744 0.97014250014533088
    outer loop
      vertex 192.96000000000001 10.16 0.15999999999999998
      vertex 193 10.16 0.15999999999999998
      vertex 193 10.199999999999999 0.14999999999999999
    endloop
  endfacet
  facet normal -0 0.24253562503633741 0.97014250014533088
    outer loop
      vertex 192.80000000000001 10.16 0.15999999999999998
      vertex 192.96000000000001 10.16 0.15999999999999998
      vertex 193 10.199999999999999 0.14999999999999999
    endloop
  endfacet
  facet normal 0 0.24253562503633741 0.97014250014533077
    outer loop
      vertex 192.80000000000001 10.16 0.15999999999999998
      vertex 193 10.199999999999999 0.14999999999999999
      vertex 192.80000000000001 10.199999999999999 0.14999999999999999
    endloop
  endfacet
  facet normal 0 0 1
    outer loop
      vertex 192.80000000000001 10.199999999999999 0.14999999999999999
      vertex 193 10.199999999999999 0.14999999999999999
      vertex 193 20 0.14999999999999999
    endloop
  endfacet
  facet normal 0 0 1
    outer loop
      vertex 192.80000000000001 10.199999999999999 0.14999999999999999
      vertex 193 20 0.14999999999999999
      vertex 192.80000000000001 20 0.14999999999999999
    endloop
  endfacet
  facet normal 0 -0.24253562503633741 0.97014250014533077
    outer loop
      vertex 192.84 20.039999999999999 0.15999999999999998
      vertex 192.80000000000001 20 0.14999999999999999
      vertex 193 20 0.14999999999999999
    endloop
  endfacet
  facet normal 0 -0.24253562503633741 0.97014250014533088
    outer loop
      vertex 192.84 20.039999999999999 0.15999999999999998
      vertex 193 20 0.14999999999999999
      vertex 193 20.039999999999999 0.15999999999999998
    endloop
  endfacet
  facet normal 0 -0.24253562503633744 0.97014250014533088
    outer loop
      vertex 192.80000000000001 20.039999999999999 0.15999999999999998
      vertex 192.80000000000001 20 0.14999999999999999
      vertex 192.84 20.039999999999999 0.15999999999999998
    endloop
  endfacet
  facet normal -0 0.0025252444736492191 0.99999681156509101
    outer loop
      vertex 192.96000000000001 56.040000000000006 0.15999999999999998
      vertex 193 56.040000000000006 0.15999999999999998
      vertex 193 60 0.14999999999999999
    endloop
  endfacet
  facet normal -0 0.0025252444736492186 0.99999681156509101
    outer loop
      vertex 192.80000000000001 56.040000000000006 0.15999999999999998
      vertex 192.96000000000001 56.040000000000006 0.15999999999999998
      vertex 193 60 0.14999999999999999
    endloop
  endfacet
  facet normal 0 0.0025252444736492186 0.99999681156509101
    outer loop
      vertex 192.80000000000001 56.040000000000006 0.15999999999999998
      vertex 193 60 0.14999999999999999
      vertex 192.80000000000001 60 0.14999999999999999
    endloop
  endfacet
  facet normal 0 0 1
    outer loop
      vertex 192.80000000000001 60 0.14999999999999999
      vertex 193 60 0.14999999999999999
      vertex 193 60.200000000000003 0.14999999999999999
    endloop
  endfacet
  facet normal 0 0 1
    outer loop
      vertex 192.80000000000001 60 0.14999999999999999
      vertex 193 60.200000000000003 0.14999999999999999
      vertex 192.80000000000001 60.200000000000003 0.14999999999999999
    endloop
  endfacet
  facet normal 0 0.0025252444736492204 0.99999681156509101
    outer loop
      vertex 192.92000000000002 72.079999999999998 0.12
      vertex 192.80000000000001 60.200000000000003 0.14999999999999999
      vertex 193 60.200000000000003 0.14999999999999999
    endloop
  endfacet
  facet normal -0 0.0025252444736492208 0.99999681156509101
    outer loop
      vertex 192.92000000000002 72.079999999999998 0.12
      vertex 193 60.200000000000003 0.14999999999999999
      vertex 193 72.079999999999998 0.12
    endloop
  endfacet
  facet normal -0 0.0025252444736492208 0.99999681156509113
    outer loop
      vertex 192.80000000000001 72.079999999999998 0.12
      vertex 192.80000000000001 60.200000000000003 0.14999999999999999
      vertex 192.92000000000002 72.079999999999998 0.12
    endloop
  endfacet
  facet normal 0 -0.0050504406386027816 0.99998724644335146
    outer loop
      vertex 192.91999999999999 92.079999999999998 0.15999999999999998
      vertex 192.84 84.159999999999997 0.12
      vertex 193 84.159999999999997 0.12
    endloop
  endfacet
  facet normal 0 -0.0050504406386027816 0.99998724644335146
    outer loop
      vertex 192.91999999999999 92.079999999999998 0.15999999999999998
      vertex 193 84.159999999999997 0.12
      vertex 193 92.079999999999998 0.15999999999999998
    endloop
  endfacet
  facet normal 0 -0.0050504406386027816 0.99998724644335146
    outer loop
      vertex 192.80000000000001 92.079999999999998 0.15999999999999998
      vertex 192.80000000000001 84.159999999999997 0.12
      vertex 192.84 84.159999999999997 0.12
    endloop
  endfacet
  facet normal 0 -0.0050504406386027816 0.99998724644335135
    outer loop
      vertex 192.80000000000001 92.079999999999998 0.15999999999999998
      vertex 192.84 84.159999999999997 0.12
      vertex 192.91999999999999 92.079999999999998 0.15999999999999998
    endloop
  endfacet
  facet normal 0 -0.70710678118654757 0.70710678118654757
    outer loop
      vertex 193.16 0.15999999999999998 0.15999999999999998
      vertex 193.12 0.12 0.12
      vertex 193.19999999999999 0.12 0.12
    endloop
  endfacet
  facet normal 0 -0.70710678118654757 0.70710678118654757
    outer loop
      vertex 193.16 0.15999999999999998 0.15999999999999998
      vertex 193.19999999999999 0.12 0.12
      vertex 193.19999999999999 0.15999999999999998 0.15999999999999998
    endloop
  endfacet
  facet normal 0 -0.70710678118654746 0.70710678118654746
    outer loop
      vertex 193 0.15999999999999998 0.15999999999999998
      vertex 193 0.12 0.12
      vertex 193.12 0.12 0.12
    endloop
  endfacet
  facet normal 0 -0.70710678118654757 0.70710678118654757
    outer loop
      vertex 193 0.15999999999999998 0.15999999999999998
      vertex 193.12 0.12 0.12
      vertex 193.16 0.15999999999999998 0.15999999999999998
    endloop
  endfacet
  facet normal -0 0.24253562503633744 0.97014250014533088
    outer loop
      vertex 193.16 10.16 0.15999999999999998
      vertex 193.19999999999999 10.16 0.15999999999999998
      vertex 193.19999999999999 10.199999999999999 0.14999999999999999
    endloop
  endfacet
  facet normal -0 0.24253562503633741 0.97014250014533088
    outer loop
      vertex 193 10.16 0.15999999999999998
      vertex 193.16 10.16 0.15999999999999998
      vertex 193.19999999999999 10.199999999999999 0.14999999999999999
    endloop
  endfacet
  facet normal 0 0.24253562503633741 0.97014250014533077
    outer loop
      vertex 193 10.16 0.15999999999999998
      vertex 193.19999999999999 10.199999999999999 0.14999999999999999
      vertex 193 10.199999999999999 0.14999999999999999
    endloop
  endfacet
  facet normal 0 0 1
    outer loop
      vertex 193 10.199999999999999 0.14999999999999999
      vertex 193.19999999999999 10.199999999999999 0.14999999999999999
      vertex 193.19999999999999 20 0.14999999999999999
    endloop
  endfacet
  facet normal 0 0 1
    outer loop
      vertex 193 10.199999999999999 0.14999999999999999
      vertex 193.19999999999999 20 0.14999999999999999
      vertex 193 20 0.14999999999999999
    endloop
  endfacet
  facet normal 0 -0.24253562503633741 0.97014250014533077
    outer loop
      vertex 193.03999999999999 20.039999999999999 0.15999999999999998
      vertex 193 20 0.14999999999999999
      vertex 193.19999999999999 20 0.14999999999999999
    endloop
  endfacet
  facet normal 0 -0.24253562503633741 0.97014250014533088
    outer loop
      vertex 193.03999999999999 20.039999999999999 0.15999999999999998
      vertex 193.19999999999999 20 0.14999999999999999
      vertex 193.19999999999999 20.039999999999999 0.15999999999999998
    endloop
  endfacet
  facet normal 0 -0.24253562503633744 0.97014250014533088
    outer loop
      vertex 193 20.039999999999999 0.15999999999999998
      vertex 193 20 0.14999999999999999
      vertex 193.03999999999999 20.039999999999999 0.15999999999999998
    endloop
  endfacet
  facet normal -0 0.0025252444736492191 0.99999681156509101
    outer loop
      vertex 193.16 56.040000000000006 0.15999999999999998
      vertex 193.19999999999999 56.040000000000006 0.15999999999999998
      vertex 193.19999999999999 60 0.14999999999999999
    endloop
  endfacet
  facet normal -0 0.0025252444736492186 0.99999681156509101
    outer loop
      vertex 193 56.040000000000006 0.15999999999999998
      vertex 193.16 56.040000000000006 0.15999999999999998
      vertex 193.19999999999999 60 0.14999999999999999
    endloop
  endfacet
  facet normal 0 0.0025252444736492186 0.99999681156509101
    outer loop
      vertex 193 56.040000000000006 0.15999999999999998
      vertex 193.19999999999999 60 0.14999999999999999
      vertex 193 60 0.14999999999999999
    endloop
  endfacet
  facet normal 0 0 1
    outer loop
      vertex 193 60 0.14999999999999999
      vertex 193.19999999999999 60 0.14999999999999999
      vertex 193.19999999999999 60.200000000000003 0.14999999999999999
    endloop
  endfacet
  facet normal 0 0 1
    outer loop
      vertex 193 60 0.14999999999999999
      vertex 193.19999999999999 60.200000000000003 0.14999999999999999
      vertex 193 60.200000000000003 0.14999999999999999
    endloop
  endfacet
  facet normal 0 0.0025252444736492204 0.99999681156509101
    outer loop
      vertex 193.12 72.079999999999998 0.12
      vertex 193 60.200000000000003 0.14999999999999999
      vertex 193.19999999999999 60.200000000000003 0.14999999999999999
    endloop
  endfacet
  facet normal -0 0.0025252444736492208 0.99999681156509101
    outer loop
      vertex 193.12 72.079999999999998 0.12
      vertex 193.19999999999999 60.200000000000003 0.14999999999999999
      vertex 193.19999999999999 72.079999999999998 0.12
    endloop
  endfacet
  facet normal -0 0.0025252444736492208 0.99999681156509113
    outer loop
      vertex 193 72.079999999999998 0.12
      vertex 193 60.200000000000003 0.14999999999999999
      vertex 193.12 72.079999999999998 0.12
    endloop
  endfacet
  facet normal 0 -0.0050504406386027816 0.99998724644335146
    outer loop
      vertex 193.11999999999998 92.079999999999998 0.15999999999999998
      vertex 193.03999999999999 84.159999999999997 0.12
      vertex 193.19999999999999 84.159999999999997 0.12
    endloop
  endfacet
  facet normal 0 -0.0050504406386027816 0.99998724644335146
    outer loop
      vertex 193.11999999999998 92.079999999999998 0.15999999999999998
      vertex 193.19999999999999 84.159999999999997 0.12
      vertex 193.19999999999999 92.079999999999998 0.15999999999999998
    endloop
  endfacet
  facet normal 0 -0.0050504406386027816 0.99998724644335146
    outer loop
      vertex 193 92.079999999999998 0.15999999999999998
      vertex 193 84.159999999999997 0.12
      vertex 193.03999999999999 84.159999999999997 0.12
    endloop
  endfacet
  facet normal 0 -0.0050504406386027816 0.99998724644335135
    outer loop
      vertex 193 92.079999999999998 0.15999999999999998
      vertex 193.03999999999999 84.159999999999997 0.12
      vertex 193.11999999999998 92.079999999999998 0.15999999999999998
    endloop
  endfacet
  facet normal 0.33333333333328702 -0.66666666666667818 0.66666666666667818
    outer loop
      vertex 193.19999999999999 0.15999999999999998 0.15999999999999998
      vertex 193.19999999999999 0.12 0.12
      vertex 193.36000000000001 0.20000000000000001 0.12
    endloop
  endfacet
  facet normal 0.33333333333328707 -0.66666666666667773 0.66666666666667873
    outer loop
      vertex 193.19999999999999 0.15999999999999998 0.15999999999999998
      vertex 193.36000000000001 0.20000000000000001 0.12
      vertex 193.28 0.20000000000000001 0.15999999999999998
    endloop
  endfacet
  facet normal 0.44721359549990181 0 0.89442719099994394
    outer loop
      vertex 193.36000000000001 8.0400000000000009 0.12
      vertex 193.28 4.1200000000000028 0.15999999999999998
      vertex 193.28 0.20000000000000001 0.15999999999999998
    endloop
  endfacet
  facet normal 0.44721359549990181 0 0.89442719099994383
    outer loop
      vertex 193.36000000000001 8.0400000000000009 0.12
      vertex 193.28 0.20000000000000001 0.15999999999999998
      vertex 193.36000000000001 0.20000000000000001 0.12
    endloop
  endfacet
  facet normal 0.44721359549990181 0 0.89442719099994394
    outer loop
      vertex 193.28 4.1200000000000037 0.15999999999999998
      vertex 193.36000000000001 8.0400000000000027 0.12
      vertex 193.36000000000001 10 0.12
    endloop
  endfacet
  facet normal 0.44721359549990181 -0 0.89442719099994383
    outer loop
      vertex 193.28 4.1200000000000037 0.15999999999999998
      vertex 193.36000000000001 10 0.12
      vertex 193.28 10 0.15999999999999998
    endloop
  endfacet
  facet normal 0.40824829046383249 -0.40824829046375988 0.81649658092779298
    outer loop
      vertex 193.28 10 0.15999999999999998
      vertex 193.36000000000001 10 0.12
      vertex 193.40000000000001 10.039999999999999 0.12
    endloop
  endfacet
  facet normal 0.40824829046384759 -0.40824829046386563 0.81649658092773247
    outer loop
      vertex 193.28 10 0.15999999999999998
      vertex 193.40000000000001 10.039999999999999 0.12
      vertex 193.40000000000001 10.119999999999999 0.15999999999999998
    endloop
  endfacet
  facet normal -0.23570226039555947 0.23570226039551762 0.94280904158205203
    outer loop
      vertex 193.19999999999999 10.16 0.15999999999999998
      vertex 193.23999999999998 10.199999999999999 0.15999999999999998
      vertex 193.19999999999999 10.199999999999999 0.14999999999999999
    endloop
  endfacet
  facet normal -0.24253562503637799 0 0.97014250014532066
    outer loop
      vertex 193.23999999999998 12.159999999999995 0.15999999999999998
      vertex 193.19999999999999 10.199999999999999 0.14999999999999999
      vertex 193.23999999999998 10.199999999999999 0.15999999999999998
    endloop
  endfacet
  facet normal -0.24253562503637796 0 0.97014250014532077
    outer loop
      vertex 193.19999999999999 10.199999999999999 0.14999999999999999
      vertex 193.23999999999998 12.159999999999995 0.15999999999999998
      vertex 193.23999999999998 20 0.15999999999999998
    endloop
  endfacet
  facet normal -0.24253562503637796 0 0.97014250014532066
    outer loop
      vertex 193.19999999999999 10.199999999999999 0.14999999999999999
      vertex 193.23999999999998 20 0.15999999999999998
      vertex 193.19999999999999 20 0.14999999999999999
    endloop
  endfacet
  facet normal -0.21821789023602881 0.43643578047201914 0.87287156094394325
    outer loop
      vertex 193.31999999999999 20.120000000000001 0.12
      vertex 193.19999999999999 20 0.14999999999999999
      vertex 193.23999999999998 20 0.15999999999999998
    endloop
  endfacet
  facet normal -0.2182178902359645 0.43643578047198706 0.87287156094397533
    outer loop
      vertex 193.31999999999999 20.120000000000001 0.12
      vertex 193.23999999999998 20 0.15999999999999998
      vertex 193.40000000000001 20.080000000000002 0.15999999999999998
    endloop
  endfacet
  facet normal -0.21821789023595892 0.43643578047199533 0.87287156094397256
    outer loop
      vertex 193.31999999999999 20.120000000000001 0.12
      vertex 193.40000000000001 20.080000000000002 0.15999999999999998
      vertex 193.40000000000001 20.16 0.12
    endloop
  endfacet
  facet normal 0.4364357804719759 -0.21821789023599744 0.87287156094397267
    outer loop
      vertex 193.19999999999999 20.039999999999999 0.15999999999999998
      vertex 193.19999999999999 20 0.14999999999999999
      vertex 193.31999999999999 20.120000000000001 0.12
    endloop
  endfacet
  facet normal 0.43643578047204712 -0.2182178902361398 0.8728715609439015
    outer loop
      vertex 193.19999999999999 20.039999999999999 0.15999999999999998
      vertex 193.31999999999999 20.120000000000001 0.12
      vertex 193.36000000000001 20.199999999999999 0.12
    endloop
  endfacet
  facet normal 0.43643578047192944 -0.21821789023599861 0.87287156094399565
    outer loop
      vertex 193.19999999999999 20.039999999999999 0.15999999999999998
      vertex 193.36000000000001 20.199999999999999 0.12
      vertex 193.28 20.199999999999999 0.15999999999999998
    endloop
  endfacet
  facet normal 0.44721359549990181 0 0.89442719099994394
    outer loop
      vertex 193.36000000000001 36.039999999999999 0.12
      vertex 193.28 28.120000000000005 0.15999999999999998
      vertex 193.28 20.199999999999999 0.15999999999999998
    endloop
  endfacet
  facet normal 0.44721359549990186 0 0.89442719099994406
    outer loop
      vertex 193.36000000000001 36.039999999999999 0.12
      vertex 193.28 20.199999999999999 0.15999999999999998
      vertex 193.36000000000001 20.199999999999999 0.12
    endloop
  endfacet
  facet normal 0.44721359549990186 0 0.89442719099994383
    outer loop
      vertex 193.28 28.120000000000008 0.15999999999999998
      vertex 193.36000000000001 36.040000000000006 0.12
      vertex 193.36000000000001 40 0.12
    endloop
  endfacet
  facet normal 0.44721359549990186 -0 0.89442719099994394
    outer loop
      vertex 193.28 28.120000000000008 0.15999999999999998
      vertex 193.36000000000001 40 0.12
      vertex 193.28 40 0.15999999999999998
    endloop
  endfacet
  facet normal 0.44721359549990186 0 0.89442719099994394
    outer loop
      vertex 193.36000000000001 40.160000000000004 0.12
      vertex 193.28 40.080000000000005 0.15999999999999998
      vertex 193.28 40 0.15999999999999998
    endloop
  endfacet
  facet normal 0.44721359549990186 0 0.89442719099994394
    outer loop
      vertex 193.36000000000001 40.160000000000004 0.12
      vertex 193.28 40 0.15999999999999998
      vertex 193.36000000000001 40 0.12
    endloop
  endfacet
  facet normal 0.44721359549990181 0 0.89442719099994394
    outer loop
      vertex 193.28 40.080000000000005 0.15999999999999998
      vertex 193.36000000000001 40.160000000000004 0.12
      vertex 193.36000000000001 40.200000000000003 0.12
    endloop
  endfacet
  facet normal 0.44721359549990181 -0 0.89442719099994394
    outer loop
      vertex 193.28 40.080000000000005 0.15999999999999998
      vertex 193.36000000000001 40.200000000000003 0.12
      vertex 193.28 40.200000000000003 0.15999999999999998
    endloop
  endfacet
  facet normal 0.44720903263130468 -0.0045172629558708722 0.8944180652627497
    outer loop
      vertex 193.28 40.200000000000003 0.15999999999999998
      vertex 193.36000000000001 40.200000000000003 0.12
      vertex 193.40000000000001 44.159999999999997 0.12
    endloop
  endfacet
  facet normal 0.44720903263134698 -0.0045172629558723667 0.8944180652627286
    outer loop
      vertex 193.28 40.200000000000003 0.15999999999999998
      vertex 193.40000000000001 44.159999999999997 0.12
      vertex 193.40000000000001 52.079999999999991 0.15999999999999998
    endloop
  endfacet
  facet normal -0.24253489721588753 0.0024498474466246429 0.97013958886335894
    outer loop
      vertex 193.19999999999999 56.040000000000006 0.15999999999999998
      vertex 193.23999999999998 60 0.15999999999999998
      vertex 193.19999999999999 60 0.14999999999999999
    endloop
  endfacet
  facet normal -0.24253562503637796 0 0.97014250014532066
    outer loop
      vertex 193.23999999999998 60.039999999999999 0.15999999999999998
      vertex 193.19999999999999 60 0.14999999999999999
      vertex 193.23999999999998 60 0.15999999999999998
    endloop
  endfacet
  facet normal -0.24253562503637799 0 0.97014250014532066
    outer loop
      vertex 193.19999999999999 60 0.14999999999999999
      vertex 193.23999999999998 60.039999999999999 0.15999999999999998
      vertex 193.23999999999998 60.200000000000003 0.15999999999999998
    endloop
  endfacet
  facet normal -0.24253562503637799 0 0.97014250014532066
    outer loop
      vertex 193.19999999999999 60 0.14999999999999999
      vertex 193.23999999999998 60.200000000000003 0.15999999999999998
      vertex 193.19999999999999 60.200000000000003 0.14999999999999999
    endloop
  endfacet
  facet normal -0.24253489721588756 0.0024498474466255089 0.97013958886335894
    outer loop
      vertex 193.19999999999999 60.200000000000003 0.14999999999999999
      vertex 193.23999999999998 60.200000000000003 0.15999999999999998
      vertex 193.40000000000001 76.040000000000006 0.15999999999999998
    endloop
  endfacet
  facet normal -0.24253489721582294 0.0024498474466246832 0.97013958886337515
    outer loop
      vertex 193.19999999999999 60.200000000000003 0.14999999999999999
      vertex 193.40000000000001 76.040000000000006 0.15999999999999998
      vertex 193.40000000000001 80 0.14999999999999999
    endloop
  endfacet
  facet normal -0.24253489721582316 0.0024498474466246854 0.97013958886337515
    outer loop
      vertex 193.19999999999999 72.079999999999998 0.12
      vertex 193.19999999999999 60.200000000000003 0.14999999999999999
      vertex 193.40000000000001 80 0.14999999999999999
    endloop
  endfacet
  facet normal -0.24253489721583391 0.0024498474466249673 0.97013958886337237
    outer loop
      vertex 193.19999999999999 72.079999999999998 0.12
      vertex 193.40000000000001 80 0.14999999999999999
      vertex 193.28 80 0.12
    endloop
  endfacet
  facet normal -0.24253562503632428 0 0.97014250014533399
    outer loop
      vertex 193.28 80.079999999999998 0.12
      vertex 193.28 80 0.12
      vertex 193.40000000000001 80 0.14999999999999999
    endloop
  endfacet
  facet normal -0.24253562503632431 0 0.97014250014533399
    outer loop
      vertex 193.28 80.079999999999998 0.12
      vertex 193.40000000000001 80 0.14999999999999999
      vertex 193.40000000000001 80.200000000000003 0.14999999999999999
    endloop
  endfacet
  facet normal -0.24253562503632431 0 0.9701425001453341
    outer loop
      vertex 193.28 80.079999999999998 0.12
      vertex 193.40000000000001 80.200000000000003 0.14999999999999999
      vertex 193.28 80.200000000000003 0.12
    endloop
  endfacet
  facet normal -0.24253489721583391 0.0024498474466246784 0.97013958886337248
    outer loop
      vertex 193.28 80.200000000000003 0.12
      vertex 193.40000000000001 80.200000000000003 0.14999999999999999
      vertex 193.40000000000001 92.079999999999998 0.12
    endloop
  endfacet
  facet normal 0.44720903263130463 -0.004517262955872469 0.89441806526274958
    outer loop
      vertex 193.19999999999999 92.079999999999998 0.15999999999999998
      vertex 193.19999999999999 84.159999999999997 0.12
      vertex 193.36000000000001 100 0.12
    endloop
  endfacet
  facet normal 0.44720903263130463 -0.004517262955872469 0.89441806526274958
    outer loop
      vertex 193.19999999999999 92.079999999999998 0.15999999999999998
      vertex 193.36000000000001 100 0.12
      vertex 193.28 100 0.15999999999999998
    endloop
  endfacet
  facet normal 0 -0.44721359549995748 0.89442719099991608
    outer loop
      vertex 193.51999999999998 10.119999999999999 0.15999999999999998
      vertex 193.44 10.039999999999999 0.12
      vertex 193.59999999999999 10.039999999999999 0.12
    endloop
  endfacet
  facet normal 0 -0.44721359549995743 0.89442719099991619
    outer loop
      vertex 193.51999999999998 10.119999999999999 0.15999999999999998
      vertex 193.59999999999999 10.039999999999999 0.12
      vertex 193.59999999999999 10.119999999999999 0.15999999999999998
    endloop
  endfacet
  facet normal 0 -0.44721359549995748 0.89442719099991619
    outer loop
      vertex 193.40000000000001 10.119999999999999 0.15999999999999998
      vertex 193.40000000000001 10.039999999999999 0.12
      vertex 193.44 10.039999999999999 0.12
    endloop
  endfacet
  facet normal 0 -0.44721359549995748 0.89442719099991608
    outer loop
      vertex 193.40000000000001 10.119999999999999 0.15999999999999998
      vertex 193.44 10.039999999999999 0.12
      vertex 193.51999999999998 10.119999999999999 0.15999999999999998
    endloop
  endfacet
  facet normal 0 0.44721359549996542 0.89442719099991208
    outer loop
      vertex 193.56 20.16 0.12
      vertex 193.48000000000002 20.080000000000002 0.15999999999999998
      vertex 193.59999999999999 20.080000000000002 0.15999999999999998
    endloop
  endfacet
  facet normal -0 0.44721359549996537 0.89442719099991208
    outer loop
      vertex 193.56 20.16 0.12
      vertex 193.59999999999999 20.080000000000002 0.15999999999999998
      vertex 193.59999999999999 20.16 0.12
    endloop
  endfacet
  facet normal 0 0.44721359549996537 0.89442719099991219
    outer loop
      vertex 193.40000000000001 20.16 0.12
      vertex 193.40000000000001 20.080000000000002 0.15999999999999998
      vertex 193.48000000000002 20.080000000000002 0.15999999999999998
    endloop
  endfacet
  facet normal -0 0.44721359549996542 0.89442719099991219
    outer loop
      vertex 193.40000000000001 20.16 0.12
      vertex 193.48000000000002 20.080000000000002 0.15999999999999998
      vertex 193.56 20.16 0.12
    endloop
  endfacet
  facet normal 0 -0.0050504406386027859 0.99998724644335146
    outer loop
      vertex 193.51999999999998 52.079999999999991 0.15999999999999998
      vertex 193.44 44.159999999999997 0.12
      vertex 193.59999999999999 44.159999999999997 0.12
    endloop
  endfacet
  facet normal 0 -0.0050504406386027859 0.99998724644335146
    outer loop
      vertex 193.51999999999998 52.079999999999991 0.15999999999999998
      vertex 193.59999999999999 44.159999999999997 0.12
      vertex 193.59999999999999 52.079999999999991 0.15999999999999998
    endloop
  endfacet
  facet normal 0 -0.005050440638602785 0.99998724644335124
    outer loop
      vertex 193.40000000000001 52.079999999999991 0.15999999999999998
      vertex 193.40000000000001 44.159999999999997 0.12
      vertex 193.44 44.159999999999997 0.12
    endloop
  endfacet
  facet normal 0 -0.0050504406386027859 0.99998724644335135
    outer loop
      vertex 193.40000000000001 52.079999999999991 0.15999999999999998
      vertex 193.44 44.159999999999997 0.12
      vertex 193.51999999999998 52.079999999999991 0.15999999999999998
    endloop
  endfacet
  facet normal -0 0.0025252444736492191 0.99999681156509101
    outer loop
      vertex 193.56 76.040000000000006 0.15999999999999998
      vertex 193.59999999999999 76.040000000000006 0.15999999999999998
      vertex 193.59999999999999 80 0.14999999999999999
    endloop
  endfacet
  facet normal -0 0.0025252444736492186 0.99999681156509101
    outer loop
      vertex 193.40000000000001 76.040000000000006 0.15999999999999998
      vertex 193.56 76.040000000000006 0.15999999999999998
      vertex 193.59999999999999 80 0.14999999999999999
    endloop
  endfacet
  facet normal 0 0.0025252444736492186 0.99999681156509101
    outer loop
      vertex 193.40000000000001 76.040000000000006 0.15999999999999998
      vertex 193.59999999999999 80 0.14999999999999999
      vertex 193.40000000000001 80 0.14999999999999999
    endloop
  endfacet
  facet normal 0 0 1
    outer loop
      vertex 193.40000000000001 80 0.14999999999999999
      vertex 193.59999999999999 80 0.14999999999999999
      vertex 193.59999999999999 80.200000000000003 0.14999999999999999
    endloop
  endfacet
  facet normal 0 0 1
    outer loop
      vertex 193.40000000000001 80 0.14999999999999999
      vertex 193.59999999999999 80.200000000000003 0.14999999999999999
      vertex 193.40000000000001 80.200000000000003 0.14999999999999999
    endloop
  endfacet
  facet normal 0 0.0025252444736492204 0.99999681156509101
    outer loop
      vertex 193.52000000000001 92.079999999999998 0.12
      vertex 193.40000000000001 80.200000000000003 0.14999999999999999
      vertex 193.59999999999999 80.200000000000003 0.14999999999999999
    endloop
  endfacet
  facet normal -0 0.0025252444736492208 0.99999681156509101
    outer loop
      vertex 193.52000000000001 92.079999999999998 0.12
      vertex 193.59999999999999 80.200000000000003 0.14999999999999999
      vertex 193.59999999999999 92.079999999999998 0.12
    endloop
  endfacet
  facet normal -0 0.0025252444736492208 0.99999681156509113
    outer loop
      vertex 193.40000000000001 92.079999999999998 0.12
      vertex 193.40000000000001 80.200000000000003 0.14999999999999999
      vertex 193.52000000000001 92.079999999999998 0.12
    endloop
  endfacet
  facet normal 0.66666666666660868 -0.33333333333335613 0.66666666666671326
    outer loop
      vertex 193.59999999999999 10.119999999999999 0.15999999999999998
      vertex 193.59999999999999 10.039999999999999 0.12
      vertex 193.68000000000001 10.199999999999999 0.12
    endloop
  endfacet
  facet normal 0.66666666666668761 -0.33333333333351406 0.66666666666655539
    outer loop
      vertex 193.59999999999999 10.119999999999999 0.15999999999999998
      vertex 193.68000000000001 10.199999999999999 0.12
      vertex 193.64000000000001 10.199999999999999 0.15999999999999998
    endloop
  endfacet
  facet normal 0.70710678118661774 0 0.70710678118647741
    outer loop
      vertex 193.68000000000001 14.120000000000001 0.12
      vertex 193.64000000000001 12.160000000000002 0.15999999999999998
      vertex 193.64000000000001 10.199999999999999 0.15999999999999998
    endloop
  endfacet
  facet normal 0.70710678118661774 0 0.70710678118647741
    outer loop
      vertex 193.68000000000001 14.120000000000001 0.12
      vertex 193.64000000000001 10.199999999999999 0.15999999999999998
      vertex 193.68000000000001 10.199999999999999 0.12
    endloop
  endfacet
  facet normal 0.70710678118661763 0 0.7071067811864773
    outer loop
      vertex 193.64000000000001 12.160000000000002 0.15999999999999998
      vertex 193.68000000000001 14.120000000000001 0.12
      vertex 193.68000000000001 20 0.12
    endloop
  endfacet
  facet normal 0.70710678118661774 -0 0.70710678118647741
    outer loop
      vertex 193.64000000000001 12.160000000000002 0.15999999999999998
      vertex 193.68000000000001 20 0.12
      vertex 193.64000000000001 20 0.15999999999999998
    endloop
  endfacet
  facet normal 0.70710678118661774 0 0.70710678118647741
    outer loop
      vertex 193.68000000000001 20.079999999999998 0.12
      vertex 193.64000000000001 20.039999999999999 0.15999999999999998
      vertex 193.64000000000001 20 0.15999999999999998
    endloop
  endfacet
  facet normal 0.70710678118661774 0 0.70710678118647741
    outer loop
      vertex 193.68000000000001 20.079999999999998 0.12
      vertex 193.64000000000001 20 0.15999999999999998
      vertex 193.68000000000001 20 0.12
    endloop
  endfacet
  facet normal 0.40824829046371763 0.40824829046389888 0.81649658092778077
    outer loop
      vertex 193.59999999999999 20.16 0.12
      vertex 193.59999999999999 20.080000000000002 0.15999999999999998
      vertex 193.64000000000001 20.039999999999999 0.15999999999999998
    endloop
  endfacet
  facet normal 0.40824829046386568 0.40824829046392003 0.81649658092769617
    outer loop
      vertex 193.59999999999999 20.16 0.12
      vertex 193.64000000000001 20.039999999999999 0.15999999999999998
      vertex 193.68000000000001 20.079999999999998 0.12
    endloop
  endfacet
  facet normal 0.70710227208016696 -0.0035712235963650369 0.70710227208027721
    outer loop
      vertex 193.59999999999999 52.079999999999991 0.15999999999999998
      vertex 193.59999999999999 44.159999999999997 0.12
      vertex 193.68000000000001 60 0.12
    endloop
  endfacet
  facet normal 0.70710227208029219 -0.0035712235963669355 0.70710227208015186
    outer loop
      vertex 193.59999999999999 52.079999999999991 0.15999999999999998
      vertex 193.68000000000001 60 0.12
      vertex 193.64000000000001 60 0.15999999999999998
    endloop
  endfacet
  facet normal 0.70710678118661774 0 0.70710678118647741
    outer loop
      vertex 193.68000000000001 60.079999999999998 0.12
      vertex 193.64000000000001 60.039999999999999 0.15999999999999998
      vertex 193.64000000000001 60 0.15999999999999998
    endloop
  endfacet
  facet normal 0.70710678118661774 0 0.70710678118647741
    outer loop
      vertex 193.68000000000001 60.079999999999998 0.12
      vertex 193.64000000000001 60 0.15999999999999998
      vertex 193.68000000000001 60 0.12
    endloop
  endfacet
  facet normal 0.70710678118661763 0 0.70710678118647741
    outer loop
      vertex 193.64000000000001 60.039999999999999 0.15999999999999998
      vertex 193.68000000000001 60.079999999999998 0.12
      vertex 193.68000000000001 60.200000000000003 0.12
    endloop
  endfacet
  facet normal 0.70710678118661763 -0 0.70710678118647741
    outer loop
      vertex 193.64000000000001 60.039999999999999 0.15999999999999998
      vertex 193.68000000000001 60.200000000000003 0.12
      vertex 193.64000000000001 60.200000000000003 0.15999999999999998
    endloop
  endfacet
  facet normal 0.70710678118661774 0 0.7071067811864773
    outer loop
      vertex 193.68000000000001 68.120000000000005 0.12
      vertex 193.64000000000001 64.160000000000011 0.15999999999999998
      vertex 193.64000000000001 60.200000000000003 0.15999999999999998
    endloop
  endfacet
  facet normal 0.70710678118661774 0 0.7071067811864773
    outer loop
      vertex 193.68000000000001 68.120000000000005 0.12
      vertex 193.64000000000001 60.200000000000003 0.15999999999999998
      vertex 193.68000000000001 60.200000000000003 0.12
    endloop
  endfacet
  facet normal 0.59999877563889492 0.0020201978977750913 0.79999836751850983
    outer loop
      vertex 193.59999999999999 76.040000000000006 0.15999999999999998
      vertex 193.64000000000001 64.160000000000011 0.15999999999999998
      vertex 193.68000000000001 68.120000000000005 0.12
    endloop
  endfacet
  facet normal 0.59999877563889514 0.0020201978977750913 0.79999836751850983
    outer loop
      vertex 193.59999999999999 76.040000000000006 0.15999999999999998
      vertex 193.68000000000001 68.120000000000005 0.12
      vertex 193.63999999999999 80 0.12
    endloop
  endfacet
  facet normal 0.59999877563896331 0.0020201978977738844 0.79999836751845854
    outer loop
      vertex 193.59999999999999 76.040000000000006 0.15999999999999998
      vertex 193.63999999999999 80 0.12
      vertex 193.59999999999999 80 0.14999999999999999
    endloop
  endfacet
  facet normal 0.60000000000007636 0 0.79999999999994276
    outer loop
      vertex 193.63999999999999 80.040000000000006 0.12
      vertex 193.59999999999999 80 0.14999999999999999
      vertex 193.63999999999999 80 0.12
    endloop
  endfacet
  facet normal 0.60000000000007636 0 0.79999999999994265
    outer loop
      vertex 193.59999999999999 80 0.14999999999999999
      vertex 193.63999999999999 80.040000000000006 0.12
      vertex 193.63999999999999 80.200000000000003 0.12
    endloop
  endfacet
  facet normal 0.60000000000007636 -0 0.79999999999994265
    outer loop
      vertex 193.59999999999999 80 0.14999999999999999
      vertex 193.63999999999999 80.200000000000003 0.12
      vertex 193.59999999999999 80.200000000000003 0.14999999999999999
    endloop
  endfacet
  facet normal 0.60000000000007636 0 0.79999999999994265
    outer loop
      vertex 193.63999999999999 84.159999999999997 0.12
      vertex 193.59999999999999 80.200000000000003 0.14999999999999999
      vertex 193.63999999999999 80.200000000000003 0.12
    endloop
  endfacet
  facet normal 0.44721245476978644 0.0022586487614631181 0.89442490953939446
    outer loop
      vertex 193.59999999999999 92.079999999999998 0.12
      vertex 193.59999999999999 80.200000000000003 0.14999999999999999
      vertex 193.63999999999999 84.159999999999997 0.12
    endloop
  endfacet
  facet normal -0.70710678118661774 0 0.70710678118647741
    outer loop
      vertex 199.35999999999999 -84.160000000000011 0.15999999999999998
      vertex 199.31999999999999 -88.120000000000005 0.12
      vertex 199.31999999999999 -100 0.12
    endloop
  endfacet
  facet normal -0.70710678118661774 0 0.70710678118647741
    outer loop
      vertex 199.35999999999999 -84.160000000000011 0.15999999999999998
      vertex 199.31999999999999 -100 0.12
      vertex 199.35999999999999 -100 0.15999999999999998
    endloop
  endfacet
  facet normal -0.70710678118661774 0 0.7071067811864773
    outer loop
      vertex 199.31999999999999 -88.120000000000005 0.12
      vertex 199.35999999999999 -84.160000000000011 0.15999999999999998
      vertex 199.35999999999999 -80.200000000000003 0.15999999999999998
    endloop
  endfacet
  facet normal -0.70710678118661774 0 0.7071067811864773
    outer loop
      vertex 199.31999999999999 -88.120000000000005 0.12
      vertex 199.35999999999999 -80.200000000000003 0.15999999999999998
      vertex 199.31999999999999 -80.200000000000003 0.12
    endloop
  endfacet
  facet normal -0.66666666666668606 0.33333333333352061 0.66666666666655372
    outer loop
      vertex 199.31999999999999 -80.200000000000003 0.12
      vertex 199.35999999999999 -80.200000000000003 0.15999999999999998
      vertex 199.40000000000001 -80.120000000000005 0.15999999999999998
    endloop
  endfacet
  facet normal -0.66666666666660701 0.33333333333336268 0.66666666666671159
    outer loop
      vertex 199.31999999999999 -80.200000000000003 0.12
      vertex 199.40000000000001 -80.120000000000005 0.15999999999999998
      vertex 199.40000000000001 -80.040000000000006 0.12
    endloop
  endfacet
  facet normal -0.43643578047206638 -0.21821789023597502 0.87287156094393314
    outer loop
      vertex 199.36000000000001 -60.039999999999999 0.12
      vertex 199.40000000000001 -60.120000000000005 0.12
      vertex 199.40000000000001 -60 0.14999999999999999
    endloop
  endfacet
  facet normal -0.60000000000007636 0 0.79999999999994276
    outer loop
      vertex 199.36000000000001 -60.039999999999999 0.12
      vertex 199.40000000000001 -60 0.14999999999999999
      vertex 199.36000000000001 -60 0.12
    endloop
  endfacet
  facet normal -0.60000000000007636 0 0.79999999999994265
    outer loop
      vertex 199.36000000000001 -44.160000000000004 0.12
      vertex 199.36000000000001 -60 0.12
      vertex 199.40000000000001 -60 0.14999999999999999
    endloop
  endfacet
  facet normal -0.60000000000007625 0 0.79999999999994276
    outer loop
      vertex 199.36000000000001 -44.160000000000004 0.12
      vertex 199.40000000000001 -60 0.14999999999999999
      vertex 199.40000000000001 -40.200000000000003 0.14999999999999999
    endloop
  endfacet
  facet normal -0.60000000000007647 0 0.79999999999994276
    outer loop
      vertex 199.36000000000001 -44.160000000000004 0.12
      vertex 199.40000000000001 -40.200000000000003 0.14999999999999999
      vertex 199.36000000000001 -40.200000000000003 0.12
    endloop
  endfacet
  facet normal -0.58834840541462941 0.19611613513816337 0.78446454055268322
    outer loop
      vertex 199.36000000000001 -40.200000000000003 0.12
      vertex 199.40000000000001 -40.200000000000003 0.14999999999999999
      vertex 199.40000000000001 -40.079999999999998 0.12
    endloop
  endfacet
  facet normal 0 0.44721359549996542 0.89442719099991208
    outer loop
      vertex 199.56 -80.040000000000006 0.12
      vertex 199.48000000000002 -80.120000000000005 0.15999999999999998
      vertex 199.59999999999999 -80.120000000000005 0.15999999999999998
    endloop
  endfacet
  facet normal -0 0.44721359549996537 0.89442719099991208
    outer loop
      vertex 199.56 -80.040000000000006 0.12
      vertex 199.59999999999999 -80.120000000000005 0.15999999999999998
      vertex 199.59999999999999 -80.040000000000006 0.12
    endloop
  endfacet
  facet normal 0 0.44721359549996537 0.89442719099991219
    outer loop
      vertex 199.40000000000001 -80.040000000000006 0.12
      vertex 199.40000000000001 -80.120000000000005 0.15999999999999998
      vertex 199.48000000000002 -80.120000000000005 0.15999999999999998
    endloop
  endfacet
  facet normal -0 0.44721359549996542 0.89442719099991219
    outer loop
      vertex 199.40000000000001 -80.040000000000006 0.12
      vertex 199.48000000000002 -80.120000000000005 0.15999999999999998
      vertex 199.56 -80.040000000000006 0.12
    endloop
  endfacet
  facet normal 0 -0.24253562503632431 0.9701425001453341
    outer loop
      vertex 199.47999999999999 -60.120000000000005 0.12
      vertex 199.59999999999999 -60.120000000000005 0.12
      vertex 199.59999999999999 -60 0.14999999999999999
    endloop
  endfacet
  facet normal 0 -0.24253562503632434 0.9701425001453341
    outer loop
      vertex 199.40000000000001 -60.120000000000005 0.12
      vertex 199.47999999999999 -60.120000000000005 0.12
      vertex 199.59999999999999 -60 0.14999999999999999
    endloop
  endfacet
  facet normal 0 -0.24253562503632428 0.97014250014533399
    outer loop
      vertex 199.40000000000001 -60.120000000000005 0.12
      vertex 199.59999999999999 -60 0.14999999999999999
      vertex 199.40000000000001 -60 0.14999999999999999
    endloop
  endfacet
  facet normal 0 0 1
    outer loop
      vertex 199.40000000000001 -60 0.14999999999999999
      vertex 199.59999999999999 -60 0.14999999999999999
      vertex 199.59999999999999 -40.200000000000003 0.14999999999999999
    endloop
  endfacet
  facet normal 0 0 1
    outer loop
      vertex 199.40000000000001 -60 0.14999999999999999
      vertex 199.59999999999999 -40.200000000000003 0.14999999999999999
      vertex 199.40000000000001 -40.200000000000003 0.14999999999999999
    endloop
  endfacet
  facet normal 0 0.24253562503632434 0.9701425001453341
    outer loop
      vertex 199.52000000000001 -40.079999999999998 0.12
      vertex 199.40000000000001 -40.200000000000003 0.14999999999999999
      vertex 199.59999999999999 -40.200000000000003 0.14999999999999999
    endloop
  endfacet
  facet normal -0 0.24253562503632434 0.9701425001453341
    outer loop
      vertex 199.52000000000001 -40.079999999999998 0.12
      vertex 199.59999999999999 -40.200000000000003 0.14999999999999999
      vertex 199.59999999999999 -40.079999999999998 0.12
    endloop
  endfacet
  facet normal -0 0.24253562503632431 0.9701425001453341
    outer loop
      vertex 199.40000000000001 -40.079999999999998 0.12
      vertex 199.40000000000001 -40.200000000000003 0.14999999999999999
      vertex 199.52000000000001 -40.079999999999998 0.12
    endloop
  endfacet
  facet normal 0.70710678118661774 0 0.7071067811864773
    outer loop
      vertex 199.68000000000001 -92.079999999999998 0.12
      vertex 199.64000000000001 -96.039999999999992 0.15999999999999998
      vertex 199.64000000000001 -100 0.15999999999999998
    endloop
  endfacet
  facet normal 0.70710678118661774 0 0.7071067811864773
    outer loop
      vertex 199.68000000000001 -92.079999999999998 0.12
      vertex 199.64000000000001 -100 0.15999999999999998
      vertex 199.68000000000001 -100 0.12
    endloop
  endfacet
  facet normal 0.70710678118661774 0 0.70710678118647741
    outer loop
      vertex 199.64000000000001 -96.039999999999992 0.15999999999999998
      vertex 199.68000000000001 -92.079999999999998 0.12
      vertex 199.68000000000001 -80.200000000000003 0.12
    endloop
  endfacet
  facet normal 0.70710678118661774 -0 0.70710678118647741
    outer loop
      vertex 199.64000000000001 -96.039999999999992 0.15999999999999998
      vertex 199.68000000000001 -80.200000000000003 0.12
      vertex 199.64000000000001 -80.200000000000003 0.15999999999999998
    endloop
  endfacet
  facet normal 0.70710678118661774 0 0.7071067811864773
    outer loop
      vertex 199.68000000000001 -80.120000000000005 0.12
      vertex 199.64000000000001 -80.159999999999997 0.15999999999999998
      vertex 199.64000000000001 -80.200000000000003 0.15999999999999998
    endloop
  endfacet
  facet normal 0.70710678118661774 0 0.70710678118647741
    outer loop
      vertex 199.68000000000001 -80.120000000000005 0.12
      vertex 199.64000000000001 -80.200000000000003 0.15999999999999998
      vertex 199.68000000000001 -80.200000000000003 0.12
    endloop
  endfacet
  facet normal 0.40824829046362687 0.40824829046391703 0.81649658092781707
    outer loop
      vertex 199.59999999999999 -80.040000000000006 0.12
      vertex 199.59999999999999 -80.120000000000005 0.15999999999999998
      vertex 199.64000000000001 -80.159999999999997 0.15999999999999998
    endloop
  endfacet
  facet normal 0.40824829046388073 0.40824829046395322 0.81649658092767197
    outer loop
      vertex 199.59999999999999 -80.040000000000006 0.12
      vertex 199.64000000000001 -80.159999999999997 0.15999999999999998
      vertex 199.68000000000001 -80.120000000000005 0.12
    endloop
  endfacet
  facet normal 0.58834840541462941 -0.19611613513816337 0.78446454055268322
    outer loop
      vertex 199.59999999999999 -60.120000000000005 0.12
      vertex 199.63999999999999 -60 0.12
      vertex 199.59999999999999 -60 0.14999999999999999
    endloop
  endfacet
  facet normal 0.60000000000007647 0 0.79999999999994276
    outer loop
      vertex 199.63999999999999 -56.039999999999999 0.12
      vertex 199.59999999999999 -60 0.14999999999999999
      vertex 199.63999999999999 -60 0.12
    endloop
  endfacet
  facet normal 0.60000000000007636 0 0.79999999999994265
    outer loop
      vertex 199.59999999999999 -60 0.14999999999999999
      vertex 199.63999999999999 -56.039999999999999 0.12
      vertex 199.63999999999999 -40.200000000000003 0.12
    endloop
  endfacet
  facet normal 0.60000000000007636 -0 0.79999999999994265
    outer loop
      vertex 199.59999999999999 -60 0.14999999999999999
      vertex 199.63999999999999 -40.200000000000003 0.12
      vertex 199.59999999999999 -40.200000000000003 0.14999999999999999
    endloop
  endfacet
  facet normal 0.60000000000007636 0 0.79999999999994276
    outer loop
      vertex 199.63999999999999 -40.160000000000004 0.12
      vertex 199.59999999999999 -40.200000000000003 0.14999999999999999
      vertex 199.63999999999999 -40.200000000000003 0.12
    endloop
  endfacet
  facet normal 0.43643578047206638 0.21821789023597502 0.87287156094393314
    outer loop
      vertex 199.59999999999999 -40.079999999999998 0.12
      vertex 199.59999999999999 -40.200000000000003 0.14999999999999999
      vertex 199.63999999999999 -40.160000000000004 0.12
    endloop
  endfacet
endsolid terrain_band_9
