solid terrain_band_8
  facet normal -0.2182178902360031 -0.43643578047200637 0.8728715609439559
    outer loop
      vertex 40.160000000000004 -80.040000000000006 0.12
      vertex 40.106666666666669 -80.093333333333334 0.080000000000000016
      vertex 40.200000000000003 -80.140000000000001 0.080000000000000016
    endloop
  endfacet
  facet normal -0.21821789023595892 -0.43643578047199538 0.87287156094397245
    outer loop
      vertex 40.160000000000004 -80.040000000000006 0.12
      vertex 40.200000000000003 -80.140000000000001 0.080000000000000016
      vertex 40.200000000000003 -80.060000000000002 0.12
    endloop
  endfacet
  facet normal -0.59999999999999087 0 0.80000000000000682
    outer loop
      vertex 40.106666666666669 -80.093333333333334 0.080000000000000016
      vertex 40.160000000000004 -80.040000000000006 0.12
      vertex 40.160000000000004 -80 0.12
    endloop
  endfacet
  facet normal -0.59999999999999087 0 0.80000000000000682
    outer loop
      vertex 40.106666666666669 -80.093333333333334 0.080000000000000016
      vertex 40.160000000000004 -80 0.12
      vertex 40.106666666666669 -80 0.080000000000000016
    endloop
  endfacet
  facet normal -0.59999999999999098 0 0.80000000000000671
    outer loop
      vertex 40.160000000000004 -64.159999999999997 0.12
      vertex 40.106666666666669 -69.439999999999998 0.080000000000000016
      vertex 40.106666666666669 -80 0.080000000000000016
    endloop
  endfacet
  facet normal -0.59999999999999098 0 0.80000000000000682
    outer loop
      vertex 40.160000000000004 -64.159999999999997 0.12
      vertex 40.106666666666669 -80 0.080000000000000016
      vertex 40.160000000000004 -80 0.12
    endloop
  endfacet
  facet normal -0.59999999999999087 0 0.80000000000000682
    outer loop
      vertex 40.106666666666669 -69.439999999999998 0.080000000000000016
      vertex 40.160000000000004 -64.159999999999997 0.12
      vertex 40.160000000000004 -60.200000000000003 0.12
    endloop
  endfacet
  facet normal -0.59999999999999087 0 0.80000000000000682
    outer loop
      vertex 40.106666666666669 -69.439999999999998 0.080000000000000016
      vertex 40.160000000000004 -60.200000000000003 0.12
      vertex 40.106666666666669 -60.200000000000003 0.080000000000000016
    endloop
  endfacet
  facet normal -0.58834840541454358 0.19611613513818121 0.78446454055274328
    outer loop
      vertex 40.160000000000004 -60.039999999999999 0.080000000000000016
      vertex 40.106666666666669 -60.200000000000003 0.080000000000000016
      vertex 40.160000000000004 -60.200000000000003 0.12
    endloop
  endfacet
  facet normal -0.58834840541456634 0.19611613513817719 0.78446454055272719
    outer loop
      vertex 40.160000000000004 -60.039999999999999 0.080000000000000016
      vertex 40.160000000000004 -60.200000000000003 0.12
      vertex 40.200000000000003 -60.079999999999998 0.12
    endloop
  endfacet
  facet normal -0.58834840541455968 0.19611613513818657 0.78446454055272985
    outer loop
      vertex 40.160000000000004 -60.039999999999999 0.080000000000000016
      vertex 40.200000000000003 -60.079999999999998 0.12
      vertex 40.200000000000003 -60 0.10000000000000001
    endloop
  endfacet
  facet normal -0.44721359549996542 0 0.89442719099991219
    outer loop
      vertex 40.160000000000004 -60.039999999999999 0.080000000000000016
      vertex 40.200000000000003 -60 0.10000000000000001
      vertex 40.160000000000004 -60 0.080000000000000016
    endloop
  endfacet
  facet normal -0.44721359549996537 0 0.89442719099991208
    outer loop
      vertex 40.160000000000004 -44.159999999999997 0.080000000000000016
      vertex 40.160000000000004 -60 0.080000000000000016
      vertex 40.200000000000003 -60 0.10000000000000001
    endloop
  endfacet
  facet normal -0.44721359549996537 0 0.89442719099991208
    outer loop
      vertex 40.160000000000004 -44.159999999999997 0.080000000000000016
      vertex 40.200000000000003 -60 0.10000000000000001
      vertex 40.200000000000003 -40.200000000000003 0.10000000000000001
    endloop
  endfacet
  facet normal -0.44721359549996537 0 0.89442719099991208
    outer loop
      vertex 40.160000000000004 -44.159999999999997 0.080000000000000016
      vertex 40.200000000000003 -40.200000000000003 0.10000000000000001
      vertex 40.160000000000004 -40.200000000000003 0.080000000000000016
    endloop
  endfacet
  facet normal -0.43643578047199166 0.21821789023599583 0.87287156094396512
    outer loop
      vertex 40.160000000000004 -40.200000000000003 0.080000000000000016
      vertex 40.200000000000003 -40.200000000000003 0.10000000000000001
      vertex 40.200000000000003 -40.120000000000005 0.080000000000000016
    endloop
  endfacet
  facet normal -0.23570226039552022 -0.23570226039552022 0.94280904158206125
    outer loop
      vertex 40.160000000000004 -20.039999999999999 0.080000000000000016
      vertex 40.200000000000003 -20.079999999999998 0.080000000000000016
      vertex 40.200000000000003 -20 0.10000000000000001
    endloop
  endfacet
  facet normal -0.44721359549996542 0 0.89442719099991219
    outer loop
      vertex 40.160000000000004 -20.039999999999999 0.080000000000000016
      vertex 40.200000000000003 -20 0.10000000000000001
      vertex 40.160000000000004 -20 0.080000000000000016
    endloop
  endfacet
  facet normal -0.44721359549996548 0 0.8944271909999123
    outer loop
      vertex 40.160000000000004 -12.159999999999998 0.080000000000000016
      vertex 40.160000000000004 -20 0.080000000000000016
      vertex 40.200000000000003 -20 0.10000000000000001
    endloop
  endfacet
  facet normal -0.44721359549996542 0 0.89442719099991219
    outer loop
      vertex 40.160000000000004 -12.159999999999998 0.080000000000000016
      vertex 40.200000000000003 -20 0.10000000000000001
      vertex 40.200000000000003 -10.199999999999999 0.10000000000000001
    endloop
  endfacet
  facet normal -0.44721359549996537 0 0.89442719099991208
    outer loop
      vertex 40.160000000000004 -12.159999999999997 0.080000000000000016
      vertex 40.200000000000003 -10.199999999999999 0.10000000000000001
      vertex 40.160000000000004 -10.199999999999999 0.080000000000000016
    endloop
  endfacet
  facet normal -0.43643578047197634 -0.21821789023599539 0.87287156094397311
    outer loop
      vertex 40.160000000000004 -10.040000000000001 0.12
      vertex 40.106666666666669 -10.093333333333334 0.080000000000000016
      vertex 40.160000000000004 -10.199999999999999 0.080000000000000016
    endloop
  endfacet
  facet normal -0.43643578047199194 -0.21821789023599356 0.87287156094396567
    outer loop
      vertex 40.160000000000004 -10.040000000000001 0.12
      vertex 40.160000000000004 -10.199999999999999 0.080000000000000016
      vertex 40.200000000000003 -10.199999999999999 0.10000000000000001
    endloop
  endfacet
  facet normal -0.43643578047198428 -0.21821789023599214 0.87287156094396978
    outer loop
      vertex 40.160000000000004 -10.040000000000001 0.12
      vertex 40.200000000000003 -10.199999999999999 0.10000000000000001
      vertex 40.200000000000003 -10.119999999999999 0.12
    endloop
  endfacet
  facet normal -0.59999999999999087 0 0.80000000000000682
    outer loop
      vertex 40.106666666666669 -10.093333333333334 0.080000000000000016
      vertex 40.160000000000004 -10.040000000000001 0.12
      vertex 40.160000000000004 -10 0.12
    endloop
  endfacet
  facet normal -0.59999999999999087 0 0.80000000000000682
    outer loop
      vertex 40.106666666666669 -10.093333333333334 0.080000000000000016
      vertex 40.160000000000004 -10 0.12
      vertex 40.106666666666669 -10 0.080000000000000016
    endloop
  endfacet
  facet normal -0.59999999999999098 0 0.80000000000000682
    outer loop
      vertex 40.160000000000004 -2 0.12
      vertex 40.106666666666669 -4.6666666666666661 0.080000000000000016
      vertex 40.106666666666669 -10 0.080000000000000016
    endloop
  endfacet
  facet normal -0.59999999999999098 0 0.80000000000000682
    outer loop
      vertex 40.160000000000004 -2 0.12
      vertex 40.106666666666669 -10 0.080000000000000016
      vertex 40.160000000000004 -10 0.12
    endloop
  endfacet
  facet normal -0.59999999999999087 0 0.80000000000000682
    outer loop
      vertex 40.106666666666669 -4.6666666666666661 0.080000000000000016
      vertex 40.160000000000004 -2.0000000000000004 0.12
      vertex 40.160000000000004 0 0.12
    endloop
  endfacet
  facet normal -0.59999999999999087 0 0.80000000000000682
    outer loop
      vertex 40.106666666666669 -4.6666666666666661 0.080000000000000016
      vertex 40.160000000000004 0 0.12
      vertex 40.106666666666669 0 0.080000000000000016
    endloop
  endfacet
  facet normal -0.58834840541454292 0.19611613513818549 0.78446454055274251
    outer loop
      vertex 40.160000000000004 0.16000000000000003 0.080000000000000016
      vertex 40.106666666666669 0 0.080000000000000016
      vertex 40.160000000000004 0 0.12
    endloop
  endfacet
  facet normal -0.58834840541456013 0.19611613513818249 0.7844645405527304
    outer loop
      vertex 40.160000000000004 0.16000000000000003 0.080000000000000016
      vertex 40.160000000000004 0 0.12
      vertex 40.200000000000003 0.12000000000000002 0.12
    endloop
  endfacet
  facet normal -0.58834840541456002 0.19611613513818257 0.78446454055273052
    outer loop
      vertex 40.160000000000004 0.16000000000000003 0.080000000000000016
      vertex 40.200000000000003 0.12000000000000002 0.12
      vertex 40.200000000000003 0.20000000000000001 0.10000000000000001
    endloop
  endfacet
  facet normal -0.44721359549996537 0 0.89442719099991219
    outer loop
      vertex 40.160000000000004 0.16000000000000003 0.080000000000000016
      vertex 40.200000000000003 0.20000000000000001 0.10000000000000001
      vertex 40.160000000000004 0.20000000000000001 0.080000000000000016
    endloop
  endfacet
  facet normal -0.44721359549996537 0 0.89442719099991208
    outer loop
      vertex 40.160000000000004 8.0400000000000009 0.080000000000000016
      vertex 40.160000000000004 0.20000000000000001 0.080000000000000016
      vertex 40.200000000000003 0.20000000000000001 0.10000000000000001
    endloop
  endfacet
  facet normal -0.44721359549996542 0 0.89442719099991219
    outer loop
      vertex 40.160000000000004 8.0400000000000009 0.080000000000000016
      vertex 40.200000000000003 0.20000000000000001 0.10000000000000001
      vertex 40.200000000000003 10 0.10000000000000001
    endloop
  endfacet
  facet normal -0.44721359549996537 0 0.89442719099991208
    outer loop
      vertex 40.160000000000004 8.0400000000000027 0.080000000000000016
      vertex 40.200000000000003 10 0.10000000000000001
      vertex 40.160000000000004 10 0.080000000000000016
    endloop
  endfacet
  facet normal -0.43643578047197634 -0.21821789023599539 0.87287156094397311
    outer loop
      vertex 40.160000000000004 10.159999999999998 0.12
      vertex 40.106666666666669 10.106666666666666 0.080000000000000016
      vertex 40.160000000000004 10 0.080000000000000016
    endloop
  endfacet
  facet normal -0.43643578047199194 -0.21821789023599356 0.87287156094396567
    outer loop
      vertex 40.160000000000004 10.159999999999998 0.12
      vertex 40.160000000000004 10 0.080000000000000016
      vertex 40.200000000000003 10 0.10000000000000001
    endloop
  endfacet
  facet normal -0.43643578047198428 -0.21821789023599214 0.87287156094396978
    outer loop
      vertex 40.160000000000004 10.159999999999998 0.12
      vertex 40.200000000000003 10 0.10000000000000001
      vertex 40.200000000000003 10.08 0.12
    endloop
  endfacet
  facet normal -0.59999999999999087 0 0.80000000000000682
    outer loop
      vertex 40.106666666666669 10.106666666666666 0.080000000000000016
      vertex 40.160000000000004 10.159999999999998 0.12
      vertex 40.160000000000004 10.199999999999999 0.12
    endloop
  endfacet
  facet normal -0.59999999999999087 0 0.80000000000000682
    outer loop
      vertex 40.106666666666669 10.106666666666666 0.080000000000000016
      vertex 40.160000000000004 10.199999999999999 0.12
      vertex 40.106666666666669 10.199999999999999 0.080000000000000016
    endloop
  endfacet
  facet normal -0.59999999999999098 0 0.80000000000000693
    outer loop
      vertex 40.160000000000004 18.039999999999999 0.12
      vertex 40.106666666666669 15.426666666666668 0.080000000000000016
      vertex 40.106666666666669 10.199999999999999 0.080000000000000016
    endloop
  endfacet
  facet normal -0.59999999999999098 0 0.80000000000000682
    outer loop
      vertex 40.160000000000004 18.039999999999999 0.12
      vertex 40.106666666666669 10.199999999999999 0.080000000000000016
      vertex 40.160000000000004 10.199999999999999 0.12
    endloop
  endfacet
  facet normal -0.59999999999999098 0 0.80000000000000693
    outer loop
      vertex 40.106666666666669 15.426666666666668 0.080000000000000016
      vertex 40.160000000000004 18.039999999999999 0.12
      vertex 40.160000000000004 20 0.12
    endloop
  endfacet
  facet normal -0.59999999999999098 0 0.80000000000000682
    outer loop
      vertex 40.106666666666669 15.426666666666668 0.080000000000000016
      vertex 40.160000000000004 20 0.12
      vertex 40.106666666666669 20 0.080000000000000016
    endloop
  endfacet
  facet normal -0.58834840541454303 0.19611613513818538 0.78446454055274262
    outer loop
      vertex 40.160000000000004 20.16 0.080000000000000016
      vertex 40.106666666666669 20 0.080000000000000016
      vertex 40.160000000000004 20 0.12
    endloop
  endfacet
  facet normal -0.58834840541456301 0.19611613513818185 0.78446454055272852
    outer loop
      vertex 40.160000000000004 20.16 0.080000000000000016
      vertex 40.160000000000004 20 0.12
      vertex 40.200000000000003 20.120000000000001 0.12
    endloop
  endfacet
  facet normal -0.58834840541455968 0.19611613513818657 0.78446454055272985
    outer loop
      vertex 40.160000000000004 20.16 0.080000000000000016
      vertex 40.200000000000003 20.120000000000001 0.12
      vertex 40.200000000000003 20.199999999999999 0.10000000000000001
    endloop
  endfacet
  facet normal -0.44721359549996542 0 0.89442719099991219
    outer loop
      vertex 40.160000000000004 20.16 0.080000000000000016
      vertex 40.200000000000003 20.199999999999999 0.10000000000000001
      vertex 40.160000000000004 20.199999999999999 0.080000000000000016
    endloop
  endfacet
  facet normal -0.44721359549996542 0 0.89442719099991219
    outer loop
      vertex 40.160000000000004 36.039999999999999 0.080000000000000016
      vertex 40.160000000000004 20.199999999999999 0.080000000000000016
      vertex 40.200000000000003 20.199999999999999 0.10000000000000001
    endloop
  endfacet
  facet normal -0.44721359549996548 0 0.89442719099991219
    outer loop
      vertex 40.160000000000004 36.039999999999999 0.080000000000000016
      vertex 40.200000000000003 20.199999999999999 0.10000000000000001
      vertex 40.200000000000003 40 0.10000000000000001
    endloop
  endfacet
  facet normal -0.44721359549996537 0 0.89442719099991208
    outer loop
      vertex 40.160000000000004 36.040000000000006 0.080000000000000016
      vertex 40.200000000000003 40 0.10000000000000001
      vertex 40.160000000000004 40 0.080000000000000016
    endloop
  endfacet
  facet normal -0.43643578047199166 0.21821789023599583 0.87287156094396512
    outer loop
      vertex 40.160000000000004 40 0.080000000000000016
      vertex 40.200000000000003 40 0.10000000000000001
      vertex 40.200000000000003 40.079999999999998 0.080000000000000016
    endloop
  endfacet
  facet normal -0.23570226039552022 -0.23570226039552022 0.94280904158206125
    outer loop
      vertex 40.160000000000004 60.160000000000004 0.080000000000000016
      vertex 40.200000000000003 60.120000000000005 0.080000000000000016
      vertex 40.200000000000003 60.200000000000003 0.10000000000000001
    endloop
  endfacet
  facet normal -0.44721359549996542 0 0.89442719099991219
    outer loop
      vertex 40.160000000000004 60.160000000000004 0.080000000000000016
      vertex 40.200000000000003 60.200000000000003 0.10000000000000001
      vertex 40.160000000000004 60.200000000000003 0.080000000000000016
    endloop
  endfacet
  facet normal -0.44721359549996537 0 0.89442719099991208
    outer loop
      vertex 40.160000000000004 76.040000000000006 0.080000000000000016
      vertex 40.160000000000004 60.200000000000003 0.080000000000000016
      vertex 40.200000000000003 60.200000000000003 0.10000000000000001
    endloop
  endfacet
  facet normal -0.44721359549996537 0 0.89442719099991208
    outer loop
      vertex 40.160000000000004 76.040000000000006 0.080000000000000016
      vertex 40.200000000000003 60.200000000000003 0.10000000000000001
      vertex 40.200000000000003 80 0.10000000000000001
    endloop
  endfacet
  facet normal -0.44721359549996537 0 0.89442719099991208
    outer loop
      vertex 40.160000000000004 76.040000000000006 0.080000000000000016
      vertex 40.200000000000003 80 0.10000000000000001
      vertex 40.160000000000004 80 0.080000000000000016
    endloop
  endfacet
  facet normal -0.40824829046388073 0.40824829046380828 0.81649658092774458
    outer loop
      vertex 40.160000000000004 80 0.080000000000000016
      vertex 40.200000000000003 80 0.10000000000000001
      vertex 40.200000000000003 80.040000000000006 0.080000000000000016
    endloop
  endfacet
  facet normal 0 -0.44721359549996537 0.89442719099991219
    outer loop
      vertex 40.340000000000003 -80.060000000000002 0.12
      vertex 40.260000000000005 -80.140000000000001 0.080000000000000016
      vertex 40.399999999999999 -80.140000000000001 0.080000000000000016
    endloop
  endfacet
  facet normal 0 -0.44721359549996537 0.89442719099991219
    outer loop
      vertex 40.340000000000003 -80.060000000000002 0.12
      vertex 40.399999999999999 -80.140000000000001 0.080000000000000016
      vertex 40.399999999999999 -80.060000000000002 0.12
    endloop
  endfacet
  facet normal 0 -0.44721359549996542 0.89442719099991219
    outer loop
      vertex 40.200000000000003 -80.060000000000002 0.12
      vertex 40.200000000000003 -80.140000000000001 0.080000000000000016
      vertex 40.260000000000005 -80.140000000000001 0.080000000000000016
    endloop
  endfacet
  facet normal 0 -0.44721359549996537 0.89442719099991219
    outer loop
      vertex 40.200000000000003 -80.060000000000002 0.12
      vertex 40.260000000000005 -80.140000000000001 0.080000000000000016
      vertex 40.340000000000003 -80.060000000000002 0.12
    endloop
  endfacet
  facet normal -0 0.24253562503633774 0.97014250014533077
    outer loop
      vertex 40.32 -60.079999999999998 0.12
      vertex 40.399999999999999 -60.079999999999998 0.12
      vertex 40.399999999999999 -60 0.10000000000000001
    endloop
  endfacet
  facet normal -0 0.24253562503633772 0.97014250014533077
    outer loop
      vertex 40.200000000000003 -60.079999999999998 0.12
      vertex 40.32 -60.079999999999998 0.12
      vertex 40.399999999999999 -60 0.10000000000000001
    endloop
  endfacet
  facet normal 0 0.24253562503633774 0.97014250014533077
    outer loop
      vertex 40.200000000000003 -60.079999999999998 0.12
      vertex 40.399999999999999 -60 0.10000000000000001
      vertex 40.200000000000003 -60 0.10000000000000001
    endloop
  endfacet
  facet normal 0 0 1
    outer loop
      vertex 40.200000000000003 -60 0.10000000000000001
      vertex 40.399999999999999 -60 0.10000000000000001
      vertex 40.399999999999999 -40.200000000000003 0.10000000000000001
    endloop
  endfacet
  facet normal 0 0 1
    outer loop
      vertex 40.200000000000003 -60 0.10000000000000001
      vertex 40.399999999999999 -40.200000000000003 0.10000000000000001
      vertex 40.200000000000003 -40.200000000000003 0.10000000000000001
    endloop
  endfacet
  facet normal 0 0.24253562503633774 0.97014250014533077
    outer loop
      vertex 40.280000000000001 -40.120000000000005 0.080000000000000016
      vertex 40.200000000000003 -40.200000000000003 0.10000000000000001
      vertex 40.399999999999999 -40.200000000000003 0.10000000000000001
    endloop
  endfacet
  facet normal -0 0.24253562503633772 0.97014250014533077
    outer loop
      vertex 40.280000000000001 -40.120000000000005 0.080000000000000016
      vertex 40.399999999999999 -40.200000000000003 0.10000000000000001
      vertex 40.399999999999999 -40.120000000000005 0.080000000000000016
    endloop
  endfacet
  facet normal -0 0.24253562503633774 0.97014250014533077
    outer loop
      vertex 40.200000000000003 -40.120000000000005 0.080000000000000016
      vertex 40.200000000000003 -40.200000000000003 0.10000000000000001
      vertex 40.280000000000001 -40.120000000000005 0.080000000000000016
    endloop
  endfacet
  facet normal 0 -0.24253562503633774 0.97014250014533077
    outer loop
      vertex 40.32 -20.079999999999998 0.080000000000000016
      vertex 40.399999999999999 -20.079999999999998 0.080000000000000016
      vertex 40.399999999999999 -20 0.10000000000000001
    endloop
  endfacet
  facet normal 0 -0.24253562503633772 0.97014250014533077
    outer loop
      vertex 40.200000000000003 -20.079999999999998 0.080000000000000016
      vertex 40.32 -20.079999999999998 0.080000000000000016
      vertex 40.399999999999999 -20 0.10000000000000001
    endloop
  endfacet
  facet normal 0 -0.24253562503633774 0.97014250014533077
    outer loop
      vertex 40.200000000000003 -20.079999999999998 0.080000000000000016
      vertex 40.399999999999999 -20 0.10000000000000001
      vertex 40.200000000000003 -20 0.10000000000000001
    endloop
  endfacet
  facet normal 0 0 1
    outer loop
      vertex 40.200000000000003 -20 0.10000000000000001
      vertex 40.399999999999999 -20 0.10000000000000001
      vertex 40.399999999999999 -10.199999999999999 0.10000000000000001
    endloop
  endfacet
  facet normal 0 0 1
    outer loop
      vertex 40.200000000000003 -20 0.10000000000000001
      vertex 40.399999999999999 -10.199999999999999 0.10000000000000001
      vertex 40.200000000000003 -10.199999999999999 0.10000000000000001
    endloop
  endfacet
  facet normal 0 -0.24253562503633269 0.97014250014533199
    outer loop
      vertex 40.280000000000001 -10.119999999999999 0.12
      vertex 40.200000000000003 -10.199999999999999 0.10000000000000001
      vertex 40.399999999999999 -10.199999999999999 0.10000000000000001
    endloop
  endfacet
  facet normal 0 -0.24253562503633266 0.97014250014533188
    outer loop
      vertex 40.280000000000001 -10.119999999999999 0.12
      vertex 40.399999999999999 -10.199999999999999 0.10000000000000001
      vertex 40.399999999999999 -10.119999999999999 0.12
    endloop
  endfacet
  facet normal 0 -0.24253562503633266 0.97014250014533199
    outer loop
      vertex 40.200000000000003 -10.119999999999999 0.12
      vertex 40.200000000000003 -10.199999999999999 0.10000000000000001
      vertex 40.280000000000001 -10.119999999999999 0.12
    endloop
  endfacet
  facet normal -0 0.24253562503633291 0.97014250014533188
    outer loop
      vertex 40.32 0.12000000000000002 0.12
      vertex 40.399999999999999 0.12000000000000002 0.12
      vertex 40.399999999999999 0.20000000000000001 0.10000000000000001
    endloop
  endfacet
  facet normal -0 0.24253562503633289 0.97014250014533188
    outer loop
      vertex 40.200000000000003 0.12000000000000002 0.12
      vertex 40.32 0.12000000000000002 0.12
      vertex 40.399999999999999 0.20000000000000001 0.10000000000000001
    endloop
  endfacet
  facet normal 0 0.24253562503633289 0.97014250014533199
    outer loop
      vertex 40.200000000000003 0.12000000000000002 0.12
      vertex 40.399999999999999 0.20000000000000001 0.10000000000000001
      vertex 40.200000000000003 0.20000000000000001 0.10000000000000001
    endloop
  endfacet
  facet normal 0 0 1
    outer loop
      vertex 40.200000000000003 0.20000000000000001 0.10000000000000001
      vertex 40.399999999999999 0.20000000000000001 0.10000000000000001
      vertex 40.399999999999999 10 0.10000000000000001
    endloop
  endfacet
  facet normal 0 0 1
    outer loop
      vertex 40.200000000000003 0.20000000000000001 0.10000000000000001
      vertex 40.399999999999999 10 0.10000000000000001
      vertex 40.200000000000003 10 0.10000000000000001
    endloop
  endfacet
  facet normal 0 -0.24253562503633269 0.97014250014533199
    outer loop
      vertex 40.280000000000001 10.08 0.12
      vertex 40.200000000000003 10 0.10000000000000001
      vertex 40.399999999999999 10 0.10000000000000001
    endloop
  endfacet
  facet normal 0 -0.24253562503633266 0.97014250014533188
    outer loop
      vertex 40.280000000000001 10.08 0.12
      vertex 40.399999999999999 10 0.10000000000000001
      vertex 40.399999999999999 10.08 0.12
    endloop
  endfacet
  facet normal 0 -0.24253562503633266 0.97014250014533199
    outer loop
      vertex 40.200000000000003 10.08 0.12
      vertex 40.200000000000003 10 0.10000000000000001
      vertex 40.280000000000001 10.08 0.12
    endloop
  endfacet
  facet normal -0 0.24253562503633774 0.97014250014533077
    outer loop
      vertex 40.32 20.120000000000001 0.12
      vertex 40.399999999999999 20.120000000000001 0.12
      vertex 40.399999999999999 20.199999999999999 0.10000000000000001
    endloop
  endfacet
  facet normal -0 0.24253562503633772 0.97014250014533077
    outer loop
      vertex 40.200000000000003 20.120000000000001 0.12
      vertex 40.32 20.120000000000001 0.12
      vertex 40.399999999999999 20.199999999999999 0.10000000000000001
    endloop
  endfacet
  facet normal 0 0.24253562503633774 0.97014250014533077
    outer loop
      vertex 40.200000000000003 20.120000000000001 0.12
      vertex 40.399999999999999 20.199999999999999 0.10000000000000001
      vertex 40.200000000000003 20.199999999999999 0.10000000000000001
    endloop
  endfacet
  facet normal 0 0 1
    outer loop
      vertex 40.200000000000003 20.199999999999999 0.10000000000000001
      vertex 40.399999999999999 20.199999999999999 0.10000000000000001
      vertex 40.399999999999999 40 0.10000000000000001
    endloop
  endfacet
  facet normal 0 0 1
    outer loop
      vertex 40.200000000000003 20.199999999999999 0.10000000000000001
      vertex 40.399999999999999 40 0.10000000000000001
      vertex 40.200000000000003 40 0.10000000000000001
    endloop
  endfacet
  facet normal 0 0.24253562503633774 0.97014250014533077
    outer loop
      vertex 40.280000000000001 40.079999999999998 0.080000000000000016
      vertex 40.200000000000003 40 0.10000000000000001
      vertex 40.399999999999999 40 0.10000000000000001
    endloop
  endfacet
  facet normal -0 0.24253562503633772 0.97014250014533077
    outer loop
      vertex 40.280000000000001 40.079999999999998 0.080000000000000016
      vertex 40.399999999999999 40 0.10000000000000001
      vertex 40.399999999999999 40.079999999999998 0.080000000000000016
    endloop
  endfacet
  facet normal -0 0.24253562503633774 0.97014250014533077
    outer loop
      vertex 40.200000000000003 40.079999999999998 0.080000000000000016
      vertex 40.200000000000003 40 0.10000000000000001
      vertex 40.280000000000001 40.079999999999998 0.080000000000000016
    endloop
  endfacet
  facet normal 0 -0.24253562503633774 0.97014250014533077
    outer loop
      vertex 40.32 60.120000000000005 0.080000000000000016
      vertex 40.399999999999999 60.120000000000005 0.080000000000000016
      vertex 40.399999999999999 60.200000000000003 0.10000000000000001
    endloop
  endfacet
  facet normal 0 -0.24253562503633772 0.97014250014533077
    outer loop
      vertex 40.200000000000003 60.120000000000005 0.080000000000000016
      vertex 40.32 60.120000000000005 0.080000000000000016
      vertex 40.399999999999999 60.200000000000003 0.10000000000000001
    endloop
  endfacet
  facet normal 0 -0.24253562503633774 0.97014250014533077
    outer loop
      vertex 40.200000000000003 60.120000000000005 0.080000000000000016
      vertex 40.399999999999999 60.200000000000003 0.10000000000000001
      vertex 40.200000000000003 60.200000000000003 0.10000000000000001
    endloop
  endfacet
  facet normal 0 0 1
    outer loop
      vertex 40.200000000000003 60.200000000000003 0.10000000000000001
      vertex 40.399999999999999 60.200000000000003 0.10000000000000001
      vertex 40.399999999999999 80 0.10000000000000001
    endloop
  endfacet
  facet normal 0 0 1
    outer loop
      vertex 40.200000000000003 60.200000000000003 0.10000000000000001
      vertex 40.399999999999999 80 0.10000000000000001
      vertex 40.200000000000003 80 0.10000000000000001
    endloop
  endfacet
  facet normal 0 0.44721359549990192 0.89442719099994406
    outer loop
      vertex 40.240000000000002 80.040000000000006 0.080000000000000016
      vertex 40.200000000000003 80 0.10000000000000001
      vertex 40.399999999999999 80 0.10000000000000001
    endloop
  endfacet
  facet normal -0 0.44721359549990186 0.89442719099994394
    outer loop
      vertex 40.240000000000002 80.040000000000006 0.080000000000000016
      vertex 40.399999999999999 80 0.10000000000000001
      vertex 40.399999999999999 80.040000000000006 0.080000000000000016
    endloop
  endfacet
  facet normal -0 0.44721359549990186 0.89442719099994394
    outer loop
      vertex 40.200000000000003 80.040000000000006 0.080000000000000016
      vertex 40.200000000000003 80 0.10000000000000001
      vertex 40.240000000000002 80.040000000000006 0.080000000000000016
    endloop
  endfacet
  facet normal 0 -0.44721359549996542 0.89442719099991219
    outer loop
      vertex 43.899999999999999 -80.060000000000002 0.12
      vertex 41.899999999999999 -80.140000000000001 0.080000000000000016
      vertex 45.399999999999999 -80.140000000000001 0.080000000000000016
    endloop
  endfacet
  facet normal 0 -0.44721359549996537 0.89442719099991208
    outer loop
      vertex 43.899999999999999 -80.060000000000002 0.12
      vertex 45.399999999999999 -80.140000000000001 0.080000000000000016
      vertex 45.399999999999999 -80.060000000000002 0.12
    endloop
  endfacet
  facet normal 0 -0.44721359549996537 0.89442719099991208
    outer loop
      vertex 40.399999999999999 -80.060000000000002 0.12
      vertex 40.399999999999999 -80.140000000000001 0.080000000000000016
      vertex 41.899999999999999 -80.140000000000001 0.080000000000000016
    endloop
  endfacet
  facet normal 0 -0.44721359549996542 0.89442719099991219
    outer loop
      vertex 40.399999999999999 -80.060000000000002 0.12
      vertex 41.899999999999999 -80.140000000000001 0.080000000000000016
      vertex 43.899999999999999 -80.060000000000002 0.12
    endloop
  endfacet
  facet normal -0 0.24253562503633772 0.97014250014533066
    outer loop
      vertex 43.399999999999999 -60.079999999999998 0.12
      vertex 45.399999999999999 -60.079999999999998 0.12
      vertex 45.399999999999999 -60 0.10000000000000001
    endloop
  endfacet
  facet normal -0 0.24253562503633772 0.97014250014533066
    outer loop
      vertex 40.399999999999999 -60.079999999999998 0.12
      vertex 43.399999999999999 -60.079999999999998 0.12
      vertex 45.399999999999999 -60 0.10000000000000001
    endloop
  endfacet
  facet normal 0 0.24253562503633774 0.97014250014533077
    outer loop
      vertex 40.399999999999999 -60.079999999999998 0.12
      vertex 45.399999999999999 -60 0.10000000000000001
      vertex 40.399999999999999 -60 0.10000000000000001
    endloop
  endfacet
  facet normal 0 0 1
    outer loop
      vertex 40.399999999999999 -60 0.10000000000000001
      vertex 45.399999999999999 -60 0.10000000000000001
      vertex 45.399999999999999 -40.200000000000003 0.10000000000000001
    endloop
  endfacet
  facet normal 0 0 1
    outer loop
      vertex 40.399999999999999 -60 0.10000000000000001
      vertex 45.399999999999999 -40.200000000000003 0.10000000000000001
      vertex 40.399999999999999 -40.200000000000003 0.10000000000000001
    endloop
  endfacet
  facet normal 0 0.24253562503633774 0.97014250014533077
    outer loop
      vertex 42.399999999999999 -40.120000000000005 0.080000000000000016
      vertex 40.399999999999999 -40.200000000000003 0.10000000000000001
      vertex 45.399999999999999 -40.200000000000003 0.10000000000000001
    endloop
  endfacet
  facet normal -0 0.24253562503633772 0.97014250014533066
    outer loop
      vertex 42.399999999999999 -40.120000000000005 0.080000000000000016
      vertex 45.399999999999999 -40.200000000000003 0.10000000000000001
      vertex 45.399999999999999 -40.120000000000005 0.080000000000000016
    endloop
  endfacet
  facet normal -0 0.24253562503633772 0.97014250014533066
    outer loop
      vertex 40.399999999999999 -40.120000000000005 0.080000000000000016
      vertex 40.399999999999999 -40.200000000000003 0.10000000000000001
      vertex 42.399999999999999 -40.120000000000005 0.080000000000000016
    endloop
  endfacet
  facet normal 0 -0.44721359549994955 0.89442719099992019
    outer loop
      vertex 43.899999999999999 -20.059999999999999 0.12
      vertex 41.899999999999999 -20.140000000000001 0.080000000000000016
      vertex 45.399999999999999 -20.140000000000001 0.080000000000000016
    endloop
  endfacet
  facet normal 0 -0.44721359549994943 0.89442719099991996
    outer loop
      vertex 43.899999999999999 -20.059999999999999 0.12
      vertex 45.399999999999999 -20.140000000000001 0.080000000000000016
      vertex 45.399999999999999 -20.059999999999999 0.12
    endloop
  endfacet
  facet normal -0.0097009684960299349 -0.24252421240073921 0.97009684960298692
    outer loop
      vertex 40.399999999999999 -20.079999999999998 0.080000000000000016
      vertex 41.899999999999999 -20.140000000000001 0.080000000000000016
      vertex 43.899999999999999 -20.059999999999999 0.12
    endloop
  endfacet
  facet normal -0.0097009684960298343 -0.24252421240075103 0.97009684960298392
    outer loop
      vertex 40.399999999999999 -20.079999999999998 0.080000000000000016
      vertex 43.899999999999999 -20.059999999999999 0.12
      vertex 42.399999999999999 -20 0.12
    endloop
  endfacet
  facet normal -0.009700968496029836 -0.24252421240075106 0.97009684960298403
    outer loop
      vertex 40.399999999999999 -20.079999999999998 0.080000000000000016
      vertex 42.399999999999999 -20 0.12
      vertex 40.399999999999999 -20 0.10000000000000001
    endloop
  endfacet
  facet normal -0.0099995000374968699 0 0.99995000374968757
    outer loop
      vertex 42.399999999999999 -16.080000000000002 0.12
      vertex 40.399999999999999 -20 0.10000000000000001
      vertex 42.399999999999999 -20 0.12
    endloop
  endfacet
  facet normal -0.0099995000374968716 0 0.99995000374968757
    outer loop
      vertex 40.399999999999999 -20 0.10000000000000001
      vertex 42.399999999999999 -16.080000000000002 0.12
      vertex 42.399999999999999 -10.199999999999999 0.12
    endloop
  endfacet
  facet normal -0.0099995000374968716 0 0.99995000374968757
    outer loop
      vertex 40.399999999999999 -20 0.10000000000000001
      vertex 42.399999999999999 -10.199999999999999 0.12
      vertex 40.399999999999999 -10.199999999999999 0.10000000000000001
    endloop
  endfacet
  facet normal -0.009700968496029836 -0.24252421240075106 0.97009684960298403
    outer loop
      vertex 41.399999999999999 -10.16 0.12
      vertex 40.399999999999999 -10.199999999999999 0.10000000000000001
      vertex 42.399999999999999 -10.199999999999999 0.12
    endloop
  endfacet
  facet normal -0.0097009684960300616 -0.24252421240074595 0.97009684960298515
    outer loop
      vertex 40.399999999999999 -10.119999999999999 0.12
      vertex 40.399999999999999 -10.199999999999999 0.10000000000000001
      vertex 41.399999999999999 -10.16 0.12
    endloop
  endfacet
  facet normal -0.0089439141605875822 0.44719570802937908 0.89439141605875816
    outer loop
      vertex 43.399999999999999 0.12000000000000002 0.12
      vertex 45.399999999999999 0.16000000000000003 0.12
      vertex 45.399999999999999 0.20000000000000001 0.10000000000000001
    endloop
  endfacet
  facet normal -0 0.24253562503633289 0.97014250014533188
    outer loop
      vertex 40.399999999999999 0.12000000000000002 0.12
      vertex 43.399999999999999 0.12000000000000002 0.12
      vertex 45.399999999999999 0.20000000000000001 0.10000000000000001
    endloop
  endfacet
  facet normal 0 0.24253562503633291 0.97014250014533188
    outer loop
      vertex 40.399999999999999 0.12000000000000002 0.12
      vertex 45.399999999999999 0.20000000000000001 0.10000000000000001
      vertex 40.399999999999999 0.20000000000000001 0.10000000000000001
    endloop
  endfacet
  facet normal 0 0 1
    outer loop
      vertex 40.399999999999999 0.20000000000000001 0.10000000000000001
      vertex 45.399999999999999 0.20000000000000001 0.10000000000000001
      vertex 45.399999999999999 10 0.10000000000000001
    endloop
  endfacet
  facet normal 0 0 1
    outer loop
      vertex 40.399999999999999 0.20000000000000001 0.10000000000000001
      vertex 45.399999999999999 10 0.10000000000000001
      vertex 40.399999999999999 10 0.10000000000000001
    endloop
  endfacet
  facet normal 0 -0.24253562503633269 0.9701425001453321
    outer loop
      vertex 42.399999999999999 10.08 0.12
      vertex 40.399999999999999 10 0.10000000000000001
      vertex 45.399999999999999 10 0.10000000000000001
    endloop
  endfacet
  facet normal 0 -0.24253562503633266 0.97014250014533199
    outer loop
      vertex 42.399999999999999 10.08 0.12
      vertex 45.399999999999999 10 0.10000000000000001
      vertex 45.399999999999999 10.08 0.12
    endloop
  endfacet
  facet normal 0 -0.24253562503633266 0.97014250014533199
    outer loop
      vertex 40.399999999999999 10.08 0.12
      vertex 40.399999999999999 10 0.10000000000000001
      vertex 42.399999999999999 10.08 0.12
    endloop
  endfacet
  facet normal -0 0.24253562503633772 0.97014250014533066
    outer loop
      vertex 43.399999999999999 20.120000000000001 0.12
      vertex 45.399999999999999 20.120000000000001 0.12
      vertex 45.399999999999999 20.199999999999999 0.10000000000000001
    endloop
  endfacet
  facet normal -0 0.24253562503633772 0.97014250014533066
    outer loop
      vertex 40.399999999999999 20.120000000000001 0.12
      vertex 43.399999999999999 20.120000000000001 0.12
      vertex 45.399999999999999 20.199999999999999 0.10000000000000001
    endloop
  endfacet
  facet normal 0 0.24253562503633774 0.97014250014533077
    outer loop
      vertex 40.399999999999999 20.120000000000001 0.12
      vertex 45.399999999999999 20.199999999999999 0.10000000000000001
      vertex 40.399999999999999 20.199999999999999 0.10000000000000001
    endloop
  endfacet
  facet normal 0 0 1
    outer loop
      vertex 40.399999999999999 20.199999999999999 0.10000000000000001
      vertex 45.399999999999999 20.199999999999999 0.10000000000000001
      vertex 45.399999999999999 40 0.10000000000000001
    endloop
  endfacet
  facet normal 0 0 1
    outer loop
      vertex 40.399999999999999 20.199999999999999 0.10000000000000001
      vertex 45.399999999999999 40 0.10000000000000001
      vertex 40.399999999999999 40 0.10000000000000001
    endloop
  endfacet
  facet normal 0 0.24253562503633774 0.97014250014533077
    outer loop
      vertex 42.399999999999999 40.079999999999998 0.080000000000000016
      vertex 40.399999999999999 40 0.10000000000000001
      vertex 45.399999999999999 40 0.10000000000000001
    endloop
  endfacet
  facet normal -0 0.24253562503633772 0.97014250014533066
    outer loop
      vertex 42.399999999999999 40.079999999999998 0.080000000000000016
      vertex 45.399999999999999 40 0.10000000000000001
      vertex 45.399999999999999 40.079999999999998 0.080000000000000016
    endloop
  endfacet
  facet normal -0 0.24253562503633772 0.97014250014533066
    outer loop
      vertex 40.399999999999999 40.079999999999998 0.080000000000000016
      vertex 40.399999999999999 40 0.10000000000000001
      vertex 42.399999999999999 40.079999999999998 0.080000000000000016
    endloop
  endfacet
  facet normal 0 -0.24253562503633772 0.97014250014533066
    outer loop
      vertex 43.399999999999999 60.120000000000005 0.080000000000000016
      vertex 45.399999999999999 60.120000000000005 0.080000000000000016
      vertex 45.399999999999999 60.200000000000003 0.10000000000000001
    endloop
  endfacet
  facet normal 0 -0.24253562503633772 0.97014250014533066
    outer loop
      vertex 40.399999999999999 60.120000000000005 0.080000000000000016
      vertex 43.399999999999999 60.120000000000005 0.080000000000000016
      vertex 45.399999999999999 60.200000000000003 0.10000000000000001
    endloop
  endfacet
  facet normal 0 -0.24253562503633774 0.97014250014533077
    outer loop
      vertex 40.399999999999999 60.120000000000005 0.080000000000000016
      vertex 45.399999999999999 60.200000000000003 0.10000000000000001
      vertex 40.399999999999999 60.200000000000003 0.10000000000000001
    endloop
  endfacet
  facet normal 0 0 1
    outer loop
      vertex 40.399999999999999 60.200000000000003 0.10000000000000001
      vertex 45.399999999999999 60.200000000000003 0.10000000000000001
      vertex 45.399999999999999 80 0.10000000000000001
    endloop
  endfacet
  facet normal 0 0 1
    outer loop
      vertex 40.399999999999999 60.200000000000003 0.10000000000000001
      vertex 45.399999999999999 80 0.10000000000000001
      vertex 40.399999999999999 80 0.10000000000000001
    endloop
  endfacet
  facet normal 0 0.44721359549990181 0.89442719099994394
    outer loop
      vertex 41.399999999999999 80.040000000000006 0.080000000000000016
      vertex 40.399999999999999 80 0.10000000000000001
      vertex 45.399999999999999 80 0.10000000000000001
    endloop
  endfacet
  facet normal -0 0.44721359549990181 0.89442719099994383
    outer loop
      vertex 41.399999999999999 80.040000000000006 0.080000000000000016
      vertex 45.399999999999999 80 0.10000000000000001
      vertex 45.399999999999999 80.040000000000006 0.080000000000000016
    endloop
  endfacet
  facet normal -0 0.44721359549990181 0.89442719099994383
    outer loop
      vertex 40.399999999999999 80.040000000000006 0.080000000000000016
      vertex 40.399999999999999 80 0.10000000000000001
      vertex 41.399999999999999 80.040000000000006 0.080000000000000016
    endloop
  endfacet
  facet normal 0 -0.44721359549996537 0.89442719099991219
    outer loop
      vertex 45.539999999999999 -80.060000000000002 0.12
      vertex 45.460000000000001 -80.140000000000001 0.080000000000000016
      vertex 45.600000000000001 -80.140000000000001 0.080000000000000016
    endloop
  endfacet
  facet normal 0 -0.44721359549996542 0.89442719099991219
    outer loop
      vertex 45.539999999999999 -80.060000000000002 0.12
      vertex 45.600000000000001 -80.140000000000001 0.080000000000000016
      vertex 45.600000000000001 -80.060000000000002 0.12
    endloop
  endfacet
  facet normal 0 -0.44721359549996542 0.89442719099991219
    outer loop
      vertex 45.399999999999999 -80.060000000000002 0.12
      vertex 45.399999999999999 -80.140000000000001 0.080000000000000016
      vertex 45.460000000000001 -80.140000000000001 0.080000000000000016
    endloop
  endfacet
  facet normal 0 -0.44721359549996537 0.89442719099991219
    outer loop
      vertex 45.399999999999999 -80.060000000000002 0.12
      vertex 45.460000000000001 -80.140000000000001 0.080000000000000016
      vertex 45.539999999999999 -80.060000000000002 0.12
    endloop
  endfacet
  facet normal -0 0.24253562503633774 0.97014250014533077
    outer loop
      vertex 45.520000000000003 -60.079999999999998 0.12
      vertex 45.600000000000001 -60.079999999999998 0.12
      vertex 45.600000000000001 -60 0.10000000000000001
    endloop
  endfacet
  facet normal -0 0.24253562503633772 0.97014250014533077
    outer loop
      vertex 45.399999999999999 -60.079999999999998 0.12
      vertex 45.520000000000003 -60.079999999999998 0.12
      vertex 45.600000000000001 -60 0.10000000000000001
    endloop
  endfacet
  facet normal 0 0.24253562503633774 0.97014250014533077
    outer loop
      vertex 45.399999999999999 -60.079999999999998 0.12
      vertex 45.600000000000001 -60 0.10000000000000001
      vertex 45.399999999999999 -60 0.10000000000000001
    endloop
  endfacet
  facet normal 0 0 1
    outer loop
      vertex 45.399999999999999 -60 0.10000000000000001
      vertex 45.600000000000001 -60 0.10000000000000001
      vertex 45.600000000000001 -40.200000000000003 0.10000000000000001
    endloop
  endfacet
  facet normal 0 0 1
    outer loop
      vertex 45.399999999999999 -60 0.10000000000000001
      vertex 45.600000000000001 -40.200000000000003 0.10000000000000001
      vertex 45.399999999999999 -40.200000000000003 0.10000000000000001
    endloop
  endfacet
  facet normal 0 0.24253562503633774 0.97014250014533077
    outer loop
      vertex 45.479999999999997 -40.120000000000005 0.080000000000000016
      vertex 45.399999999999999 -40.200000000000003 0.10000000000000001
      vertex 45.600000000000001 -40.200000000000003 0.10000000000000001
    endloop
  endfacet
  facet normal -0 0.24253562503633772 0.97014250014533077
    outer loop
      vertex 45.479999999999997 -40.120000000000005 0.080000000000000016
      vertex 45.600000000000001 -40.200000000000003 0.10000000000000001
      vertex 45.600000000000001 -40.120000000000005 0.080000000000000016
    endloop
  endfacet
  facet normal -0 0.24253562503633774 0.97014250014533077
    outer loop
      vertex 45.399999999999999 -40.120000000000005 0.080000000000000016
      vertex 45.399999999999999 -40.200000000000003 0.10000000000000001
      vertex 45.479999999999997 -40.120000000000005 0.080000000000000016
    endloop
  endfacet
  facet normal 0 -0.44721359549994955 0.89442719099992019
    outer loop
      vertex 45.539999999999999 -20.059999999999999 0.12
      vertex 45.460000000000001 -20.140000000000001 0.080000000000000016
      vertex 45.600000000000001 -20.140000000000001 0.080000000000000016
    endloop
  endfacet
  facet normal 0 -0.44721359549994949 0.89442719099992019
    outer loop
      vertex 45.539999999999999 -20.059999999999999 0.12
      vertex 45.600000000000001 -20.140000000000001 0.080000000000000016
      vertex 45.600000000000001 -20.059999999999999 0.12
    endloop
  endfacet
  facet normal 0 -0.44721359549994949 0.89442719099992019
    outer loop
      vertex 45.399999999999999 -20.059999999999999 0.12
      vertex 45.399999999999999 -20.140000000000001 0.080000000000000016
      vertex 45.460000000000001 -20.140000000000001 0.080000000000000016
    endloop
  endfacet
  facet normal 0 -0.44721359549994955 0.89442719099992019
    outer loop
      vertex 45.399999999999999 -20.059999999999999 0.12
      vertex 45.460000000000001 -20.140000000000001 0.080000000000000016
      vertex 45.539999999999999 -20.059999999999999 0.12
    endloop
  endfacet
  facet normal -0 0.44721359549995793 0.89442719099991586
    outer loop
      vertex 45.560000000000002 0.16000000000000003 0.12
      vertex 45.600000000000001 0.16000000000000003 0.12
      vertex 45.600000000000001 0.20000000000000001 0.10000000000000001
    endloop
  endfacet
  facet normal -0 0.44721359549995798 0.89442719099991597
    outer loop
      vertex 45.399999999999999 0.16000000000000003 0.12
      vertex 45.560000000000002 0.16000000000000003 0.12
      vertex 45.600000000000001 0.20000000000000001 0.10000000000000001
    endloop
  endfacet
  facet normal 0 0.44721359549995793 0.89442719099991586
    outer loop
      vertex 45.399999999999999 0.16000000000000003 0.12
      vertex 45.600000000000001 0.20000000000000001 0.10000000000000001
      vertex 45.399999999999999 0.20000000000000001 0.10000000000000001
    endloop
  endfacet
  facet normal 0 0 1
    outer loop
      vertex 45.399999999999999 0.20000000000000001 0.10000000000000001
      vertex 45.600000000000001 0.20000000000000001 0.10000000000000001
      vertex 45.600000000000001 10 0.10000000000000001
    endloop
  endfacet
  facet normal 0 0 1
    outer loop
      vertex 45.399999999999999 0.20000000000000001 0.10000000000000001
      vertex 45.600000000000001 10 0.10000000000000001
      vertex 45.399999999999999 10 0.10000000000000001
    endloop
  endfacet
  facet normal 0 -0.24253562503633264 0.97014250014533199
    outer loop
      vertex 45.479999999999997 10.08 0.12
      vertex 45.399999999999999 10 0.10000000000000001
      vertex 45.600000000000001 10 0.10000000000000001
    endloop
  endfacet
  facet normal 0 -0.24253562503633264 0.97014250014533188
    outer loop
      vertex 45.479999999999997 10.08 0.12
      vertex 45.600000000000001 10 0.10000000000000001
      vertex 45.600000000000001 10.08 0.12
    endloop
  endfacet
  facet normal 0 -0.24253562503633266 0.97014250014533199
    outer loop
      vertex 45.399999999999999 10.08 0.12
      vertex 45.399999999999999 10 0.10000000000000001
      vertex 45.479999999999997 10.08 0.12
    endloop
  endfacet
  facet normal -0 0.24253562503633774 0.97014250014533077
    outer loop
      vertex 45.520000000000003 20.120000000000001 0.12
      vertex 45.600000000000001 20.120000000000001 0.12
      vertex 45.600000000000001 20.199999999999999 0.10000000000000001
    endloop
  endfacet
  facet normal -0 0.24253562503633772 0.97014250014533077
    outer loop
      vertex 45.399999999999999 20.120000000000001 0.12
      vertex 45.520000000000003 20.120000000000001 0.12
      vertex 45.600000000000001 20.199999999999999 0.10000000000000001
    endloop
  endfacet
  facet normal 0 0.24253562503633774 0.97014250014533077
    outer loop
      vertex 45.399999999999999 20.120000000000001 0.12
      vertex 45.600000000000001 20.199999999999999 0.10000000000000001
      vertex 45.399999999999999 20.199999999999999 0.10000000000000001
    endloop
  endfacet
  facet normal 0 0 1
    outer loop
      vertex 45.399999999999999 20.199999999999999 0.10000000000000001
      vertex 45.600000000000001 20.199999999999999 0.10000000000000001
      vertex 45.600000000000001 40 0.10000000000000001
    endloop
  endfacet
  facet normal 0 0 1
    outer loop
      vertex 45.399999999999999 20.199999999999999 0.10000000000000001
      vertex 45.600000000000001 40 0.10000000000000001
      vertex 45.399999999999999 40 0.10000000000000001
    endloop
  endfacet
  facet normal 0 0.24253562503633774 0.97014250014533077
    outer loop
      vertex 45.479999999999997 40.079999999999998 0.080000000000000016
      vertex 45.399999999999999 40 0.10000000000000001
      vertex 45.600000000000001 40 0.10000000000000001
    endloop
  endfacet
  facet normal -0 0.24253562503633772 0.97014250014533077
    outer loop
      vertex 45.479999999999997 40.079999999999998 0.080000000000000016
      vertex 45.600000000000001 40 0.10000000000000001
      vertex 45.600000000000001 40.079999999999998 0.080000000000000016
    endloop
  endfacet
  facet normal -0 0.24253562503633774 0.97014250014533077
    outer loop
      vertex 45.399999999999999 40.079999999999998 0.080000000000000016
      vertex 45.399999999999999 40 0.10000000000000001
      vertex 45.479999999999997 40.079999999999998 0.080000000000000016
    endloop
  endfacet
  facet normal 0 -0.24253562503633774 0.97014250014533077
    outer loop
      vertex 45.520000000000003 60.120000000000005 0.080000000000000016
      vertex 45.600000000000001 60.120000000000005 0.080000000000000016
      vertex 45.600000000000001 60.200000000000003 0.10000000000000001
    endloop
  endfacet
  facet normal 0 -0.24253562503633772 0.97014250014533077
    outer loop
      vertex 45.399999999999999 60.120000000000005 0.080000000000000016
      vertex 45.520000000000003 60.120000000000005 0.080000000000000016
      vertex 45.600000000000001 60.200000000000003 0.10000000000000001
    endloop
  endfacet
  facet normal 0 -0.24253562503633774 0.97014250014533077
    outer loop
      vertex 45.399999999999999 60.120000000000005 0.080000000000000016
      vertex 45.600000000000001 60.200000000000003 0.10000000000000001
      vertex 45.399999999999999 60.200000000000003 0.10000000000000001
    endloop
  endfacet
  facet normal 0 0 1
    outer loop
      vertex 45.399999999999999 60.200000000000003 0.10000000000000001
      vertex 45.600000000000001 60.200000000000003 0.10000000000000001
      vertex 45.600000000000001 80 0.10000000000000001
    endloop
  endfacet
  facet normal 0 0 1
    outer loop
      vertex 45.399999999999999 60.200000000000003 0.10000000000000001
      vertex 45.600000000000001 80 0.10000000000000001
      vertex 45.399999999999999 80 0.10000000000000001
    endloop
  endfacet
  facet normal 0 0.44721359549990192 0.89442719099994406
    outer loop
      vertex 45.439999999999998 80.040000000000006 0.080000000000000016
      vertex 45.399999999999999 80 0.10000000000000001
      vertex 45.600000000000001 80 0.10000000000000001
    endloop
  endfacet
  facet normal -0 0.44721359549990186 0.89442719099994394
    outer loop
      vertex 45.439999999999998 80.040000000000006 0.080000000000000016
      vertex 45.600000000000001 80 0.10000000000000001
      vertex 45.600000000000001 80.040000000000006 0.080000000000000016
    endloop
  endfacet
  facet normal -0 0.44721359549990186 0.89442719099994394
    outer loop
      vertex 45.399999999999999 80.040000000000006 0.080000000000000016
      vertex 45.399999999999999 80 0.10000000000000001
      vertex 45.439999999999998 80.040000000000006 0.080000000000000016
    endloop
  endfacet
  facet normal 0.55708601453116202 -0.371390676354108 0.74278135270820056
    outer loop
      vertex 45.600000000000001 -80.060000000000002 0.12
      vertex 45.600000000000001 -80.140000000000001 0.080000000000000016
      vertex 45.693333333333335 -80 0.080000000000000016
    endloop
  endfacet
  facet normal 0.55708601453115281 -0.37139067635407991 0.74278135270822132
    outer loop
      vertex 45.600000000000001 -80.060000000000002 0.12
      vertex 45.693333333333335 -80 0.080000000000000016
      vertex 45.640000000000001 -80 0.12
    endloop
  endfacet
  facet normal 0.59999999999999087 0 0.80000000000000682
    outer loop
      vertex 45.693333333333335 -70.760000000000005 0.080000000000000016
      vertex 45.640000000000001 -76.040000000000006 0.12
      vertex 45.640000000000001 -80 0.12
    endloop
  endfacet
  facet normal 0.59999999999999087 0 0.80000000000000682
    outer loop
      vertex 45.693333333333335 -70.760000000000005 0.080000000000000016
      vertex 45.640000000000001 -80 0.12
      vertex 45.693333333333335 -80 0.080000000000000016
    endloop
  endfacet
  facet normal 0.59999999999999098 0 0.80000000000000671
    outer loop
      vertex 45.640000000000001 -76.040000000000006 0.12
      vertex 45.693333333333335 -70.760000000000005 0.080000000000000016
      vertex 45.693333333333335 -60.200000000000003 0.080000000000000016
    endloop
  endfacet
  facet normal 0.59999999999999098 -0 0.80000000000000682
    outer loop
      vertex 45.640000000000001 -76.040000000000006 0.12
      vertex 45.693333333333335 -60.200000000000003 0.080000000000000016
      vertex 45.640000000000001 -60.200000000000003 0.12
    endloop
  endfacet
  facet normal 0.59999999999999098 0 0.80000000000000682
    outer loop
      vertex 45.693333333333335 -60.106666666666669 0.080000000000000016
      vertex 45.640000000000001 -60.160000000000004 0.12
      vertex 45.640000000000001 -60.200000000000003 0.12
    endloop
  endfacet
  facet normal 0.59999999999999087 0 0.80000000000000682
    outer loop
      vertex 45.693333333333335 -60.106666666666669 0.080000000000000016
      vertex 45.640000000000001 -60.200000000000003 0.12
      vertex 45.693333333333335 -60.200000000000003 0.080000000000000016
    endloop
  endfacet
  facet normal 0.43643578047198867 0.21821789023597496 0.872871560943972
    outer loop
      vertex 45.600000000000001 -60.079999999999998 0.12
      vertex 45.640000000000001 -60.160000000000004 0.12
      vertex 45.693333333333335 -60.106666666666669 0.080000000000000016
    endloop
  endfacet
  facet normal 0.43643578047199172 0.21821789023599586 0.87287156094396534
    outer loop
      vertex 45.600000000000001 -60.079999999999998 0.12
      vertex 45.693333333333335 -60.106666666666669 0.080000000000000016
      vertex 45.640000000000001 -60 0.080000000000000016
    endloop
  endfacet
  facet normal 0.43643578047199166 0.21821789023599583 0.87287156094396512
    outer loop
      vertex 45.600000000000001 -60.079999999999998 0.12
      vertex 45.640000000000001 -60 0.080000000000000016
      vertex 45.600000000000001 -60 0.10000000000000001
    endloop
  endfacet
  facet normal 0.44721359549996537 0 0.89442719099991208
    outer loop
      vertex 45.640000000000001 -56.040000000000006 0.080000000000000016
      vertex 45.600000000000001 -60 0.10000000000000001
      vertex 45.640000000000001 -60 0.080000000000000016
    endloop
  endfacet
  facet normal 0.44721359549996537 0 0.89442719099991208
    outer loop
      vertex 45.600000000000001 -60 0.10000000000000001
      vertex 45.640000000000001 -56.040000000000006 0.080000000000000016
      vertex 45.640000000000001 -40.200000000000003 0.080000000000000016
    endloop
  endfacet
  facet normal 0.44721359549996531 -0 0.89442719099991208
    outer loop
      vertex 45.600000000000001 -60 0.10000000000000001
      vertex 45.640000000000001 -40.200000000000003 0.080000000000000016
      vertex 45.600000000000001 -40.200000000000003 0.10000000000000001
    endloop
  endfacet
  facet normal 0.44721359549996542 0 0.89442719099991219
    outer loop
      vertex 45.640000000000001 -40.160000000000004 0.080000000000000016
      vertex 45.600000000000001 -40.200000000000003 0.10000000000000001
      vertex 45.640000000000001 -40.200000000000003 0.080000000000000016
    endloop
  endfacet
  facet normal 0.23570226039552022 0.23570226039552022 0.94280904158206125
    outer loop
      vertex 45.600000000000001 -40.120000000000005 0.080000000000000016
      vertex 45.600000000000001 -40.200000000000003 0.10000000000000001
      vertex 45.640000000000001 -40.160000000000004 0.080000000000000016
    endloop
  endfacet
  facet normal 0.55708601453114837 -0.37139067635409889 0.74278135270821533
    outer loop
      vertex 45.600000000000001 -20.059999999999999 0.12
      vertex 45.600000000000001 -20.140000000000001 0.080000000000000016
      vertex 45.693333333333335 -20 0.080000000000000016
    endloop
  endfacet
  facet normal 0.55708601453114837 -0.37139067635409889 0.74278135270821533
    outer loop
      vertex 45.600000000000001 -20.059999999999999 0.12
      vertex 45.693333333333335 -20 0.080000000000000016
      vertex 45.640000000000001 -20 0.12
    endloop
  endfacet
  facet normal 0.59999999999999098 0 0.80000000000000693
    outer loop
      vertex 45.693333333333335 -15.426666666666668 0.080000000000000016
      vertex 45.640000000000001 -18.039999999999999 0.12
      vertex 45.640000000000001 -20 0.12
    endloop
  endfacet
  facet normal 0.59999999999999098 0 0.80000000000000682
    outer loop
      vertex 45.693333333333335 -15.426666666666668 0.080000000000000016
      vertex 45.640000000000001 -20 0.12
      vertex 45.693333333333335 -20 0.080000000000000016
    endloop
  endfacet
  facet normal 0.59999999999999098 0 0.80000000000000693
    outer loop
      vertex 45.640000000000001 -18.039999999999999 0.12
      vertex 45.693333333333335 -15.426666666666668 0.080000000000000016
      vertex 45.693333333333335 -10.199999999999999 0.080000000000000016
    endloop
  endfacet
  facet normal 0.59999999999999098 -0 0.80000000000000682
    outer loop
      vertex 45.640000000000001 -18.039999999999999 0.12
      vertex 45.693333333333335 -10.199999999999999 0.080000000000000016
      vertex 45.640000000000001 -10.199999999999999 0.12
    endloop
  endfacet
  facet normal 0.59999999999999087 0 0.80000000000000682
    outer loop
      vertex 45.693333333333335 -10.106666666666666 0.080000000000000016
      vertex 45.640000000000001 -10.159999999999998 0.12
      vertex 45.640000000000001 -10.199999999999999 0.12
    endloop
  endfacet
  facet normal 0.59999999999999087 0 0.80000000000000682
    outer loop
      vertex 45.693333333333335 -10.106666666666666 0.080000000000000016
      vertex 45.640000000000001 -10.199999999999999 0.12
      vertex 45.693333333333335 -10.199999999999999 0.080000000000000016
    endloop
  endfacet
  facet normal 0.69631062382277054 -0.17407765595567523 0.69631062382281772
    outer loop
      vertex 45.640000000000001 -10.159999999999998 0.12
      vertex 45.693333333333335 -10.106666666666666 0.080000000000000016
      vertex 45.719999999999999 -10 0.080000000000000016
    endloop
  endfacet
  facet normal 0.69631062382279862 -0.17407765595569771 0.69631062382278408
    outer loop
      vertex 45.640000000000001 -10.159999999999998 0.12
      vertex 45.719999999999999 -10 0.080000000000000016
      vertex 45.68 -10 0.12
    endloop
  endfacet
  facet normal 0.7071067811865549 0 0.70710678118654013
    outer loop
      vertex 45.719999999999999 -4.0000000000000009 0.080000000000000016
      vertex 45.68 -6 0.12
      vertex 45.68 -10 0.12
    endloop
  endfacet
  facet normal 0.7071067811865549 0 0.70710678118654025
    outer loop
      vertex 45.719999999999999 -4.0000000000000009 0.080000000000000016
      vertex 45.68 -10 0.12
      vertex 45.719999999999999 -10 0.080000000000000016
    endloop
  endfacet
  facet normal 0.7071067811865549 0 0.70710678118654013
    outer loop
      vertex 45.68 -5.9999999999999991 0.12
      vertex 45.719999999999999 -4 0.080000000000000016
      vertex 45.719999999999999 0 0.080000000000000016
    endloop
  endfacet
  facet normal 0.7071067811865549 -0 0.70710678118654025
    outer loop
      vertex 45.68 -5.9999999999999991 0.12
      vertex 45.719999999999999 0 0.080000000000000016
      vertex 45.68 0 0.12
    endloop
  endfacet
  facet normal 0.70710678118655501 0 0.70710678118654013
    outer loop
      vertex 45.719999999999999 0.12 0.080000000000000016
      vertex 45.68 0.080000000000000016 0.12
      vertex 45.68 0 0.12
    endloop
  endfacet
  facet normal 0.7071067811865549 0 0.70710678118654013
    outer loop
      vertex 45.719999999999999 0.12 0.080000000000000016
      vertex 45.68 0 0.12
      vertex 45.719999999999999 0 0.080000000000000016
    endloop
  endfacet
  facet normal 0.40824829046387012 0.40824829046386141 0.81649658092772315
    outer loop
      vertex 45.600000000000001 0.16000000000000003 0.12
      vertex 45.68 0.080000000000000016 0.12
      vertex 45.719999999999999 0.12 0.080000000000000016
    endloop
  endfacet
  facet normal 0.40824829046387023 0.40824829046386146 0.81649658092772315
    outer loop
      vertex 45.600000000000001 0.16000000000000003 0.12
      vertex 45.719999999999999 0.12 0.080000000000000016
      vertex 45.640000000000001 0.20000000000000001 0.080000000000000016
    endloop
  endfacet
  facet normal 0.40824829046387007 0.40824829046386157 0.81649658092772315
    outer loop
      vertex 45.600000000000001 0.16000000000000003 0.12
      vertex 45.640000000000001 0.20000000000000001 0.080000000000000016
      vertex 45.600000000000001 0.20000000000000001 0.10000000000000001
    endloop
  endfacet
  facet normal 0.44721359549996531 0 0.89442719099991208
    outer loop
      vertex 45.640000000000001 2.1599999999999975 0.080000000000000016
      vertex 45.600000000000001 0.20000000000000001 0.10000000000000001
      vertex 45.640000000000001 0.20000000000000001 0.080000000000000016
    endloop
  endfacet
  facet normal 0.44721359549996548 0 0.8944271909999123
    outer loop
      vertex 45.600000000000001 0.20000000000000001 0.10000000000000001
      vertex 45.640000000000001 2.1599999999999993 0.080000000000000016
      vertex 45.640000000000001 10 0.080000000000000016
    endloop
  endfacet
  facet normal 0.44721359549996542 -0 0.89442719099991219
    outer loop
      vertex 45.600000000000001 0.20000000000000001 0.10000000000000001
      vertex 45.640000000000001 10 0.080000000000000016
      vertex 45.600000000000001 10 0.10000000000000001
    endloop
  endfacet
  facet normal 0.44721359549996542 0 0.89442719099991219
    outer loop
      vertex 45.640000000000001 10.039999999999999 0.080000000000000016
      vertex 45.600000000000001 10 0.10000000000000001
      vertex 45.640000000000001 10 0.080000000000000016
    endloop
  endfacet
  facet normal 0.58834840541455724 -0.19611613513818285 0.78446454055273251
    outer loop
      vertex 45.600000000000001 10.08 0.12
      vertex 45.600000000000001 10 0.10000000000000001
      vertex 45.640000000000001 10.039999999999999 0.080000000000000016
    endloop
  endfacet
  facet normal 0.58834840541455313 -0.19611613513818871 0.78446454055273418
    outer loop
      vertex 45.600000000000001 10.08 0.12
      vertex 45.640000000000001 10.039999999999999 0.080000000000000016
      vertex 45.693333333333335 10.199999999999999 0.080000000000000016
    endloop
  endfacet
  facet normal 0.58834840541454392 -0.19611613513817838 0.78446454055274362
    outer loop
      vertex 45.600000000000001 10.08 0.12
      vertex 45.693333333333335 10.199999999999999 0.080000000000000016
      vertex 45.640000000000001 10.199999999999999 0.12
    endloop
  endfacet
  facet normal 0.59999999999999098 0 0.80000000000000693
    outer loop
      vertex 45.693333333333335 14.773333333333332 0.080000000000000016
      vertex 45.640000000000001 12.16 0.12
      vertex 45.640000000000001 10.199999999999999 0.12
    endloop
  endfacet
  facet normal 0.59999999999999098 0 0.80000000000000682
    outer loop
      vertex 45.693333333333335 14.773333333333332 0.080000000000000016
      vertex 45.640000000000001 10.199999999999999 0.12
      vertex 45.693333333333335 10.199999999999999 0.080000000000000016
    endloop
  endfacet
  facet normal 0.59999999999999098 0 0.80000000000000693
    outer loop
      vertex 45.640000000000001 12.16 0.12
      vertex 45.693333333333335 14.773333333333332 0.080000000000000016
      vertex 45.693333333333335 20 0.080000000000000016
    endloop
  endfacet
  facet normal 0.59999999999999098 -0 0.80000000000000682
    outer loop
      vertex 45.640000000000001 12.16 0.12
      vertex 45.693333333333335 20 0.080000000000000016
      vertex 45.640000000000001 20 0.12
    endloop
  endfacet
  facet normal 0.59999999999999098 0 0.80000000000000682
    outer loop
      vertex 45.693333333333335 20.093333333333334 0.080000000000000016
      vertex 45.640000000000001 20.039999999999999 0.12
      vertex 45.640000000000001 20 0.12
    endloop
  endfacet
  facet normal 0.59999999999999087 0 0.80000000000000682
    outer loop
      vertex 45.693333333333335 20.093333333333334 0.080000000000000016
      vertex 45.640000000000001 20 0.12
      vertex 45.693333333333335 20 0.080000000000000016
    endloop
  endfacet
  facet normal 0.43643578047198273 0.2182178902359817 0.87287156094397311
    outer loop
      vertex 45.600000000000001 20.120000000000001 0.12
      vertex 45.640000000000001 20.039999999999999 0.12
      vertex 45.693333333333335 20.093333333333334 0.080000000000000016
    endloop
  endfacet
  facet normal 0.43643578047198545 0.218217890236 0.87287156094396734
    outer loop
      vertex 45.600000000000001 20.120000000000001 0.12
      vertex 45.693333333333335 20.093333333333334 0.080000000000000016
      vertex 45.640000000000001 20.199999999999999 0.080000000000000016
    endloop
  endfacet
  facet normal 0.43643578047199166 0.21821789023599583 0.87287156094396512
    outer loop
      vertex 45.600000000000001 20.120000000000001 0.12
      vertex 45.640000000000001 20.199999999999999 0.080000000000000016
      vertex 45.600000000000001 20.199999999999999 0.10000000000000001
    endloop
  endfacet
  facet normal 0.44721359549996542 0 0.89442719099991219
    outer loop
      vertex 45.640000000000001 24.159999999999997 0.080000000000000016
      vertex 45.600000000000001 20.199999999999999 0.10000000000000001
      vertex 45.640000000000001 20.199999999999999 0.080000000000000016
    endloop
  endfacet
  facet normal 0.44721359549996537 0 0.89442719099991219
    outer loop
      vertex 45.600000000000001 20.199999999999999 0.10000000000000001
      vertex 45.640000000000001 24.159999999999997 0.080000000000000016
      vertex 45.640000000000001 40 0.080000000000000016
    endloop
  endfacet
  facet normal 0.44721359549996537 -0 0.89442719099991219
    outer loop
      vertex 45.600000000000001 20.199999999999999 0.10000000000000001
      vertex 45.640000000000001 40 0.080000000000000016
      vertex 45.600000000000001 40 0.10000000000000001
    endloop
  endfacet
  facet normal 0.44721359549996542 0 0.89442719099991219
    outer loop
      vertex 45.640000000000001 40.039999999999999 0.080000000000000016
      vertex 45.600000000000001 40 0.10000000000000001
      vertex 45.640000000000001 40 0.080000000000000016
    endloop
  endfacet
  facet normal 0.23570226039552022 0.23570226039552022 0.94280904158206125
    outer loop
      vertex 45.600000000000001 40.079999999999998 0.080000000000000016
      vertex 45.600000000000001 40 0.10000000000000001
      vertex 45.640000000000001 40.039999999999999 0.080000000000000016
    endloop
  endfacet
  facet normal 0.43643578047199166 -0.21821789023599583 0.87287156094396512
    outer loop
      vertex 45.600000000000001 60.120000000000005 0.080000000000000016
      vertex 45.640000000000001 60.200000000000003 0.080000000000000016
      vertex 45.600000000000001 60.200000000000003 0.10000000000000001
    endloop
  endfacet
  facet normal 0.44721359549996537 0 0.89442719099991208
    outer loop
      vertex 45.640000000000001 64.159999999999997 0.080000000000000016
      vertex 45.600000000000001 60.200000000000003 0.10000000000000001
      vertex 45.640000000000001 60.200000000000003 0.080000000000000016
    endloop
  endfacet
  facet normal 0.44721359549996537 0 0.89442719099991208
    outer loop
      vertex 45.600000000000001 60.200000000000003 0.10000000000000001
      vertex 45.640000000000001 64.159999999999997 0.080000000000000016
      vertex 45.640000000000001 80 0.080000000000000016
    endloop
  endfacet
  facet normal 0.44721359549996531 -0 0.89442719099991208
    outer loop
      vertex 45.600000000000001 60.200000000000003 0.10000000000000001
      vertex 45.640000000000001 80 0.080000000000000016
      vertex 45.600000000000001 80 0.10000000000000001
    endloop
  endfacet
  facet normal 0.44721359549996537 0 0.89442719099991219
    outer loop
      vertex 45.640000000000001 80.040000000000006 0.080000000000000016
      vertex 45.600000000000001 80 0.10000000000000001
      vertex 45.640000000000001 80 0.080000000000000016
    endloop
  endfacet
  facet normal -0 0.44721359549990186 0.89442719099994394
    outer loop
      vertex 45.600000000000001 80.040000000000006 0.080000000000000016
      vertex 45.600000000000001 80 0.10000000000000001
      vertex 45.640000000000001 80.040000000000006 0.080000000000000016
    endloop
  endfacet
  facet normal -0.23570226039552541 -0.23570226039551498 0.94280904158206114
    outer loop
      vertex 61.960000000000001 10.16 0.080000000000000016
      vertex 62 10.119999999999999 0.080000000000000016
      vertex 62 10.199999999999999 0.10000000000000001
    endloop
  endfacet
  facet normal -0.44721359549996542 0 0.89442719099991219
    outer loop
      vertex 61.960000000000001 10.16 0.080000000000000016
      vertex 62 10.199999999999999 0.10000000000000001
      vertex 61.960000000000001 10.199999999999999 0.080000000000000016
    endloop
  endfacet
  facet normal -0.44721359549996537 0 0.89442719099991219
    outer loop
      vertex 61.960000000000001 18.039999999999999 0.080000000000000016
      vertex 61.960000000000001 10.199999999999999 0.080000000000000016
      vertex 62 10.199999999999999 0.10000000000000001
    endloop
  endfacet
  facet normal -0.44721359549996531 0 0.89442719099991219
    outer loop
      vertex 61.960000000000001 18.039999999999999 0.080000000000000016
      vertex 62 10.199999999999999 0.10000000000000001
      vertex 62 20 0.10000000000000001
    endloop
  endfacet
  facet normal -0.44721359549996537 0 0.89442719099991208
    outer loop
      vertex 61.960000000000001 18.040000000000003 0.080000000000000016
      vertex 62 20 0.10000000000000001
      vertex 61.960000000000001 20 0.080000000000000016
    endloop
  endfacet
  facet normal -0.43643578047199166 0.21821789023599583 0.87287156094396512
    outer loop
      vertex 61.960000000000001 20 0.080000000000000016
      vertex 62 20 0.10000000000000001
      vertex 62 20.079999999999998 0.080000000000000016
    endloop
  endfacet
  facet normal -0.21821789023598842 -0.4364357804719769 0.87287156094397444
    outer loop
      vertex 61.960000000000001 40.160000000000004 0.12
      vertex 61.906666666666666 40.106666666666669 0.080000000000000016
      vertex 62 40.060000000000002 0.080000000000000016
    endloop
  endfacet
  facet normal -0.21821789023603275 -0.436435780471988 0.87287156094395779
    outer loop
      vertex 61.960000000000001 40.160000000000004 0.12
      vertex 62 40.060000000000002 0.080000000000000016
      vertex 62 40.140000000000001 0.12
    endloop
  endfacet
  facet normal -0.59999999999999098 0 0.80000000000000682
    outer loop
      vertex 61.906666666666666 40.106666666666669 0.080000000000000016
      vertex 61.960000000000001 40.160000000000004 0.12
      vertex 61.960000000000001 40.200000000000003 0.12
    endloop
  endfacet
  facet normal -0.59999999999999087 0 0.80000000000000682
    outer loop
      vertex 61.906666666666666 40.106666666666669 0.080000000000000016
      vertex 61.960000000000001 40.200000000000003 0.12
      vertex 61.906666666666666 40.200000000000003 0.080000000000000016
    endloop
  endfacet
  facet normal -0.59999999999999087 0 0.80000000000000682
    outer loop
      vertex 61.960000000000001 56.039999999999999 0.12
      vertex 61.906666666666666 50.760000000000005 0.080000000000000016
      vertex 61.906666666666666 40.200000000000003 0.080000000000000016
    endloop
  endfacet
  facet normal -0.59999999999999087 0 0.80000000000000682
    outer loop
      vertex 61.960000000000001 56.039999999999999 0.12
      vertex 61.906666666666666 40.200000000000003 0.080000000000000016
      vertex 61.960000000000001 40.200000000000003 0.12
    endloop
  endfacet
  facet normal -0.59999999999999087 0 0.80000000000000693
    outer loop
      vertex 61.906666666666666 50.760000000000005 0.080000000000000016
      vertex 61.960000000000001 56.039999999999999 0.12
      vertex 61.960000000000001 60 0.12
    endloop
  endfacet
  facet normal -0.59999999999999087 0 0.80000000000000682
    outer loop
      vertex 61.906666666666666 50.760000000000005 0.080000000000000016
      vertex 61.960000000000001 60 0.12
      vertex 61.906666666666666 60 0.080000000000000016
    endloop
  endfacet
  facet normal -0.55708601453115281 0.37139067635407991 0.74278135270822132
    outer loop
      vertex 61.906666666666666 60 0.080000000000000016
      vertex 61.960000000000001 60 0.12
      vertex 62 60.060000000000002 0.12
    endloop
  endfacet
  facet normal -0.55708601453116202 0.371390676354108 0.74278135270820056
    outer loop
      vertex 61.906666666666666 60 0.080000000000000016
      vertex 62 60.060000000000002 0.12
      vertex 62 60.140000000000001 0.080000000000000016
    endloop
  endfacet
  facet normal 0 -0.24253562503633266 0.97014250014533199
    outer loop
      vertex 62.120000000000005 10.119999999999999 0.080000000000000016
      vertex 62.200000000000003 10.119999999999999 0.080000000000000016
      vertex 62.200000000000003 10.199999999999999 0.10000000000000001
    endloop
  endfacet
  facet normal 0 -0.24253562503633264 0.97014250014533188
    outer loop
      vertex 62 10.119999999999999 0.080000000000000016
      vertex 62.120000000000005 10.119999999999999 0.080000000000000016
      vertex 62.200000000000003 10.199999999999999 0.10000000000000001
    endloop
  endfacet
  facet normal 0 -0.24253562503633264 0.97014250014533199
    outer loop
      vertex 62 10.119999999999999 0.080000000000000016
      vertex 62.200000000000003 10.199999999999999 0.10000000000000001
      vertex 62 10.199999999999999 0.10000000000000001
    endloop
  endfacet
  facet normal 0 0 1
    outer loop
      vertex 62 10.199999999999999 0.10000000000000001
      vertex 62.200000000000003 10.199999999999999 0.10000000000000001
      vertex 62.200000000000003 20 0.10000000000000001
    endloop
  endfacet
  facet normal 0 0 1
    outer loop
      vertex 62 10.199999999999999 0.10000000000000001
      vertex 62.200000000000003 20 0.10000000000000001
      vertex 62 20 0.10000000000000001
    endloop
  endfacet
  facet normal 0 0.24253562503633774 0.97014250014533077
    outer loop
      vertex 62.079999999999998 20.079999999999998 0.080000000000000016
      vertex 62 20 0.10000000000000001
      vertex 62.200000000000003 20 0.10000000000000001
    endloop
  endfacet
  facet normal -0 0.24253562503633772 0.97014250014533077
    outer loop
      vertex 62.079999999999998 20.079999999999998 0.080000000000000016
      vertex 62.200000000000003 20 0.10000000000000001
      vertex 62.200000000000003 20.079999999999998 0.080000000000000016
    endloop
  endfacet
  facet normal -0 0.24253562503633774 0.97014250014533077
    outer loop
      vertex 62 20.079999999999998 0.080000000000000016
      vertex 62 20 0.10000000000000001
      vertex 62.079999999999998 20.079999999999998 0.080000000000000016
    endloop
  endfacet
  facet normal 0 -0.44721359549996537 0.89442719099991219
    outer loop
      vertex 62.140000000000001 40.140000000000001 0.12
      vertex 62.060000000000002 40.060000000000002 0.080000000000000016
      vertex 62.200000000000003 40.060000000000002 0.080000000000000016
    endloop
  endfacet
  facet normal 0 -0.44721359549996542 0.89442719099991219
    outer loop
      vertex 62.140000000000001 40.140000000000001 0.12
      vertex 62.200000000000003 40.060000000000002 0.080000000000000016
      vertex 62.200000000000003 40.140000000000001 0.12
    endloop
  endfacet
  facet normal 0 -0.44721359549996542 0.89442719099991219
    outer loop
      vertex 62 40.140000000000001 0.12
      vertex 62 40.060000000000002 0.080000000000000016
      vertex 62.060000000000002 40.060000000000002 0.080000000000000016
    endloop
  endfacet
  facet normal 0 -0.44721359549996537 0.89442719099991219
    outer loop
      vertex 62 40.140000000000001 0.12
      vertex 62.060000000000002 40.060000000000002 0.080000000000000016
      vertex 62.140000000000001 40.140000000000001 0.12
    endloop
  endfacet
  facet normal 0 0.44721359549996537 0.89442719099991219
    outer loop
      vertex 62.140000000000001 60.140000000000001 0.080000000000000016
      vertex 62.060000000000002 60.060000000000002 0.12
      vertex 62.200000000000003 60.060000000000002 0.12
    endloop
  endfacet
  facet normal -0 0.44721359549996542 0.89442719099991219
    outer loop
      vertex 62.140000000000001 60.140000000000001 0.080000000000000016
      vertex 62.200000000000003 60.060000000000002 0.12
      vertex 62.200000000000003 60.140000000000001 0.080000000000000016
    endloop
  endfacet
  facet normal 0 0.44721359549996542 0.89442719099991219
    outer loop
      vertex 62 60.140000000000001 0.080000000000000016
      vertex 62 60.060000000000002 0.12
      vertex 62.060000000000002 60.060000000000002 0.12
    endloop
  endfacet
  facet normal -0 0.44721359549996537 0.89442719099991219
    outer loop
      vertex 62 60.140000000000001 0.080000000000000016
      vertex 62.060000000000002 60.060000000000002 0.12
      vertex 62.140000000000001 60.140000000000001 0.080000000000000016
    endloop
  endfacet
  facet normal 0.43643578047199216 -0.21821789023599122 0.87287156094396612
    outer loop
      vertex 62.200000000000003 10.119999999999999 0.080000000000000016
      vertex 62.240000000000002 10.199999999999999 0.080000000000000016
      vertex 62.200000000000003 10.199999999999999 0.10000000000000001
    endloop
  endfacet
  facet normal 0.44721359549996537 0 0.89442719099991208
    outer loop
      vertex 62.240000000000002 12.159999999999997 0.080000000000000016
      vertex 62.200000000000003 10.199999999999999 0.10000000000000001
      vertex 62.240000000000002 10.199999999999999 0.080000000000000016
    endloop
  endfacet
  facet normal 0.44721359549996548 0 0.8944271909999123
    outer loop
      vertex 62.200000000000003 10.199999999999999 0.10000000000000001
      vertex 62.240000000000002 12.159999999999998 0.080000000000000016
      vertex 62.240000000000002 20 0.080000000000000016
    endloop
  endfacet
  facet normal 0.44721359549996542 -0 0.89442719099991219
    outer loop
      vertex 62.200000000000003 10.199999999999999 0.10000000000000001
      vertex 62.240000000000002 20 0.080000000000000016
      vertex 62.200000000000003 20 0.10000000000000001
    endloop
  endfacet
  facet normal 0.44721359549996542 0 0.89442719099991219
    outer loop
      vertex 62.240000000000002 20.039999999999999 0.080000000000000016
      vertex 62.200000000000003 20 0.10000000000000001
      vertex 62.240000000000002 20 0.080000000000000016
    endloop
  endfacet
  facet normal 0.23570226039552022 0.23570226039552022 0.94280904158206125
    outer loop
      vertex 62.200000000000003 20.079999999999998 0.080000000000000016
      vertex 62.200000000000003 20 0.10000000000000001
      vertex 62.240000000000002 20.039999999999999 0.080000000000000016
    endloop
  endfacet
  facet normal 0.55708601453116202 -0.371390676354108 0.74278135270820056
    outer loop
      vertex 62.200000000000003 40.140000000000001 0.12
      vertex 62.200000000000003 40.060000000000002 0.080000000000000016
      vertex 62.293333333333337 40.200000000000003 0.080000000000000016
    endloop
  endfacet
  facet normal 0.55708601453115281 -0.37139067635407991 0.74278135270822132
    outer loop
      vertex 62.200000000000003 40.140000000000001 0.12
      vertex 62.293333333333337 40.200000000000003 0.080000000000000016
      vertex 62.240000000000002 40.200000000000003 0.12
    endloop
  endfacet
  facet normal 0.59999999999999087 0 0.80000000000000693
    outer loop
      vertex 62.293333333333337 49.439999999999998 0.080000000000000016
      vertex 62.240000000000002 44.160000000000004 0.12
      vertex 62.240000000000002 40.200000000000003 0.12
    endloop
  endfacet
  facet normal 0.59999999999999087 0 0.80000000000000682
    outer loop
      vertex 62.293333333333337 49.439999999999998 0.080000000000000016
      vertex 62.240000000000002 40.200000000000003 0.12
      vertex 62.293333333333337 40.200000000000003 0.080000000000000016
    endloop
  endfacet
  facet normal 0.59999999999999087 0 0.80000000000000682
    outer loop
      vertex 62.240000000000002 44.160000000000004 0.12
      vertex 62.293333333333337 49.439999999999998 0.080000000000000016
      vertex 62.293333333333337 60 0.080000000000000016
    endloop
  endfacet
  facet normal 0.59999999999999087 -0 0.80000000000000682
    outer loop
      vertex 62.240000000000002 44.160000000000004 0.12
      vertex 62.293333333333337 60 0.080000000000000016
      vertex 62.240000000000002 60 0.12
    endloop
  endfacet
  facet normal 0.59999999999999098 0 0.80000000000000682
    outer loop
      vertex 62.293333333333337 60.093333333333334 0.080000000000000016
      vertex 62.240000000000002 60.039999999999999 0.12
      vertex 62.240000000000002 60 0.12
    endloop
  endfacet
  facet normal 0.59999999999999087 0 0.80000000000000682
    outer loop
      vertex 62.293333333333337 60.093333333333334 0.080000000000000016
      vertex 62.240000000000002 60 0.12
      vertex 62.293333333333337 60 0.080000000000000016
    endloop
  endfacet
  facet normal 0.21821789023603269 0.436435780471988 0.87287156094395779
    outer loop
      vertex 62.200000000000003 60.140000000000001 0.080000000000000016
      vertex 62.200000000000003 60.060000000000002 0.12
      vertex 62.240000000000002 60.039999999999999 0.12
    endloop
  endfacet
  facet normal 0.21821789023598845 0.4364357804719769 0.87287156094397444
    outer loop
      vertex 62.200000000000003 60.140000000000001 0.080000000000000016
      vertex 62.240000000000002 60.039999999999999 0.12
      vertex 62.293333333333337 60.093333333333334 0.080000000000000016
    endloop
  endfacet
  facet normal 0.0079997440122877937 -0.59998080092149075 0.79997440122877972
    outer loop
      vertex 66.400000000000006 -80.040000000000006 0.080000000000000016
      vertex 67.400000000000006 -80.026666666666671 0.080000000000000016
      vertex 67.400000000000006 -80 0.10000000000000001
    endloop
  endfacet
  facet normal -0.019996001199600131 0 0.99980005998000698
    outer loop
      vertex 66.400000000000006 -80.040000000000006 0.080000000000000016
      vertex 67.400000000000006 -80 0.10000000000000001
      vertex 66.400000000000006 -80 0.080000000000000016
    endloop
  endfacet
  facet normal -0.019996001199600131 0 0.99980005998000698
    outer loop
      vertex 66.400000000000006 -64.159999999999997 0.080000000000000016
      vertex 66.400000000000006 -80 0.080000000000000016
      vertex 67.400000000000006 -80 0.10000000000000001
    endloop
  endfacet
  facet normal -0.019996001199600127 0 0.99980005998000698
    outer loop
      vertex 66.400000000000006 -64.159999999999997 0.080000000000000016
      vertex 67.400000000000006 -80 0.10000000000000001
      vertex 67.400000000000006 -60.200000000000003 0.10000000000000001
    endloop
  endfacet
  facet normal -0.019996001199600131 0 0.99980005998000698
    outer loop
      vertex 66.400000000000006 -64.159999999999997 0.080000000000000016
      vertex 67.400000000000006 -60.200000000000003 0.10000000000000001
      vertex 66.400000000000006 -60.200000000000003 0.080000000000000016
    endloop
  endfacet
  facet normal -0.01939919873264415 0.24248998415805703 0.96995993663220792
    outer loop
      vertex 66.400000000000006 -60.200000000000003 0.080000000000000016
      vertex 67.400000000000006 -60.200000000000003 0.10000000000000001
      vertex 67.400000000000006 -60.120000000000005 0.080000000000000016
    endloop
  endfacet
  facet normal -0.009700968496029836 -0.24252421240075106 0.97009684960298403
    outer loop
      vertex 66.400000000000006 -40.039999999999999 0.080000000000000016
      vertex 67.400000000000006 -40.079999999999998 0.080000000000000016
      vertex 67.400000000000006 -40 0.10000000000000001
    endloop
  endfacet
  facet normal -0.019996001199600131 0 0.99980005998000698
    outer loop
      vertex 66.400000000000006 -40.039999999999999 0.080000000000000016
      vertex 67.400000000000006 -40 0.10000000000000001
      vertex 66.400000000000006 -40 0.080000000000000016
    endloop
  endfacet
  facet normal -0.019996001199600131 0 0.99980005998000698
    outer loop
      vertex 66.400000000000006 -24.159999999999997 0.080000000000000016
      vertex 66.400000000000006 -40 0.080000000000000016
      vertex 67.400000000000006 -40 0.10000000000000001
    endloop
  endfacet
  facet normal -0.019996001199600127 0 0.99980005998000698
    outer loop
      vertex 66.400000000000006 -24.159999999999997 0.080000000000000016
      vertex 67.400000000000006 -40 0.10000000000000001
      vertex 67.400000000000006 -20.199999999999999 0.10000000000000001
    endloop
  endfacet
  facet normal -0.019996001199600131 0 0.99980005998000698
    outer loop
      vertex 66.400000000000006 -24.159999999999997 0.080000000000000016
      vertex 67.400000000000006 -20.199999999999999 0.10000000000000001
      vertex 66.400000000000006 -20.199999999999999 0.080000000000000016
    endloop
  endfacet
  facet normal -0.01939919873264415 0.24248998415805703 0.96995993663220792
    outer loop
      vertex 66.400000000000006 -20.199999999999999 0.080000000000000016
      vertex 67.400000000000006 -20.199999999999999 0.10000000000000001
      vertex 67.400000000000006 -20.120000000000001 0.080000000000000016
    endloop
  endfacet
  facet normal -0.0097009684960300616 -0.24252421240074595 0.97009684960298515
    outer loop
      vertex 66.400000000000006 -10.039999999999999 0.080000000000000016
      vertex 67.400000000000006 -10.08 0.080000000000000016
      vertex 67.400000000000006 -10 0.10000000000000001
    endloop
  endfacet
  facet normal -0.019996001199600131 0 0.99980005998000698
    outer loop
      vertex 66.400000000000006 -10.039999999999999 0.080000000000000016
      vertex 67.400000000000006 -10 0.10000000000000001
      vertex 66.400000000000006 -10 0.080000000000000016
    endloop
  endfacet
  facet normal -0.019996001199600131 0 0.99980005998000709
    outer loop
      vertex 66.400000000000006 -1.9999999999999991 0.080000000000000016
      vertex 66.400000000000006 -10 0.080000000000000016
      vertex 67.400000000000006 -10 0.10000000000000001
    endloop
  endfacet
  facet normal -0.019996001199600127 0 0.99980005998000709
    outer loop
      vertex 66.400000000000006 -1.9999999999999991 0.080000000000000016
      vertex 67.400000000000006 -10 0.10000000000000001
      vertex 67.400000000000006 0 0.10000000000000001
    endloop
  endfacet
  facet normal -0.019996001199600131 0 0.99980005998000709
    outer loop
      vertex 66.400000000000006 -1.9999999999999982 0.080000000000000016
      vertex 67.400000000000006 0 0.10000000000000001
      vertex 66.400000000000006 0 0.080000000000000016
    endloop
  endfacet
  facet normal -0.017885682339724065 0.44714205849310185 0.89428411698620369
    outer loop
      vertex 66.400000000000006 0 0.080000000000000016
      vertex 67.400000000000006 0 0.10000000000000001
      vertex 67.400000000000006 0.03999999999999998 0.080000000000000016
    endloop
  endfacet
  facet normal 0 -0.59999999999993969 0.80000000000004512
    outer loop
      vertex 67.573333333333323 -80.026666666666671 0.080000000000000016
      vertex 67.599999999999994 -80.026666666666671 0.080000000000000016
      vertex 67.599999999999994 -80 0.10000000000000001
    endloop
  endfacet
  facet normal 0 -0.59999999999993969 0.80000000000004512
    outer loop
      vertex 67.400000000000006 -80.026666666666671 0.080000000000000016
      vertex 67.573333333333323 -80.026666666666671 0.080000000000000016
      vertex 67.599999999999994 -80 0.10000000000000001
    endloop
  endfacet
  facet normal 0 -0.59999999999993969 0.80000000000004523
    outer loop
      vertex 67.400000000000006 -80.026666666666671 0.080000000000000016
      vertex 67.599999999999994 -80 0.10000000000000001
      vertex 67.400000000000006 -80 0.10000000000000001
    endloop
  endfacet
  facet normal 0 0 1
    outer loop
      vertex 67.400000000000006 -80 0.10000000000000001
      vertex 67.599999999999994 -80 0.10000000000000001
      vertex 67.599999999999994 -60.200000000000003 0.10000000000000001
    endloop
  endfacet
  facet normal 0 0 1
    outer loop
      vertex 67.400000000000006 -80 0.10000000000000001
      vertex 67.599999999999994 -60.200000000000003 0.10000000000000001
      vertex 67.400000000000006 -60.200000000000003 0.10000000000000001
    endloop
  endfacet
  facet normal 0 0.24253562503633774 0.97014250014533077
    outer loop
      vertex 67.480000000000004 -60.120000000000005 0.080000000000000016
      vertex 67.400000000000006 -60.200000000000003 0.10000000000000001
      vertex 67.599999999999994 -60.200000000000003 0.10000000000000001
    endloop
  endfacet
  facet normal -0 0.24253562503633772 0.97014250014533077
    outer loop
      vertex 67.480000000000004 -60.120000000000005 0.080000000000000016
      vertex 67.599999999999994 -60.200000000000003 0.10000000000000001
      vertex 67.599999999999994 -60.120000000000005 0.080000000000000016
    endloop
  endfacet
  facet normal -0 0.24253562503633774 0.97014250014533077
    outer loop
      vertex 67.400000000000006 -60.120000000000005 0.080000000000000016
      vertex 67.400000000000006 -60.200000000000003 0.10000000000000001
      vertex 67.480000000000004 -60.120000000000005 0.080000000000000016
    endloop
  endfacet
  facet normal 0 -0.24253562503633774 0.97014250014533077
    outer loop
      vertex 67.519999999999996 -40.079999999999998 0.080000000000000016
      vertex 67.599999999999994 -40.079999999999998 0.080000000000000016
      vertex 67.599999999999994 -40 0.10000000000000001
    endloop
  endfacet
  facet normal 0 -0.24253562503633772 0.97014250014533077
    outer loop
      vertex 67.400000000000006 -40.079999999999998 0.080000000000000016
      vertex 67.519999999999996 -40.079999999999998 0.080000000000000016
      vertex 67.599999999999994 -40 0.10000000000000001
    endloop
  endfacet
  facet normal 0 -0.24253562503633774 0.97014250014533077
    outer loop
      vertex 67.400000000000006 -40.079999999999998 0.080000000000000016
      vertex 67.599999999999994 -40 0.10000000000000001
      vertex 67.400000000000006 -40 0.10000000000000001
    endloop
  endfacet
  facet normal 0 0 1
    outer loop
      vertex 67.400000000000006 -40 0.10000000000000001
      vertex 67.599999999999994 -40 0.10000000000000001
      vertex 67.599999999999994 -20.199999999999999 0.10000000000000001
    endloop
  endfacet
  facet normal 0 0 1
    outer loop
      vertex 67.400000000000006 -40 0.10000000000000001
      vertex 67.599999999999994 -20.199999999999999 0.10000000000000001
      vertex 67.400000000000006 -20.199999999999999 0.10000000000000001
    endloop
  endfacet
  facet normal 0 0.24253562503633774 0.97014250014533077
    outer loop
      vertex 67.480000000000004 -20.120000000000001 0.080000000000000016
      vertex 67.400000000000006 -20.199999999999999 0.10000000000000001
      vertex 67.599999999999994 -20.199999999999999 0.10000000000000001
    endloop
  endfacet
  facet normal -0 0.24253562503633772 0.97014250014533077
    outer loop
      vertex 67.480000000000004 -20.120000000000001 0.080000000000000016
      vertex 67.599999999999994 -20.199999999999999 0.10000000000000001
      vertex 67.599999999999994 -20.120000000000001 0.080000000000000016
    endloop
  endfacet
  facet normal -0 0.24253562503633774 0.97014250014533077
    outer loop
      vertex 67.400000000000006 -20.120000000000001 0.080000000000000016
      vertex 67.400000000000006 -20.199999999999999 0.10000000000000001
      vertex 67.480000000000004 -20.120000000000001 0.080000000000000016
    endloop
  endfacet
  facet normal 0 -0.24253562503633266 0.97014250014533199
    outer loop
      vertex 67.519999999999996 -10.08 0.080000000000000016
      vertex 67.599999999999994 -10.08 0.080000000000000016
      vertex 67.599999999999994 -10 0.10000000000000001
    endloop
  endfacet
  facet normal 0 -0.24253562503633261 0.97014250014533188
    outer loop
      vertex 67.400000000000006 -10.08 0.080000000000000016
      vertex 67.519999999999996 -10.08 0.080000000000000016
      vertex 67.599999999999994 -10 0.10000000000000001
    endloop
  endfacet
  facet normal 0 -0.24253562503633264 0.97014250014533199
    outer loop
      vertex 67.400000000000006 -10.08 0.080000000000000016
      vertex 67.599999999999994 -10 0.10000000000000001
      vertex 67.400000000000006 -10 0.10000000000000001
    endloop
  endfacet
  facet normal 0 0 1
    outer loop
      vertex 67.400000000000006 -10 0.10000000000000001
      vertex 67.599999999999994 -10 0.10000000000000001
      vertex 67.599999999999994 0 0.10000000000000001
    endloop
  endfacet
  facet normal 0 0 1
    outer loop
      vertex 67.400000000000006 -10 0.10000000000000001
      vertex 67.599999999999994 0 0.10000000000000001
      vertex 67.400000000000006 0 0.10000000000000001
    endloop
  endfacet
  facet normal 0 0.44721359549995787 0.89442719099991574
    outer loop
      vertex 67.439999999999998 0.03999999999999998 0.080000000000000016
      vertex 67.400000000000006 0 0.10000000000000001
      vertex 67.599999999999994 0 0.10000000000000001
    endloop
  endfacet
  facet normal -0 0.44721359549995793 0.89442719099991586
    outer loop
      vertex 67.439999999999998 0.03999999999999998 0.080000000000000016
      vertex 67.599999999999994 0 0.10000000000000001
      vertex 67.599999999999994 0.03999999999999998 0.080000000000000016
    endloop
  endfacet
  facet normal -0 0.44721359549995793 0.89442719099991586
    outer loop
      vertex 67.400000000000006 0.03999999999999998 0.080000000000000016
      vertex 67.400000000000006 0 0.10000000000000001
      vertex 67.439999999999998 0.03999999999999998 0.080000000000000016
    endloop
  endfacet
  facet normal 0 -0.59999999999993969 0.80000000000004512
    outer loop
      vertex 69.333333333333329 -80.026666666666671 0.080000000000000016
      vertex 69.599999999999994 -80.026666666666671 0.080000000000000016
      vertex 69.599999999999994 -80 0.10000000000000001
    endloop
  endfacet
  facet normal 0 -0.5999999999999398 0.80000000000004523
    outer loop
      vertex 67.599999999999994 -80.026666666666671 0.080000000000000016
      vertex 69.333333333333329 -80.026666666666671 0.080000000000000016
      vertex 69.599999999999994 -80 0.10000000000000001
    endloop
  endfacet
  facet normal 0 -0.5999999999999398 0.80000000000004512
    outer loop
      vertex 67.599999999999994 -80.026666666666671 0.080000000000000016
      vertex 69.599999999999994 -80 0.10000000000000001
      vertex 67.599999999999994 -80 0.10000000000000001
    endloop
  endfacet
  facet normal 0 0 1
    outer loop
      vertex 67.599999999999994 -80 0.10000000000000001
      vertex 69.599999999999994 -80 0.10000000000000001
      vertex 69.599999999999994 -60.200000000000003 0.10000000000000001
    endloop
  endfacet
  facet normal 0 0 1
    outer loop
      vertex 67.599999999999994 -80 0.10000000000000001
      vertex 69.599999999999994 -60.200000000000003 0.10000000000000001
      vertex 67.599999999999994 -60.200000000000003 0.10000000000000001
    endloop
  endfacet
  facet normal 0 0.24253562503633772 0.97014250014533066
    outer loop
      vertex 68.399999999999991 -60.120000000000005 0.080000000000000016
      vertex 67.599999999999994 -60.200000000000003 0.10000000000000001
      vertex 69.599999999999994 -60.200000000000003 0.10000000000000001
    endloop
  endfacet
  facet normal -0 0.24253562503633774 0.97014250014533077
    outer loop
      vertex 68.399999999999991 -60.120000000000005 0.080000000000000016
      vertex 69.599999999999994 -60.200000000000003 0.10000000000000001
      vertex 69.599999999999994 -60.120000000000005 0.080000000000000016
    endloop
  endfacet
  facet normal -0 0.24253562503633772 0.97014250014533066
    outer loop
      vertex 67.599999999999994 -60.120000000000005 0.080000000000000016
      vertex 67.599999999999994 -60.200000000000003 0.10000000000000001
      vertex 68.399999999999991 -60.120000000000005 0.080000000000000016
    endloop
  endfacet
  facet normal 0 -0.24253562503633772 0.97014250014533066
    outer loop
      vertex 68.799999999999997 -40.079999999999998 0.080000000000000016
      vertex 69.599999999999994 -40.079999999999998 0.080000000000000016
      vertex 69.599999999999994 -40 0.10000000000000001
    endloop
  endfacet
  facet normal 0 -0.24253562503633774 0.97014250014533077
    outer loop
      vertex 67.599999999999994 -40.079999999999998 0.080000000000000016
      vertex 68.799999999999997 -40.079999999999998 0.080000000000000016
      vertex 69.599999999999994 -40 0.10000000000000001
    endloop
  endfacet
  facet normal 0 -0.24253562503633772 0.97014250014533066
    outer loop
      vertex 67.599999999999994 -40.079999999999998 0.080000000000000016
      vertex 69.599999999999994 -40 0.10000000000000001
      vertex 67.599999999999994 -40 0.10000000000000001
    endloop
  endfacet
  facet normal 0 0 1
    outer loop
      vertex 67.599999999999994 -40 0.10000000000000001
      vertex 69.599999999999994 -40 0.10000000000000001
      vertex 69.599999999999994 -20.199999999999999 0.10000000000000001
    endloop
  endfacet
  facet normal 0 0 1
    outer loop
      vertex 67.599999999999994 -40 0.10000000000000001
      vertex 69.599999999999994 -20.199999999999999 0.10000000000000001
      vertex 67.599999999999994 -20.199999999999999 0.10000000000000001
    endloop
  endfacet
  facet normal 0 0.24253562503633772 0.97014250014533066
    outer loop
      vertex 68.399999999999991 -20.120000000000001 0.080000000000000016
      vertex 67.599999999999994 -20.199999999999999 0.10000000000000001
      vertex 69.599999999999994 -20.199999999999999 0.10000000000000001
    endloop
  endfacet
  facet normal -0 0.24253562503633774 0.97014250014533077
    outer loop
      vertex 68.399999999999991 -20.120000000000001 0.080000000000000016
      vertex 69.599999999999994 -20.199999999999999 0.10000000000000001
      vertex 69.599999999999994 -20.120000000000001 0.080000000000000016
    endloop
  endfacet
  facet normal -0 0.24253562503633772 0.97014250014533066
    outer loop
      vertex 67.599999999999994 -20.120000000000001 0.080000000000000016
      vertex 67.599999999999994 -20.199999999999999 0.10000000000000001
      vertex 68.399999999999991 -20.120000000000001 0.080000000000000016
    endloop
  endfacet
  facet normal 0 -0.24253562503633261 0.97014250014533188
    outer loop
      vertex 68.799999999999997 -10.08 0.080000000000000016
      vertex 69.599999999999994 -10.08 0.080000000000000016
      vertex 69.599999999999994 -10 0.10000000000000001
    endloop
  endfacet
  facet normal 0 -0.24253562503633266 0.97014250014533199
    outer loop
      vertex 67.599999999999994 -10.08 0.080000000000000016
      vertex 68.799999999999997 -10.08 0.080000000000000016
      vertex 69.599999999999994 -10 0.10000000000000001
    endloop
  endfacet
  facet normal 0 -0.24253562503633266 0.97014250014533199
    outer loop
      vertex 67.599999999999994 -10.08 0.080000000000000016
      vertex 69.599999999999994 -10 0.10000000000000001
      vertex 67.599999999999994 -10 0.10000000000000001
    endloop
  endfacet
  facet normal 0 0 1
    outer loop
      vertex 67.599999999999994 -10 0.10000000000000001
      vertex 69.599999999999994 -10 0.10000000000000001
      vertex 69.599999999999994 0 0.10000000000000001
    endloop
  endfacet
  facet normal 0 0 1
    outer loop
      vertex 67.599999999999994 -10 0.10000000000000001
      vertex 69.599999999999994 0 0.10000000000000001
      vertex 67.599999999999994 0 0.10000000000000001
    endloop
  endfacet
  facet normal 0 0.44721359549995793 0.89442719099991586
    outer loop
      vertex 68 0.03999999999999998 0.080000000000000016
      vertex 67.599999999999994 0 0.10000000000000001
      vertex 69.599999999999994 0 0.10000000000000001
    endloop
  endfacet
  facet normal -0 0.44721359549995798 0.89442719099991597
    outer loop
      vertex 68 0.03999999999999998 0.080000000000000016
      vertex 69.599999999999994 0 0.10000000000000001
      vertex 69.599999999999994 0.03999999999999998 0.080000000000000016
    endloop
  endfacet
  facet normal -0 0.44721359549995793 0.89442719099991586
    outer loop
      vertex 67.599999999999994 0.03999999999999998 0.080000000000000016
      vertex 67.599999999999994 0 0.10000000000000001
      vertex 68 0.03999999999999998 0.080000000000000016
    endloop
  endfacet
  facet normal 0 -0.59999999999993969 0.80000000000004512
    outer loop
      vertex 69.773333333333326 -80.026666666666671 0.080000000000000016
      vertex 69.799999999999997 -80.026666666666671 0.080000000000000016
      vertex 69.799999999999997 -80 0.10000000000000001
    endloop
  endfacet
  facet normal 0 -0.59999999999993969 0.80000000000004523
    outer loop
      vertex 69.599999999999994 -80.026666666666671 0.080000000000000016
      vertex 69.773333333333326 -80.026666666666671 0.080000000000000016
      vertex 69.799999999999997 -80 0.10000000000000001
    endloop
  endfacet
  facet normal 0 -0.5999999999999398 0.80000000000004523
    outer loop
      vertex 69.599999999999994 -80.026666666666671 0.080000000000000016
      vertex 69.799999999999997 -80 0.10000000000000001
      vertex 69.599999999999994 -80 0.10000000000000001
    endloop
  endfacet
  facet normal 0 0 1
    outer loop
      vertex 69.599999999999994 -80 0.10000000000000001
      vertex 69.799999999999997 -80 0.10000000000000001
      vertex 69.799999999999997 -60.200000000000003 0.10000000000000001
    endloop
  endfacet
  facet normal 0 0 1
    outer loop
      vertex 69.599999999999994 -80 0.10000000000000001
      vertex 69.799999999999997 -60.200000000000003 0.10000000000000001
      vertex 69.599999999999994 -60.200000000000003 0.10000000000000001
    endloop
  endfacet
  facet normal 0 0.24253562503633774 0.97014250014533077
    outer loop
      vertex 69.679999999999993 -60.120000000000005 0.080000000000000016
      vertex 69.599999999999994 -60.200000000000003 0.10000000000000001
      vertex 69.799999999999997 -60.200000000000003 0.10000000000000001
    endloop
  endfacet
  facet normal -0 0.24253562503633772 0.97014250014533077
    outer loop
      vertex 69.679999999999993 -60.120000000000005 0.080000000000000016
      vertex 69.799999999999997 -60.200000000000003 0.10000000000000001
      vertex 69.799999999999997 -60.120000000000005 0.080000000000000016
    endloop
  endfacet
  facet normal -0 0.24253562503633774 0.97014250014533077
    outer loop
      vertex 69.599999999999994 -60.120000000000005 0.080000000000000016
      vertex 69.599999999999994 -60.200000000000003 0.10000000000000001
      vertex 69.679999999999993 -60.120000000000005 0.080000000000000016
    endloop
  endfacet
  facet normal 0 -0.24253562503633774 0.97014250014533077
    outer loop
      vertex 69.719999999999999 -40.079999999999998 0.080000000000000016
      vertex 69.799999999999997 -40.079999999999998 0.080000000000000016
      vertex 69.799999999999997 -40 0.10000000000000001
    endloop
  endfacet
  facet normal 0 -0.24253562503633772 0.97014250014533077
    outer loop
      vertex 69.599999999999994 -40.079999999999998 0.080000000000000016
      vertex 69.719999999999999 -40.079999999999998 0.080000000000000016
      vertex 69.799999999999997 -40 0.10000000000000001
    endloop
  endfacet
  facet normal 0 -0.24253562503633774 0.97014250014533077
    outer loop
      vertex 69.599999999999994 -40.079999999999998 0.080000000000000016
      vertex 69.799999999999997 -40 0.10000000000000001
      vertex 69.599999999999994 -40 0.10000000000000001
    endloop
  endfacet
  facet normal 0 0 1
    outer loop
      vertex 69.599999999999994 -40 0.10000000000000001
      vertex 69.799999999999997 -40 0.10000000000000001
      vertex 69.799999999999997 -20.199999999999999 0.10000000000000001
    endloop
  endfacet
  facet normal 0 0 1
    outer loop
      vertex 69.599999999999994 -40 0.10000000000000001
      vertex 69.799999999999997 -20.199999999999999 0.10000000000000001
      vertex 69.599999999999994 -20.199999999999999 0.10000000000000001
    endloop
  endfacet
  facet normal 0 0.24253562503633774 0.97014250014533077
    outer loop
      vertex 69.679999999999993 -20.120000000000001 0.080000000000000016
      vertex 69.599999999999994 -20.199999999999999 0.10000000000000001
      vertex 69.799999999999997 -20.199999999999999 0.10000000000000001
    endloop
  endfacet
  facet normal -0 0.24253562503633772 0.97014250014533077
    outer loop
      vertex 69.679999999999993 -20.120000000000001 0.080000000000000016
      vertex 69.799999999999997 -20.199999999999999 0.10000000000000001
      vertex 69.799999999999997 -20.120000000000001 0.080000000000000016
    endloop
  endfacet
  facet normal -0 0.24253562503633774 0.97014250014533077
    outer loop
      vertex 69.599999999999994 -20.120000000000001 0.080000000000000016
      vertex 69.599999999999994 -20.199999999999999 0.10000000000000001
      vertex 69.679999999999993 -20.120000000000001 0.080000000000000016
    endloop
  endfacet
  facet normal 0 -0.24253562503633266 0.97014250014533199
    outer loop
      vertex 69.719999999999999 -10.08 0.080000000000000016
      vertex 69.799999999999997 -10.08 0.080000000000000016
      vertex 69.799999999999997 -10 0.10000000000000001
    endloop
  endfacet
  facet normal 0 -0.24253562503633264 0.97014250014533188
    outer loop
      vertex 69.599999999999994 -10.08 0.080000000000000016
      vertex 69.719999999999999 -10.08 0.080000000000000016
      vertex 69.799999999999997 -10 0.10000000000000001
    endloop
  endfacet
  facet normal 0 -0.24253562503633264 0.97014250014533199
    outer loop
      vertex 69.599999999999994 -10.08 0.080000000000000016
      vertex 69.799999999999997 -10 0.10000000000000001
      vertex 69.599999999999994 -10 0.10000000000000001
    endloop
  endfacet
  facet normal 0 0 1
    outer loop
      vertex 69.599999999999994 -10 0.10000000000000001
      vertex 69.799999999999997 -10 0.10000000000000001
      vertex 69.799999999999997 0 0.10000000000000001
    endloop
  endfacet
  facet normal 0 0 1
    outer loop
      vertex 69.599999999999994 -10 0.10000000000000001
      vertex 69.799999999999997 0 0.10000000000000001
      vertex 69.599999999999994 0 0.10000000000000001
    endloop
  endfacet
  facet normal 0 0.44721359549995793 0.89442719099991586
    outer loop
      vertex 69.640000000000001 0.03999999999999998 0.080000000000000016
      vertex 69.599999999999994 0 0.10000000000000001
      vertex 69.799999999999997 0 0.10000000000000001
    endloop
  endfacet
  facet normal -0 0.44721359549995793 0.89442719099991586
    outer loop
      vertex 69.640000000000001 0.03999999999999998 0.080000000000000016
      vertex 69.799999999999997 0 0.10000000000000001
      vertex 69.799999999999997 0.03999999999999998 0.080000000000000016
    endloop
  endfacet
  facet normal -0 0.44721359549995793 0.89442719099991586
    outer loop
      vertex 69.599999999999994 0.03999999999999998 0.080000000000000016
      vertex 69.599999999999994 0 0.10000000000000001
      vertex 69.640000000000001 0.03999999999999998 0.080000000000000016
    endloop
  endfacet
  facet normal 0.37139067635407153 -0.55708601453110729 0.74278135270825962
    outer loop
      vertex 69.799999999999997 -80.026666666666671 0.080000000000000016
      vertex 69.840000000000003 -80 0.080000000000000016
      vertex 69.799999999999997 -80 0.10000000000000001
    endloop
  endfacet
  facet normal 0.44721359549990181 0 0.89442719099994383
    outer loop
      vertex 69.840000000000003 -76.040000000000006 0.080000000000000016
      vertex 69.799999999999997 -80 0.10000000000000001
      vertex 69.840000000000003 -80 0.080000000000000016
    endloop
  endfacet
  facet normal 0.44721359549990181 0 0.89442719099994383
    outer loop
      vertex 69.799999999999997 -80 0.10000000000000001
      vertex 69.840000000000003 -76.040000000000006 0.080000000000000016
      vertex 69.840000000000003 -60.200000000000003 0.080000000000000016
    endloop
  endfacet
  facet normal 0.44721359549990186 -0 0.89442719099994406
    outer loop
      vertex 69.799999999999997 -80 0.10000000000000001
      vertex 69.840000000000003 -60.200000000000003 0.080000000000000016
      vertex 69.799999999999997 -60.200000000000003 0.10000000000000001
    endloop
  endfacet
  facet normal 0.44721359549990186 0 0.89442719099994394
    outer loop
      vertex 69.840000000000003 -60.160000000000004 0.080000000000000016
      vertex 69.799999999999997 -60.200000000000003 0.10000000000000001
      vertex 69.840000000000003 -60.200000000000003 0.080000000000000016
    endloop
  endfacet
  facet normal 0.23570226039548067 0.2357022603955225 0.94280904158207046
    outer loop
      vertex 69.799999999999997 -60.120000000000005 0.080000000000000016
      vertex 69.799999999999997 -60.200000000000003 0.10000000000000001
      vertex 69.840000000000003 -60.160000000000004 0.080000000000000016
    endloop
  endfacet
  facet normal 0.43643578047192894 -0.21821789023600321 0.87287156094399476
    outer loop
      vertex 69.799999999999997 -40.079999999999998 0.080000000000000016
      vertex 69.840000000000003 -40 0.080000000000000016
      vertex 69.799999999999997 -40 0.10000000000000001
    endloop
  endfacet
  facet normal 0.44721359549990181 0 0.89442719099994383
    outer loop
      vertex 69.840000000000003 -36.040000000000006 0.080000000000000016
      vertex 69.799999999999997 -40 0.10000000000000001
      vertex 69.840000000000003 -40 0.080000000000000016
    endloop
  endfacet
  facet normal 0.44721359549990181 0 0.89442719099994383
    outer loop
      vertex 69.799999999999997 -40 0.10000000000000001
      vertex 69.840000000000003 -36.039999999999999 0.080000000000000016
      vertex 69.840000000000003 -20.199999999999999 0.080000000000000016
    endloop
  endfacet
  facet normal 0.44721359549990181 -0 0.89442719099994394
    outer loop
      vertex 69.799999999999997 -40 0.10000000000000001
      vertex 69.840000000000003 -20.199999999999999 0.080000000000000016
      vertex 69.799999999999997 -20.199999999999999 0.10000000000000001
    endloop
  endfacet
  facet normal 0.44721359549990186 0 0.89442719099994394
    outer loop
      vertex 69.840000000000003 -20.16 0.080000000000000016
      vertex 69.799999999999997 -20.199999999999999 0.10000000000000001
      vertex 69.840000000000003 -20.199999999999999 0.080000000000000016
    endloop
  endfacet
  facet normal 0.23570226039548067 0.2357022603955225 0.94280904158207046
    outer loop
      vertex 69.799999999999997 -20.120000000000001 0.080000000000000016
      vertex 69.799999999999997 -20.199999999999999 0.10000000000000001
      vertex 69.840000000000003 -20.16 0.080000000000000016
    endloop
  endfacet
  facet normal 0.43643578047192944 -0.21821789023599861 0.87287156094399565
    outer loop
      vertex 69.799999999999997 -10.08 0.080000000000000016
      vertex 69.840000000000003 -10 0.080000000000000016
      vertex 69.799999999999997 -10 0.10000000000000001
    endloop
  endfacet
  facet normal 0.44721359549990186 0 0.89442719099994406
    outer loop
      vertex 69.840000000000003 -8.0000000000000018 0.080000000000000016
      vertex 69.799999999999997 -10 0.10000000000000001
      vertex 69.840000000000003 -10 0.080000000000000016
    endloop
  endfacet
  facet normal 0.44721359549990181 0 0.89442719099994383
    outer loop
      vertex 69.799999999999997 -10 0.10000000000000001
      vertex 69.840000000000003 -8 0.080000000000000016
      vertex 69.840000000000003 0 0.080000000000000016
    endloop
  endfacet
  facet normal 0.44721359549990181 -0 0.89442719099994394
    outer loop
      vertex 69.799999999999997 -10 0.10000000000000001
      vertex 69.840000000000003 0 0.080000000000000016
      vertex 69.799999999999997 0 0.10000000000000001
    endloop
  endfacet
  facet normal 0.44721359549990186 0 0.89442719099994394
    outer loop
      vertex 69.840000000000003 0.03999999999999998 0.080000000000000016
      vertex 69.799999999999997 0 0.10000000000000001
      vertex 69.840000000000003 0 0.080000000000000016
    endloop
  endfacet
  facet normal -0 0.44721359549995793 0.89442719099991586
    outer loop
      vertex 69.799999999999997 0.03999999999999998 0.080000000000000016
      vertex 69.799999999999997 0 0.10000000000000001
      vertex 69.840000000000003 0.03999999999999998 0.080000000000000016
    endloop
  endfacet
  facet normal 0 -0.44721359549995793 0.89442719099991586
    outer loop
      vertex 80.959999999999994 0.16000000000000003 0.080000000000000016
      vertex 81 0.16000000000000003 0.080000000000000016
      vertex 81 0.20000000000000001 0.10000000000000001
    endloop
  endfacet
  facet normal -0.44721359549990186 0 0.89442719099994394
    outer loop
      vertex 80.959999999999994 0.16000000000000003 0.080000000000000016
      vertex 81 0.20000000000000001 0.10000000000000001
      vertex 80.959999999999994 0.20000000000000001 0.080000000000000016
    endloop
  endfacet
  facet normal -0.44721359549990181 0 0.89442719099994383
    outer loop
      vertex 80.959999999999994 8.0400000000000009 0.080000000000000016
      vertex 80.959999999999994 0.20000000000000001 0.080000000000000016
      vertex 81 0.20000000000000001 0.10000000000000001
    endloop
  endfacet
  facet normal -0.44721359549990181 0 0.89442719099994394
    outer loop
      vertex 80.959999999999994 8.0400000000000009 0.080000000000000016
      vertex 81 0.20000000000000001 0.10000000000000001
      vertex 81 10 0.10000000000000001
    endloop
  endfacet
  facet normal -0.44721359549990186 0 0.89442719099994383
    outer loop
      vertex 80.959999999999994 8.0400000000000027 0.080000000000000016
      vertex 81 10 0.10000000000000001
      vertex 80.959999999999994 10 0.080000000000000016
    endloop
  endfacet
  facet normal -0.43643578047192944 0.21821789023599861 0.87287156094399565
    outer loop
      vertex 80.959999999999994 10 0.080000000000000016
      vertex 81 10 0.10000000000000001
      vertex 81 10.08 0.080000000000000016
    endloop
  endfacet
  facet normal -0.23570226039548067 -0.2357022603955225 0.94280904158207046
    outer loop
      vertex 80.959999999999994 20.16 0.080000000000000016
      vertex 81 20.120000000000001 0.080000000000000016
      vertex 81 20.199999999999999 0.10000000000000001
    endloop
  endfacet
  facet normal -0.44721359549990186 0 0.89442719099994394
    outer loop
      vertex 80.959999999999994 20.16 0.080000000000000016
      vertex 81 20.199999999999999 0.10000000000000001
      vertex 80.959999999999994 20.199999999999999 0.080000000000000016
    endloop
  endfacet
  facet normal -0.44721359549990186 0 0.89442719099994406
    outer loop
      vertex 80.959999999999994 36.039999999999999 0.080000000000000016
      vertex 80.959999999999994 20.199999999999999 0.080000000000000016
      vertex 81 20.199999999999999 0.10000000000000001
    endloop
  endfacet
  facet normal -0.44721359549990181 0 0.89442719099994394
    outer loop
      vertex 80.959999999999994 36.039999999999999 0.080000000000000016
      vertex 81 20.199999999999999 0.10000000000000001
      vertex 81 40 0.10000000000000001
    endloop
  endfacet
  facet normal -0.44721359549990181 0 0.89442719099994383
    outer loop
      vertex 80.959999999999994 36.040000000000006 0.080000000000000016
      vertex 81 40 0.10000000000000001
      vertex 80.959999999999994 40 0.080000000000000016
    endloop
  endfacet
  facet normal -0.44721359549990186 0 0.89442719099994394
    outer loop
      vertex 80.959999999999994 40.160000000000004 0.080000000000000016
      vertex 80.959999999999994 40 0.080000000000000016
      vertex 81 40 0.10000000000000001
    endloop
  endfacet
  facet normal -0.44721359549990192 0 0.89442719099994406
    outer loop
      vertex 80.959999999999994 40.160000000000004 0.080000000000000016
      vertex 81 40 0.10000000000000001
      vertex 81 40.200000000000003 0.10000000000000001
    endloop
  endfacet
  facet normal -0.44721359549990186 0 0.89442719099994394
    outer loop
      vertex 80.959999999999994 40.160000000000004 0.080000000000000016
      vertex 81 40.200000000000003 0.10000000000000001
      vertex 80.959999999999994 40.200000000000003 0.080000000000000016
    endloop
  endfacet
  facet normal -0.44721245476965898 0.0022586487614632785 0.89442490953945819
    outer loop
      vertex 80.959999999999994 40.200000000000003 0.080000000000000016
      vertex 81 40.200000000000003 0.10000000000000001
      vertex 81 48.119999999999997 0.080000000000000016
    endloop
  endfacet
  facet normal -0.24253489721580673 -0.0024498474466246971 0.97013958886337903
    outer loop
      vertex 80.959999999999994 76.040000000000006 0.080000000000000016
      vertex 81 72.080000000000013 0.080000000000000016
      vertex 81 80 0.10000000000000001
    endloop
  endfacet
  facet normal -0.44721359549990181 0 0.89442719099994383
    outer loop
      vertex 80.959999999999994 76.040000000000006 0.080000000000000016
      vertex 81 80 0.10000000000000001
      vertex 80.959999999999994 80 0.080000000000000016
    endloop
  endfacet
  facet normal -0.44721359549990186 0 0.89442719099994394
    outer loop
      vertex 80.959999999999994 80.159999999999997 0.080000000000000016
      vertex 80.959999999999994 80 0.080000000000000016
      vertex 81 80 0.10000000000000001
    endloop
  endfacet
  facet normal -0.44721359549990192 0 0.89442719099994406
    outer loop
      vertex 80.959999999999994 80.159999999999997 0.080000000000000016
      vertex 81 80 0.10000000000000001
      vertex 81 80.200000000000003 0.10000000000000001
    endloop
  endfacet
  facet normal -0.44721359549990181 0 0.89442719099994406
    outer loop
      vertex 80.959999999999994 80.159999999999997 0.080000000000000016
      vertex 81 80.200000000000003 0.10000000000000001
      vertex 80.959999999999994 80.200000000000003 0.080000000000000016
    endloop
  endfacet
  facet normal -0.44721359549990181 0 0.89442719099994383
    outer loop
      vertex 80.959999999999994 96.040000000000006 0.080000000000000016
      vertex 80.959999999999994 80.200000000000003 0.080000000000000016
      vertex 81 80.200000000000003 0.10000000000000001
    endloop
  endfacet
  facet normal -0.44721359549990186 0 0.89442719099994406
    outer loop
      vertex 80.959999999999994 96.040000000000006 0.080000000000000016
      vertex 81 80.200000000000003 0.10000000000000001
      vertex 81 100 0.10000000000000001
    endloop
  endfacet
  facet normal -0.44721359549990181 0 0.89442719099994383
    outer loop
      vertex 80.959999999999994 96.040000000000006 0.080000000000000016
      vertex 81 100 0.10000000000000001
      vertex 80.959999999999994 100 0.080000000000000016
    endloop
  endfacet
  facet normal 0 -0.44721359549995793 0.89442719099991586
    outer loop
      vertex 81.159999999999997 0.16000000000000003 0.080000000000000016
      vertex 81.200000000000003 0.16000000000000003 0.080000000000000016
      vertex 81.200000000000003 0.20000000000000001 0.10000000000000001
    endloop
  endfacet
  facet normal 0 -0.44721359549995793 0.89442719099991586
    outer loop
      vertex 81 0.16000000000000003 0.080000000000000016
      vertex 81.159999999999997 0.16000000000000003 0.080000000000000016
      vertex 81.200000000000003 0.20000000000000001 0.10000000000000001
    endloop
  endfacet
  facet normal 0 -0.44721359549995793 0.89442719099991586
    outer loop
      vertex 81 0.16000000000000003 0.080000000000000016
      vertex 81.200000000000003 0.20000000000000001 0.10000000000000001
      vertex 81 0.20000000000000001 0.10000000000000001
    endloop
  endfacet
  facet normal 0 0 1
    outer loop
      vertex 81 0.20000000000000001 0.10000000000000001
      vertex 81.200000000000003 0.20000000000000001 0.10000000000000001
      vertex 81.200000000000003 10 0.10000000000000001
    endloop
  endfacet
  facet normal 0 0 1
    outer loop
      vertex 81 0.20000000000000001 0.10000000000000001
      vertex 81.200000000000003 10 0.10000000000000001
      vertex 81 10 0.10000000000000001
    endloop
  endfacet
  facet normal 0 0.24253562503633264 0.97014250014533199
    outer loop
      vertex 81.079999999999998 10.08 0.080000000000000016
      vertex 81 10 0.10000000000000001
      vertex 81.200000000000003 10 0.10000000000000001
    endloop
  endfacet
  facet normal -0 0.24253562503633264 0.97014250014533188
    outer loop
      vertex 81.079999999999998 10.08 0.080000000000000016
      vertex 81.200000000000003 10 0.10000000000000001
      vertex 81.200000000000003 10.08 0.080000000000000016
    endloop
  endfacet
  facet normal -0 0.24253562503633266 0.97014250014533199
    outer loop
      vertex 81 10.08 0.080000000000000016
      vertex 81 10 0.10000000000000001
      vertex 81.079999999999998 10.08 0.080000000000000016
    endloop
  endfacet
  facet normal 0 -0.24253562503633774 0.97014250014533077
    outer loop
      vertex 81.120000000000005 20.120000000000001 0.080000000000000016
      vertex 81.200000000000003 20.120000000000001 0.080000000000000016
      vertex 81.200000000000003 20.199999999999999 0.10000000000000001
    endloop
  endfacet
  facet normal 0 -0.24253562503633772 0.97014250014533077
    outer loop
      vertex 81 20.120000000000001 0.080000000000000016
      vertex 81.120000000000005 20.120000000000001 0.080000000000000016
      vertex 81.200000000000003 20.199999999999999 0.10000000000000001
    endloop
  endfacet
  facet normal 0 -0.24253562503633774 0.97014250014533077
    outer loop
      vertex 81 20.120000000000001 0.080000000000000016
      vertex 81.200000000000003 20.199999999999999 0.10000000000000001
      vertex 81 20.199999999999999 0.10000000000000001
    endloop
  endfacet
  facet normal 0 0 1
    outer loop
      vertex 81 20.199999999999999 0.10000000000000001
      vertex 81.200000000000003 20.199999999999999 0.10000000000000001
      vertex 81.200000000000003 40 0.10000000000000001
    endloop
  endfacet
  facet normal 0 0 1
    outer loop
      vertex 81 20.199999999999999 0.10000000000000001
      vertex 81.200000000000003 40 0.10000000000000001
      vertex 81 40 0.10000000000000001
    endloop
  endfacet
  facet normal 0 0 1
    outer loop
      vertex 81 40 0.10000000000000001
      vertex 81.200000000000003 40 0.10000000000000001
      vertex 81.200000000000003 40.200000000000003 0.10000000000000001
    endloop
  endfacet
  facet normal 0 0 1
    outer loop
      vertex 81 40 0.10000000000000001
      vertex 81.200000000000003 40.200000000000003 0.10000000000000001
      vertex 81 40.200000000000003 0.10000000000000001
    endloop
  endfacet
  facet normal 0 0.0025252444736492204 0.99999681156509113
    outer loop
      vertex 81.079999999999998 48.119999999999997 0.080000000000000016
      vertex 81 40.200000000000003 0.10000000000000001
      vertex 81.200000000000003 40.200000000000003 0.10000000000000001
    endloop
  endfacet
  facet normal -0 0.0025252444736492204 0.99999681156509113
    outer loop
      vertex 81.079999999999998 48.119999999999997 0.080000000000000016
      vertex 81.200000000000003 40.200000000000003 0.10000000000000001
      vertex 81.200000000000003 48.119999999999997 0.080000000000000016
    endloop
  endfacet
  facet normal -0 0.0025252444736492208 0.99999681156509124
    outer loop
      vertex 81 48.119999999999997 0.080000000000000016
      vertex 81 40.200000000000003 0.10000000000000001
      vertex 81.079999999999998 48.119999999999997 0.080000000000000016
    endloop
  endfacet
  facet normal 0 -0.0025252444736492225 0.99999681156509101
    outer loop
      vertex 81.120000000000005 72.080000000000013 0.080000000000000016
      vertex 81.200000000000003 72.080000000000013 0.080000000000000016
      vertex 81.200000000000003 80 0.10000000000000001
    endloop
  endfacet
  facet normal 0 -0.0025252444736492221 0.99999681156509101
    outer loop
      vertex 81 72.080000000000013 0.080000000000000016
      vertex 81.120000000000005 72.080000000000013 0.080000000000000016
      vertex 81.200000000000003 80 0.10000000000000001
    endloop
  endfacet
  facet normal 0 -0.0025252444736492225 0.99999681156509113
    outer loop
      vertex 81 72.080000000000013 0.080000000000000016
      vertex 81.200000000000003 80 0.10000000000000001
      vertex 81 80 0.10000000000000001
    endloop
  endfacet
  facet normal 0 0 1
    outer loop
      vertex 81 80 0.10000000000000001
      vertex 81.200000000000003 80 0.10000000000000001
      vertex 81.200000000000003 80.200000000000003 0.10000000000000001
    endloop
  endfacet
  facet normal 0 0 1
    outer loop
      vertex 81 80 0.10000000000000001
      vertex 81.200000000000003 80.200000000000003 0.10000000000000001
      vertex 81 80.200000000000003 0.10000000000000001
    endloop
  endfacet
  facet normal 0 0 1
    outer loop
      vertex 81 80.200000000000003 0.10000000000000001
      vertex 81.200000000000003 80.200000000000003 0.10000000000000001
      vertex 81.200000000000003 100 0.10000000000000001
    endloop
  endfacet
  facet normal 0 0 1
    outer loop
      vertex 81 80.200000000000003 0.10000000000000001
      vertex 81.200000000000003 100 0.10000000000000001
      vertex 81 100 0.10000000000000001
    endloop
  endfacet
  facet normal 0 -0.44721359549995793 0.89442719099991586
    outer loop
      vertex 81.359999999999999 0.16000000000000003 0.080000000000000016
      vertex 81.400000000000006 0.16000000000000003 0.080000000000000016
      vertex 81.400000000000006 0.20000000000000001 0.10000000000000001
    endloop
  endfacet
  facet normal 0 -0.44721359549995793 0.89442719099991586
    outer loop
      vertex 81.200000000000003 0.16000000000000003 0.080000000000000016
      vertex 81.359999999999999 0.16000000000000003 0.080000000000000016
      vertex 81.400000000000006 0.20000000000000001 0.10000000000000001
    endloop
  endfacet
  facet normal 0 -0.44721359549995793 0.89442719099991586
    outer loop
      vertex 81.200000000000003 0.16000000000000003 0.080000000000000016
      vertex 81.400000000000006 0.20000000000000001 0.10000000000000001
      vertex 81.200000000000003 0.20000000000000001 0.10000000000000001
    endloop
  endfacet
  facet normal 0 0 1
    outer loop
      vertex 81.200000000000003 0.20000000000000001 0.10000000000000001
      vertex 81.400000000000006 0.20000000000000001 0.10000000000000001
      vertex 81.400000000000006 10 0.10000000000000001
    endloop
  endfacet
  facet normal 0 0 1
    outer loop
      vertex 81.200000000000003 0.20000000000000001 0.10000000000000001
      vertex 81.400000000000006 10 0.10000000000000001
      vertex 81.200000000000003 10 0.10000000000000001
    endloop
  endfacet
  facet normal 0 0.24253562503633264 0.97014250014533199
    outer loop
      vertex 81.280000000000001 10.08 0.080000000000000016
      vertex 81.200000000000003 10 0.10000000000000001
      vertex 81.400000000000006 10 0.10000000000000001
    endloop
  endfacet
  facet normal -0 0.24253562503633264 0.97014250014533188
    outer loop
      vertex 81.280000000000001 10.08 0.080000000000000016
      vertex 81.400000000000006 10 0.10000000000000001
      vertex 81.400000000000006 10.08 0.080000000000000016
    endloop
  endfacet
  facet normal -0 0.24253562503633266 0.97014250014533199
    outer loop
      vertex 81.200000000000003 10.08 0.080000000000000016
      vertex 81.200000000000003 10 0.10000000000000001
      vertex 81.280000000000001 10.08 0.080000000000000016
    endloop
  endfacet
  facet normal 0 -0.24253562503633774 0.97014250014533077
    outer loop
      vertex 81.320000000000007 20.120000000000001 0.080000000000000016
      vertex 81.400000000000006 20.120000000000001 0.080000000000000016
      vertex 81.400000000000006 20.199999999999999 0.10000000000000001
    endloop
  endfacet
  facet normal 0 -0.24253562503633772 0.97014250014533077
    outer loop
      vertex 81.200000000000003 20.120000000000001 0.080000000000000016
      vertex 81.320000000000007 20.120000000000001 0.080000000000000016
      vertex 81.400000000000006 20.199999999999999 0.10000000000000001
    endloop
  endfacet
  facet normal 0 -0.24253562503633774 0.97014250014533077
    outer loop
      vertex 81.200000000000003 20.120000000000001 0.080000000000000016
      vertex 81.400000000000006 20.199999999999999 0.10000000000000001
      vertex 81.200000000000003 20.199999999999999 0.10000000000000001
    endloop
  endfacet
  facet normal 0 0 1
    outer loop
      vertex 81.200000000000003 20.199999999999999 0.10000000000000001
      vertex 81.400000000000006 20.199999999999999 0.10000000000000001
      vertex 81.400000000000006 40 0.10000000000000001
    endloop
  endfacet
  facet normal 0 0 1
    outer loop
      vertex 81.200000000000003 20.199999999999999 0.10000000000000001
      vertex 81.400000000000006 40 0.10000000000000001
      vertex 81.200000000000003 40 0.10000000000000001
    endloop
  endfacet
  facet normal 0 0 1
    outer loop
      vertex 81.200000000000003 40 0.10000000000000001
      vertex 81.400000000000006 40 0.10000000000000001
      vertex 81.400000000000006 40.200000000000003 0.10000000000000001
    endloop
  endfacet
  facet normal 0 0 1
    outer loop
      vertex 81.200000000000003 40 0.10000000000000001
      vertex 81.400000000000006 40.200000000000003 0.10000000000000001
      vertex 81.200000000000003 40.200000000000003 0.10000000000000001
    endloop
  endfacet
  facet normal 0 0.0025252444736492204 0.99999681156509113
    outer loop
      vertex 81.280000000000001 48.119999999999997 0.080000000000000016
      vertex 81.200000000000003 40.200000000000003 0.10000000000000001
      vertex 81.400000000000006 40.200000000000003 0.10000000000000001
    endloop
  endfacet
  facet normal -0 0.0025252444736492204 0.99999681156509113
    outer loop
      vertex 81.280000000000001 48.119999999999997 0.080000000000000016
      vertex 81.400000000000006 40.200000000000003 0.10000000000000001
      vertex 81.400000000000006 48.119999999999997 0.080000000000000016
    endloop
  endfacet
  facet normal -0 0.0025252444736492208 0.99999681156509124
    outer loop
      vertex 81.200000000000003 48.119999999999997 0.080000000000000016
      vertex 81.200000000000003 40.200000000000003 0.10000000000000001
      vertex 81.280000000000001 48.119999999999997 0.080000000000000016
    endloop
  endfacet
  facet normal 0 -0.0025252444736492225 0.99999681156509101
    outer loop
      vertex 81.320000000000007 72.080000000000013 0.080000000000000016
      vertex 81.400000000000006 72.080000000000013 0.080000000000000016
      vertex 81.400000000000006 80 0.10000000000000001
    endloop
  endfacet
  facet normal 0 -0.0025252444736492221 0.99999681156509101
    outer loop
      vertex 81.200000000000003 72.080000000000013 0.080000000000000016
      vertex 81.320000000000007 72.080000000000013 0.080000000000000016
      vertex 81.400000000000006 80 0.10000000000000001
    endloop
  endfacet
  facet normal 0 -0.0025252444736492225 0.99999681156509113
    outer loop
      vertex 81.200000000000003 72.080000000000013 0.080000000000000016
      vertex 81.400000000000006 80 0.10000000000000001
      vertex 81.200000000000003 80 0.10000000000000001
    endloop
  endfacet
  facet normal 0 0 1
    outer loop
      vertex 81.200000000000003 80 0.10000000000000001
      vertex 81.400000000000006 80 0.10000000000000001
      vertex 81.400000000000006 80.200000000000003 0.10000000000000001
    endloop
  endfacet
  facet normal 0 0 1
    outer loop
      vertex 81.200000000000003 80 0.10000000000000001
      vertex 81.400000000000006 80.200000000000003 0.10000000000000001
      vertex 81.200000000000003 80.200000000000003 0.10000000000000001
    endloop
  endfacet
  facet normal 0 0 1
    outer loop
      vertex 81.200000000000003 80.200000000000003 0.10000000000000001
      vertex 81.400000000000006 80.200000000000003 0.10000000000000001
      vertex 81.400000000000006 100 0.10000000000000001
    endloop
  endfacet
  facet normal 0 0 1
    outer loop
      vertex 81.200000000000003 80.200000000000003 0.10000000000000001
      vertex 81.400000000000006 100 0.10000000000000001
      vertex 81.200000000000003 100 0.10000000000000001
    endloop
  endfacet
  facet normal 0 -0.44721359549995793 0.89442719099991586
    outer loop
      vertex 81.560000000000002 0.16000000000000003 0.080000000000000016
      vertex 81.599999999999994 0.16000000000000003 0.080000000000000016
      vertex 81.599999999999994 0.20000000000000001 0.10000000000000001
    endloop
  endfacet
  facet normal 0 -0.44721359549995793 0.89442719099991586
    outer loop
      vertex 81.400000000000006 0.16000000000000003 0.080000000000000016
      vertex 81.560000000000002 0.16000000000000003 0.080000000000000016
      vertex 81.599999999999994 0.20000000000000001 0.10000000000000001
    endloop
  endfacet
  facet normal 0 -0.44721359549995787 0.89442719099991574
    outer loop
      vertex 81.400000000000006 0.16000000000000003 0.080000000000000016
      vertex 81.599999999999994 0.20000000000000001 0.10000000000000001
      vertex 81.400000000000006 0.20000000000000001 0.10000000000000001
    endloop
  endfacet
  facet normal 0 0 1
    outer loop
      vertex 81.400000000000006 0.20000000000000001 0.10000000000000001
      vertex 81.599999999999994 0.20000000000000001 0.10000000000000001
      vertex 81.599999999999994 10 0.10000000000000001
    endloop
  endfacet
  facet normal 0 0 1
    outer loop
      vertex 81.400000000000006 0.20000000000000001 0.10000000000000001
      vertex 81.599999999999994 10 0.10000000000000001
      vertex 81.400000000000006 10 0.10000000000000001
    endloop
  endfacet
  facet normal 0 0.24253562503633269 0.97014250014533199
    outer loop
      vertex 81.480000000000004 10.08 0.080000000000000016
      vertex 81.400000000000006 10 0.10000000000000001
      vertex 81.599999999999994 10 0.10000000000000001
    endloop
  endfacet
  facet normal -0 0.24253562503633261 0.97014250014533188
    outer loop
      vertex 81.480000000000004 10.08 0.080000000000000016
      vertex 81.599999999999994 10 0.10000000000000001
      vertex 81.599999999999994 10.08 0.080000000000000016
    endloop
  endfacet
  facet normal -0 0.24253562503633266 0.97014250014533199
    outer loop
      vertex 81.400000000000006 10.08 0.080000000000000016
      vertex 81.400000000000006 10 0.10000000000000001
      vertex 81.480000000000004 10.08 0.080000000000000016
    endloop
  endfacet
  facet normal 0 -0.24253562503633774 0.97014250014533077
    outer loop
      vertex 81.519999999999996 20.120000000000001 0.080000000000000016
      vertex 81.599999999999994 20.120000000000001 0.080000000000000016
      vertex 81.599999999999994 20.199999999999999 0.10000000000000001
    endloop
  endfacet
  facet normal 0 -0.24253562503633772 0.97014250014533077
    outer loop
      vertex 81.400000000000006 20.120000000000001 0.080000000000000016
      vertex 81.519999999999996 20.120000000000001 0.080000000000000016
      vertex 81.599999999999994 20.199999999999999 0.10000000000000001
    endloop
  endfacet
  facet normal 0 -0.24253562503633774 0.97014250014533077
    outer loop
      vertex 81.400000000000006 20.120000000000001 0.080000000000000016
      vertex 81.599999999999994 20.199999999999999 0.10000000000000001
      vertex 81.400000000000006 20.199999999999999 0.10000000000000001
    endloop
  endfacet
  facet normal 0 0 1
    outer loop
      vertex 81.400000000000006 20.199999999999999 0.10000000000000001
      vertex 81.599999999999994 20.199999999999999 0.10000000000000001
      vertex 81.599999999999994 40 0.10000000000000001
    endloop
  endfacet
  facet normal 0 0 1
    outer loop
      vertex 81.400000000000006 20.199999999999999 0.10000000000000001
      vertex 81.599999999999994 40 0.10000000000000001
      vertex 81.400000000000006 40 0.10000000000000001
    endloop
  endfacet
  facet normal 0 0 1
    outer loop
      vertex 81.400000000000006 40 0.10000000000000001
      vertex 81.599999999999994 40 0.10000000000000001
      vertex 81.599999999999994 40.200000000000003 0.10000000000000001
    endloop
  endfacet
  facet normal 0 0 1
    outer loop
      vertex 81.400000000000006 40 0.10000000000000001
      vertex 81.599999999999994 40.200000000000003 0.10000000000000001
      vertex 81.400000000000006 40.200000000000003 0.10000000000000001
    endloop
  endfacet
  facet normal 0 0.0025252444736492204 0.99999681156509113
    outer loop
      vertex 81.480000000000004 48.119999999999997 0.080000000000000016
      vertex 81.400000000000006 40.200000000000003 0.10000000000000001
      vertex 81.599999999999994 40.200000000000003 0.10000000000000001
    endloop
  endfacet
  facet normal -0 0.0025252444736492199 0.99999681156509101
    outer loop
      vertex 81.480000000000004 48.119999999999997 0.080000000000000016
      vertex 81.599999999999994 40.200000000000003 0.10000000000000001
      vertex 81.599999999999994 48.119999999999997 0.080000000000000016
    endloop
  endfacet
  facet normal -0 0.0025252444736492208 0.99999681156509124
    outer loop
      vertex 81.400000000000006 48.119999999999997 0.080000000000000016
      vertex 81.400000000000006 40.200000000000003 0.10000000000000001
      vertex 81.480000000000004 48.119999999999997 0.080000000000000016
    endloop
  endfacet
  facet normal 0 -0.0025252444736492225 0.99999681156509101
    outer loop
      vertex 81.519999999999996 72.080000000000013 0.080000000000000016
      vertex 81.599999999999994 72.080000000000013 0.080000000000000016
      vertex 81.599999999999994 80 0.10000000000000001
    endloop
  endfacet
  facet normal 0 -0.002525244473649223 0.99999681156509113
    outer loop
      vertex 81.400000000000006 72.080000000000013 0.080000000000000016
      vertex 81.519999999999996 72.080000000000013 0.080000000000000016
      vertex 81.599999999999994 80 0.10000000000000001
    endloop
  endfacet
  facet normal 0 -0.0025252444736492221 0.99999681156509101
    outer loop
      vertex 81.400000000000006 72.080000000000013 0.080000000000000016
      vertex 81.599999999999994 80 0.10000000000000001
      vertex 81.400000000000006 80 0.10000000000000001
    endloop
  endfacet
  facet normal 0 0 1
    outer loop
      vertex 81.400000000000006 80 0.10000000000000001
      vertex 81.599999999999994 80 0.10000000000000001
      vertex 81.599999999999994 80.200000000000003 0.10000000000000001
    endloop
  endfacet
  facet normal 0 0 1
    outer loop
      vertex 81.400000000000006 80 0.10000000000000001
      vertex 81.599999999999994 80.200000000000003 0.10000000000000001
      vertex 81.400000000000006 80.200000000000003 0.10000000000000001
    endloop
  endfacet
  facet normal 0 0 1
    outer loop
      vertex 81.400000000000006 80.200000000000003 0.10000000000000001
      vertex 81.599999999999994 80.200000000000003 0.10000000000000001
      vertex 81.599999999999994 100 0.10000000000000001
    endloop
  endfacet
  facet normal 0 0 1
    outer loop
      vertex 81.400000000000006 80.200000000000003 0.10000000000000001
      vertex 81.599999999999994 100 0.10000000000000001
      vertex 81.400000000000006 100 0.10000000000000001
    endloop
  endfacet
  facet normal 0 -0.59999999999999998 0.80000000000000004
    outer loop
      vertex 81.759999999999991 0.16 0.12
      vertex 81.706666666666663 0.10666666666666669 0.080000000000000016
      vertex 81.799999999999997 0.10666666666666669 0.080000000000000016
    endloop
  endfacet
  facet normal 0 -0.59999999999999987 0.80000000000000004
    outer loop
      vertex 81.759999999999991 0.16 0.12
      vertex 81.799999999999997 0.10666666666666669 0.080000000000000016
      vertex 81.799999999999997 0.16 0.12
    endloop
  endfacet
  facet normal -0.21821789023599494 -0.43643578047199993 0.87287156094396134
    outer loop
      vertex 81.599999999999994 0.16000000000000003 0.080000000000000016
      vertex 81.706666666666663 0.10666666666666669 0.080000000000000016
      vertex 81.759999999999991 0.16 0.12
    endloop
  endfacet
  facet normal -0.21821789023599675 -0.43643578047198417 0.87287156094396867
    outer loop
      vertex 81.599999999999994 0.16000000000000003 0.080000000000000016
      vertex 81.759999999999991 0.16 0.12
      vertex 81.679999999999993 0.20000000000000001 0.12
    endloop
  endfacet
  facet normal -0.21821789023599669 -0.43643578047198434 0.87287156094396867
    outer loop
      vertex 81.599999999999994 0.16000000000000003 0.080000000000000016
      vertex 81.679999999999993 0.20000000000000001 0.12
      vertex 81.599999999999994 0.20000000000000001 0.10000000000000001
    endloop
  endfacet
  facet normal -0.24253562503633774 0 0.97014250014533066
    outer loop
      vertex 81.679999999999993 4.1199999999999983 0.12
      vertex 81.599999999999994 0.20000000000000001 0.10000000000000001
      vertex 81.679999999999993 0.20000000000000001 0.12
    endloop
  endfacet
  facet normal -0.24253562503633772 0 0.97014250014533077
    outer loop
      vertex 81.599999999999994 0.20000000000000001 0.10000000000000001
      vertex 81.679999999999993 4.1199999999999992 0.12
      vertex 81.679999999999993 10 0.12
    endloop
  endfacet
  facet normal -0.24253562503633774 0 0.97014250014533077
    outer loop
      vertex 81.599999999999994 0.20000000000000001 0.10000000000000001
      vertex 81.679999999999993 10 0.12
      vertex 81.599999999999994 10 0.10000000000000001
    endloop
  endfacet
  facet normal -0.23570226039551967 0.23570226039553011 0.94280904158205892
    outer loop
      vertex 81.599999999999994 10 0.10000000000000001
      vertex 81.679999999999993 10 0.12
      vertex 81.799999999999997 10.119999999999999 0.12
    endloop
  endfacet
  facet normal -0.23570226039551162 0.23570226039551581 0.94280904158206447
    outer loop
      vertex 81.599999999999994 10 0.10000000000000001
      vertex 81.799999999999997 10.119999999999999 0.12
      vertex 81.799999999999997 10.199999999999999 0.10000000000000001
    endloop
  endfacet
  facet normal -0.23570226039551162 0.23570226039551576 0.94280904158206447
    outer loop
      vertex 81.599999999999994 10.08 0.080000000000000016
      vertex 81.599999999999994 10 0.10000000000000001
      vertex 81.799999999999997 10.199999999999999 0.10000000000000001
    endloop
  endfacet
  facet normal -0.23570226039551967 0.23570226039553011 0.94280904158205892
    outer loop
      vertex 81.599999999999994 10.08 0.080000000000000016
      vertex 81.799999999999997 10.199999999999999 0.10000000000000001
      vertex 81.719999999999999 10.199999999999999 0.080000000000000016
    endloop
  endfacet
  facet normal -0.24253562503633774 0 0.97014250014533077
    outer loop
      vertex 81.719999999999999 16.080000000000002 0.080000000000000016
      vertex 81.719999999999999 10.199999999999999 0.080000000000000016
      vertex 81.799999999999997 10.199999999999999 0.10000000000000001
    endloop
  endfacet
  facet normal -0.24253562503633774 0 0.97014250014533077
    outer loop
      vertex 81.719999999999999 16.080000000000002 0.080000000000000016
      vertex 81.799999999999997 10.199999999999999 0.10000000000000001
      vertex 81.799999999999997 20 0.10000000000000001
    endloop
  endfacet
  facet normal -0.24253562503633774 0 0.97014250014533066
    outer loop
      vertex 81.719999999999999 16.080000000000002 0.080000000000000016
      vertex 81.799999999999997 20 0.10000000000000001
      vertex 81.719999999999999 20 0.080000000000000016
    endloop
  endfacet
  facet normal -0.23570226039550854 -0.2357022603955225 0.94280904158206347
    outer loop
      vertex 81.739999999999995 20.140000000000001 0.12
      vertex 81.659999999999997 20.059999999999999 0.080000000000000016
      vertex 81.719999999999999 20 0.080000000000000016
    endloop
  endfacet
  facet normal -0.23570226039552022 -0.23570226039552022 0.94280904158206114
    outer loop
      vertex 81.739999999999995 20.140000000000001 0.12
      vertex 81.719999999999999 20 0.080000000000000016
      vertex 81.799999999999997 20 0.10000000000000001
    endloop
  endfacet
  facet normal -0.23570226039552022 -0.23570226039552022 0.94280904158206114
    outer loop
      vertex 81.739999999999995 20.140000000000001 0.12
      vertex 81.799999999999997 20 0.10000000000000001
      vertex 81.799999999999997 20.079999999999998 0.12
    endloop
  endfacet
  facet normal -0.23570226039551553 -0.23570226039551553 0.94280904158206347
    outer loop
      vertex 81.599999999999994 20.120000000000001 0.080000000000000016
      vertex 81.659999999999997 20.059999999999999 0.080000000000000016
      vertex 81.739999999999995 20.140000000000001 0.12
    endloop
  endfacet
  facet normal -0.23570226039551323 -0.23570226039552716 0.94280904158206136
    outer loop
      vertex 81.599999999999994 20.120000000000001 0.080000000000000016
      vertex 81.739999999999995 20.140000000000001 0.12
      vertex 81.679999999999993 20.199999999999999 0.12
    endloop
  endfacet
  facet normal -0.23570226039552022 -0.23570226039552022 0.94280904158206125
    outer loop
      vertex 81.599999999999994 20.120000000000001 0.080000000000000016
      vertex 81.679999999999993 20.199999999999999 0.12
      vertex 81.599999999999994 20.199999999999999 0.10000000000000001
    endloop
  endfacet
  facet normal -0.24253562503633766 0 0.97014250014533066
    outer loop
      vertex 81.679999999999993 28.119999999999997 0.12
      vertex 81.599999999999994 20.199999999999999 0.10000000000000001
      vertex 81.679999999999993 20.199999999999999 0.12
    endloop
  endfacet
  facet normal -0.24253562503633772 0 0.97014250014533077
    outer loop
      vertex 81.599999999999994 20.199999999999999 0.10000000000000001
      vertex 81.679999999999993 28.119999999999997 0.12
      vertex 81.679999999999993 40 0.12
    endloop
  endfacet
  facet normal -0.24253562503633774 0 0.97014250014533077
    outer loop
      vertex 81.599999999999994 20.199999999999999 0.10000000000000001
      vertex 81.679999999999993 40 0.12
      vertex 81.599999999999994 40 0.10000000000000001
    endloop
  endfacet
  facet normal -0.24253562503633774 0 0.97014250014533077
    outer loop
      vertex 81.679999999999993 40.079999999999998 0.12
      vertex 81.599999999999994 40 0.10000000000000001
      vertex 81.679999999999993 40 0.12
    endloop
  endfacet
  facet normal -0.24253562503633772 0 0.97014250014533077
    outer loop
      vertex 81.599999999999994 40 0.10000000000000001
      vertex 81.679999999999993 40.079999999999998 0.12
      vertex 81.679999999999993 40.200000000000003 0.12
    endloop
  endfacet
  facet normal -0.24253562503633774 0 0.97014250014533077
    outer loop
      vertex 81.599999999999994 40 0.10000000000000001
      vertex 81.679999999999993 40.200000000000003 0.12
      vertex 81.599999999999994 40.200000000000003 0.10000000000000001
    endloop
  endfacet
  facet normal -0.24253489721584728 0.0024498474466248124 0.97013958886336904
    outer loop
      vertex 81.599999999999994 40.200000000000003 0.10000000000000001
      vertex 81.679999999999993 40.200000000000003 0.12
      vertex 81.799999999999997 52.080000000000005 0.12
    endloop
  endfacet
  facet normal -0.24253489721583929 0.0024498474466246745 0.97013958886337115
    outer loop
      vertex 81.599999999999994 40.200000000000003 0.10000000000000001
      vertex 81.799999999999997 52.080000000000005 0.12
      vertex 81.799999999999997 60 0.10000000000000001
    endloop
  endfacet
  facet normal -0.24253489721583932 0.0024498474466246745 0.97013958886337104
    outer loop
      vertex 81.599999999999994 48.119999999999997 0.080000000000000016
      vertex 81.599999999999994 40.200000000000003 0.10000000000000001
      vertex 81.799999999999997 60 0.10000000000000001
    endloop
  endfacet
  facet normal -0.24253489721584734 0.0024498474466248129 0.97013958886336893
    outer loop
      vertex 81.599999999999994 48.119999999999997 0.080000000000000016
      vertex 81.799999999999997 60 0.10000000000000001
      vertex 81.719999999999999 60 0.080000000000000016
    endloop
  endfacet
  facet normal -0.24253562503633772 0 0.97014250014533077
    outer loop
      vertex 81.719999999999999 60.120000000000005 0.080000000000000016
      vertex 81.719999999999999 60 0.080000000000000016
      vertex 81.799999999999997 60 0.10000000000000001
    endloop
  endfacet
  facet normal -0.24253562503633774 0 0.97014250014533077
    outer loop
      vertex 81.719999999999999 60.120000000000005 0.080000000000000016
      vertex 81.799999999999997 60 0.10000000000000001
      vertex 81.799999999999997 60.200000000000003 0.10000000000000001
    endloop
  endfacet
  facet normal -0.24253562503633774 0 0.97014250014533077
    outer loop
      vertex 81.719999999999999 60.120000000000005 0.080000000000000016
      vertex 81.799999999999997 60.200000000000003 0.10000000000000001
      vertex 81.719999999999999 60.200000000000003 0.080000000000000016
    endloop
  endfacet
  facet normal -0.24253489721584731 0.0024498474466246676 0.97013958886336904
    outer loop
      vertex 81.719999999999999 60.200000000000003 0.080000000000000016
      vertex 81.799999999999997 60.200000000000003 0.10000000000000001
      vertex 81.799999999999997 68.120000000000005 0.080000000000000016
    endloop
  endfacet
  facet normal 0.24253489721584731 -0.0024498474466246719 0.97013958886336904
    outer loop
      vertex 81.599999999999994 72.080000000000013 0.080000000000000016
      vertex 81.679999999999993 80 0.080000000000000016
      vertex 81.599999999999994 80 0.10000000000000001
    endloop
  endfacet
  facet normal 0.24253562503633774 0 0.97014250014533077
    outer loop
      vertex 81.679999999999993 80.079999999999998 0.080000000000000016
      vertex 81.599999999999994 80 0.10000000000000001
      vertex 81.679999999999993 80 0.080000000000000016
    endloop
  endfacet
  facet normal 0.24253562503633772 0 0.97014250014533077
    outer loop
      vertex 81.599999999999994 80 0.10000000000000001
      vertex 81.679999999999993 80.079999999999998 0.080000000000000016
      vertex 81.679999999999993 80.200000000000003 0.080000000000000016
    endloop
  endfacet
  facet normal 0.24253562503633774 -0 0.97014250014533077
    outer loop
      vertex 81.599999999999994 80 0.10000000000000001
      vertex 81.679999999999993 80.200000000000003 0.080000000000000016
      vertex 81.599999999999994 80.200000000000003 0.10000000000000001
    endloop
  endfacet
  facet normal 0.24253271379368926 -0.0048996507837107892 0.97013085517473685
    outer loop
      vertex 81.679999999999993 88.120000000000005 0.12
      vertex 81.599999999999994 80.200000000000003 0.10000000000000001
      vertex 81.679999999999993 80.200000000000003 0.080000000000000016
    endloop
  endfacet
  facet normal 0.24253271379367564 -0.0048996507837108056 0.97013085517474018
    outer loop
      vertex 81.679999999999993 88.120000000000005 0.12
      vertex 81.679999999999993 80.200000000000003 0.080000000000000016
      vertex 81.799999999999997 86.140000000000001 0.080000000000000016
    endloop
  endfacet
  facet normal 0.24253271379367561 -0.0048996507837108056 0.97013085517474018
    outer loop
      vertex 81.679999999999993 88.120000000000005 0.12
      vertex 81.799999999999997 86.140000000000001 0.080000000000000016
      vertex 81.799999999999997 94.060000000000002 0.12
    endloop
  endfacet
  facet normal -0.24253562503633769 0 0.97014250014533077
    outer loop
      vertex 81.599999999999994 80.200000000000003 0.10000000000000001
      vertex 81.679999999999993 88.120000000000005 0.12
      vertex 81.679999999999993 100 0.12
    endloop
  endfacet
  facet normal -0.24253562503633772 0 0.97014250014533066
    outer loop
      vertex 81.599999999999994 80.200000000000003 0.10000000000000001
      vertex 81.679999999999993 100 0.12
      vertex 81.599999999999994 100 0.10000000000000001
    endloop
  endfacet
  facet normal 0 -0.59999999999999998 0.80000000000000004
    outer loop
      vertex 81.959999999999994 0.16 0.12
      vertex 81.906666666666666 0.10666666666666669 0.080000000000000016
      vertex 82 0.10666666666666669 0.080000000000000016
    endloop
  endfacet
  facet normal 0 -0.59999999999999987 0.80000000000000004
    outer loop
      vertex 81.959999999999994 0.16 0.12
      vertex 82 0.10666666666666669 0.080000000000000016
      vertex 82 0.16 0.12
    endloop
  endfacet
  facet normal 0 -0.59999999999999998 0.80000000000000004
    outer loop
      vertex 81.799999999999997 0.16 0.12
      vertex 81.799999999999997 0.10666666666666669 0.080000000000000016
      vertex 81.906666666666666 0.10666666666666669 0.080000000000000016
    endloop
  endfacet
  facet normal 0 -0.59999999999999998 0.79999999999999993
    outer loop
      vertex 81.799999999999997 0.16 0.12
      vertex 81.906666666666666 0.10666666666666669 0.080000000000000016
      vertex 81.959999999999994 0.16 0.12
    endloop
  endfacet
  facet normal -0 0.24253562503633266 0.97014250014533199
    outer loop
      vertex 81.920000000000002 10.119999999999999 0.12
      vertex 82 10.119999999999999 0.12
      vertex 82 10.199999999999999 0.10000000000000001
    endloop
  endfacet
  facet normal -0 0.24253562503633264 0.97014250014533188
    outer loop
      vertex 81.799999999999997 10.119999999999999 0.12
      vertex 81.920000000000002 10.119999999999999 0.12
      vertex 82 10.199999999999999 0.10000000000000001
    endloop
  endfacet
  facet normal 0 0.24253562503633264 0.97014250014533199
    outer loop
      vertex 81.799999999999997 10.119999999999999 0.12
      vertex 82 10.199999999999999 0.10000000000000001
      vertex 81.799999999999997 10.199999999999999 0.10000000000000001
    endloop
  endfacet
  facet normal 0 0 1
    outer loop
      vertex 81.799999999999997 10.199999999999999 0.10000000000000001
      vertex 82 10.199999999999999 0.10000000000000001
      vertex 82 20 0.10000000000000001
    endloop
  endfacet
  facet normal 0 0 1
    outer loop
      vertex 81.799999999999997 10.199999999999999 0.10000000000000001
      vertex 82 20 0.10000000000000001
      vertex 81.799999999999997 20 0.10000000000000001
    endloop
  endfacet
  facet normal 0 -0.24253562503633774 0.97014250014533077
    outer loop
      vertex 81.879999999999995 20.079999999999998 0.12
      vertex 81.799999999999997 20 0.10000000000000001
      vertex 82 20 0.10000000000000001
    endloop
  endfacet
  facet normal 0 -0.24253562503633772 0.97014250014533077
    outer loop
      vertex 81.879999999999995 20.079999999999998 0.12
      vertex 82 20 0.10000000000000001
      vertex 82 20.079999999999998 0.12
    endloop
  endfacet
  facet normal 0 -0.24253562503633774 0.97014250014533077
    outer loop
      vertex 81.799999999999997 20.079999999999998 0.12
      vertex 81.799999999999997 20 0.10000000000000001
      vertex 81.879999999999995 20.079999999999998 0.12
    endloop
  endfacet
  facet normal -0 0.0025252444736492208 0.99999681156509124
    outer loop
      vertex 81.920000000000002 52.080000000000005 0.12
      vertex 82 52.080000000000005 0.12
      vertex 82 60 0.10000000000000001
    endloop
  endfacet
  facet normal -0 0.0025252444736492204 0.99999681156509113
    outer loop
      vertex 81.799999999999997 52.080000000000005 0.12
      vertex 81.920000000000002 52.080000000000005 0.12
      vertex 82 60 0.10000000000000001
    endloop
  endfacet
  facet normal 0 0.0025252444736492204 0.99999681156509113
    outer loop
      vertex 81.799999999999997 52.080000000000005 0.12
      vertex 82 60 0.10000000000000001
      vertex 81.799999999999997 60 0.10000000000000001
    endloop
  endfacet
  facet normal 0 0 1
    outer loop
      vertex 81.799999999999997 60 0.10000000000000001
      vertex 82 60 0.10000000000000001
      vertex 82 60.200000000000003 0.10000000000000001
    endloop
  endfacet
  facet normal 0 0 1
    outer loop
      vertex 81.799999999999997 60 0.10000000000000001
      vertex 82 60.200000000000003 0.10000000000000001
      vertex 81.799999999999997 60.200000000000003 0.10000000000000001
    endloop
  endfacet
  facet normal 0 0.0025252444736492182 0.99999681156509113
    outer loop
      vertex 81.879999999999995 68.120000000000005 0.080000000000000016
      vertex 81.799999999999997 60.200000000000003 0.10000000000000001
      vertex 82 60.200000000000003 0.10000000000000001
    endloop
  endfacet
  facet normal -0 0.0025252444736492182 0.99999681156509113
    outer loop
      vertex 81.879999999999995 68.120000000000005 0.080000000000000016
      vertex 82 60.200000000000003 0.10000000000000001
      vertex 82 68.120000000000005 0.080000000000000016
    endloop
  endfacet
  facet normal -0 0.0025252444736492182 0.99999681156509101
    outer loop
      vertex 81.799999999999997 68.120000000000005 0.080000000000000016
      vertex 81.799999999999997 60.200000000000003 0.10000000000000001
      vertex 81.879999999999995 68.120000000000005 0.080000000000000016
    endloop
  endfacet
  facet normal 0 -0.0050504406386027816 0.99998724644335146
    outer loop
      vertex 81.939999999999998 94.060000000000002 0.12
      vertex 81.859999999999999 86.140000000000001 0.080000000000000016
      vertex 82 86.140000000000001 0.080000000000000016
    endloop
  endfacet
  facet normal 0 -0.0050504406386027807 0.99998724644335135
    outer loop
      vertex 81.939999999999998 94.060000000000002 0.12
      vertex 82 86.140000000000001 0.080000000000000016
      vertex 82 94.060000000000002 0.12
    endloop
  endfacet
  facet normal 0 -0.0050504406386027807 0.99998724644335135
    outer loop
      vertex 81.799999999999997 94.060000000000002 0.12
      vertex 81.799999999999997 86.140000000000001 0.080000000000000016
      vertex 81.859999999999999 86.140000000000001 0.080000000000000016
    endloop
  endfacet
  facet normal 0 -0.0050504406386027816 0.99998724644335146
    outer loop
      vertex 81.799999999999997 94.060000000000002 0.12
      vertex 81.859999999999999 86.140000000000001 0.080000000000000016
      vertex 81.939999999999998 94.060000000000002 0.12
    endloop
  endfacet
  facet normal 0 -0.59999999999999998 0.80000000000000004
    outer loop
      vertex 82.159999999999997 0.16 0.12
      vertex 82.106666666666669 0.10666666666666669 0.080000000000000016
      vertex 82.200000000000003 0.10666666666666669 0.080000000000000016
    endloop
  endfacet
  facet normal 0 -0.59999999999999987 0.80000000000000004
    outer loop
      vertex 82.159999999999997 0.16 0.12
      vertex 82.200000000000003 0.10666666666666669 0.080000000000000016
      vertex 82.200000000000003 0.16 0.12
    endloop
  endfacet
  facet normal 0 -0.59999999999999998 0.80000000000000004
    outer loop
      vertex 82 0.16 0.12
      vertex 82 0.10666666666666669 0.080000000000000016
      vertex 82.106666666666669 0.10666666666666669 0.080000000000000016
    endloop
  endfacet
  facet normal 0 -0.59999999999999998 0.79999999999999993
    outer loop
      vertex 82 0.16 0.12
      vertex 82.106666666666669 0.10666666666666669 0.080000000000000016
      vertex 82.159999999999997 0.16 0.12
    endloop
  endfacet
  facet normal -0 0.24253562503633266 0.97014250014533199
    outer loop
      vertex 82.120000000000005 10.119999999999999 0.12
      vertex 82.200000000000003 10.119999999999999 0.12
      vertex 82.200000000000003 10.199999999999999 0.10000000000000001
    endloop
  endfacet
  facet normal -0 0.24253562503633264 0.97014250014533188
    outer loop
      vertex 82 10.119999999999999 0.12
      vertex 82.120000000000005 10.119999999999999 0.12
      vertex 82.200000000000003 10.199999999999999 0.10000000000000001
    endloop
  endfacet
  facet normal 0 0.24253562503633264 0.97014250014533199
    outer loop
      vertex 82 10.119999999999999 0.12
      vertex 82.200000000000003 10.199999999999999 0.10000000000000001
      vertex 82 10.199999999999999 0.10000000000000001
    endloop
  endfacet
  facet normal 0 0 1
    outer loop
      vertex 82 10.199999999999999 0.10000000000000001
      vertex 82.200000000000003 10.199999999999999 0.10000000000000001
      vertex 82.200000000000003 20 0.10000000000000001
    endloop
  endfacet
  facet normal 0 0 1
    outer loop
      vertex 82 10.199999999999999 0.10000000000000001
      vertex 82.200000000000003 20 0.10000000000000001
      vertex 82 20 0.10000000000000001
    endloop
  endfacet
  facet normal 0 -0.24253562503633774 0.97014250014533077
    outer loop
      vertex 82.079999999999998 20.079999999999998 0.12
      vertex 82 20 0.10000000000000001
      vertex 82.200000000000003 20 0.10000000000000001
    endloop
  endfacet
  facet normal 0 -0.24253562503633772 0.97014250014533077
    outer loop
      vertex 82.079999999999998 20.079999999999998 0.12
      vertex 82.200000000000003 20 0.10000000000000001
      vertex 82.200000000000003 20.079999999999998 0.12
    endloop
  endfacet
  facet normal 0 -0.24253562503633774 0.97014250014533077
    outer loop
      vertex 82 20.079999999999998 0.12
      vertex 82 20 0.10000000000000001
      vertex 82.079999999999998 20.079999999999998 0.12
    endloop
  endfacet
  facet normal -0 0.0025252444736492208 0.99999681156509124
    outer loop
      vertex 82.120000000000005 52.080000000000005 0.12
      vertex 82.200000000000003 52.080000000000005 0.12
      vertex 82.200000000000003 60 0.10000000000000001
    endloop
  endfacet
  facet normal -0 0.0025252444736492204 0.99999681156509113
    outer loop
      vertex 82 52.080000000000005 0.12
      vertex 82.120000000000005 52.080000000000005 0.12
      vertex 82.200000000000003 60 0.10000000000000001
    endloop
  endfacet
  facet normal 0 0.0025252444736492204 0.99999681156509113
    outer loop
      vertex 82 52.080000000000005 0.12
      vertex 82.200000000000003 60 0.10000000000000001
      vertex 82 60 0.10000000000000001
    endloop
  endfacet
  facet normal 0 0 1
    outer loop
      vertex 82 60 0.10000000000000001
      vertex 82.200000000000003 60 0.10000000000000001
      vertex 82.200000000000003 60.200000000000003 0.10000000000000001
    endloop
  endfacet
  facet normal 0 0 1
    outer loop
      vertex 82 60 0.10000000000000001
      vertex 82.200000000000003 60.200000000000003 0.10000000000000001
      vertex 82 60.200000000000003 0.10000000000000001
    endloop
  endfacet
  facet normal 0 0.0025252444736492182 0.99999681156509113
    outer loop
      vertex 82.079999999999998 68.120000000000005 0.080000000000000016
      vertex 82 60.200000000000003 0.10000000000000001
      vertex 82.200000000000003 60.200000000000003 0.10000000000000001
    endloop
  endfacet
  facet normal -0 0.0025252444736492182 0.99999681156509113
    outer loop
      vertex 82.079999999999998 68.120000000000005 0.080000000000000016
      vertex 82.200000000000003 60.200000000000003 0.10000000000000001
      vertex 82.200000000000003 68.120000000000005 0.080000000000000016
    endloop
  endfacet
  facet normal -0 0.0025252444736492182 0.99999681156509101
    outer loop
      vertex 82 68.120000000000005 0.080000000000000016
      vertex 82 60.200000000000003 0.10000000000000001
      vertex 82.079999999999998 68.120000000000005 0.080000000000000016
    endloop
  endfacet
  facet normal 0 -0.0050504406386027816 0.99998724644335146
    outer loop
      vertex 82.140000000000001 94.060000000000002 0.12
      vertex 82.060000000000002 86.140000000000001 0.080000000000000016
      vertex 82.200000000000003 86.140000000000001 0.080000000000000016
    endloop
  endfacet
  facet normal 0 -0.0050504406386027807 0.99998724644335135
    outer loop
      vertex 82.140000000000001 94.060000000000002 0.12
      vertex 82.200000000000003 86.140000000000001 0.080000000000000016
      vertex 82.200000000000003 94.060000000000002 0.12
    endloop
  endfacet
  facet normal 0 -0.0050504406386027807 0.99998724644335135
    outer loop
      vertex 82 94.060000000000002 0.12
      vertex 82 86.140000000000001 0.080000000000000016
      vertex 82.060000000000002 86.140000000000001 0.080000000000000016
    endloop
  endfacet
  facet normal 0 -0.0050504406386027816 0.99998724644335146
    outer loop
      vertex 82 94.060000000000002 0.12
      vertex 82.060000000000002 86.140000000000001 0.080000000000000016
      vertex 82.140000000000001 94.060000000000002 0.12
    endloop
  endfacet
  facet normal 0 -0.59999999999999998 0.80000000000000004
    outer loop
      vertex 82.359999999999999 0.16 0.12
      vertex 82.306666666666672 0.10666666666666669 0.080000000000000016
      vertex 82.400000000000006 0.10666666666666669 0.080000000000000016
    endloop
  endfacet
  facet normal 0 -0.59999999999999987 0.80000000000000004
    outer loop
      vertex 82.359999999999999 0.16 0.12
      vertex 82.400000000000006 0.10666666666666669 0.080000000000000016
      vertex 82.400000000000006 0.16 0.12
    endloop
  endfacet
  facet normal 0 -0.59999999999999998 0.80000000000000004
    outer loop
      vertex 82.200000000000003 0.16 0.12
      vertex 82.200000000000003 0.10666666666666669 0.080000000000000016
      vertex 82.306666666666672 0.10666666666666669 0.080000000000000016
    endloop
  endfacet
  facet normal 0 -0.59999999999999998 0.79999999999999993
    outer loop
      vertex 82.200000000000003 0.16 0.12
      vertex 82.306666666666672 0.10666666666666669 0.080000000000000016
      vertex 82.359999999999999 0.16 0.12
    endloop
  endfacet
  facet normal -0 0.24253562503633266 0.97014250014533199
    outer loop
      vertex 82.320000000000007 10.119999999999999 0.12
      vertex 82.400000000000006 10.119999999999999 0.12
      vertex 82.400000000000006 10.199999999999999 0.10000000000000001
    endloop
  endfacet
  facet normal -0 0.24253562503633264 0.97014250014533188
    outer loop
      vertex 82.200000000000003 10.119999999999999 0.12
      vertex 82.320000000000007 10.119999999999999 0.12
      vertex 82.400000000000006 10.199999999999999 0.10000000000000001
    endloop
  endfacet
  facet normal 0 0.24253562503633264 0.97014250014533199
    outer loop
      vertex 82.200000000000003 10.119999999999999 0.12
      vertex 82.400000000000006 10.199999999999999 0.10000000000000001
      vertex 82.200000000000003 10.199999999999999 0.10000000000000001
    endloop
  endfacet
  facet normal 0 0 1
    outer loop
      vertex 82.200000000000003 10.199999999999999 0.10000000000000001
      vertex 82.400000000000006 10.199999999999999 0.10000000000000001
      vertex 82.400000000000006 20 0.10000000000000001
    endloop
  endfacet
  facet normal 0 0 1
    outer loop
      vertex 82.200000000000003 10.199999999999999 0.10000000000000001
      vertex 82.400000000000006 20 0.10000000000000001
      vertex 82.200000000000003 20 0.10000000000000001
    endloop
  endfacet
  facet normal 0 -0.24253562503633774 0.97014250014533077
    outer loop
      vertex 82.280000000000001 20.079999999999998 0.12
      vertex 82.200000000000003 20 0.10000000000000001
      vertex 82.400000000000006 20 0.10000000000000001
    endloop
  endfacet
  facet normal 0 -0.24253562503633772 0.97014250014533077
    outer loop
      vertex 82.280000000000001 20.079999999999998 0.12
      vertex 82.400000000000006 20 0.10000000000000001
      vertex 82.400000000000006 20.079999999999998 0.12
    endloop
  endfacet
  facet normal 0 -0.24253562503633774 0.97014250014533077
    outer loop
      vertex 82.200000000000003 20.079999999999998 0.12
      vertex 82.200000000000003 20 0.10000000000000001
      vertex 82.280000000000001 20.079999999999998 0.12
    endloop
  endfacet
  facet normal -0 0.0025252444736492208 0.99999681156509124
    outer loop
      vertex 82.320000000000007 52.080000000000005 0.12
      vertex 82.400000000000006 52.080000000000005 0.12
      vertex 82.400000000000006 60 0.10000000000000001
    endloop
  endfacet
  facet normal -0 0.0025252444736492204 0.99999681156509113
    outer loop
      vertex 82.200000000000003 52.080000000000005 0.12
      vertex 82.320000000000007 52.080000000000005 0.12
      vertex 82.400000000000006 60 0.10000000000000001
    endloop
  endfacet
  facet normal 0 0.0025252444736492204 0.99999681156509113
    outer loop
      vertex 82.200000000000003 52.080000000000005 0.12
      vertex 82.400000000000006 60 0.10000000000000001
      vertex 82.200000000000003 60 0.10000000000000001
    endloop
  endfacet
  facet normal 0 0 1
    outer loop
      vertex 82.200000000000003 60 0.10000000000000001
      vertex 82.400000000000006 60 0.10000000000000001
      vertex 82.400000000000006 60.200000000000003 0.10000000000000001
    endloop
  endfacet
  facet normal 0 0 1
    outer loop
      vertex 82.200000000000003 60 0.10000000000000001
      vertex 82.400000000000006 60.200000000000003 0.10000000000000001
      vertex 82.200000000000003 60.200000000000003 0.10000000000000001
    endloop
  endfacet
  facet normal 0 0.0025252444736492182 0.99999681156509113
    outer loop
      vertex 82.280000000000001 68.120000000000005 0.080000000000000016
      vertex 82.200000000000003 60.200000000000003 0.10000000000000001
      vertex 82.400000000000006 60.200000000000003 0.10000000000000001
    endloop
  endfacet
  facet normal -0 0.0025252444736492182 0.99999681156509113
    outer loop
      vertex 82.280000000000001 68.120000000000005 0.080000000000000016
      vertex 82.400000000000006 60.200000000000003 0.10000000000000001
      vertex 82.400000000000006 68.120000000000005 0.080000000000000016
    endloop
  endfacet
  facet normal -0 0.0025252444736492182 0.99999681156509101
    outer loop
      vertex 82.200000000000003 68.120000000000005 0.080000000000000016
      vertex 82.200000000000003 60.200000000000003 0.10000000000000001
      vertex 82.280000000000001 68.120000000000005 0.080000000000000016
    endloop
  endfacet
  facet normal 0 -0.0050504406386027816 0.99998724644335146
    outer loop
      vertex 82.340000000000003 94.060000000000002 0.12
      vertex 82.260000000000005 86.140000000000001 0.080000000000000016
      vertex 82.400000000000006 86.140000000000001 0.080000000000000016
    endloop
  endfacet
  facet normal 0 -0.0050504406386027807 0.99998724644335135
    outer loop
      vertex 82.340000000000003 94.060000000000002 0.12
      vertex 82.400000000000006 86.140000000000001 0.080000000000000016
      vertex 82.400000000000006 94.060000000000002 0.12
    endloop
  endfacet
  facet normal 0 -0.0050504406386027807 0.99998724644335135
    outer loop
      vertex 82.200000000000003 94.060000000000002 0.12
      vertex 82.200000000000003 86.140000000000001 0.080000000000000016
      vertex 82.260000000000005 86.140000000000001 0.080000000000000016
    endloop
  endfacet
  facet normal 0 -0.0050504406386027816 0.99998724644335146
    outer loop
      vertex 82.200000000000003 94.060000000000002 0.12
      vertex 82.260000000000005 86.140000000000001 0.080000000000000016
      vertex 82.340000000000003 94.060000000000002 0.12
    endloop
  endfacet
  facet normal 0 -0.70710678118654757 0.70710678118654757
    outer loop
      vertex 82.519999999999996 0.12 0.12
      vertex 82.480000000000004 0.080000000000000016 0.080000000000000016
      vertex 82.599999999999994 0.080000000000000016 0.080000000000000016
    endloop
  endfacet
  facet normal 0 -0.70710678118654757 0.70710678118654757
    outer loop
      vertex 82.519999999999996 0.12 0.12
      vertex 82.599999999999994 0.080000000000000016 0.080000000000000016
      vertex 82.599999999999994 0.12 0.12
    endloop
  endfacet
  facet normal -0.19611613513818807 -0.58834840541455158 0.78446454055273551
    outer loop
      vertex 82.400000000000006 0.16 0.12
      vertex 82.400000000000006 0.10666666666666669 0.080000000000000016
      vertex 82.480000000000004 0.080000000000000016 0.080000000000000016
    endloop
  endfacet
  facet normal -0.19611613513820278 -0.5883484054145609 0.78446454055272474
    outer loop
      vertex 82.400000000000006 0.16 0.12
      vertex 82.480000000000004 0.080000000000000016 0.080000000000000016
      vertex 82.519999999999996 0.12 0.12
    endloop
  endfacet
  facet normal -0.2357022603955205 0.23570226039551526 0.94280904158206236
    outer loop
      vertex 82.400000000000006 10.119999999999999 0.12
      vertex 82.480000000000004 10.199999999999999 0.12
      vertex 82.400000000000006 10.199999999999999 0.10000000000000001
    endloop
  endfacet
  facet normal -0.24253562503633774 0 0.97014250014533066
    outer loop
      vertex 82.480000000000004 14.119999999999997 0.12
      vertex 82.400000000000006 10.199999999999999 0.10000000000000001
      vertex 82.480000000000004 10.199999999999999 0.12
    endloop
  endfacet
  facet normal -0.24253562503633772 0 0.97014250014533066
    outer loop
      vertex 82.400000000000006 10.199999999999999 0.10000000000000001
      vertex 82.480000000000004 14.119999999999999 0.12
      vertex 82.480000000000004 20 0.12
    endloop
  endfacet
  facet normal -0.24253562503633774 0 0.97014250014533077
    outer loop
      vertex 82.400000000000006 10.199999999999999 0.10000000000000001
      vertex 82.480000000000004 20 0.12
      vertex 82.400000000000006 20 0.10000000000000001
    endloop
  endfacet
  facet normal -0.23570226039551792 -0.23570226039555978 0.94280904158205203
    outer loop
      vertex 82.439999999999998 20.039999999999999 0.12
      vertex 82.400000000000006 20 0.10000000000000001
      vertex 82.480000000000004 20 0.12
    endloop
  endfacet
  facet normal -0.23570226039555978 -0.23570226039551789 0.94280904158205192
    outer loop
      vertex 82.400000000000006 20.079999999999998 0.12
      vertex 82.400000000000006 20 0.10000000000000001
      vertex 82.439999999999998 20.039999999999999 0.12
    endloop
  endfacet
  facet normal -0.24253489721584731 0.0024498474466246698 0.97013958886336904
    outer loop
      vertex 82.400000000000006 52.080000000000005 0.12
      vertex 82.480000000000004 60 0.12
      vertex 82.400000000000006 60 0.10000000000000001
    endloop
  endfacet
  facet normal -0.24253562503633774 0 0.97014250014533077
    outer loop
      vertex 82.480000000000004 60.079999999999998 0.12
      vertex 82.400000000000006 60 0.10000000000000001
      vertex 82.480000000000004 60 0.12
    endloop
  endfacet
  facet normal -0.24253562503633772 0 0.97014250014533077
    outer loop
      vertex 82.400000000000006 60 0.10000000000000001
      vertex 82.480000000000004 60.079999999999998 0.12
      vertex 82.480000000000004 60.200000000000003 0.12
    endloop
  endfacet
  facet normal -0.24253562503633774 0 0.97014250014533077
    outer loop
      vertex 82.400000000000006 60 0.10000000000000001
      vertex 82.480000000000004 60.200000000000003 0.12
      vertex 82.400000000000006 60.200000000000003 0.10000000000000001
    endloop
  endfacet
  facet normal -0.24253489721584728 0.0024498474466245232 0.97013958886336893
    outer loop
      vertex 82.400000000000006 60.200000000000003 0.10000000000000001
      vertex 82.480000000000004 60.200000000000003 0.12
      vertex 82.599999999999994 72.079999999999998 0.12
    endloop
  endfacet
  facet normal -0.24253489721585531 0.002449847446624662 0.97013958886336704
    outer loop
      vertex 82.400000000000006 60.200000000000003 0.10000000000000001
      vertex 82.599999999999994 72.079999999999998 0.12
      vertex 82.599999999999994 80 0.10000000000000001
    endloop
  endfacet
  facet normal -0.24253489721585531 0.002449847446624662 0.97013958886336704
    outer loop
      vertex 82.400000000000006 68.120000000000005 0.080000000000000016
      vertex 82.400000000000006 60.200000000000003 0.10000000000000001
      vertex 82.599999999999994 80 0.10000000000000001
    endloop
  endfacet
  facet normal -0.24253489721584734 0.0024498474466245245 0.97013958886336904
    outer loop
      vertex 82.400000000000006 68.120000000000005 0.080000000000000016
      vertex 82.599999999999994 80 0.10000000000000001
      vertex 82.519999999999996 80 0.080000000000000016
    endloop
  endfacet
  facet normal -0.24253562503633772 0 0.97014250014533077
    outer loop
      vertex 82.519999999999996 80.120000000000005 0.080000000000000016
      vertex 82.519999999999996 80 0.080000000000000016
      vertex 82.599999999999994 80 0.10000000000000001
    endloop
  endfacet
  facet normal -0.24253562503633774 0 0.97014250014533077
    outer loop
      vertex 82.519999999999996 80.120000000000005 0.080000000000000016
      vertex 82.599999999999994 80 0.10000000000000001
      vertex 82.599999999999994 80.200000000000003 0.10000000000000001
    endloop
  endfacet
  facet normal -0.24253562503633774 0 0.97014250014533077
    outer loop
      vertex 82.519999999999996 80.120000000000005 0.080000000000000016
      vertex 82.599999999999994 80.200000000000003 0.10000000000000001
      vertex 82.519999999999996 80.200000000000003 0.080000000000000016
    endloop
  endfacet
  facet normal -0.2425327137936967 -0.0048996507837109305 0.97013085517473496
    outer loop
      vertex 82.493333333333325 89.439999999999998 0.12
      vertex 82.439999999999998 84.160000000000011 0.080000000000000016
      vertex 82.519999999999996 80.200000000000003 0.080000000000000016
    endloop
  endfacet
  facet normal -0.24253271379368924 -0.0048996507837109167 0.97013085517473685
    outer loop
      vertex 82.493333333333325 89.439999999999998 0.12
      vertex 82.519999999999996 80.200000000000003 0.080000000000000016
      vertex 82.599999999999994 80.200000000000003 0.10000000000000001
    endloop
  endfacet
  facet normal -0.24253271379367952 -0.0048996507837108091 0.97013085517473918
    outer loop
      vertex 82.493333333333325 89.439999999999998 0.12
      vertex 82.599999999999994 80.200000000000003 0.10000000000000001
      vertex 82.599999999999994 84.159999999999997 0.12
    endloop
  endfacet
  facet normal -0.24253271379373018 -0.0048996507837107371 0.97013085517472653
    outer loop
      vertex 82.400000000000006 94.060000000000002 0.12
      vertex 82.400000000000006 86.140000000000001 0.080000000000000016
      vertex 82.439999999999998 84.159999999999997 0.080000000000000016
    endloop
  endfacet
  facet normal -0.24253271379371547 -0.004899650783710692 0.9701308551747303
    outer loop
      vertex 82.400000000000006 94.060000000000002 0.12
      vertex 82.439999999999998 84.159999999999997 0.080000000000000016
      vertex 82.493333333333325 89.439999999999998 0.12
    endloop
  endfacet
  facet normal 0 -0.70710678118654746 0.70710678118654746
    outer loop
      vertex 82.719999999999999 0.12 0.12
      vertex 82.679999999999993 0.080000000000000016 0.080000000000000016
      vertex 82.799999999999997 0.080000000000000016 0.080000000000000016
    endloop
  endfacet
  facet normal 0 -0.70710678118654757 0.70710678118654757
    outer loop
      vertex 82.719999999999999 0.12 0.12
      vertex 82.799999999999997 0.080000000000000016 0.080000000000000016
      vertex 82.799999999999997 0.12 0.12
    endloop
  endfacet
  facet normal 0 -0.70710678118654757 0.70710678118654757
    outer loop
      vertex 82.599999999999994 0.12 0.12
      vertex 82.599999999999994 0.080000000000000016 0.080000000000000016
      vertex 82.679999999999993 0.080000000000000016 0.080000000000000016
    endloop
  endfacet
  facet normal 0 -0.70710678118654746 0.70710678118654746
    outer loop
      vertex 82.599999999999994 0.12 0.12
      vertex 82.679999999999993 0.080000000000000016 0.080000000000000016
      vertex 82.719999999999999 0.12 0.12
    endloop
  endfacet
  facet normal -0 0.0025252444736492182 0.99999681156509101
    outer loop
      vertex 82.719999999999999 72.079999999999998 0.12
      vertex 82.799999999999997 72.079999999999998 0.12
      vertex 82.799999999999997 80 0.10000000000000001
    endloop
  endfacet
  facet normal -0 0.0025252444736492182 0.99999681156509113
    outer loop
      vertex 82.599999999999994 72.079999999999998 0.12
      vertex 82.719999999999999 72.079999999999998 0.12
      vertex 82.799999999999997 80 0.10000000000000001
    endloop
  endfacet
  facet normal 0 0.0025252444736492178 0.99999681156509113
    outer loop
      vertex 82.599999999999994 72.079999999999998 0.12
      vertex 82.799999999999997 80 0.10000000000000001
      vertex 82.599999999999994 80 0.10000000000000001
    endloop
  endfacet
  facet normal 0 0 1
    outer loop
      vertex 82.599999999999994 80 0.10000000000000001
      vertex 82.799999999999997 80 0.10000000000000001
      vertex 82.799999999999997 80.200000000000003 0.10000000000000001
    endloop
  endfacet
  facet normal 0 0 1
    outer loop
      vertex 82.599999999999994 80 0.10000000000000001
      vertex 82.799999999999997 80.200000000000003 0.10000000000000001
      vertex 82.599999999999994 80.200000000000003 0.10000000000000001
    endloop
  endfacet
  facet normal 0 -0.0050504406386027894 0.99998724644335124
    outer loop
      vertex 82.640000000000001 84.159999999999997 0.12
      vertex 82.599999999999994 80.200000000000003 0.10000000000000001
      vertex 82.799999999999997 80.200000000000003 0.10000000000000001
    endloop
  endfacet
  facet normal 0 -0.0050504406386027902 0.99998724644335124
    outer loop
      vertex 82.640000000000001 84.159999999999997 0.12
      vertex 82.799999999999997 80.200000000000003 0.10000000000000001
      vertex 82.799999999999997 84.159999999999997 0.12
    endloop
  endfacet
  facet normal 0 -0.0050504406386027894 0.99998724644335124
    outer loop
      vertex 82.599999999999994 84.159999999999997 0.12
      vertex 82.599999999999994 80.200000000000003 0.10000000000000001
      vertex 82.640000000000001 84.159999999999997 0.12
    endloop
  endfacet
  facet normal 0 -0.70710678118654746 0.70710678118654746
    outer loop
      vertex 82.920000000000002 0.12 0.12
      vertex 82.879999999999995 0.080000000000000016 0.080000000000000016
      vertex 83 0.080000000000000016 0.080000000000000016
    endloop
  endfacet
  facet normal 0 -0.70710678118654757 0.70710678118654757
    outer loop
      vertex 82.920000000000002 0.12 0.12
      vertex 83 0.080000000000000016 0.080000000000000016
      vertex 83 0.12 0.12
    endloop
  endfacet
  facet normal 0 -0.70710678118654757 0.70710678118654757
    outer loop
      vertex 82.799999999999997 0.12 0.12
      vertex 82.799999999999997 0.080000000000000016 0.080000000000000016
      vertex 82.879999999999995 0.080000000000000016 0.080000000000000016
    endloop
  endfacet
  facet normal 0 -0.70710678118654746 0.70710678118654746
    outer loop
      vertex 82.799999999999997 0.12 0.12
      vertex 82.879999999999995 0.080000000000000016 0.080000000000000016
      vertex 82.920000000000002 0.12 0.12
    endloop
  endfacet
  facet normal -0 0.0025252444736492182 0.99999681156509101
    outer loop
      vertex 82.920000000000002 72.079999999999998 0.12
      vertex 83 72.079999999999998 0.12
      vertex 83 80 0.10000000000000001
    endloop
  endfacet
  facet normal -0 0.0025252444736492182 0.99999681156509113
    outer loop
      vertex 82.799999999999997 72.079999999999998 0.12
      vertex 82.920000000000002 72.079999999999998 0.12
      vertex 83 80 0.10000000000000001
    endloop
  endfacet
  facet normal 0 0.0025252444736492178 0.99999681156509113
    outer loop
      vertex 82.799999999999997 72.079999999999998 0.12
      vertex 83 80 0.10000000000000001
      vertex 82.799999999999997 80 0.10000000000000001
    endloop
  endfacet
  facet normal 0 0 1
    outer loop
      vertex 82.799999999999997 80 0.10000000000000001
      vertex 83 80 0.10000000000000001
      vertex 83 80.200000000000003 0.10000000000000001
    endloop
  endfacet
  facet normal 0 0 1
    outer loop
      vertex 82.799999999999997 80 0.10000000000000001
      vertex 83 80.200000000000003 0.10000000000000001
      vertex 82.799999999999997 80.200000000000003 0.10000000000000001
    endloop
  endfacet
  facet normal 0 -0.0050504406386027894 0.99998724644335124
    outer loop
      vertex 82.840000000000003 84.159999999999997 0.12
      vertex 82.799999999999997 80.200000000000003 0.10000000000000001
      vertex 83 80.200000000000003 0.10000000000000001
    endloop
  endfacet
  facet normal 0 -0.0050504406386027902 0.99998724644335124
    outer loop
      vertex 82.840000000000003 84.159999999999997 0.12
      vertex 83 80.200000000000003 0.10000000000000001
      vertex 83 84.159999999999997 0.12
    endloop
  endfacet
  facet normal 0 -0.0050504406386027894 0.99998724644335124
    outer loop
      vertex 82.799999999999997 84.159999999999997 0.12
      vertex 82.799999999999997 80.200000000000003 0.10000000000000001
      vertex 82.840000000000003 84.159999999999997 0.12
    endloop
  endfacet
  facet normal 0 -0.70710678118654746 0.70710678118654746
    outer loop
      vertex 83.120000000000005 0.12 0.12
      vertex 83.079999999999998 0.080000000000000016 0.080000000000000016
      vertex 83.200000000000003 0.080000000000000016 0.080000000000000016
    endloop
  endfacet
  facet normal 0 -0.70710678118654757 0.70710678118654757
    outer loop
      vertex 83.120000000000005 0.12 0.12
      vertex 83.200000000000003 0.080000000000000016 0.080000000000000016
      vertex 83.200000000000003 0.12 0.12
    endloop
  endfacet
  facet normal 0 -0.70710678118654757 0.70710678118654757
    outer loop
      vertex 83 0.12 0.12
      vertex 83 0.080000000000000016 0.080000000000000016
      vertex 83.079999999999998 0.080000000000000016 0.080000000000000016
    endloop
  endfacet
  facet normal 0 -0.70710678118654746 0.70710678118654746
    outer loop
      vertex 83 0.12 0.12
      vertex 83.079999999999998 0.080000000000000016 0.080000000000000016
      vertex 83.120000000000005 0.12 0.12
    endloop
  endfacet
  facet normal -0 0.0025252444736492182 0.99999681156509101
    outer loop
      vertex 83.120000000000005 72.079999999999998 0.12
      vertex 83.200000000000003 72.079999999999998 0.12
      vertex 83.200000000000003 80 0.10000000000000001
    endloop
  endfacet
  facet normal -0 0.0025252444736492182 0.99999681156509113
    outer loop
      vertex 83 72.079999999999998 0.12
      vertex 83.120000000000005 72.079999999999998 0.12
      vertex 83.200000000000003 80 0.10000000000000001
    endloop
  endfacet
  facet normal 0 0.0025252444736492178 0.99999681156509113
    outer loop
      vertex 83 72.079999999999998 0.12
      vertex 83.200000000000003 80 0.10000000000000001
      vertex 83 80 0.10000000000000001
    endloop
  endfacet
  facet normal 0 0 1
    outer loop
      vertex 83 80 0.10000000000000001
      vertex 83.200000000000003 80 0.10000000000000001
      vertex 83.200000000000003 80.200000000000003 0.10000000000000001
    endloop
  endfacet
  facet normal 0 0 1
    outer loop
      vertex 83 80 0.10000000000000001
      vertex 83.200000000000003 80.200000000000003 0.10000000000000001
      vertex 83 80.200000000000003 0.10000000000000001
    endloop
  endfacet
  facet normal 0 -0.0050504406386027894 0.99998724644335124
    outer loop
      vertex 83.040000000000006 84.159999999999997 0.12
      vertex 83 80.200000000000003 0.10000000000000001
      vertex 83.200000000000003 80.200000000000003 0.10000000000000001
    endloop
  endfacet
  facet normal 0 -0.0050504406386027902 0.99998724644335124
    outer loop
      vertex 83.040000000000006 84.159999999999997 0.12
      vertex 83.200000000000003 80.200000000000003 0.10000000000000001
      vertex 83.200000000000003 84.159999999999997 0.12
    endloop
  endfacet
  facet normal 0 -0.0050504406386027894 0.99998724644335124
    outer loop
      vertex 83 84.159999999999997 0.12
      vertex 83 80.200000000000003 0.10000000000000001
      vertex 83.040000000000006 84.159999999999997 0.12
    endloop
  endfacet
  facet normal 0 -0.44721359549995793 0.89442719099991586
    outer loop
      vertex 83.359999999999999 0.16000000000000003 0.080000000000000016
      vertex 83.400000000000006 0.16000000000000003 0.080000000000000016
      vertex 83.400000000000006 0.20000000000000001 0.10000000000000001
    endloop
  endfacet
  facet normal 0.3333333333333397 -0.66666666666666508 0.66666666666666508
    outer loop
      vertex 83.200000000000003 0.12 0.12
      vertex 83.200000000000003 0.080000000000000016 0.080000000000000016
      vertex 83.359999999999999 0.16000000000000003 0.080000000000000016
    endloop
  endfacet
  facet normal 0.3333333333333397 -0.6666666666667046 0.66666666666662544
    outer loop
      vertex 83.200000000000003 0.12 0.12
      vertex 83.359999999999999 0.16000000000000003 0.080000000000000016
      vertex 83.400000000000006 0.20000000000000001 0.10000000000000001
    endloop
  endfacet
  facet normal 0.33333333333331339 -0.66666666666661245 0.66666666666673102
    outer loop
      vertex 83.200000000000003 0.12 0.12
      vertex 83.400000000000006 0.20000000000000001 0.10000000000000001
      vertex 83.359999999999999 0.20000000000000001 0.12
    endloop
  endfacet
  facet normal 0.44721359549990181 0 0.89442719099994383
    outer loop
      vertex 83.359999999999999 8.0400000000000009 0.12
      vertex 83.359999999999999 0.20000000000000001 0.12
      vertex 83.400000000000006 0.20000000000000001 0.10000000000000001
    endloop
  endfacet
  facet normal 0.44721359549990181 0 0.89442719099994394
    outer loop
      vertex 83.359999999999999 8.0400000000000009 0.12
      vertex 83.400000000000006 0.20000000000000001 0.10000000000000001
      vertex 83.400000000000006 10 0.10000000000000001
    endloop
  endfacet
  facet normal 0.44721359549990186 -0 0.89442719099994383
    outer loop
      vertex 83.359999999999999 8.0400000000000027 0.12
      vertex 83.400000000000006 10 0.10000000000000001
      vertex 83.359999999999999 10 0.12
    endloop
  endfacet
  facet normal 0.40824829046380828 -0.40824829046388073 0.81649658092774458
    outer loop
      vertex 83.359999999999999 10 0.12
      vertex 83.400000000000006 10 0.10000000000000001
      vertex 83.400000000000006 10.039999999999999 0.12
    endloop
  endfacet
  facet normal -0.21821789023599583 0.43643578047199166 0.87287156094396512
    outer loop
      vertex 83.320000000000007 20.120000000000001 0.12
      vertex 83.400000000000006 20.16 0.12
      vertex 83.400000000000006 20.199999999999999 0.10000000000000001
    endloop
  endfacet
  facet normal 0.43643578047193626 -0.21821789023592938 0.87287156094400942
    outer loop
      vertex 83.320000000000007 20.120000000000001 0.12
      vertex 83.400000000000006 20.199999999999999 0.10000000000000001
      vertex 83.359999999999999 20.199999999999999 0.12
    endloop
  endfacet
  facet normal 0.44721359549990186 0 0.89442719099994406
    outer loop
      vertex 83.359999999999999 36.039999999999999 0.12
      vertex 83.359999999999999 20.199999999999999 0.12
      vertex 83.400000000000006 20.199999999999999 0.10000000000000001
    endloop
  endfacet
  facet normal 0.44721359549990181 0 0.89442719099994394
    outer loop
      vertex 83.359999999999999 36.039999999999999 0.12
      vertex 83.400000000000006 20.199999999999999 0.10000000000000001
      vertex 83.400000000000006 40 0.10000000000000001
    endloop
  endfacet
  facet normal 0.44721359549990181 -0 0.89442719099994383
    outer loop
      vertex 83.359999999999999 36.040000000000006 0.12
      vertex 83.400000000000006 40 0.10000000000000001
      vertex 83.359999999999999 40 0.12
    endloop
  endfacet
  facet normal 0.44721359549990186 0 0.89442719099994394
    outer loop
      vertex 83.359999999999999 40.160000000000004 0.12
      vertex 83.359999999999999 40 0.12
      vertex 83.400000000000006 40 0.10000000000000001
    endloop
  endfacet
  facet normal 0.44721359549990192 0 0.89442719099994406
    outer loop
      vertex 83.359999999999999 40.160000000000004 0.12
      vertex 83.400000000000006 40 0.10000000000000001
      vertex 83.400000000000006 40.200000000000003 0.10000000000000001
    endloop
  endfacet
  facet normal 0.44721359549990186 -0 0.89442719099994394
    outer loop
      vertex 83.359999999999999 40.160000000000004 0.12
      vertex 83.400000000000006 40.200000000000003 0.10000000000000001
      vertex 83.359999999999999 40.200000000000003 0.12
    endloop
  endfacet
  facet normal 0.44720903263130463 -0.0045172629558724768 0.89441806526274947
    outer loop
      vertex 83.359999999999999 40.200000000000003 0.12
      vertex 83.400000000000006 40.200000000000003 0.10000000000000001
      vertex 83.400000000000006 44.159999999999997 0.12
    endloop
  endfacet
  facet normal -0.24253489721584731 0.0024498474466246676 0.97013958886336904
    outer loop
      vertex 83.200000000000003 72.079999999999998 0.12
      vertex 83.280000000000001 80 0.12
      vertex 83.200000000000003 80 0.10000000000000001
    endloop
  endfacet
  facet normal -0.24253562503633774 0 0.97014250014533077
    outer loop
      vertex 83.280000000000001 80.079999999999998 0.12
      vertex 83.200000000000003 80 0.10000000000000001
      vertex 83.280000000000001 80 0.12
    endloop
  endfacet
  facet normal -0.24253562503633772 0 0.97014250014533077
    outer loop
      vertex 83.200000000000003 80 0.10000000000000001
      vertex 83.280000000000001 80.079999999999998 0.12
      vertex 83.280000000000001 80.200000000000003 0.12
    endloop
  endfacet
  facet normal -0.24253562503633774 0 0.97014250014533077
    outer loop
      vertex 83.200000000000003 80 0.10000000000000001
      vertex 83.280000000000001 80.200000000000003 0.12
      vertex 83.200000000000003 80.200000000000003 0.10000000000000001
    endloop
  endfacet
  facet normal -0.24253489721584728 0.0024498474466248137 0.97013958886336893
    outer loop
      vertex 83.200000000000003 80.200000000000003 0.10000000000000001
      vertex 83.280000000000001 80.200000000000003 0.12
      vertex 83.400000000000006 92.079999999999998 0.12
    endloop
  endfacet
  facet normal -0.24253489721583904 0.0024498474466246719 0.97013958886337104
    outer loop
      vertex 83.200000000000003 80.200000000000003 0.10000000000000001
      vertex 83.400000000000006 92.079999999999998 0.12
      vertex 83.400000000000006 100 0.10000000000000001
    endloop
  endfacet
  facet normal 0.44720903263135597 -0.0045172629558723476 0.89441806526272394
    outer loop
      vertex 83.200000000000003 84.159999999999997 0.12
      vertex 83.200000000000003 80.200000000000003 0.10000000000000001
      vertex 83.400000000000006 100 0.10000000000000001
    endloop
  endfacet
  facet normal 0.44720903263130451 -0.0045172629558716659 0.89441806526274958
    outer loop
      vertex 83.200000000000003 84.159999999999997 0.12
      vertex 83.400000000000006 100 0.10000000000000001
      vertex 83.359999999999999 100 0.12
    endloop
  endfacet
  facet normal 0 -0.44721359549995793 0.89442719099991586
    outer loop
      vertex 83.560000000000002 0.16000000000000003 0.080000000000000016
      vertex 83.599999999999994 0.16000000000000003 0.080000000000000016
      vertex 83.599999999999994 0.20000000000000001 0.10000000000000001
    endloop
  endfacet
  facet normal 0 -0.44721359549995793 0.89442719099991586
    outer loop
      vertex 83.400000000000006 0.16000000000000003 0.080000000000000016
      vertex 83.560000000000002 0.16000000000000003 0.080000000000000016
      vertex 83.599999999999994 0.20000000000000001 0.10000000000000001
    endloop
  endfacet
  facet normal 0 -0.44721359549995787 0.89442719099991574
    outer loop
      vertex 83.400000000000006 0.16000000000000003 0.080000000000000016
      vertex 83.599999999999994 0.20000000000000001 0.10000000000000001
      vertex 83.400000000000006 0.20000000000000001 0.10000000000000001
    endloop
  endfacet
  facet normal 0 0 1
    outer loop
      vertex 83.400000000000006 0.20000000000000001 0.10000000000000001
      vertex 83.599999999999994 0.20000000000000001 0.10000000000000001
      vertex 83.599999999999994 10 0.10000000000000001
    endloop
  endfacet
  facet normal 0 0 1
    outer loop
      vertex 83.400000000000006 0.20000000000000001 0.10000000000000001
      vertex 83.599999999999994 10 0.10000000000000001
      vertex 83.400000000000006 10 0.10000000000000001
    endloop
  endfacet
  facet normal 0 -0.44721359549996542 0.89442719099991208
    outer loop
      vertex 83.439999999999998 10.039999999999999 0.12
      vertex 83.400000000000006 10 0.10000000000000001
      vertex 83.599999999999994 10 0.10000000000000001
    endloop
  endfacet
  facet normal 0 -0.44721359549996542 0.89442719099991219
    outer loop
      vertex 83.439999999999998 10.039999999999999 0.12
      vertex 83.599999999999994 10 0.10000000000000001
      vertex 83.599999999999994 10.039999999999999 0.12
    endloop
  endfacet
  facet normal 0 -0.44721359549996537 0.89442719099991208
    outer loop
      vertex 83.400000000000006 10.039999999999999 0.12
      vertex 83.400000000000006 10 0.10000000000000001
      vertex 83.439999999999998 10.039999999999999 0.12
    endloop
  endfacet
  facet normal -0 0.44721359549996537 0.89442719099991208
    outer loop
      vertex 83.560000000000002 20.16 0.12
      vertex 83.599999999999994 20.16 0.12
      vertex 83.599999999999994 20.199999999999999 0.10000000000000001
    endloop
  endfacet
  facet normal -0 0.44721359549996542 0.89442719099991219
    outer loop
      vertex 83.400000000000006 20.16 0.12
      vertex 83.560000000000002 20.16 0.12
      vertex 83.599999999999994 20.199999999999999 0.10000000000000001
    endloop
  endfacet
  facet normal 0 0.44721359549996537 0.89442719099991208
    outer loop
      vertex 83.400000000000006 20.16 0.12
      vertex 83.599999999999994 20.199999999999999 0.10000000000000001
      vertex 83.400000000000006 20.199999999999999 0.10000000000000001
    endloop
  endfacet
  facet normal 0 0 1
    outer loop
      vertex 83.400000000000006 20.199999999999999 0.10000000000000001
      vertex 83.599999999999994 20.199999999999999 0.10000000000000001
      vertex 83.599999999999994 40 0.10000000000000001
    endloop
  endfacet
  facet normal 0 0 1
    outer loop
      vertex 83.400000000000006 20.199999999999999 0.10000000000000001
      vertex 83.599999999999994 40 0.10000000000000001
      vertex 83.400000000000006 40 0.10000000000000001
    endloop
  endfacet
  facet normal 0 0 1
    outer loop
      vertex 83.400000000000006 40 0.10000000000000001
      vertex 83.599999999999994 40 0.10000000000000001
      vertex 83.599999999999994 40.200000000000003 0.10000000000000001
    endloop
  endfacet
  facet normal 0 0 1
    outer loop
      vertex 83.400000000000006 40 0.10000000000000001
      vertex 83.599999999999994 40.200000000000003 0.10000000000000001
      vertex 83.400000000000006 40.200000000000003 0.10000000000000001
    endloop
  endfacet
  facet normal 0 -0.0050504406386027902 0.99998724644335124
    outer loop
      vertex 83.439999999999998 44.159999999999997 0.12
      vertex 83.400000000000006 40.200000000000003 0.10000000000000001
      vertex 83.599999999999994 40.200000000000003 0.10000000000000001
    endloop
  endfacet
  facet normal 0 -0.0050504406386027902 0.99998724644335124
    outer loop
      vertex 83.439999999999998 44.159999999999997 0.12
      vertex 83.599999999999994 40.200000000000003 0.10000000000000001
      vertex 83.599999999999994 44.159999999999997 0.12
    endloop
  endfacet
  facet normal 0 -0.0050504406386027902 0.99998724644335124
    outer loop
      vertex 83.400000000000006 44.159999999999997 0.12
      vertex 83.400000000000006 40.200000000000003 0.10000000000000001
      vertex 83.439999999999998 44.159999999999997 0.12
    endloop
  endfacet
  facet normal -0 0.0025252444736492182 0.99999681156509101
    outer loop
      vertex 83.519999999999996 92.079999999999998 0.12
      vertex 83.599999999999994 92.079999999999998 0.12
      vertex 83.599999999999994 100 0.10000000000000001
    endloop
  endfacet
  facet normal -0 0.0025252444736492182 0.99999681156509101
    outer loop
      vertex 83.400000000000006 92.079999999999998 0.12
      vertex 83.519999999999996 92.079999999999998 0.12
      vertex 83.599999999999994 100 0.10000000000000001
    endloop
  endfacet
  facet normal 0 0.0025252444736492178 0.99999681156509113
    outer loop
      vertex 83.400000000000006 92.079999999999998 0.12
      vertex 83.599999999999994 100 0.10000000000000001
      vertex 83.400000000000006 100 0.10000000000000001
    endloop
  endfacet
  facet normal 0.40824829046380967 -0.40824829046387373 0.81649658092774746
    outer loop
      vertex 83.599999999999994 0.16000000000000003 0.080000000000000016
      vertex 83.640000000000001 0.20000000000000001 0.080000000000000016
      vertex 83.599999999999994 0.20000000000000001 0.10000000000000001
    endloop
  endfacet
  facet normal 0.44721359549990181 0 0.89442719099994394
    outer loop
      vertex 83.640000000000001 2.1599999999999975 0.080000000000000016
      vertex 83.599999999999994 0.20000000000000001 0.10000000000000001
      vertex 83.640000000000001 0.20000000000000001 0.080000000000000016
    endloop
  endfacet
  facet normal 0.44721359549990186 0 0.89442719099994383
    outer loop
      vertex 83.599999999999994 0.20000000000000001 0.10000000000000001
      vertex 83.640000000000001 2.1599999999999993 0.080000000000000016
      vertex 83.640000000000001 10 0.080000000000000016
    endloop
  endfacet
  facet normal 0.44721359549990186 -0 0.89442719099994394
    outer loop
      vertex 83.599999999999994 0.20000000000000001 0.10000000000000001
      vertex 83.640000000000001 10 0.080000000000000016
      vertex 83.599999999999994 10 0.10000000000000001
    endloop
  endfacet
  facet normal 0.44721359549990186 0 0.89442719099994394
    outer loop
      vertex 83.640000000000001 10.039999999999999 0.080000000000000016
      vertex 83.599999999999994 10 0.10000000000000001
      vertex 83.640000000000001 10 0.080000000000000016
    endloop
  endfacet
  facet normal 0.66666666666660701 -0.33333333333336268 0.66666666666671159
    outer loop
      vertex 83.599999999999994 10.039999999999999 0.12
      vertex 83.599999999999994 10 0.10000000000000001
      vertex 83.640000000000001 10.039999999999999 0.080000000000000016
    endloop
  endfacet
  facet normal 0.66666666666662189 -0.33333333333330345 0.66666666666672636
    outer loop
      vertex 83.599999999999994 10.039999999999999 0.12
      vertex 83.640000000000001 10.039999999999999 0.080000000000000016
      vertex 83.719999999999999 10.199999999999999 0.080000000000000016
    endloop
  endfacet
  facet normal 0.666666666666622 -0.33333333333330356 0.66666666666672647
    outer loop
      vertex 83.599999999999994 10.039999999999999 0.12
      vertex 83.719999999999999 10.199999999999999 0.080000000000000016
      vertex 83.679999999999993 10.199999999999999 0.12
    endloop
  endfacet
  facet normal 0.70710678118649217 0 0.70710678118660286
    outer loop
      vertex 83.719999999999999 16.079999999999998 0.080000000000000016
      vertex 83.679999999999993 14.119999999999999 0.12
      vertex 83.679999999999993 10.199999999999999 0.12
    endloop
  endfacet
  facet normal 0.70710678118649206 0 0.70710678118660286
    outer loop
      vertex 83.719999999999999 16.079999999999998 0.080000000000000016
      vertex 83.679999999999993 10.199999999999999 0.12
      vertex 83.719999999999999 10.199999999999999 0.080000000000000016
    endloop
  endfacet
  facet normal 0.70710678118649206 0 0.70710678118660297
    outer loop
      vertex 83.679999999999993 14.119999999999999 0.12
      vertex 83.719999999999999 16.079999999999998 0.080000000000000016
      vertex 83.719999999999999 20 0.080000000000000016
    endloop
  endfacet
  facet normal 0.70710678118649217 -0 0.70710678118660297
    outer loop
      vertex 83.679999999999993 14.119999999999999 0.12
      vertex 83.719999999999999 20 0.080000000000000016
      vertex 83.679999999999993 20 0.12
    endloop
  endfacet
  facet normal 0.70710678118649217 0 0.70710678118660286
    outer loop
      vertex 83.719999999999999 20.120000000000001 0.080000000000000016
      vertex 83.679999999999993 20.080000000000002 0.12
      vertex 83.679999999999993 20 0.12
    endloop
  endfacet
  facet normal 0.70710678118649217 0 0.70710678118660286
    outer loop
      vertex 83.719999999999999 20.120000000000001 0.080000000000000016
      vertex 83.679999999999993 20 0.12
      vertex 83.719999999999999 20 0.080000000000000016
    endloop
  endfacet
  facet normal 0.40824829046384448 0.40824829046384448 0.81649658092774446
    outer loop
      vertex 83.599999999999994 20.16 0.12
      vertex 83.679999999999993 20.080000000000002 0.12
      vertex 83.719999999999999 20.120000000000001 0.080000000000000016
    endloop
  endfacet
  facet normal 0.40824829046384459 0.40824829046384453 0.81649658092774458
    outer loop
      vertex 83.599999999999994 20.16 0.12
      vertex 83.719999999999999 20.120000000000001 0.080000000000000016
      vertex 83.640000000000001 20.199999999999999 0.080000000000000016
    endloop
  endfacet
  facet normal 0.40824829046380828 0.40824829046388073 0.81649658092774458
    outer loop
      vertex 83.599999999999994 20.16 0.12
      vertex 83.640000000000001 20.199999999999999 0.080000000000000016
      vertex 83.599999999999994 20.199999999999999 0.10000000000000001
    endloop
  endfacet
  facet normal 0.44721359549990181 0 0.89442719099994394
    outer loop
      vertex 83.640000000000001 24.159999999999997 0.080000000000000016
      vertex 83.599999999999994 20.199999999999999 0.10000000000000001
      vertex 83.640000000000001 20.199999999999999 0.080000000000000016
    endloop
  endfacet
  facet normal 0.44721359549990181 0 0.89442719099994406
    outer loop
      vertex 83.599999999999994 20.199999999999999 0.10000000000000001
      vertex 83.640000000000001 24.159999999999997 0.080000000000000016
      vertex 83.640000000000001 40 0.080000000000000016
    endloop
  endfacet
  facet normal 0.44721359549990181 -0 0.89442719099994394
    outer loop
      vertex 83.599999999999994 20.199999999999999 0.10000000000000001
      vertex 83.640000000000001 40 0.080000000000000016
      vertex 83.599999999999994 40 0.10000000000000001
    endloop
  endfacet
  facet normal 0.44721359549990186 0 0.89442719099994394
    outer loop
      vertex 83.640000000000001 40.039999999999999 0.080000000000000016
      vertex 83.599999999999994 40 0.10000000000000001
      vertex 83.640000000000001 40 0.080000000000000016
    endloop
  endfacet
  facet normal 0.44721359549990186 0 0.89442719099994394
    outer loop
      vertex 83.599999999999994 40 0.10000000000000001
      vertex 83.640000000000001 40.039999999999999 0.080000000000000016
      vertex 83.640000000000001 40.200000000000003 0.080000000000000016
    endloop
  endfacet
  facet normal 0.44721359549990192 -0 0.89442719099994406
    outer loop
      vertex 83.599999999999994 40 0.10000000000000001
      vertex 83.640000000000001 40.200000000000003 0.080000000000000016
      vertex 83.599999999999994 40.200000000000003 0.10000000000000001
    endloop
  endfacet
  facet normal 0.44721359549990181 0 0.89442719099994383
    outer loop
      vertex 83.640000000000001 44.159999999999997 0.080000000000000016
      vertex 83.599999999999994 40.200000000000003 0.10000000000000001
      vertex 83.640000000000001 40.200000000000003 0.080000000000000016
    endloop
  endfacet
  facet normal 0.70710227208016663 -0.0035712235963650412 0.70710227208027754
    outer loop
      vertex 83.599999999999994 44.159999999999997 0.12
      vertex 83.599999999999994 40.200000000000003 0.10000000000000001
      vertex 83.640000000000001 44.159999999999997 0.080000000000000016
    endloop
  endfacet
  facet normal 0.70710227208016663 -0.0035712235963644007 0.70710227208027754
    outer loop
      vertex 83.599999999999994 44.159999999999997 0.12
      vertex 83.640000000000001 44.159999999999997 0.080000000000000016
      vertex 83.719999999999999 60 0.080000000000000016
    endloop
  endfacet
  facet normal 0.70710227208016663 -0.0035712235963644011 0.70710227208027754
    outer loop
      vertex 83.599999999999994 44.159999999999997 0.12
      vertex 83.719999999999999 60 0.080000000000000016
      vertex 83.679999999999993 60 0.12
    endloop
  endfacet
  facet normal 0.70710678118649206 0 0.70710678118660308
    outer loop
      vertex 83.719999999999999 60.120000000000005 0.080000000000000016
      vertex 83.679999999999993 60.080000000000005 0.12
      vertex 83.679999999999993 60 0.12
    endloop
  endfacet
  facet normal 0.70710678118649195 0 0.70710678118660286
    outer loop
      vertex 83.719999999999999 60.120000000000005 0.080000000000000016
      vertex 83.679999999999993 60 0.12
      vertex 83.719999999999999 60 0.080000000000000016
    endloop
  endfacet
  facet normal 0.70710678118649195 0 0.70710678118660297
    outer loop
      vertex 83.679999999999993 60.080000000000005 0.12
      vertex 83.719999999999999 60.120000000000005 0.080000000000000016
      vertex 83.719999999999999 60.200000000000003 0.080000000000000016
    endloop
  endfacet
  facet normal 0.70710678118649206 -0 0.70710678118660297
    outer loop
      vertex 83.679999999999993 60.080000000000005 0.12
      vertex 83.719999999999999 60.200000000000003 0.080000000000000016
      vertex 83.679999999999993 60.200000000000003 0.12
    endloop
  endfacet
  facet normal 0.70710678118649206 0 0.70710678118660308
    outer loop
      vertex 83.719999999999999 72.079999999999998 0.080000000000000016
      vertex 83.679999999999993 68.120000000000005 0.12
      vertex 83.679999999999993 60.200000000000003 0.12
    endloop
  endfacet
  facet normal 0.70710678118649217 0 0.70710678118660308
    outer loop
      vertex 83.719999999999999 72.079999999999998 0.080000000000000016
      vertex 83.679999999999993 60.200000000000003 0.12
      vertex 83.719999999999999 60.200000000000003 0.080000000000000016
    endloop
  endfacet
  facet normal 0.59999877563882686 0.0020201978977741433 0.79999836751856102
    outer loop
      vertex 83.679999999999993 68.120000000000005 0.12
      vertex 83.719999999999999 72.079999999999998 0.080000000000000016
      vertex 83.693333333333328 80 0.080000000000000016
    endloop
  endfacet
  facet normal 0.59999877563892901 0.0020201978977737707 0.7999983675184843
    outer loop
      vertex 83.679999999999993 68.120000000000005 0.12
      vertex 83.693333333333328 80 0.080000000000000016
      vertex 83.640000000000001 80 0.12
    endloop
  endfacet
  facet normal 0.60000000000004206 0 0.7999999999999684
    outer loop
      vertex 83.693333333333328 80.093333333333334 0.080000000000000016
      vertex 83.640000000000001 80.040000000000006 0.12
      vertex 83.640000000000001 80 0.12
    endloop
  endfacet
  facet normal 0.60000000000004206 0 0.7999999999999684
    outer loop
      vertex 83.693333333333328 80.093333333333334 0.080000000000000016
      vertex 83.640000000000001 80 0.12
      vertex 83.693333333333328 80 0.080000000000000016
    endloop
  endfacet
  facet normal 0.60000000000004217 0 0.7999999999999684
    outer loop
      vertex 83.640000000000001 80.040000000000006 0.12
      vertex 83.693333333333328 80.093333333333334 0.080000000000000016
      vertex 83.693333333333328 80.200000000000003 0.080000000000000016
    endloop
  endfacet
  facet normal 0.60000000000004206 -0 0.7999999999999684
    outer loop
      vertex 83.640000000000001 80.040000000000006 0.12
      vertex 83.693333333333328 80.200000000000003 0.080000000000000016
      vertex 83.640000000000001 80.200000000000003 0.12
    endloop
  endfacet
  facet normal 0.60000000000004206 0 0.79999999999996851
    outer loop
      vertex 83.693333333333328 89.439999999999998 0.080000000000000016
      vertex 83.640000000000001 84.159999999999997 0.12
      vertex 83.640000000000001 80.200000000000003 0.12
    endloop
  endfacet
  facet normal 0.60000000000004206 0 0.7999999999999684
    outer loop
      vertex 83.693333333333328 89.439999999999998 0.080000000000000016
      vertex 83.640000000000001 80.200000000000003 0.12
      vertex 83.693333333333328 80.200000000000003 0.080000000000000016
    endloop
  endfacet
  facet normal 0.44721245476972254 0.0022586487614635973 0.89442490953942644
    outer loop
      vertex 83.599999999999994 92.079999999999998 0.12
      vertex 83.640000000000001 84.159999999999997 0.12
      vertex 83.693333333333328 89.439999999999998 0.080000000000000016
    endloop
  endfacet
  facet normal 0.44721245476970667 0.002258648761462916 0.89442490953943443
    outer loop
      vertex 83.599999999999994 92.079999999999998 0.12
      vertex 83.693333333333328 89.439999999999998 0.080000000000000016
      vertex 83.640000000000001 100 0.080000000000000016
    endloop
  endfacet
  facet normal 0.44721245476965893 0.0022586487614632764 0.89442490953945819
    outer loop
      vertex 83.599999999999994 92.079999999999998 0.12
      vertex 83.640000000000001 100 0.080000000000000016
      vertex 83.599999999999994 100 0.10000000000000001
    endloop
  endfacet
  facet normal -0.70710678118649206 0 0.70710678118660308
    outer loop
      vertex 89.320000000000007 -88.120000000000005 0.12
      vertex 89.280000000000001 -92.079999999999998 0.080000000000000016
      vertex 89.280000000000001 -100 0.080000000000000016
    endloop
  endfacet
  facet normal -0.70710678118649217 0 0.70710678118660308
    outer loop
      vertex 89.320000000000007 -88.120000000000005 0.12
      vertex 89.280000000000001 -100 0.080000000000000016
      vertex 89.320000000000007 -100 0.12
    endloop
  endfacet
  facet normal -0.70710678118649206 0 0.70710678118660308
    outer loop
      vertex 89.280000000000001 -92.079999999999998 0.080000000000000016
      vertex 89.320000000000007 -88.120000000000005 0.12
      vertex 89.320000000000007 -80.200000000000003 0.12
    endloop
  endfacet
  facet normal -0.70710678118649217 0 0.70710678118660308
    outer loop
      vertex 89.280000000000001 -92.079999999999998 0.080000000000000016
      vertex 89.320000000000007 -80.200000000000003 0.12
      vertex 89.280000000000001 -80.200000000000003 0.080000000000000016
    endloop
  endfacet
  facet normal -0.66666666666662011 0.33333333333331006 0.66666666666672469
    outer loop
      vertex 89.359999999999999 -80.040000000000006 0.080000000000000016
      vertex 89.280000000000001 -80.200000000000003 0.080000000000000016
      vertex 89.320000000000007 -80.200000000000003 0.12
    endloop
  endfacet
  facet normal -0.66666666666662011 0.33333333333331006 0.66666666666672469
    outer loop
      vertex 89.359999999999999 -80.040000000000006 0.080000000000000016
      vertex 89.320000000000007 -80.200000000000003 0.12
      vertex 89.400000000000006 -80.040000000000006 0.12
    endloop
  endfacet
  facet normal -0.66666666666662022 0.33333333333331011 0.66666666666672481
    outer loop
      vertex 89.359999999999999 -80.040000000000006 0.080000000000000016
      vertex 89.400000000000006 -80.040000000000006 0.12
      vertex 89.400000000000006 -80 0.10000000000000001
    endloop
  endfacet
  facet normal -0.44721359549990181 0 0.89442719099994406
    outer loop
      vertex 89.359999999999999 -80.040000000000006 0.080000000000000016
      vertex 89.400000000000006 -80 0.10000000000000001
      vertex 89.359999999999999 -80 0.080000000000000016
    endloop
  endfacet
  facet normal -0.44721359549990181 0 0.89442719099994383
    outer loop
      vertex 89.359999999999999 -64.159999999999997 0.080000000000000016
      vertex 89.359999999999999 -80 0.080000000000000016
      vertex 89.400000000000006 -80 0.10000000000000001
    endloop
  endfacet
  facet normal -0.44721359549990186 0 0.89442719099994406
    outer loop
      vertex 89.359999999999999 -64.159999999999997 0.080000000000000016
      vertex 89.400000000000006 -80 0.10000000000000001
      vertex 89.400000000000006 -60.200000000000003 0.10000000000000001
    endloop
  endfacet
  facet normal -0.44721359549990181 0 0.89442719099994383
    outer loop
      vertex 89.359999999999999 -64.159999999999997 0.080000000000000016
      vertex 89.400000000000006 -60.200000000000003 0.10000000000000001
      vertex 89.359999999999999 -60.200000000000003 0.080000000000000016
    endloop
  endfacet
  facet normal -0.43643578047202392 -0.21821789023598295 0.87287156094395235
    outer loop
      vertex 89.359999999999999 -60.039999999999999 0.12
      vertex 89.306666666666672 -60.093333333333334 0.080000000000000016
      vertex 89.359999999999999 -60.200000000000003 0.080000000000000016
    endloop
  endfacet
  facet normal -0.43643578047192988 -0.218217890235994 0.87287156094399665
    outer loop
      vertex 89.359999999999999 -60.039999999999999 0.12
      vertex 89.359999999999999 -60.200000000000003 0.080000000000000016
      vertex 89.400000000000006 -60.200000000000003 0.10000000000000001
    endloop
  endfacet
  facet normal -0.4364357804719603 -0.21821789023599952 0.87287156094397989
    outer loop
      vertex 89.359999999999999 -60.039999999999999 0.12
      vertex 89.400000000000006 -60.200000000000003 0.10000000000000001
      vertex 89.400000000000006 -60.120000000000005 0.12
    endloop
  endfacet
  facet normal -0.60000000000004206 0 0.7999999999999684
    outer loop
      vertex 89.306666666666672 -60.093333333333334 0.080000000000000016
      vertex 89.359999999999999 -60.039999999999999 0.12
      vertex 89.359999999999999 -60 0.12
    endloop
  endfacet
  facet normal -0.60000000000004206 0 0.7999999999999684
    outer loop
      vertex 89.306666666666672 -60.093333333333334 0.080000000000000016
      vertex 89.359999999999999 -60 0.12
      vertex 89.306666666666672 -60 0.080000000000000016
    endloop
  endfacet
  facet normal -0.60000000000004206 0 0.79999999999996851
    outer loop
      vertex 89.359999999999999 -44.160000000000004 0.12
      vertex 89.306666666666672 -49.439999999999998 0.080000000000000016
      vertex 89.306666666666672 -60 0.080000000000000016
    endloop
  endfacet
  facet normal -0.60000000000004217 0 0.79999999999996851
    outer loop
      vertex 89.359999999999999 -44.160000000000004 0.12
      vertex 89.306666666666672 -60 0.080000000000000016
      vertex 89.359999999999999 -60 0.12
    endloop
  endfacet
  facet normal -0.60000000000004194 0 0.7999999999999684
    outer loop
      vertex 89.306666666666672 -49.439999999999998 0.080000000000000016
      vertex 89.359999999999999 -44.160000000000004 0.12
      vertex 89.359999999999999 -40.200000000000003 0.12
    endloop
  endfacet
  facet normal -0.60000000000004206 0 0.7999999999999684
    outer loop
      vertex 89.306666666666672 -49.439999999999998 0.080000000000000016
      vertex 89.359999999999999 -40.200000000000003 0.12
      vertex 89.306666666666672 -40.200000000000003 0.080000000000000016
    endloop
  endfacet
  facet normal -0.58834840541459477 0.19611613513817214 0.78446454055270709
    outer loop
      vertex 89.359999999999999 -40.039999999999999 0.080000000000000016
      vertex 89.306666666666672 -40.200000000000003 0.080000000000000016
      vertex 89.359999999999999 -40.200000000000003 0.12
    endloop
  endfacet
  facet normal -0.58834840541449807 0.19611613513818923 0.78446454055277548
    outer loop
      vertex 89.359999999999999 -40.039999999999999 0.080000000000000016
      vertex 89.359999999999999 -40.200000000000003 0.12
      vertex 89.400000000000006 -40.079999999999998 0.12
    endloop
  endfacet
  facet normal -0.58834840541449129 0.19611613513819859 0.78446454055277803
    outer loop
      vertex 89.359999999999999 -40.039999999999999 0.080000000000000016
      vertex 89.400000000000006 -40.079999999999998 0.12
      vertex 89.400000000000006 -40 0.10000000000000001
    endloop
  endfacet
  facet normal -0.44721359549990186 0 0.89442719099994394
    outer loop
      vertex 89.359999999999999 -40.039999999999999 0.080000000000000016
      vertex 89.400000000000006 -40 0.10000000000000001
      vertex 89.359999999999999 -40 0.080000000000000016
    endloop
  endfacet
  facet normal -0.44721359549990181 0 0.89442719099994383
    outer loop
      vertex 89.359999999999999 -24.159999999999997 0.080000000000000016
      vertex 89.359999999999999 -40 0.080000000000000016
      vertex 89.400000000000006 -40 0.10000000000000001
    endloop
  endfacet
  facet normal -0.44721359549990181 0 0.89442719099994394
    outer loop
      vertex 89.359999999999999 -24.159999999999997 0.080000000000000016
      vertex 89.400000000000006 -40 0.10000000000000001
      vertex 89.400000000000006 -20.199999999999999 0.10000000000000001
    endloop
  endfacet
  facet normal -0.44721359549990181 0 0.89442719099994394
    outer loop
      vertex 89.359999999999999 -24.159999999999997 0.080000000000000016
      vertex 89.400000000000006 -20.199999999999999 0.10000000000000001
      vertex 89.359999999999999 -20.199999999999999 0.080000000000000016
    endloop
  endfacet
  facet normal -0.43643578047192894 0.21821789023600321 0.87287156094399476
    outer loop
      vertex 89.359999999999999 -20.199999999999999 0.080000000000000016
      vertex 89.400000000000006 -20.199999999999999 0.10000000000000001
      vertex 89.400000000000006 -20.120000000000001 0.080000000000000016
    endloop
  endfacet
  facet normal -0.23570226039548589 -0.23570226039551731 0.94280904158207046
    outer loop
      vertex 89.359999999999999 -10.039999999999999 0.080000000000000016
      vertex 89.400000000000006 -10.08 0.080000000000000016
      vertex 89.400000000000006 -10 0.10000000000000001
    endloop
  endfacet
  facet normal -0.44721359549990186 0 0.89442719099994394
    outer loop
      vertex 89.359999999999999 -10.039999999999999 0.080000000000000016
      vertex 89.400000000000006 -10 0.10000000000000001
      vertex 89.359999999999999 -10 0.080000000000000016
    endloop
  endfacet
  facet normal -0.44721359549990181 0 0.89442719099994383
    outer loop
      vertex 89.359999999999999 -1.9999999999999991 0.080000000000000016
      vertex 89.359999999999999 -10 0.080000000000000016
      vertex 89.400000000000006 -10 0.10000000000000001
    endloop
  endfacet
  facet normal -0.44721359549990181 0 0.89442719099994394
    outer loop
      vertex 89.359999999999999 -1.9999999999999991 0.080000000000000016
      vertex 89.400000000000006 -10 0.10000000000000001
      vertex 89.400000000000006 0 0.10000000000000001
    endloop
  endfacet
  facet normal -0.44721359549990186 0 0.89442719099994406
    outer loop
      vertex 89.359999999999999 -1.9999999999999982 0.080000000000000016
      vertex 89.400000000000006 0 0.10000000000000001
      vertex 89.359999999999999 0 0.080000000000000016
    endloop
  endfacet
  facet normal -0.40824829046380967 0.40824829046387373 0.81649658092774746
    outer loop
      vertex 89.359999999999999 0 0.080000000000000016
      vertex 89.400000000000006 0 0.10000000000000001
      vertex 89.400000000000006 0.03999999999999998 0.080000000000000016
    endloop
  endfacet
  facet normal -0 0.44721359549990186 0.89442719099994394
    outer loop
      vertex 89.560000000000002 -80.040000000000006 0.12
      vertex 89.599999999999994 -80.040000000000006 0.12
      vertex 89.599999999999994 -80 0.10000000000000001
    endloop
  endfacet
  facet normal -0 0.44721359549990186 0.89442719099994394
    outer loop
      vertex 89.400000000000006 -80.040000000000006 0.12
      vertex 89.560000000000002 -80.040000000000006 0.12
      vertex 89.599999999999994 -80 0.10000000000000001
    endloop
  endfacet
  facet normal 0 0.44721359549990175 0.89442719099994394
    outer loop
      vertex 89.400000000000006 -80.040000000000006 0.12
      vertex 89.599999999999994 -80 0.10000000000000001
      vertex 89.400000000000006 -80 0.10000000000000001
    endloop
  endfacet
  facet normal 0 0 1
    outer loop
      vertex 89.400000000000006 -80 0.10000000000000001
      vertex 89.599999999999994 -80 0.10000000000000001
      vertex 89.599999999999994 -60.200000000000003 0.10000000000000001
    endloop
  endfacet
  facet normal 0 0 1
    outer loop
      vertex 89.400000000000006 -80 0.10000000000000001
      vertex 89.599999999999994 -60.200000000000003 0.10000000000000001
      vertex 89.400000000000006 -60.200000000000003 0.10000000000000001
    endloop
  endfacet
  facet normal 0 -0.24253562503633774 0.97014250014533077
    outer loop
      vertex 89.480000000000004 -60.120000000000005 0.12
      vertex 89.400000000000006 -60.200000000000003 0.10000000000000001
      vertex 89.599999999999994 -60.200000000000003 0.10000000000000001
    endloop
  endfacet
  facet normal 0 -0.24253562503633772 0.97014250014533077
    outer loop
      vertex 89.480000000000004 -60.120000000000005 0.12
      vertex 89.599999999999994 -60.200000000000003 0.10000000000000001
      vertex 89.599999999999994 -60.120000000000005 0.12
    endloop
  endfacet
  facet normal 0 -0.24253562503633774 0.97014250014533077
    outer loop
      vertex 89.400000000000006 -60.120000000000005 0.12
      vertex 89.400000000000006 -60.200000000000003 0.10000000000000001
      vertex 89.480000000000004 -60.120000000000005 0.12
    endloop
  endfacet
  facet normal -0 0.24253562503633774 0.97014250014533077
    outer loop
      vertex 89.519999999999996 -40.079999999999998 0.12
      vertex 89.599999999999994 -40.079999999999998 0.12
      vertex 89.599999999999994 -40 0.10000000000000001
    endloop
  endfacet
  facet normal -0 0.24253562503633772 0.97014250014533077
    outer loop
      vertex 89.400000000000006 -40.079999999999998 0.12
      vertex 89.519999999999996 -40.079999999999998 0.12
      vertex 89.599999999999994 -40 0.10000000000000001
    endloop
  endfacet
  facet normal 0 0.24253562503633774 0.97014250014533077
    outer loop
      vertex 89.400000000000006 -40.079999999999998 0.12
      vertex 89.599999999999994 -40 0.10000000000000001
      vertex 89.400000000000006 -40 0.10000000000000001
    endloop
  endfacet
  facet normal 0 0 1
    outer loop
      vertex 89.400000000000006 -40 0.10000000000000001
      vertex 89.599999999999994 -40 0.10000000000000001
      vertex 89.599999999999994 -20.199999999999999 0.10000000000000001
    endloop
  endfacet
  facet normal 0 0 1
    outer loop
      vertex 89.400000000000006 -40 0.10000000000000001
      vertex 89.599999999999994 -20.199999999999999 0.10000000000000001
      vertex 89.400000000000006 -20.199999999999999 0.10000000000000001
    endloop
  endfacet
  facet normal 0 0.24253562503633774 0.97014250014533077
    outer loop
      vertex 89.480000000000004 -20.120000000000001 0.080000000000000016
      vertex 89.400000000000006 -20.199999999999999 0.10000000000000001
      vertex 89.599999999999994 -20.199999999999999 0.10000000000000001
    endloop
  endfacet
  facet normal -0 0.24253562503633772 0.97014250014533077
    outer loop
      vertex 89.480000000000004 -20.120000000000001 0.080000000000000016
      vertex 89.599999999999994 -20.199999999999999 0.10000000000000001
      vertex 89.599999999999994 -20.120000000000001 0.080000000000000016
    endloop
  endfacet
  facet normal -0 0.24253562503633774 0.97014250014533077
    outer loop
      vertex 89.400000000000006 -20.120000000000001 0.080000000000000016
      vertex 89.400000000000006 -20.199999999999999 0.10000000000000001
      vertex 89.480000000000004 -20.120000000000001 0.080000000000000016
    endloop
  endfacet
  facet normal 0 -0.24253562503633266 0.97014250014533199
    outer loop
      vertex 89.519999999999996 -10.08 0.080000000000000016
      vertex 89.599999999999994 -10.08 0.080000000000000016
      vertex 89.599999999999994 -10 0.10000000000000001
    endloop
  endfacet
  facet normal 0 -0.24253562503633261 0.97014250014533188
    outer loop
      vertex 89.400000000000006 -10.08 0.080000000000000016
      vertex 89.519999999999996 -10.08 0.080000000000000016
      vertex 89.599999999999994 -10 0.10000000000000001
    endloop
  endfacet
  facet normal 0 -0.24253562503633264 0.97014250014533199
    outer loop
      vertex 89.400000000000006 -10.08 0.080000000000000016
      vertex 89.599999999999994 -10 0.10000000000000001
      vertex 89.400000000000006 -10 0.10000000000000001
    endloop
  endfacet
  facet normal 0 0 1
    outer loop
      vertex 89.400000000000006 -10 0.10000000000000001
      vertex 89.599999999999994 -10 0.10000000000000001
      vertex 89.599999999999994 0 0.10000000000000001
    endloop
  endfacet
  facet normal 0 0 1
    outer loop
      vertex 89.400000000000006 -10 0.10000000000000001
      vertex 89.599999999999994 0 0.10000000000000001
      vertex 89.400000000000006 0 0.10000000000000001
    endloop
  endfacet
  facet normal 0 0.44721359549995787 0.89442719099991574
    outer loop
      vertex 89.439999999999998 0.03999999999999998 0.080000000000000016
      vertex 89.400000000000006 0 0.10000000000000001
      vertex 89.599999999999994 0 0.10000000000000001
    endloop
  endfacet
  facet normal -0 0.44721359549995793 0.89442719099991586
    outer loop
      vertex 89.439999999999998 0.03999999999999998 0.080000000000000016
      vertex 89.599999999999994 0 0.10000000000000001
      vertex 89.599999999999994 0.03999999999999998 0.080000000000000016
    endloop
  endfacet
  facet normal -0 0.44721359549995793 0.89442719099991586
    outer loop
      vertex 89.400000000000006 0.03999999999999998 0.080000000000000016
      vertex 89.400000000000006 0 0.10000000000000001
      vertex 89.439999999999998 0.03999999999999998 0.080000000000000016
    endloop
  endfacet
  facet normal 0.70710678118649206 0 0.70710678118660308
    outer loop
      vertex 89.719999999999999 -88.120000000000005 0.080000000000000016
      vertex 89.679999999999993 -92.079999999999998 0.12
      vertex 89.679999999999993 -100 0.12
    endloop
  endfacet
  facet normal 0.70710678118649217 0 0.70710678118660308
    outer loop
      vertex 89.719999999999999 -88.120000000000005 0.080000000000000016
      vertex 89.679999999999993 -100 0.12
      vertex 89.719999999999999 -100 0.080000000000000016
    endloop
  endfacet
  facet normal 0.70710678118649206 0 0.70710678118660308
    outer loop
      vertex 89.679999999999993 -92.079999999999998 0.12
      vertex 89.719999999999999 -88.120000000000005 0.080000000000000016
      vertex 89.719999999999999 -80.200000000000003 0.080000000000000016
    endloop
  endfacet
  facet normal 0.70710678118649217 -0 0.70710678118660308
    outer loop
      vertex 89.679999999999993 -92.079999999999998 0.12
      vertex 89.719999999999999 -80.200000000000003 0.080000000000000016
      vertex 89.679999999999993 -80.200000000000003 0.12
    endloop
  endfacet
  facet normal 0.70710678118649206 0 0.70710678118660286
    outer loop
      vertex 89.719999999999999 -80.079999999999998 0.080000000000000016
      vertex 89.679999999999993 -80.120000000000005 0.12
      vertex 89.679999999999993 -80.200000000000003 0.12
    endloop
  endfacet
  facet normal 0.70710678118649195 0 0.70710678118660286
    outer loop
      vertex 89.719999999999999 -80.079999999999998 0.080000000000000016
      vertex 89.679999999999993 -80.200000000000003 0.12
      vertex 89.719999999999999 -80.200000000000003 0.080000000000000016
    endloop
  endfacet
  facet normal 0.40824829046382038 0.40824829046382038 0.81649658092776867
    outer loop
      vertex 89.599999999999994 -80.040000000000006 0.12
      vertex 89.679999999999993 -80.120000000000005 0.12
      vertex 89.719999999999999 -80.079999999999998 0.080000000000000016
    endloop
  endfacet
  facet normal 0.40824829046382038 0.40824829046382033 0.81649658092776867
    outer loop
      vertex 89.599999999999994 -80.040000000000006 0.12
      vertex 89.719999999999999 -80.079999999999998 0.080000000000000016
      vertex 89.640000000000001 -80 0.080000000000000016
    endloop
  endfacet
  facet normal 0.40824829046382033 0.40824829046382033 0.81649658092776878
    outer loop
      vertex 89.599999999999994 -80.040000000000006 0.12
      vertex 89.640000000000001 -80 0.080000000000000016
      vertex 89.599999999999994 -80 0.10000000000000001
    endloop
  endfacet
  facet normal 0.44721359549990181 0 0.89442719099994383
    outer loop
      vertex 89.640000000000001 -76.040000000000006 0.080000000000000016
      vertex 89.599999999999994 -80 0.10000000000000001
      vertex 89.640000000000001 -80 0.080000000000000016
    endloop
  endfacet
  facet normal 0.44721359549990181 0 0.89442719099994383
    outer loop
      vertex 89.599999999999994 -80 0.10000000000000001
      vertex 89.640000000000001 -76.040000000000006 0.080000000000000016
      vertex 89.640000000000001 -60.200000000000003 0.080000000000000016
    endloop
  endfacet
  facet normal 0.44721359549990186 -0 0.89442719099994406
    outer loop
      vertex 89.599999999999994 -80 0.10000000000000001
      vertex 89.640000000000001 -60.200000000000003 0.080000000000000016
      vertex 89.599999999999994 -60.200000000000003 0.10000000000000001
    endloop
  endfacet
  facet normal 0.44721359549990186 0 0.89442719099994394
    outer loop
      vertex 89.640000000000001 -60.160000000000004 0.080000000000000016
      vertex 89.599999999999994 -60.200000000000003 0.10000000000000001
      vertex 89.640000000000001 -60.200000000000003 0.080000000000000016
    endloop
  endfacet
  facet normal 0.58834840541449129 -0.19611613513819859 0.78446454055277803
    outer loop
      vertex 89.599999999999994 -60.120000000000005 0.12
      vertex 89.599999999999994 -60.200000000000003 0.10000000000000001
      vertex 89.640000000000001 -60.160000000000004 0.080000000000000016
    endloop
  endfacet
  facet normal 0.58834840541452638 -0.19611613513814938 0.78446454055276393
    outer loop
      vertex 89.599999999999994 -60.120000000000005 0.12
      vertex 89.640000000000001 -60.160000000000004 0.080000000000000016
      vertex 89.693333333333328 -60 0.080000000000000016
    endloop
  endfacet
  facet normal 0.5883484054145891 -0.1961161351382196 0.78446454055269954
    outer loop
      vertex 89.599999999999994 -60.120000000000005 0.12
      vertex 89.693333333333328 -60 0.080000000000000016
      vertex 89.640000000000001 -60 0.12
    endloop
  endfacet
  facet normal 0.60000000000004194 0 0.7999999999999684
    outer loop
      vertex 89.693333333333328 -50.760000000000005 0.080000000000000016
      vertex 89.640000000000001 -56.039999999999999 0.12
      vertex 89.640000000000001 -60 0.12
    endloop
  endfacet
  facet normal 0.60000000000004206 0 0.7999999999999684
    outer loop
      vertex 89.693333333333328 -50.760000000000005 0.080000000000000016
      vertex 89.640000000000001 -60 0.12
      vertex 89.693333333333328 -60 0.080000000000000016
    endloop
  endfacet
  facet normal 0.60000000000004206 0 0.79999999999996851
    outer loop
      vertex 89.640000000000001 -56.039999999999999 0.12
      vertex 89.693333333333328 -50.760000000000005 0.080000000000000016
      vertex 89.693333333333328 -40.200000000000003 0.080000000000000016
    endloop
  endfacet
  facet normal 0.60000000000004217 -0 0.79999999999996851
    outer loop
      vertex 89.640000000000001 -56.039999999999999 0.12
      vertex 89.693333333333328 -40.200000000000003 0.080000000000000016
      vertex 89.640000000000001 -40.200000000000003 0.12
    endloop
  endfacet
  facet normal 0.60000000000004206 0 0.7999999999999684
    outer loop
      vertex 89.693333333333328 -40.106666666666669 0.080000000000000016
      vertex 89.640000000000001 -40.160000000000004 0.12
      vertex 89.640000000000001 -40.200000000000003 0.12
    endloop
  endfacet
  facet normal 0.60000000000004206 0 0.7999999999999684
    outer loop
      vertex 89.693333333333328 -40.106666666666669 0.080000000000000016
      vertex 89.640000000000001 -40.200000000000003 0.12
      vertex 89.693333333333328 -40.200000000000003 0.080000000000000016
    endloop
  endfacet
  facet normal 0.43643578047199477 0.21821789023601676 0.87287156094395835
    outer loop
      vertex 89.599999999999994 -40.079999999999998 0.12
      vertex 89.640000000000001 -40.160000000000004 0.12
      vertex 89.693333333333328 -40.106666666666669 0.080000000000000016
    endloop
  endfacet
  facet normal 0.43643578047198706 0.21821789023596447 0.87287156094397544
    outer loop
      vertex 89.599999999999994 -40.079999999999998 0.12
      vertex 89.693333333333328 -40.106666666666669 0.080000000000000016
      vertex 89.640000000000001 -40 0.080000000000000016
    endloop
  endfacet
  facet normal 0.43643578047192894 0.21821789023600321 0.87287156094399476
    outer loop
      vertex 89.599999999999994 -40.079999999999998 0.12
      vertex 89.640000000000001 -40 0.080000000000000016
      vertex 89.599999999999994 -40 0.10000000000000001
    endloop
  endfacet
  facet normal 0.44721359549990181 0 0.89442719099994383
    outer loop
      vertex 89.640000000000001 -36.040000000000006 0.080000000000000016
      vertex 89.599999999999994 -40 0.10000000000000001
      vertex 89.640000000000001 -40 0.080000000000000016
    endloop
  endfacet
  facet normal 0.44721359549990181 0 0.89442719099994383
    outer loop
      vertex 89.599999999999994 -40 0.10000000000000001
      vertex 89.640000000000001 -36.039999999999999 0.080000000000000016
      vertex 89.640000000000001 -20.199999999999999 0.080000000000000016
    endloop
  endfacet
  facet normal 0.44721359549990181 -0 0.89442719099994394
    outer loop
      vertex 89.599999999999994 -40 0.10000000000000001
      vertex 89.640000000000001 -20.199999999999999 0.080000000000000016
      vertex 89.599999999999994 -20.199999999999999 0.10000000000000001
    endloop
  endfacet
  facet normal 0.44721359549990186 0 0.89442719099994394
    outer loop
      vertex 89.640000000000001 -20.16 0.080000000000000016
      vertex 89.599999999999994 -20.199999999999999 0.10000000000000001
      vertex 89.640000000000001 -20.199999999999999 0.080000000000000016
    endloop
  endfacet
  facet normal 0.23570226039548067 0.2357022603955225 0.94280904158207046
    outer loop
      vertex 89.599999999999994 -20.120000000000001 0.080000000000000016
      vertex 89.599999999999994 -20.199999999999999 0.10000000000000001
      vertex 89.640000000000001 -20.16 0.080000000000000016
    endloop
  endfacet
  facet normal 0.43643578047192944 -0.21821789023599861 0.87287156094399565
    outer loop
      vertex 89.599999999999994 -10.08 0.080000000000000016
      vertex 89.640000000000001 -10 0.080000000000000016
      vertex 89.599999999999994 -10 0.10000000000000001
    endloop
  endfacet
  facet normal 0.44721359549990186 0 0.89442719099994406
    outer loop
      vertex 89.640000000000001 -8.0000000000000018 0.080000000000000016
      vertex 89.599999999999994 -10 0.10000000000000001
      vertex 89.640000000000001 -10 0.080000000000000016
    endloop
  endfacet
  facet normal 0.44721359549990181 0 0.89442719099994383
    outer loop
      vertex 89.599999999999994 -10 0.10000000000000001
      vertex 89.640000000000001 -8 0.080000000000000016
      vertex 89.640000000000001 0 0.080000000000000016
    endloop
  endfacet
  facet normal 0.44721359549990181 -0 0.89442719099994394
    outer loop
      vertex 89.599999999999994 -10 0.10000000000000001
      vertex 89.640000000000001 0 0.080000000000000016
      vertex 89.599999999999994 0 0.10000000000000001
    endloop
  endfacet
  facet normal 0.44721359549990186 0 0.89442719099994394
    outer loop
      vertex 89.640000000000001 0.03999999999999998 0.080000000000000016
      vertex 89.599999999999994 0 0.10000000000000001
      vertex 89.640000000000001 0 0.080000000000000016
    endloop
  endfacet
  facet normal -0 0.44721359549995793 0.89442719099991586
    outer loop
      vertex 89.599999999999994 0.03999999999999998 0.080000000000000016
      vertex 89.599999999999994 0 0.10000000000000001
      vertex 89.640000000000001 0.03999999999999998 0.080000000000000016
    endloop
  endfacet
  facet normal 0 -0.44721359549996537 0.89442719099991208
    outer loop
      vertex 104.8 -40.039999999999999 0.080000000000000016
      vertex 105.8 -40.039999999999999 0.080000000000000016
      vertex 105.8 -40 0.10000000000000001
    endloop
  endfacet
  facet normal -0.019996001199600131 0 0.99980005998000698
    outer loop
      vertex 104.8 -40.039999999999999 0.080000000000000016
      vertex 105.8 -40 0.10000000000000001
      vertex 104.8 -40 0.080000000000000016
    endloop
  endfacet
  facet normal -0.019996001199600131 0 0.99980005998000698
    outer loop
      vertex 104.8 -24.159999999999997 0.080000000000000016
      vertex 104.8 -40 0.080000000000000016
      vertex 105.8 -40 0.10000000000000001
    endloop
  endfacet
  facet normal -0.019996001199600127 0 0.99980005998000698
    outer loop
      vertex 104.8 -24.159999999999997 0.080000000000000016
      vertex 105.8 -40 0.10000000000000001
      vertex 105.8 -20.199999999999999 0.10000000000000001
    endloop
  endfacet
  facet normal -0.019996001199600131 0 0.99980005998000698
    outer loop
      vertex 104.8 -24.159999999999997 0.080000000000000016
      vertex 105.8 -20.199999999999999 0.10000000000000001
      vertex 104.8 -20.199999999999999 0.080000000000000016
    endloop
  endfacet
  facet normal -0.017885682339723992 0.44714205849310934 0.89428411698620003
    outer loop
      vertex 104.8 -20.199999999999999 0.080000000000000016
      vertex 105.8 -20.199999999999999 0.10000000000000001
      vertex 105.8 -20.16 0.080000000000000016
    endloop
  endfacet
  facet normal 0 -0.44721359549996537 0.89442719099991219
    outer loop
      vertex 105.95999999999999 -40.039999999999999 0.080000000000000016
      vertex 106 -40.039999999999999 0.080000000000000016
      vertex 106 -40 0.10000000000000001
    endloop
  endfacet
  facet normal 0 -0.44721359549996542 0.89442719099991219
    outer loop
      vertex 105.8 -40.039999999999999 0.080000000000000016
      vertex 105.95999999999999 -40.039999999999999 0.080000000000000016
      vertex 106 -40 0.10000000000000001
    endloop
  endfacet
  facet normal 0 -0.44721359549996542 0.89442719099991219
    outer loop
      vertex 105.8 -40.039999999999999 0.080000000000000016
      vertex 106 -40 0.10000000000000001
      vertex 105.8 -40 0.10000000000000001
    endloop
  endfacet
  facet normal 0 0 1
    outer loop
      vertex 105.8 -40 0.10000000000000001
      vertex 106 -40 0.10000000000000001
      vertex 106 -20.199999999999999 0.10000000000000001
    endloop
  endfacet
  facet normal 0 0 1
    outer loop
      vertex 105.8 -40 0.10000000000000001
      vertex 106 -20.199999999999999 0.10000000000000001
      vertex 105.8 -20.199999999999999 0.10000000000000001
    endloop
  endfacet
  facet normal 0 0.44721359549996542 0.89442719099991219
    outer loop
      vertex 105.84 -20.16 0.080000000000000016
      vertex 105.8 -20.199999999999999 0.10000000000000001
      vertex 106 -20.199999999999999 0.10000000000000001
    endloop
  endfacet
  facet normal -0 0.44721359549996542 0.89442719099991219
    outer loop
      vertex 105.84 -20.16 0.080000000000000016
      vertex 106 -20.199999999999999 0.10000000000000001
      vertex 106 -20.16 0.080000000000000016
    endloop
  endfacet
  facet normal -0 0.44721359549996537 0.89442719099991219
    outer loop
      vertex 105.8 -20.16 0.080000000000000016
      vertex 105.8 -20.199999999999999 0.10000000000000001
      vertex 105.84 -20.16 0.080000000000000016
    endloop
  endfacet
  facet normal 0 -0.44721359549996537 0.89442719099991219
    outer loop
      vertex 106.16 -40.039999999999999 0.080000000000000016
      vertex 106.2 -40.039999999999999 0.080000000000000016
      vertex 106.2 -40 0.10000000000000001
    endloop
  endfacet
  facet normal 0 -0.44721359549996542 0.89442719099991219
    outer loop
      vertex 106 -40.039999999999999 0.080000000000000016
      vertex 106.16 -40.039999999999999 0.080000000000000016
      vertex 106.2 -40 0.10000000000000001
    endloop
  endfacet
  facet normal 0 -0.44721359549996542 0.89442719099991219
    outer loop
      vertex 106 -40.039999999999999 0.080000000000000016
      vertex 106.2 -40 0.10000000000000001
      vertex 106 -40 0.10000000000000001
    endloop
  endfacet
  facet normal 0 0 1
    outer loop
      vertex 106 -40 0.10000000000000001
      vertex 106.2 -40 0.10000000000000001
      vertex 106.2 -20.199999999999999 0.10000000000000001
    endloop
  endfacet
  facet normal 0 0 1
    outer loop
      vertex 106 -40 0.10000000000000001
      vertex 106.2 -20.199999999999999 0.10000000000000001
      vertex 106 -20.199999999999999 0.10000000000000001
    endloop
  endfacet
  facet normal 0 0.44721359549996542 0.89442719099991219
    outer loop
      vertex 106.04000000000001 -20.16 0.080000000000000016
      vertex 106 -20.199999999999999 0.10000000000000001
      vertex 106.2 -20.199999999999999 0.10000000000000001
    endloop
  endfacet
  facet normal -0 0.44721359549996542 0.89442719099991219
    outer loop
      vertex 106.04000000000001 -20.16 0.080000000000000016
      vertex 106.2 -20.199999999999999 0.10000000000000001
      vertex 106.2 -20.16 0.080000000000000016
    endloop
  endfacet
  facet normal -0 0.44721359549996537 0.89442719099991219
    outer loop
      vertex 106 -20.16 0.080000000000000016
      vertex 106 -20.199999999999999 0.10000000000000001
      vertex 106.04000000000001 -20.16 0.080000000000000016
    endloop
  endfacet
  facet normal 0 -0.44721359549996537 0.89442719099991219
    outer loop
      vertex 106.36 -40.039999999999999 0.080000000000000016
      vertex 106.40000000000001 -40.039999999999999 0.080000000000000016
      vertex 106.40000000000001 -40 0.10000000000000001
    endloop
  endfacet
  facet normal 0 -0.44721359549996542 0.89442719099991219
    outer loop
      vertex 106.2 -40.039999999999999 0.080000000000000016
      vertex 106.36 -40.039999999999999 0.080000000000000016
      vertex 106.40000000000001 -40 0.10000000000000001
    endloop
  endfacet
  facet normal 0 -0.44721359549996542 0.89442719099991219
    outer loop
      vertex 106.2 -40.039999999999999 0.080000000000000016
      vertex 106.40000000000001 -40 0.10000000000000001
      vertex 106.2 -40 0.10000000000000001
    endloop
  endfacet
  facet normal 0 0 1
    outer loop
      vertex 106.2 -40 0.10000000000000001
      vertex 106.40000000000001 -40 0.10000000000000001
      vertex 106.40000000000001 -20.199999999999999 0.10000000000000001
    endloop
  endfacet
  facet normal 0 0 1
    outer loop
      vertex 106.2 -40 0.10000000000000001
      vertex 106.40000000000001 -20.199999999999999 0.10000000000000001
      vertex 106.2 -20.199999999999999 0.10000000000000001
    endloop
  endfacet
  facet normal 0 0.44721359549996542 0.89442719099991219
    outer loop
      vertex 106.24000000000001 -20.16 0.080000000000000016
      vertex 106.2 -20.199999999999999 0.10000000000000001
      vertex 106.40000000000001 -20.199999999999999 0.10000000000000001
    endloop
  endfacet
  facet normal -0 0.44721359549996542 0.89442719099991219
    outer loop
      vertex 106.24000000000001 -20.16 0.080000000000000016
      vertex 106.40000000000001 -20.199999999999999 0.10000000000000001
      vertex 106.40000000000001 -20.16 0.080000000000000016
    endloop
  endfacet
  facet normal -0 0.44721359549996537 0.89442719099991219
    outer loop
      vertex 106.2 -20.16 0.080000000000000016
      vertex 106.2 -20.199999999999999 0.10000000000000001
      vertex 106.24000000000001 -20.16 0.080000000000000016
    endloop
  endfacet
  facet normal 0.40824829046392919 -0.40824829046385663 0.81649658092769617
    outer loop
      vertex 106.40000000000001 -40.039999999999999 0.080000000000000016
      vertex 106.44 -40 0.080000000000000016
      vertex 106.40000000000001 -40 0.10000000000000001
    endloop
  endfacet
  facet normal 0.44721359550002893 0 0.89442719099988033
    outer loop
      vertex 106.44 -36.040000000000006 0.080000000000000016
      vertex 106.40000000000001 -40 0.10000000000000001
      vertex 106.44 -40 0.080000000000000016
    endloop
  endfacet
  facet normal 0.44721359550002887 0 0.89442719099988044
    outer loop
      vertex 106.40000000000001 -40 0.10000000000000001
      vertex 106.44 -36.039999999999999 0.080000000000000016
      vertex 106.44 -20.199999999999999 0.080000000000000016
    endloop
  endfacet
  facet normal 0.44721359550002893 -0 0.89442719099988044
    outer loop
      vertex 106.40000000000001 -40 0.10000000000000001
      vertex 106.44 -20.199999999999999 0.080000000000000016
      vertex 106.40000000000001 -20.199999999999999 0.10000000000000001
    endloop
  endfacet
  facet normal 0.44721359550002898 0 0.89442719099988033
    outer loop
      vertex 106.44 -20.16 0.080000000000000016
      vertex 106.40000000000001 -20.199999999999999 0.10000000000000001
      vertex 106.44 -20.199999999999999 0.080000000000000016
    endloop
  endfacet
  facet normal -0 0.44721359549996537 0.89442719099991208
    outer loop
      vertex 106.40000000000001 -20.16 0.080000000000000016
      vertex 106.40000000000001 -20.199999999999999 0.10000000000000001
      vertex 106.44 -20.16 0.080000000000000016
    endloop
  endfacet
  facet normal 0 -0.44721359549996537 0.89442719099991208
    outer loop
      vertex 106.56 10.16 0.080000000000000016
      vertex 106.59999999999999 10.16 0.080000000000000016
      vertex 106.59999999999999 10.199999999999999 0.10000000000000001
    endloop
  endfacet
  facet normal -0.44721359550002898 0 0.89442719099988033
    outer loop
      vertex 106.56 10.16 0.080000000000000016
      vertex 106.59999999999999 10.199999999999999 0.10000000000000001
      vertex 106.56 10.199999999999999 0.080000000000000016
    endloop
  endfacet
  facet normal -0.44721359550002898 0 0.89442719099988044
    outer loop
      vertex 106.56 18.039999999999999 0.080000000000000016
      vertex 106.56 10.199999999999999 0.080000000000000016
      vertex 106.59999999999999 10.199999999999999 0.10000000000000001
    endloop
  endfacet
  facet normal -0.44721359550002887 0 0.89442719099988033
    outer loop
      vertex 106.56 18.039999999999999 0.080000000000000016
      vertex 106.59999999999999 10.199999999999999 0.10000000000000001
      vertex 106.59999999999999 20 0.10000000000000001
    endloop
  endfacet
  facet normal -0.44721359550002898 0 0.89442719099988033
    outer loop
      vertex 106.56 18.040000000000003 0.080000000000000016
      vertex 106.59999999999999 20 0.10000000000000001
      vertex 106.56 20 0.080000000000000016
    endloop
  endfacet
  facet normal -0.44721359550002898 0 0.89442719099988033
    outer loop
      vertex 106.56 20.16 0.080000000000000016
      vertex 106.56 20 0.080000000000000016
      vertex 106.59999999999999 20 0.10000000000000001
    endloop
  endfacet
  facet normal -0.44721359550002904 0 0.89442719099988044
    outer loop
      vertex 106.56 20.16 0.080000000000000016
      vertex 106.59999999999999 20 0.10000000000000001
      vertex 106.59999999999999 20.199999999999999 0.10000000000000001
    endloop
  endfacet
  facet normal -0.44721359550002898 0 0.89442719099988033
    outer loop
      vertex 106.56 20.16 0.080000000000000016
      vertex 106.59999999999999 20.199999999999999 0.10000000000000001
      vertex 106.56 20.199999999999999 0.080000000000000016
    endloop
  endfacet
  facet normal -0.44721359550002898 0 0.89442719099988044
    outer loop
      vertex 106.56 36.039999999999999 0.080000000000000016
      vertex 106.56 20.199999999999999 0.080000000000000016
      vertex 106.59999999999999 20.199999999999999 0.10000000000000001
    endloop
  endfacet
  facet normal -0.44721359550002904 0 0.89442719099988044
    outer loop
      vertex 106.56 36.039999999999999 0.080000000000000016
      vertex 106.59999999999999 20.199999999999999 0.10000000000000001
      vertex 106.59999999999999 40 0.10000000000000001
    endloop
  endfacet
  facet normal -0.44721359550002893 0 0.89442719099988033
    outer loop
      vertex 106.56 36.040000000000006 0.080000000000000016
      vertex 106.59999999999999 40 0.10000000000000001
      vertex 106.56 40 0.080000000000000016
    endloop
  endfacet
  facet normal -0.40824829046392919 0.40824829046385663 0.81649658092769617
    outer loop
      vertex 106.56 40 0.080000000000000016
      vertex 106.59999999999999 40 0.10000000000000001
      vertex 106.59999999999999 40.039999999999999 0.080000000000000016
    endloop
  endfacet
  facet normal 0 -0.44721359549996537 0.89442719099991219
    outer loop
      vertex 106.75999999999999 10.16 0.080000000000000016
      vertex 106.8 10.16 0.080000000000000016
      vertex 106.8 10.199999999999999 0.10000000000000001
    endloop
  endfacet
  facet normal 0 -0.44721359549996542 0.89442719099991219
    outer loop
      vertex 106.59999999999999 10.16 0.080000000000000016
      vertex 106.75999999999999 10.16 0.080000000000000016
      vertex 106.8 10.199999999999999 0.10000000000000001
    endloop
  endfacet
  facet normal 0 -0.44721359549996542 0.89442719099991219
    outer loop
      vertex 106.59999999999999 10.16 0.080000000000000016
      vertex 106.8 10.199999999999999 0.10000000000000001
      vertex 106.59999999999999 10.199999999999999 0.10000000000000001
    endloop
  endfacet
  facet normal 0 0 1
    outer loop
      vertex 106.59999999999999 10.199999999999999 0.10000000000000001
      vertex 106.8 10.199999999999999 0.10000000000000001
      vertex 106.8 20 0.10000000000000001
    endloop
  endfacet
  facet normal 0 0 1
    outer loop
      vertex 106.59999999999999 10.199999999999999 0.10000000000000001
      vertex 106.8 20 0.10000000000000001
      vertex 106.59999999999999 20 0.10000000000000001
    endloop
  endfacet
  facet normal 0 0 1
    outer loop
      vertex 106.59999999999999 20 0.10000000000000001
      vertex 106.8 20 0.10000000000000001
      vertex 106.8 20.199999999999999 0.10000000000000001
    endloop
  endfacet
  facet normal 0 0 1
    outer loop
      vertex 106.59999999999999 20 0.10000000000000001
      vertex 106.8 20.199999999999999 0.10000000000000001
      vertex 106.59999999999999 20.199999999999999 0.10000000000000001
    endloop
  endfacet
  facet normal 0 0 1
    outer loop
      vertex 106.59999999999999 20.199999999999999 0.10000000000000001
      vertex 106.8 20.199999999999999 0.10000000000000001
      vertex 106.8 40 0.10000000000000001
    endloop
  endfacet
  facet normal 0 0 1
    outer loop
      vertex 106.59999999999999 20.199999999999999 0.10000000000000001
      vertex 106.8 40 0.10000000000000001
      vertex 106.59999999999999 40 0.10000000000000001
    endloop
  endfacet
  facet normal 0 0.44721359549996542 0.89442719099991219
    outer loop
      vertex 106.64 40.039999999999999 0.080000000000000016
      vertex 106.59999999999999 40 0.10000000000000001
      vertex 106.8 40 0.10000000000000001
    endloop
  endfacet
  facet normal -0 0.44721359549996542 0.89442719099991219
    outer loop
      vertex 106.64 40.039999999999999 0.080000000000000016
      vertex 106.8 40 0.10000000000000001
      vertex 106.8 40.039999999999999 0.080000000000000016
    endloop
  endfacet
  facet normal -0 0.44721359549996537 0.89442719099991219
    outer loop
      vertex 106.59999999999999 40.039999999999999 0.080000000000000016
      vertex 106.59999999999999 40 0.10000000000000001
      vertex 106.64 40.039999999999999 0.080000000000000016
    endloop
  endfacet
  facet normal 0 -0.44721359549996537 0.89442719099991219
    outer loop
      vertex 106.95999999999999 10.16 0.080000000000000016
      vertex 107 10.16 0.080000000000000016
      vertex 107 10.199999999999999 0.10000000000000001
    endloop
  endfacet
  facet normal 0 -0.44721359549996542 0.89442719099991219
    outer loop
      vertex 106.8 10.16 0.080000000000000016
      vertex 106.95999999999999 10.16 0.080000000000000016
      vertex 107 10.199999999999999 0.10000000000000001
    endloop
  endfacet
  facet normal 0 -0.44721359549996542 0.89442719099991219
    outer loop
      vertex 106.8 10.16 0.080000000000000016
      vertex 107 10.199999999999999 0.10000000000000001
      vertex 106.8 10.199999999999999 0.10000000000000001
    endloop
  endfacet
  facet normal 0 0 1
    outer loop
      vertex 106.8 10.199999999999999 0.10000000000000001
      vertex 107 10.199999999999999 0.10000000000000001
      vertex 107 20 0.10000000000000001
    endloop
  endfacet
  facet normal 0 0 1
    outer loop
      vertex 106.8 10.199999999999999 0.10000000000000001
      vertex 107 20 0.10000000000000001
      vertex 106.8 20 0.10000000000000001
    endloop
  endfacet
  facet normal 0 0 1
    outer loop
      vertex 106.8 20 0.10000000000000001
      vertex 107 20 0.10000000000000001
      vertex 107 20.199999999999999 0.10000000000000001
    endloop
  endfacet
  facet normal 0 0 1
    outer loop
      vertex 106.8 20 0.10000000000000001
      vertex 107 20.199999999999999 0.10000000000000001
      vertex 106.8 20.199999999999999 0.10000000000000001
    endloop
  endfacet
  facet normal 0 0 1
    outer loop
      vertex 106.8 20.199999999999999 0.10000000000000001
      vertex 107 20.199999999999999 0.10000000000000001
      vertex 107 40 0.10000000000000001
    endloop
  endfacet
  facet normal 0 0 1
    outer loop
      vertex 106.8 20.199999999999999 0.10000000000000001
      vertex 107 40 0.10000000000000001
      vertex 106.8 40 0.10000000000000001
    endloop
  endfacet
  facet normal 0 0.44721359549996542 0.89442719099991219
    outer loop
      vertex 106.84 40.039999999999999 0.080000000000000016
      vertex 106.8 40 0.10000000000000001
      vertex 107 40 0.10000000000000001
    endloop
  endfacet
  facet normal -0 0.44721359549996542 0.89442719099991219
    outer loop
      vertex 106.84 40.039999999999999 0.080000000000000016
      vertex 107 40 0.10000000000000001
      vertex 107 40.039999999999999 0.080000000000000016
    endloop
  endfacet
  facet normal -0 0.44721359549996537 0.89442719099991219
    outer loop
      vertex 106.8 40.039999999999999 0.080000000000000016
      vertex 106.8 40 0.10000000000000001
      vertex 106.84 40.039999999999999 0.080000000000000016
    endloop
  endfacet
  facet normal 0 -0.44721359549996537 0.89442719099991219
    outer loop
      vertex 107.16 10.16 0.080000000000000016
      vertex 107.2 10.16 0.080000000000000016
      vertex 107.2 10.199999999999999 0.10000000000000001
    endloop
  endfacet
  facet normal 0 -0.44721359549996542 0.89442719099991219
    outer loop
      vertex 107 10.16 0.080000000000000016
      vertex 107.16 10.16 0.080000000000000016
      vertex 107.2 10.199999999999999 0.10000000000000001
    endloop
  endfacet
  facet normal 0 -0.44721359549996542 0.89442719099991219
    outer loop
      vertex 107 10.16 0.080000000000000016
      vertex 107.2 10.199999999999999 0.10000000000000001
      vertex 107 10.199999999999999 0.10000000000000001
    endloop
  endfacet
  facet normal 0 0 1
    outer loop
      vertex 107 10.199999999999999 0.10000000000000001
      vertex 107.2 10.199999999999999 0.10000000000000001
      vertex 107.2 20 0.10000000000000001
    endloop
  endfacet
  facet normal 0 0 1
    outer loop
      vertex 107 10.199999999999999 0.10000000000000001
      vertex 107.2 20 0.10000000000000001
      vertex 107 20 0.10000000000000001
    endloop
  endfacet
  facet normal 0 0 1
    outer loop
      vertex 107 20 0.10000000000000001
      vertex 107.2 20 0.10000000000000001
      vertex 107.2 20.199999999999999 0.10000000000000001
    endloop
  endfacet
  facet normal 0 0 1
    outer loop
      vertex 107 20 0.10000000000000001
      vertex 107.2 20.199999999999999 0.10000000000000001
      vertex 107 20.199999999999999 0.10000000000000001
    endloop
  endfacet
  facet normal 0 0 1
    outer loop
      vertex 107 20.199999999999999 0.10000000000000001
      vertex 107.2 20.199999999999999 0.10000000000000001
      vertex 107.2 40 0.10000000000000001
    endloop
  endfacet
  facet normal 0 0 1
    outer loop
      vertex 107 20.199999999999999 0.10000000000000001
      vertex 107.2 40 0.10000000000000001
      vertex 107 40 0.10000000000000001
    endloop
  endfacet
  facet normal 0 0.44721359549996542 0.89442719099991219
    outer loop
      vertex 107.04000000000001 40.039999999999999 0.080000000000000016
      vertex 107 40 0.10000000000000001
      vertex 107.2 40 0.10000000000000001
    endloop
  endfacet
  facet normal -0 0.44721359549996542 0.89442719099991219
    outer loop
      vertex 107.04000000000001 40.039999999999999 0.080000000000000016
      vertex 107.2 40 0.10000000000000001
      vertex 107.2 40.039999999999999 0.080000000000000016
    endloop
  endfacet
  facet normal -0 0.44721359549996537 0.89442719099991219
    outer loop
      vertex 107 40.039999999999999 0.080000000000000016
      vertex 107 40 0.10000000000000001
      vertex 107.04000000000001 40.039999999999999 0.080000000000000016
    endloop
  endfacet
  facet normal 0 -0.44721359549996537 0.89442719099991219
    outer loop
      vertex 107.36 -20.039999999999999 0.080000000000000016
      vertex 107.40000000000001 -20.039999999999999 0.080000000000000016
      vertex 107.40000000000001 -20 0.10000000000000001
    endloop
  endfacet
  facet normal -0.44721359549990186 0 0.89442719099994394
    outer loop
      vertex 107.36 -20.039999999999999 0.080000000000000016
      vertex 107.40000000000001 -20 0.10000000000000001
      vertex 107.36 -20 0.080000000000000016
    endloop
  endfacet
  facet normal -0.44721359549990186 0 0.89442719099994383
    outer loop
      vertex 107.36 -12.159999999999998 0.080000000000000016
      vertex 107.36 -20 0.080000000000000016
      vertex 107.40000000000001 -20 0.10000000000000001
    endloop
  endfacet
  facet normal -0.44721359549990186 0 0.89442719099994394
    outer loop
      vertex 107.36 -12.159999999999998 0.080000000000000016
      vertex 107.40000000000001 -20 0.10000000000000001
      vertex 107.40000000000001 -10.199999999999999 0.10000000000000001
    endloop
  endfacet
  facet normal -0.44721359549990186 0 0.89442719099994383
    outer loop
      vertex 107.36 -12.159999999999997 0.080000000000000016
      vertex 107.40000000000001 -10.199999999999999 0.10000000000000001
      vertex 107.36 -10.199999999999999 0.080000000000000016
    endloop
  endfacet
  facet normal -0.40824829046380828 0.40824829046388073 0.81649658092774458
    outer loop
      vertex 107.36 -10.199999999999999 0.080000000000000016
      vertex 107.40000000000001 -10.199999999999999 0.10000000000000001
      vertex 107.40000000000001 -10.16 0.080000000000000016
    endloop
  endfacet
  facet normal 0.40824829046380828 -0.40824829046388073 0.81649658092774458
    outer loop
      vertex 107.2 10.16 0.080000000000000016
      vertex 107.24000000000001 10.199999999999999 0.080000000000000016
      vertex 107.2 10.199999999999999 0.10000000000000001
    endloop
  endfacet
  facet normal 0.44721359549990186 0 0.89442719099994383
    outer loop
      vertex 107.24000000000001 12.159999999999997 0.080000000000000016
      vertex 107.2 10.199999999999999 0.10000000000000001
      vertex 107.24000000000001 10.199999999999999 0.080000000000000016
    endloop
  endfacet
  facet normal 0.44721359549990186 0 0.89442719099994383
    outer loop
      vertex 107.2 10.199999999999999 0.10000000000000001
      vertex 107.24000000000001 12.159999999999998 0.080000000000000016
      vertex 107.24000000000001 20 0.080000000000000016
    endloop
  endfacet
  facet normal 0.44721359549990186 -0 0.89442719099994394
    outer loop
      vertex 107.2 10.199999999999999 0.10000000000000001
      vertex 107.24000000000001 20 0.080000000000000016
      vertex 107.2 20 0.10000000000000001
    endloop
  endfacet
  facet normal 0.44721359549990186 0 0.89442719099994394
    outer loop
      vertex 107.24000000000001 20.039999999999999 0.080000000000000016
      vertex 107.2 20 0.10000000000000001
      vertex 107.24000000000001 20 0.080000000000000016
    endloop
  endfacet
  facet normal 0.44721359549990186 0 0.89442719099994394
    outer loop
      vertex 107.2 20 0.10000000000000001
      vertex 107.24000000000001 20.039999999999999 0.080000000000000016
      vertex 107.24000000000001 20.199999999999999 0.080000000000000016
    endloop
  endfacet
  facet normal 0.44721359549990186 -0 0.89442719099994394
    outer loop
      vertex 107.2 20 0.10000000000000001
      vertex 107.24000000000001 20.199999999999999 0.080000000000000016
      vertex 107.2 20.199999999999999 0.10000000000000001
    endloop
  endfacet
  facet normal 0.44721359549990181 0 0.89442719099994394
    outer loop
      vertex 107.24000000000001 24.159999999999997 0.080000000000000016
      vertex 107.2 20.199999999999999 0.10000000000000001
      vertex 107.24000000000001 20.199999999999999 0.080000000000000016
    endloop
  endfacet
  facet normal 0.44721359549990181 0 0.89442719099994406
    outer loop
      vertex 107.2 20.199999999999999 0.10000000000000001
      vertex 107.24000000000001 24.159999999999997 0.080000000000000016
      vertex 107.24000000000001 40 0.080000000000000016
    endloop
  endfacet
  facet normal 0.44721359549990181 -0 0.89442719099994394
    outer loop
      vertex 107.2 20.199999999999999 0.10000000000000001
      vertex 107.24000000000001 40 0.080000000000000016
      vertex 107.2 40 0.10000000000000001
    endloop
  endfacet
  facet normal 0.44721359549990186 0 0.89442719099994394
    outer loop
      vertex 107.24000000000001 40.039999999999999 0.080000000000000016
      vertex 107.2 40 0.10000000000000001
      vertex 107.24000000000001 40 0.080000000000000016
    endloop
  endfacet
  facet normal -0 0.44721359549996537 0.89442719099991219
    outer loop
      vertex 107.2 40.039999999999999 0.080000000000000016
      vertex 107.2 40 0.10000000000000001
      vertex 107.24000000000001 40.039999999999999 0.080000000000000016
    endloop
  endfacet
  facet normal 0 -0.44721359549996537 0.89442719099991208
    outer loop
      vertex 107.56 -20.039999999999999 0.080000000000000016
      vertex 107.59999999999999 -20.039999999999999 0.080000000000000016
      vertex 107.59999999999999 -20 0.10000000000000001
    endloop
  endfacet
  facet normal 0 -0.44721359549996542 0.89442719099991219
    outer loop
      vertex 107.40000000000001 -20.039999999999999 0.080000000000000016
      vertex 107.56 -20.039999999999999 0.080000000000000016
      vertex 107.59999999999999 -20 0.10000000000000001
    endloop
  endfacet
  facet normal 0 -0.44721359549996537 0.89442719099991208
    outer loop
      vertex 107.40000000000001 -20.039999999999999 0.080000000000000016
      vertex 107.59999999999999 -20 0.10000000000000001
      vertex 107.40000000000001 -20 0.10000000000000001
    endloop
  endfacet
  facet normal 0 0 1
    outer loop
      vertex 107.40000000000001 -20 0.10000000000000001
      vertex 107.59999999999999 -20 0.10000000000000001
      vertex 107.59999999999999 -10.199999999999999 0.10000000000000001
    endloop
  endfacet
  facet normal 0 0 1
    outer loop
      vertex 107.40000000000001 -20 0.10000000000000001
      vertex 107.59999999999999 -10.199999999999999 0.10000000000000001
      vertex 107.40000000000001 -10.199999999999999 0.10000000000000001
    endloop
  endfacet
  facet normal 0 0.44721359549996542 0.89442719099991208
    outer loop
      vertex 107.44 -10.16 0.080000000000000016
      vertex 107.40000000000001 -10.199999999999999 0.10000000000000001
      vertex 107.59999999999999 -10.199999999999999 0.10000000000000001
    endloop
  endfacet
  facet normal -0 0.44721359549996542 0.89442719099991219
    outer loop
      vertex 107.44 -10.16 0.080000000000000016
      vertex 107.59999999999999 -10.199999999999999 0.10000000000000001
      vertex 107.59999999999999 -10.16 0.080000000000000016
    endloop
  endfacet
  facet normal -0 0.44721359549996537 0.89442719099991208
    outer loop
      vertex 107.40000000000001 -10.16 0.080000000000000016
      vertex 107.40000000000001 -10.199999999999999 0.10000000000000001
      vertex 107.44 -10.16 0.080000000000000016
    endloop
  endfacet
  facet normal 0 -0.44721359549996537 0.89442719099991219
    outer loop
      vertex 107.75999999999999 -20.039999999999999 0.080000000000000016
      vertex 107.8 -20.039999999999999 0.080000000000000016
      vertex 107.8 -20 0.10000000000000001
    endloop
  endfacet
  facet normal 0 -0.44721359549996542 0.89442719099991219
    outer loop
      vertex 107.59999999999999 -20.039999999999999 0.080000000000000016
      vertex 107.75999999999999 -20.039999999999999 0.080000000000000016
      vertex 107.8 -20 0.10000000000000001
    endloop
  endfacet
  facet normal 0 -0.44721359549996542 0.89442719099991219
    outer loop
      vertex 107.59999999999999 -20.039999999999999 0.080000000000000016
      vertex 107.8 -20 0.10000000000000001
      vertex 107.59999999999999 -20 0.10000000000000001
    endloop
  endfacet
  facet normal 0 0 1
    outer loop
      vertex 107.59999999999999 -20 0.10000000000000001
      vertex 107.8 -20 0.10000000000000001
      vertex 107.8 -10.199999999999999 0.10000000000000001
    endloop
  endfacet
  facet normal 0 0 1
    outer loop
      vertex 107.59999999999999 -20 0.10000000000000001
      vertex 107.8 -10.199999999999999 0.10000000000000001
      vertex 107.59999999999999 -10.199999999999999 0.10000000000000001
    endloop
  endfacet
  facet normal 0 0.44721359549996542 0.89442719099991219
    outer loop
      vertex 107.64 -10.16 0.080000000000000016
      vertex 107.59999999999999 -10.199999999999999 0.10000000000000001
      vertex 107.8 -10.199999999999999 0.10000000000000001
    endloop
  endfacet
  facet normal -0 0.44721359549996542 0.89442719099991219
    outer loop
      vertex 107.64 -10.16 0.080000000000000016
      vertex 107.8 -10.199999999999999 0.10000000000000001
      vertex 107.8 -10.16 0.080000000000000016
    endloop
  endfacet
  facet normal -0 0.44721359549996537 0.89442719099991219
    outer loop
      vertex 107.59999999999999 -10.16 0.080000000000000016
      vertex 107.59999999999999 -10.199999999999999 0.10000000000000001
      vertex 107.64 -10.16 0.080000000000000016
    endloop
  endfacet
  facet normal 0 -0.44721359549996537 0.89442719099991219
    outer loop
      vertex 107.95999999999999 -20.039999999999999 0.080000000000000016
      vertex 108 -20.039999999999999 0.080000000000000016
      vertex 108 -20 0.10000000000000001
    endloop
  endfacet
  facet normal 0 -0.44721359549996542 0.89442719099991219
    outer loop
      vertex 107.8 -20.039999999999999 0.080000000000000016
      vertex 107.95999999999999 -20.039999999999999 0.080000000000000016
      vertex 108 -20 0.10000000000000001
    endloop
  endfacet
  facet normal 0 -0.44721359549996542 0.89442719099991219
    outer loop
      vertex 107.8 -20.039999999999999 0.080000000000000016
      vertex 108 -20 0.10000000000000001
      vertex 107.8 -20 0.10000000000000001
    endloop
  endfacet
  facet normal 0 0 1
    outer loop
      vertex 107.8 -20 0.10000000000000001
      vertex 108 -20 0.10000000000000001
      vertex 108 -10.199999999999999 0.10000000000000001
    endloop
  endfacet
  facet normal 0 0 1
    outer loop
      vertex 107.8 -20 0.10000000000000001
      vertex 108 -10.199999999999999 0.10000000000000001
      vertex 107.8 -10.199999999999999 0.10000000000000001
    endloop
  endfacet
  facet normal 0 0.44721359549996542 0.89442719099991219
    outer loop
      vertex 107.84 -10.16 0.080000000000000016
      vertex 107.8 -10.199999999999999 0.10000000000000001
      vertex 108 -10.199999999999999 0.10000000000000001
    endloop
  endfacet
  facet normal -0 0.44721359549996542 0.89442719099991219
    outer loop
      vertex 107.84 -10.16 0.080000000000000016
      vertex 108 -10.199999999999999 0.10000000000000001
      vertex 108 -10.16 0.080000000000000016
    endloop
  endfacet
  facet normal -0 0.44721359549996537 0.89442719099991219
    outer loop
      vertex 107.8 -10.16 0.080000000000000016
      vertex 107.8 -10.199999999999999 0.10000000000000001
      vertex 107.84 -10.16 0.080000000000000016
    endloop
  endfacet
  facet normal 0.40824829046380828 -0.40824829046388073 0.81649658092774458
    outer loop
      vertex 108 -20.039999999999999 0.080000000000000016
      vertex 108.04000000000001 -20 0.080000000000000016
      vertex 108 -20 0.10000000000000001
    endloop
  endfacet
  facet normal 0.44721359549990186 0 0.89442719099994383
    outer loop
      vertex 108.04000000000001 -18.040000000000003 0.080000000000000016
      vertex 108 -20 0.10000000000000001
      vertex 108.04000000000001 -20 0.080000000000000016
    endloop
  endfacet
  facet normal 0.44721359549990186 0 0.89442719099994383
    outer loop
      vertex 108 -20 0.10000000000000001
      vertex 108.04000000000001 -18.039999999999999 0.080000000000000016
      vertex 108.04000000000001 -10.199999999999999 0.080000000000000016
    endloop
  endfacet
  facet normal 0.44721359549990186 -0 0.89442719099994394
    outer loop
      vertex 108 -20 0.10000000000000001
      vertex 108.04000000000001 -10.199999999999999 0.080000000000000016
      vertex 108 -10.199999999999999 0.10000000000000001
    endloop
  endfacet
  facet normal 0.44721359549990186 0 0.89442719099994394
    outer loop
      vertex 108.04000000000001 -10.16 0.080000000000000016
      vertex 108 -10.199999999999999 0.10000000000000001
      vertex 108.04000000000001 -10.199999999999999 0.080000000000000016
    endloop
  endfacet
  facet normal -0 0.44721359549996537 0.89442719099991219
    outer loop
      vertex 108 -10.16 0.080000000000000016
      vertex 108 -10.199999999999999 0.10000000000000001
      vertex 108.04000000000001 -10.16 0.080000000000000016
    endloop
  endfacet
endsolid terrain_band_8
