solid terrain_band_5
  facet normal 0 0.44721359549995793 0.89442719099991586
    outer loop
      vertex 161.28 0.080000000000000016 -0.040000000000000008
      vertex 161.19999999999999 0 0
      vertex 161.40000000000001 0 0
    endloop
  endfacet
  facet normal -0 0.44721359549995793 0.89442719099991586
    outer loop
      vertex 161.28 0.080000000000000016 -0.040000000000000008
      vertex 161.40000000000001 0 0
      vertex 161.40000000000001 0.080000000000000016 -0.040000000000000008
    endloop
  endfacet
  facet normal 0.44721359549990208 0 0.89442719099994372
    outer loop
      vertex 161.19999999999999 0 0
      vertex 161.28 0.080000000000000016 -0.040000000000000008
      vertex 161.28 0.20000000000000001 -0.040000000000000008
    endloop
  endfacet
  facet normal 0.44721359549990208 -0 0.89442719099994372
    outer loop
      vertex 161.19999999999999 0 0
      vertex 161.28 0.20000000000000001 -0.040000000000000008
      vertex 161.19999999999999 0.20000000000000001 0
    endloop
  endfacet
  facet normal 0.44721359549990214 0 0.89442719099994383
    outer loop
      vertex 161.28 4.1200000000000001 -0.040000000000000008
      vertex 161.19999999999999 0.20000000000000001 0
      vertex 161.28 0.20000000000000001 -0.040000000000000008
    endloop
  endfacet
  facet normal 0.44721359549990214 0 0.89442719099994383
    outer loop
      vertex 161.19999999999999 0.20000000000000001 0
      vertex 161.28 4.120000000000001 -0.040000000000000008
      vertex 161.28 10 -0.040000000000000008
    endloop
  endfacet
  facet normal 0.44721359549990208 -0 0.89442719099994383
    outer loop
      vertex 161.19999999999999 0.20000000000000001 0
      vertex 161.28 10 -0.040000000000000008
      vertex 161.19999999999999 10 0
    endloop
  endfacet
  facet normal 0.4364357804719296 -0.21821789023599872 0.87287156094399554
    outer loop
      vertex 161.36000000000001 10.16 -0.040000000000000008
      vertex 161.19999999999999 10 0
      vertex 161.28 10 -0.040000000000000008
    endloop
  endfacet
  facet normal 0.24253562503629736 0 0.97014250014534087
    outer loop
      vertex 161.19999999999999 10 0
      vertex 161.36000000000001 10.16 -0.040000000000000008
      vertex 161.36000000000001 10.199999999999999 -0.040000000000000008
    endloop
  endfacet
  facet normal 0.24253562503629736 -0 0.97014250014534087
    outer loop
      vertex 161.19999999999999 10 0
      vertex 161.36000000000001 10.199999999999999 -0.040000000000000008
      vertex 161.19999999999999 10.199999999999999 0
    endloop
  endfacet
  facet normal 0.24253562503629733 0 0.97014250014534087
    outer loop
      vertex 161.36000000000001 18.039999999999999 -0.040000000000000008
      vertex 161.19999999999999 10.199999999999999 0
      vertex 161.36000000000001 10.199999999999999 -0.040000000000000008
    endloop
  endfacet
  facet normal 0.24253562503629741 0 0.97014250014534076
    outer loop
      vertex 161.19999999999999 10.199999999999999 0
      vertex 161.36000000000001 18.040000000000003 -0.040000000000000008
      vertex 161.36000000000001 20 -0.040000000000000008
    endloop
  endfacet
  facet normal 0.24253562503629736 -0 0.97014250014534076
    outer loop
      vertex 161.19999999999999 10.199999999999999 0
      vertex 161.36000000000001 20 -0.040000000000000008
      vertex 161.19999999999999 20 0
    endloop
  endfacet
  facet normal 0.23570226039548547 -0.23570226039544351 0.942809041582089
    outer loop
      vertex 161.19999999999999 20 0
      vertex 161.36000000000001 20 -0.040000000000000008
      vertex 161.40000000000001 20.039999999999999 -0.040000000000000008
    endloop
  endfacet
  facet normal 0.23570226039549591 -0.23570226039551687 0.94280904158206813
    outer loop
      vertex 161.19999999999999 20 0
      vertex 161.40000000000001 20.039999999999999 -0.040000000000000008
      vertex 161.40000000000001 20.199999999999999 0
    endloop
  endfacet
  facet normal 0 0.44721359549996559 0.89442719099991197
    outer loop
      vertex 161.28 40.079999999999998 -0.040000000000000008
      vertex 161.19999999999999 40 0
      vertex 161.40000000000001 40 0
    endloop
  endfacet
  facet normal -0 0.44721359549996564 0.89442719099991208
    outer loop
      vertex 161.28 40.079999999999998 -0.040000000000000008
      vertex 161.40000000000001 40 0
      vertex 161.40000000000001 40.079999999999998 -0.040000000000000008
    endloop
  endfacet
  facet normal 0.44721359549990203 0 0.89442719099994372
    outer loop
      vertex 161.19999999999999 40 0
      vertex 161.28 40.079999999999998 -0.040000000000000008
      vertex 161.28 40.200000000000003 -0.040000000000000008
    endloop
  endfacet
  facet normal 0.44721359549990214 -0 0.89442719099994383
    outer loop
      vertex 161.19999999999999 40 0
      vertex 161.28 40.200000000000003 -0.040000000000000008
      vertex 161.19999999999999 40.200000000000003 0
    endloop
  endfacet
  facet normal 0.44721359549990203 0 0.89442719099994372
    outer loop
      vertex 161.28 48.120000000000005 -0.040000000000000008
      vertex 161.19999999999999 40.200000000000003 0
      vertex 161.28 40.200000000000003 -0.040000000000000008
    endloop
  endfacet
  facet normal 0.44721359549990203 0 0.89442719099994372
    outer loop
      vertex 161.19999999999999 40.200000000000003 0
      vertex 161.28 48.120000000000005 -0.040000000000000008
      vertex 161.28 60 -0.040000000000000008
    endloop
  endfacet
  facet normal 0.44721359549990208 -0 0.89442719099994383
    outer loop
      vertex 161.19999999999999 40.200000000000003 0
      vertex 161.28 60 -0.040000000000000008
      vertex 161.19999999999999 60 0
    endloop
  endfacet
  facet normal 0.4364357804719301 0.21821789023599417 0.87287156094399654
    outer loop
      vertex 161.25333333333333 60.053333333333335 -0.040000000000000008
      vertex 161.19999999999999 60 0
      vertex 161.28 60 -0.040000000000000008
    endloop
  endfacet
  facet normal 0.59999999999993991 0 0.8000000000000449
    outer loop
      vertex 161.19999999999999 60 0
      vertex 161.25333333333333 60.053333333333335 -0.040000000000000008
      vertex 161.25333333333333 60.200000000000003 -0.040000000000000008
    endloop
  endfacet
  facet normal 0.59999999999993991 -0 0.8000000000000449
    outer loop
      vertex 161.19999999999999 60 0
      vertex 161.25333333333333 60.200000000000003 -0.040000000000000008
      vertex 161.19999999999999 60.200000000000003 0
    endloop
  endfacet
  facet normal 0.59999999999994003 0 0.8000000000000449
    outer loop
      vertex 161.25333333333333 65.480000000000004 -0.040000000000000008
      vertex 161.19999999999999 60.200000000000003 0
      vertex 161.25333333333333 60.200000000000003 -0.040000000000000008
    endloop
  endfacet
  facet normal 0.59999999999994003 0 0.80000000000004501
    outer loop
      vertex 161.19999999999999 60.200000000000003 0
      vertex 161.25333333333333 65.480000000000004 -0.040000000000000008
      vertex 161.25333333333333 80 -0.040000000000000008
    endloop
  endfacet
  facet normal 0.59999999999994003 -0 0.80000000000004501
    outer loop
      vertex 161.19999999999999 60.200000000000003 0
      vertex 161.25333333333333 80 -0.040000000000000008
      vertex 161.19999999999999 80 0
    endloop
  endfacet
  facet normal 0.58834840541447142 0.19611613513836615 0.78446454055275094
    outer loop
      vertex 161.23999999999998 80.040000000000006 -0.040000000000000008
      vertex 161.19999999999999 80 0
      vertex 161.25333333333333 80 -0.040000000000000008
    endloop
  endfacet
  facet normal 0.70710678118661785 0 0.70710678118647718
    outer loop
      vertex 161.19999999999999 80 0
      vertex 161.23999999999998 80.040000000000006 -0.040000000000000008
      vertex 161.23999999999998 80.200000000000003 -0.040000000000000008
    endloop
  endfacet
  facet normal 0.70710678118661785 -0 0.70710678118647707
    outer loop
      vertex 161.19999999999999 80 0
      vertex 161.23999999999998 80.200000000000003 -0.040000000000000008
      vertex 161.19999999999999 80.200000000000003 0
    endloop
  endfacet
  facet normal 0.70710678118661796 0 0.70710678118647707
    outer loop
      vertex 161.23999999999998 84.159999999999997 -0.040000000000000008
      vertex 161.19999999999999 80.200000000000003 0
      vertex 161.23999999999998 80.200000000000003 -0.040000000000000008
    endloop
  endfacet
  facet normal 0.70710678118661796 0 0.70710678118647718
    outer loop
      vertex 161.19999999999999 80.200000000000003 0
      vertex 161.23999999999998 84.159999999999997 -0.040000000000000008
      vertex 161.23999999999998 100 -0.040000000000000008
    endloop
  endfacet
  facet normal 0.70710678118661807 -0 0.70710678118647718
    outer loop
      vertex 161.19999999999999 80.200000000000003 0
      vertex 161.23999999999998 100 -0.040000000000000008
      vertex 161.19999999999999 100 0
    endloop
  endfacet
  facet normal 0 0.44721359549995793 0.89442719099991586
    outer loop
      vertex 161.47999999999999 0.080000000000000016 -0.040000000000000008
      vertex 161.40000000000001 0 0
      vertex 161.59999999999999 0 0
    endloop
  endfacet
  facet normal -0 0.44721359549995793 0.89442719099991586
    outer loop
      vertex 161.47999999999999 0.080000000000000016 -0.040000000000000008
      vertex 161.59999999999999 0 0
      vertex 161.59999999999999 0.080000000000000016 -0.040000000000000008
    endloop
  endfacet
  facet normal -0 0.44721359549995793 0.89442719099991586
    outer loop
      vertex 161.40000000000001 0.080000000000000016 -0.040000000000000008
      vertex 161.40000000000001 0 0
      vertex 161.47999999999999 0.080000000000000016 -0.040000000000000008
    endloop
  endfacet
  facet normal 0 -0.2425356250363328 0.97014250014533188
    outer loop
      vertex 161.59999999999999 20.199999999999999 0
      vertex 161.44 20.039999999999999 -0.040000000000000008
      vertex 161.59999999999999 20.039999999999999 -0.040000000000000008
    endloop
  endfacet
  facet normal 0 -0.24253562503633283 0.97014250014533199
    outer loop
      vertex 161.40000000000001 20.199999999999999 0
      vertex 161.40000000000001 20.039999999999999 -0.040000000000000008
      vertex 161.44 20.039999999999999 -0.040000000000000008
    endloop
  endfacet
  facet normal 0 -0.24253562503633283 0.97014250014533199
    outer loop
      vertex 161.40000000000001 20.199999999999999 0
      vertex 161.44 20.039999999999999 -0.040000000000000008
      vertex 161.59999999999999 20.199999999999999 0
    endloop
  endfacet
  facet normal 0 0.44721359549996564 0.89442719099991208
    outer loop
      vertex 161.47999999999999 40.079999999999998 -0.040000000000000008
      vertex 161.40000000000001 40 0
      vertex 161.59999999999999 40 0
    endloop
  endfacet
  facet normal -0 0.44721359549996564 0.89442719099991208
    outer loop
      vertex 161.47999999999999 40.079999999999998 -0.040000000000000008
      vertex 161.59999999999999 40 0
      vertex 161.59999999999999 40.079999999999998 -0.040000000000000008
    endloop
  endfacet
  facet normal -0 0.44721359549996564 0.89442719099991197
    outer loop
      vertex 161.40000000000001 40.079999999999998 -0.040000000000000008
      vertex 161.40000000000001 40 0
      vertex 161.47999999999999 40.079999999999998 -0.040000000000000008
    endloop
  endfacet
  facet normal 0 0.44721359549995793 0.89442719099991586
    outer loop
      vertex 163.59999999999999 0.080000000000000016 -0.040000000000000008
      vertex 161.59999999999999 0 0
      vertex 166.59999999999999 0 0
    endloop
  endfacet
  facet normal -0 0.44721359549995798 0.89442719099991597
    outer loop
      vertex 163.59999999999999 0.080000000000000016 -0.040000000000000008
      vertex 166.59999999999999 0 0
      vertex 166.59999999999999 0.080000000000000016 -0.040000000000000008
    endloop
  endfacet
  facet normal -0 0.44721359549995793 0.89442719099991586
    outer loop
      vertex 161.59999999999999 0.080000000000000016 -0.040000000000000008
      vertex 161.59999999999999 0 0
      vertex 163.59999999999999 0.080000000000000016 -0.040000000000000008
    endloop
  endfacet
  facet normal 0 -0.2425356250363328 0.97014250014533188
    outer loop
      vertex 166.59999999999999 20.199999999999999 0
      vertex 162.59999999999999 20.039999999999999 -0.040000000000000008
      vertex 166.59999999999999 20.039999999999999 -0.040000000000000008
    endloop
  endfacet
  facet normal 0 -0.2425356250363328 0.97014250014533188
    outer loop
      vertex 161.59999999999999 20.199999999999999 0
      vertex 161.59999999999999 20.039999999999999 -0.040000000000000008
      vertex 162.59999999999999 20.039999999999999 -0.040000000000000008
    endloop
  endfacet
  facet normal 0 -0.2425356250363328 0.97014250014533199
    outer loop
      vertex 161.59999999999999 20.199999999999999 0
      vertex 162.59999999999999 20.039999999999999 -0.040000000000000008
      vertex 166.59999999999999 20.199999999999999 0
    endloop
  endfacet
  facet normal 0 0.44721359549996564 0.89442719099991208
    outer loop
      vertex 163.59999999999999 40.079999999999998 -0.040000000000000008
      vertex 161.59999999999999 40 0
      vertex 166.59999999999999 40 0
    endloop
  endfacet
  facet normal -0 0.44721359549996559 0.89442719099991197
    outer loop
      vertex 163.59999999999999 40.079999999999998 -0.040000000000000008
      vertex 166.59999999999999 40 0
      vertex 166.59999999999999 40.079999999999998 -0.040000000000000008
    endloop
  endfacet
  facet normal -0 0.44721359549996564 0.89442719099991208
    outer loop
      vertex 161.59999999999999 40.079999999999998 -0.040000000000000008
      vertex 161.59999999999999 40 0
      vertex 163.59999999999999 40.079999999999998 -0.040000000000000008
    endloop
  endfacet
  facet normal 0 0.44721359549995793 0.89442719099991586
    outer loop
      vertex 166.68000000000001 0.080000000000000016 -0.040000000000000008
      vertex 166.59999999999999 0 0
      vertex 166.80000000000001 0 0
    endloop
  endfacet
  facet normal -0 0.44721359549995793 0.89442719099991586
    outer loop
      vertex 166.68000000000001 0.080000000000000016 -0.040000000000000008
      vertex 166.80000000000001 0 0
      vertex 166.80000000000001 0.080000000000000016 -0.040000000000000008
    endloop
  endfacet
  facet normal -0 0.44721359549995793 0.89442719099991586
    outer loop
      vertex 166.59999999999999 0.080000000000000016 -0.040000000000000008
      vertex 166.59999999999999 0 0
      vertex 166.68000000000001 0.080000000000000016 -0.040000000000000008
    endloop
  endfacet
  facet normal 0 -0.24253562503633283 0.97014250014533199
    outer loop
      vertex 166.80000000000001 20.199999999999999 0
      vertex 166.63999999999999 20.039999999999999 -0.040000000000000008
      vertex 166.80000000000001 20.039999999999999 -0.040000000000000008
    endloop
  endfacet
  facet normal 0 -0.24253562503633283 0.97014250014533199
    outer loop
      vertex 166.59999999999999 20.199999999999999 0
      vertex 166.59999999999999 20.039999999999999 -0.040000000000000008
      vertex 166.63999999999999 20.039999999999999 -0.040000000000000008
    endloop
  endfacet
  facet normal 0 -0.24253562503633286 0.97014250014533199
    outer loop
      vertex 166.59999999999999 20.199999999999999 0
      vertex 166.63999999999999 20.039999999999999 -0.040000000000000008
      vertex 166.80000000000001 20.199999999999999 0
    endloop
  endfacet
  facet normal 0 0.44721359549996559 0.89442719099991197
    outer loop
      vertex 166.68000000000001 40.079999999999998 -0.040000000000000008
      vertex 166.59999999999999 40 0
      vertex 166.80000000000001 40 0
    endloop
  endfacet
  facet normal -0 0.44721359549996564 0.89442719099991208
    outer loop
      vertex 166.68000000000001 40.079999999999998 -0.040000000000000008
      vertex 166.80000000000001 40 0
      vertex 166.80000000000001 40.079999999999998 -0.040000000000000008
    endloop
  endfacet
  facet normal -0 0.44721359549996564 0.89442719099991208
    outer loop
      vertex 166.59999999999999 40.079999999999998 -0.040000000000000008
      vertex 166.59999999999999 40 0
      vertex 166.68000000000001 40.079999999999998 -0.040000000000000008
    endloop
  endfacet
  facet normal -0.017885682339724072 0.44714205849310179 0.89428411698620358
    outer loop
      vertex 166.80000000000001 0.080000000000000016 -0.040000000000000008
      vertex 166.80000000000001 0 0
      vertex 171.80000000000001 0.20000000000000001 0
    endloop
  endfacet
  facet normal -0.017885682339724072 0.44714205849310185 0.89428411698620347
    outer loop
      vertex 166.80000000000001 0.080000000000000016 -0.040000000000000008
      vertex 171.80000000000001 0.20000000000000001 0
      vertex 169.80000000000001 0.20000000000000001 -0.040000000000000008
    endloop
  endfacet
  facet normal -0.019996001199600145 0 0.99980005998000687
    outer loop
      vertex 171.80000000000001 10 0
      vertex 169.80000000000001 6.0799999999999983 -0.040000000000000008
      vertex 169.80000000000001 0.20000000000000001 -0.040000000000000008
    endloop
  endfacet
  facet normal -0.019996001199600145 0 0.99980005998000698
    outer loop
      vertex 171.80000000000001 10 0
      vertex 169.80000000000001 0.20000000000000001 -0.040000000000000008
      vertex 171.80000000000001 0.20000000000000001 0
    endloop
  endfacet
  facet normal -0.019996001199600145 0 0.99980005998000698
    outer loop
      vertex 169.80000000000001 6.0800000000000001 -0.040000000000000008
      vertex 171.80000000000001 10 0
      vertex 169.80000000000001 10 -0.040000000000000008
    endloop
  endfacet
  facet normal -0.019996001199600141 0 0.99980005998000698
    outer loop
      vertex 171.80000000000001 10.199999999999999 0
      vertex 169.80000000000001 10.119999999999999 -0.040000000000000008
      vertex 169.80000000000001 10 -0.040000000000000008
    endloop
  endfacet
  facet normal -0.019996001199600141 0 0.99980005998000687
    outer loop
      vertex 171.80000000000001 10.199999999999999 0
      vertex 169.80000000000001 10 -0.040000000000000008
      vertex 171.80000000000001 10 0
    endloop
  endfacet
  facet normal -0.0097009684960298534 -0.24252421240074612 0.97009684960298515
    outer loop
      vertex 169.80000000000001 10.119999999999999 -0.040000000000000008
      vertex 171.80000000000001 10.199999999999999 0
      vertex 167.80000000000001 10.199999999999999 -0.040000000000000008
    endloop
  endfacet
  facet normal -0.0099995000374968786 0 0.99995000374968757
    outer loop
      vertex 171.80000000000001 20 0
      vertex 167.80000000000001 12.159999999999997 -0.040000000000000008
      vertex 167.80000000000001 10.199999999999999 -0.040000000000000008
    endloop
  endfacet
  facet normal -0.0099995000374968786 0 0.99995000374968757
    outer loop
      vertex 171.80000000000001 20 0
      vertex 167.80000000000001 10.199999999999999 -0.040000000000000008
      vertex 171.80000000000001 10.199999999999999 0
    endloop
  endfacet
  facet normal -0.0099995000374968768 0 0.99995000374968757
    outer loop
      vertex 167.80000000000001 12.159999999999998 -0.040000000000000008
      vertex 171.80000000000001 20 0
      vertex 167.80000000000001 20 -0.040000000000000008
    endloop
  endfacet
  facet normal -0.0099995000374968716 0 0.99995000374968768
    outer loop
      vertex 171.80000000000001 20.199999999999999 0
      vertex 167.80000000000001 20.039999999999999 -0.040000000000000008
      vertex 167.80000000000001 20 -0.040000000000000008
    endloop
  endfacet
  facet normal -0.0099995000374968751 0 0.99995000374968745
    outer loop
      vertex 171.80000000000001 20.199999999999999 0
      vertex 167.80000000000001 20 -0.040000000000000008
      vertex 171.80000000000001 20 0
    endloop
  endfacet
  facet normal 0 -0.2425356250363328 0.97014250014533188
    outer loop
      vertex 166.80000000000001 20.199999999999999 0
      vertex 166.80000000000001 20.039999999999999 -0.040000000000000008
      vertex 167.80000000000001 20.039999999999999 -0.040000000000000008
    endloop
  endfacet
  facet normal 0 -0.2425356250363328 0.97014250014533199
    outer loop
      vertex 166.80000000000001 20.199999999999999 0
      vertex 167.80000000000001 20.039999999999999 -0.040000000000000008
      vertex 171.80000000000001 20.199999999999999 0
    endloop
  endfacet
  facet normal -0.017885682339724634 0.44714205849310951 0.89428411698619981
    outer loop
      vertex 166.80000000000001 40.079999999999998 -0.040000000000000008
      vertex 166.80000000000001 40 0
      vertex 171.80000000000001 40.200000000000003 0
    endloop
  endfacet
  facet normal -0.017885682339724211 0.44714205849308836 0.89428411698621046
    outer loop
      vertex 166.80000000000001 40.079999999999998 -0.040000000000000008
      vertex 171.80000000000001 40.200000000000003 0
      vertex 169.80000000000001 40.200000000000003 -0.040000000000000008
    endloop
  endfacet
  facet normal -0.019996001199600141 0 0.99980005998000698
    outer loop
      vertex 171.80000000000001 60 0
      vertex 169.80000000000001 52.079999999999998 -0.040000000000000008
      vertex 169.80000000000001 40.200000000000003 -0.040000000000000008
    endloop
  endfacet
  facet normal -0.019996001199600141 0 0.99980005998000698
    outer loop
      vertex 171.80000000000001 60 0
      vertex 169.80000000000001 40.200000000000003 -0.040000000000000008
      vertex 171.80000000000001 40.200000000000003 0
    endloop
  endfacet
  facet normal -0.019996001199600145 0 0.99980005998000698
    outer loop
      vertex 169.80000000000001 52.079999999999998 -0.040000000000000008
      vertex 171.80000000000001 60 0
      vertex 169.80000000000001 60 -0.040000000000000008
    endloop
  endfacet
  facet normal -0.019996001199600145 0 0.99980005998000709
    outer loop
      vertex 171.80000000000001 60.200000000000003 0
      vertex 169.80000000000001 60.120000000000005 -0.040000000000000008
      vertex 169.80000000000001 60 -0.040000000000000008
    endloop
  endfacet
  facet normal -0.019996001199600141 0 0.99980005998000687
    outer loop
      vertex 171.80000000000001 60.200000000000003 0
      vertex 169.80000000000001 60 -0.040000000000000008
      vertex 171.80000000000001 60 0
    endloop
  endfacet
  facet normal -0.029091956313327078 0.24243296927772737 0.96973187711090936
    outer loop
      vertex 169.80000000000001 60.120000000000005 -0.040000000000000008
      vertex 171.80000000000001 60.200000000000003 0
      vertex 170.46666666666667 60.200000000000003 -0.040000000000000008
    endloop
  endfacet
  facet normal -0.029986509105670803 0 0.99955030352236685
    outer loop
      vertex 171.80000000000001 80 0
      vertex 170.46666666666667 74.719999999999999 -0.040000000000000008
      vertex 170.46666666666667 60.200000000000003 -0.040000000000000008
    endloop
  endfacet
  facet normal -0.029986509105670793 0 0.99955030352236673
    outer loop
      vertex 171.80000000000001 80 0
      vertex 170.46666666666667 60.200000000000003 -0.040000000000000008
      vertex 171.80000000000001 60.200000000000003 0
    endloop
  endfacet
  facet normal -0.029986509105670796 0 0.99955030352236685
    outer loop
      vertex 170.46666666666667 74.719999999999999 -0.040000000000000008
      vertex 171.80000000000001 80 0
      vertex 170.46666666666667 80 -0.040000000000000008
    endloop
  endfacet
  facet normal -0.0299865091056708 0 0.99955030352236673
    outer loop
      vertex 171.80000000000001 80.200000000000003 0
      vertex 170.46666666666667 80.146666666666675 -0.040000000000000008
      vertex 170.46666666666667 80 -0.040000000000000008
    endloop
  endfacet
  facet normal -0.029986509105670796 0 0.99955030352236673
    outer loop
      vertex 171.80000000000001 80.200000000000003 0
      vertex 170.46666666666667 80 -0.040000000000000008
      vertex 171.80000000000001 80 0
    endloop
  endfacet
  facet normal -0.038776514554655375 0.24235321596662968 0.96941286386638426
    outer loop
      vertex 170.46666666666667 80.146666666666675 -0.040000000000000008
      vertex 171.80000000000001 80.200000000000003 0
      vertex 170.80000000000001 80.200000000000003 -0.040000000000000008
    endloop
  endfacet
  facet normal -0.039968038348871589 0 0.99920095872178949
    outer loop
      vertex 171.80000000000001 100 0
      vertex 170.80000000000001 96.040000000000006 -0.040000000000000008
      vertex 170.80000000000001 80.200000000000003 -0.040000000000000008
    endloop
  endfacet
  facet normal -0.039968038348871582 0 0.99920095872178938
    outer loop
      vertex 171.80000000000001 100 0
      vertex 170.80000000000001 80.200000000000003 -0.040000000000000008
      vertex 171.80000000000001 80.200000000000003 0
    endloop
  endfacet
  facet normal -0.039968038348871582 0 0.99920095872178938
    outer loop
      vertex 170.80000000000001 96.039999999999992 -0.040000000000000008
      vertex 171.80000000000001 100 0
      vertex 170.80000000000001 100 -0.040000000000000008
    endloop
  endfacet
  facet normal 0.0099995000374968768 0 0.99995000374968757
    outer loop
      vertex 176.40000000000001 -84.159999999999997 -0.040000000000000008
      vertex 172.40000000000001 -100 0
      vertex 176.40000000000001 -100 -0.040000000000000008
    endloop
  endfacet
  facet normal 0.0099995000374968768 0 0.99995000374968757
    outer loop
      vertex 172.40000000000001 -100 0
      vertex 176.40000000000001 -84.159999999999997 -0.040000000000000008
      vertex 176.40000000000001 -80.200000000000003 -0.040000000000000008
    endloop
  endfacet
  facet normal 0.0099995000374968768 -0 0.99995000374968757
    outer loop
      vertex 172.40000000000001 -100 0
      vertex 176.40000000000001 -80.200000000000003 -0.040000000000000008
      vertex 172.40000000000001 -80.200000000000003 0
    endloop
  endfacet
  facet normal 0.0079997440122877954 -0.59998080092149086 0.79997440122877939
    outer loop
      vertex 172.40000000000001 -80.200000000000003 0
      vertex 176.40000000000001 -80.200000000000003 -0.040000000000000008
      vertex 177.40000000000001 -80.186666666666667 -0.040000000000000008
    endloop
  endfacet
  facet normal 0.0079997440122874554 -0.59998080092159323 0.79997440122870267
    outer loop
      vertex 172.40000000000001 -80.200000000000003 0
      vertex 177.40000000000001 -80.186666666666667 -0.040000000000000008
      vertex 177.40000000000001 -80.13333333333334 0
    endloop
  endfacet
  facet normal 0 -0.60000000000004239 0.79999999999996818
    outer loop
      vertex 177.46666666666667 -80.13333333333334 0
      vertex 177.41333333333333 -80.186666666666667 -0.040000000000000008
      vertex 177.59999999999999 -80.186666666666667 -0.040000000000000008
    endloop
  endfacet
  facet normal 0 -0.60000000000004239 0.79999999999996829
    outer loop
      vertex 177.46666666666667 -80.13333333333334 0
      vertex 177.59999999999999 -80.186666666666667 -0.040000000000000008
      vertex 177.59999999999999 -80.13333333333334 0
    endloop
  endfacet
  facet normal 0 -0.60000000000004239 0.79999999999996818
    outer loop
      vertex 177.40000000000001 -80.13333333333334 0
      vertex 177.40000000000001 -80.186666666666667 -0.040000000000000008
      vertex 177.41333333333333 -80.186666666666667 -0.040000000000000008
    endloop
  endfacet
  facet normal 0 -0.60000000000004239 0.79999999999996829
    outer loop
      vertex 177.40000000000001 -80.13333333333334 0
      vertex 177.41333333333333 -80.186666666666667 -0.040000000000000008
      vertex 177.46666666666667 -80.13333333333334 0
    endloop
  endfacet
  facet normal 0 -0.60000000000004239 0.79999999999996818
    outer loop
      vertex 178.26666666666665 -80.13333333333334 0
      vertex 177.73333333333332 -80.186666666666667 -0.040000000000000008
      vertex 179.59999999999999 -80.186666666666667 -0.040000000000000008
    endloop
  endfacet
  facet normal 0 -0.60000000000004239 0.79999999999996829
    outer loop
      vertex 178.26666666666665 -80.13333333333334 0
      vertex 179.59999999999999 -80.186666666666667 -0.040000000000000008
      vertex 179.59999999999999 -80.13333333333334 0
    endloop
  endfacet
  facet normal 0 -0.60000000000004239 0.79999999999996829
    outer loop
      vertex 177.59999999999999 -80.13333333333334 0
      vertex 177.59999999999999 -80.186666666666667 -0.040000000000000008
      vertex 177.73333333333332 -80.186666666666667 -0.040000000000000008
    endloop
  endfacet
  facet normal 0 -0.60000000000004239 0.79999999999996818
    outer loop
      vertex 177.59999999999999 -80.13333333333334 0
      vertex 177.73333333333332 -80.186666666666667 -0.040000000000000008
      vertex 178.26666666666665 -80.13333333333334 0
    endloop
  endfacet
  facet normal 0 -0.60000000000004239 0.79999999999996818
    outer loop
      vertex 179.66666666666666 -80.13333333333334 0
      vertex 179.61333333333332 -80.186666666666667 -0.040000000000000008
      vertex 179.80000000000001 -80.186666666666667 -0.040000000000000008
    endloop
  endfacet
  facet normal 0 -0.60000000000004239 0.79999999999996818
    outer loop
      vertex 179.66666666666666 -80.13333333333334 0
      vertex 179.80000000000001 -80.186666666666667 -0.040000000000000008
      vertex 179.80000000000001 -80.13333333333334 0
    endloop
  endfacet
  facet normal 0 -0.60000000000004239 0.79999999999996818
    outer loop
      vertex 179.59999999999999 -80.13333333333334 0
      vertex 179.59999999999999 -80.186666666666667 -0.040000000000000008
      vertex 179.61333333333332 -80.186666666666667 -0.040000000000000008
    endloop
  endfacet
  facet normal 0 -0.60000000000004239 0.79999999999996829
    outer loop
      vertex 179.59999999999999 -80.13333333333334 0
      vertex 179.61333333333332 -80.186666666666667 -0.040000000000000008
      vertex 179.66666666666666 -80.13333333333334 0
    endloop
  endfacet
  facet normal -0.2425356250363378 0 0.97014250014533077
    outer loop
      vertex 180 -80.200000000000003 0
      vertex 179.84 -96.040000000000006 -0.040000000000000008
      vertex 179.84 -100 -0.040000000000000008
    endloop
  endfacet
  facet normal -0.24253562503633788 0 0.97014250014533066
    outer loop
      vertex 180 -80.200000000000003 0
      vertex 179.84 -100 -0.040000000000000008
      vertex 180 -100 0
    endloop
  endfacet
  facet normal -0.24253562503633788 0 0.97014250014533066
    outer loop
      vertex 179.84 -96.040000000000006 -0.040000000000000008
      vertex 180 -80.200000000000003 0
      vertex 179.84 -80.200000000000003 -0.040000000000000008
    endloop
  endfacet
  facet normal -0.2425356250363378 0 0.97014250014533066
    outer loop
      vertex 180 -80 0
      vertex 179.84 -80.159999999999997 -0.040000000000000008
      vertex 179.84 -80.200000000000003 -0.040000000000000008
    endloop
  endfacet
  facet normal -0.24253562503633788 0 0.97014250014533077
    outer loop
      vertex 180 -80 0
      vertex 179.84 -80.200000000000003 -0.040000000000000008
      vertex 180 -80.200000000000003 0
    endloop
  endfacet
  facet normal 0.37139067635424011 -0.55708601453116224 0.74278135270813439
    outer loop
      vertex 179.80000000000001 -80.13333333333334 0
      vertex 179.80000000000001 -80.186666666666667 -0.040000000000000008
      vertex 179.84 -80.159999999999997 -0.040000000000000008
    endloop
  endfacet
  facet normal 0.37139067635418588 -0.55708601453121953 0.74278135270811829
    outer loop
      vertex 179.80000000000001 -80.13333333333334 0
      vertex 179.84 -80.159999999999997 -0.040000000000000008
      vertex 180 -80 0
    endloop
  endfacet
  facet normal 0 0.242535625036333 0.97014250014533199
    outer loop
      vertex 204.96000000000001 0.16000000000000003 -0.040000000000000008
      vertex 204.80000000000001 0 0
      vertex 205 0 0
    endloop
  endfacet
  facet normal -0 0.242535625036333 0.97014250014533199
    outer loop
      vertex 204.96000000000001 0.16000000000000003 -0.040000000000000008
      vertex 205 0 0
      vertex 205 0.16000000000000003 -0.040000000000000008
    endloop
  endfacet
  facet normal 0.2425356250363378 0 0.97014250014533066
    outer loop
      vertex 204.80000000000001 0 0
      vertex 204.96000000000001 0.16000000000000003 -0.040000000000000008
      vertex 204.96000000000001 0.20000000000000001 -0.040000000000000008
    endloop
  endfacet
  facet normal 0.24253562503633785 -0 0.97014250014533054
    outer loop
      vertex 204.80000000000001 0 0
      vertex 204.96000000000001 0.20000000000000001 -0.040000000000000008
      vertex 204.80000000000001 0.20000000000000001 0
    endloop
  endfacet
  facet normal 0.24253562503633791 0 0.97014250014533066
    outer loop
      vertex 204.96000000000001 8.0400000000000009 -0.040000000000000008
      vertex 204.80000000000001 0.20000000000000001 0
      vertex 204.96000000000001 0.20000000000000001 -0.040000000000000008
    endloop
  endfacet
  facet normal 0.24253562503633799 0 0.97014250014533066
    outer loop
      vertex 204.80000000000001 0.20000000000000001 0
      vertex 204.96000000000001 8.0400000000000027 -0.040000000000000008
      vertex 204.96000000000001 10 -0.040000000000000008
    endloop
  endfacet
  facet normal 0.24253562503633791 -0 0.97014250014533077
    outer loop
      vertex 204.80000000000001 0.20000000000000001 0
      vertex 204.96000000000001 10 -0.040000000000000008
      vertex 204.80000000000001 10 0
    endloop
  endfacet
  facet normal 0.23570226039551831 0.23570226039555495 0.94280904158205292
    outer loop
      vertex 204.88 10.08 -0.040000000000000008
      vertex 204.80000000000001 10 0
      vertex 204.96000000000001 10 -0.040000000000000008
    endloop
  endfacet
  facet normal 0.4472135955000292 0 0.89442719099988022
    outer loop
      vertex 204.80000000000001 10 0
      vertex 204.88 10.08 -0.040000000000000008
      vertex 204.88 10.199999999999999 -0.040000000000000008
    endloop
  endfacet
  facet normal 0.44721359550002915 -0 0.89442719099988022
    outer loop
      vertex 204.80000000000001 10 0
      vertex 204.88 10.199999999999999 -0.040000000000000008
      vertex 204.80000000000001 10.199999999999999 0
    endloop
  endfacet
  facet normal 0.44721359550002915 0 0.89442719099988022
    outer loop
      vertex 204.88 14.120000000000001 -0.040000000000000008
      vertex 204.80000000000001 10.199999999999999 0
      vertex 204.88 10.199999999999999 -0.040000000000000008
    endloop
  endfacet
  facet normal 0.44721359550002932 0 0.89442719099988033
    outer loop
      vertex 204.80000000000001 10.199999999999999 0
      vertex 204.88 14.120000000000001 -0.040000000000000008
      vertex 204.88 20 -0.040000000000000008
    endloop
  endfacet
  facet normal 0.4472135955000292 -0 0.89442719099988022
    outer loop
      vertex 204.80000000000001 10.199999999999999 0
      vertex 204.88 20 -0.040000000000000008
      vertex 204.80000000000001 20 0
    endloop
  endfacet
  facet normal 0.43643578047207038 0.21821789023583169 0.87287156094396678
    outer loop
      vertex 204.85333333333335 20.053333333333335 -0.040000000000000008
      vertex 204.80000000000001 20 0
      vertex 204.88 20 -0.040000000000000008
    endloop
  endfacet
  facet normal 0.59999999999993991 0 0.80000000000004501
    outer loop
      vertex 204.80000000000001 20 0
      vertex 204.85333333333335 20.053333333333335 -0.040000000000000008
      vertex 204.85333333333335 20.199999999999999 -0.040000000000000008
    endloop
  endfacet
  facet normal 0.59999999999994003 -0 0.80000000000004512
    outer loop
      vertex 204.80000000000001 20 0
      vertex 204.85333333333335 20.199999999999999 -0.040000000000000008
      vertex 204.80000000000001 20.199999999999999 0
    endloop
  endfacet
  facet normal 0.59999999999994003 0 0.8000000000000449
    outer loop
      vertex 204.85333333333335 25.48 -0.040000000000000008
      vertex 204.80000000000001 20.199999999999999 0
      vertex 204.85333333333335 20.199999999999999 -0.040000000000000008
    endloop
  endfacet
  facet normal 0.59999999999994003 0 0.8000000000000449
    outer loop
      vertex 204.80000000000001 20.199999999999999 0
      vertex 204.85333333333335 25.48 -0.040000000000000008
      vertex 204.85333333333335 40 -0.040000000000000008
    endloop
  endfacet
  facet normal 0.59999999999994003 -0 0.8000000000000449
    outer loop
      vertex 204.80000000000001 20.199999999999999 0
      vertex 204.85333333333335 40 -0.040000000000000008
      vertex 204.80000000000001 40 0
    endloop
  endfacet
  facet normal 0.58834840541446742 0.19611613513839968 0.78446454055274573
    outer loop
      vertex 204.84 40.039999999999999 -0.040000000000000008
      vertex 204.80000000000001 40 0
      vertex 204.85333333333335 40 -0.040000000000000008
    endloop
  endfacet
  facet normal 0.70710678118661785 0 0.70710678118647707
    outer loop
      vertex 204.80000000000001 40 0
      vertex 204.84 40.039999999999999 -0.040000000000000008
      vertex 204.84 40.200000000000003 -0.040000000000000008
    endloop
  endfacet
  facet normal 0.70710678118661785 -0 0.70710678118647707
    outer loop
      vertex 204.80000000000001 40 0
      vertex 204.84 40.200000000000003 -0.040000000000000008
      vertex 204.80000000000001 40.200000000000003 0
    endloop
  endfacet
  facet normal 0.70710678118661796 0 0.70710678118647718
    outer loop
      vertex 204.84 44.160000000000004 -0.040000000000000008
      vertex 204.80000000000001 40.200000000000003 0
      vertex 204.84 40.200000000000003 -0.040000000000000008
    endloop
  endfacet
  facet normal 0.70710678118661785 0 0.70710678118647718
    outer loop
      vertex 204.80000000000001 40.200000000000003 0
      vertex 204.84 44.160000000000004 -0.040000000000000008
      vertex 204.84 60 -0.040000000000000008
    endloop
  endfacet
  facet normal 0.70710678118661807 -0 0.70710678118647718
    outer loop
      vertex 204.80000000000001 40.200000000000003 0
      vertex 204.84 60 -0.040000000000000008
      vertex 204.80000000000001 60 0
    endloop
  endfacet
  facet normal 0.62469504755447069 -0.46852128566585993 0.62469504755434635
    outer loop
      vertex 204.96000000000001 60.160000000000004 -0.040000000000000008
      vertex 204.80000000000001 60 0
      vertex 204.84 60 -0.040000000000000008
    endloop
  endfacet
  facet normal 0.24253562503633791 0 0.97014250014533066
    outer loop
      vertex 204.80000000000001 60 0
      vertex 204.96000000000001 60.160000000000004 -0.040000000000000008
      vertex 204.96000000000001 60.200000000000003 -0.040000000000000008
    endloop
  endfacet
  facet normal 0.24253562503633788 -0 0.97014250014533077
    outer loop
      vertex 204.80000000000001 60 0
      vertex 204.96000000000001 60.200000000000003 -0.040000000000000008
      vertex 204.80000000000001 60.200000000000003 0
    endloop
  endfacet
  facet normal 0.24253562503633788 0 0.97014250014533066
    outer loop
      vertex 204.96000000000001 76.040000000000006 -0.040000000000000008
      vertex 204.80000000000001 60.200000000000003 0
      vertex 204.96000000000001 60.200000000000003 -0.040000000000000008
    endloop
  endfacet
  facet normal 0.2425356250363378 0 0.97014250014533077
    outer loop
      vertex 204.80000000000001 60.200000000000003 0
      vertex 204.96000000000001 76.040000000000006 -0.040000000000000008
      vertex 204.96000000000001 80 -0.040000000000000008
    endloop
  endfacet
  facet normal 0.24253562503633788 -0 0.97014250014533066
    outer loop
      vertex 204.80000000000001 60.200000000000003 0
      vertex 204.96000000000001 80 -0.040000000000000008
      vertex 204.80000000000001 80 0
    endloop
  endfacet
  facet normal 0.235702260395518 0.23570226039555989 0.9428090415820517
    outer loop
      vertex 204.88 80.079999999999998 -0.040000000000000008
      vertex 204.80000000000001 80 0
      vertex 204.96000000000001 80 -0.040000000000000008
    endloop
  endfacet
  facet normal 0.4472135955000292 0 0.89442719099988022
    outer loop
      vertex 204.80000000000001 80 0
      vertex 204.88 80.079999999999998 -0.040000000000000008
      vertex 204.88 80.200000000000003 -0.040000000000000008
    endloop
  endfacet
  facet normal 0.44721359550002909 -0 0.89442719099988022
    outer loop
      vertex 204.80000000000001 80 0
      vertex 204.88 80.200000000000003 -0.040000000000000008
      vertex 204.80000000000001 80.200000000000003 0
    endloop
  endfacet
  facet normal 0.4472135955000292 0 0.89442719099988022
    outer loop
      vertex 204.88 88.120000000000005 -0.040000000000000008
      vertex 204.80000000000001 80.200000000000003 0
      vertex 204.88 80.200000000000003 -0.040000000000000008
    endloop
  endfacet
  facet normal 0.4472135955000292 0 0.89442719099988022
    outer loop
      vertex 204.80000000000001 80.200000000000003 0
      vertex 204.88 88.120000000000005 -0.040000000000000008
      vertex 204.88 100 -0.040000000000000008
    endloop
  endfacet
  facet normal 0.4472135955000292 -0 0.89442719099988033
    outer loop
      vertex 204.80000000000001 80.200000000000003 0
      vertex 204.88 100 -0.040000000000000008
      vertex 204.80000000000001 100 0
    endloop
  endfacet
  facet normal 0 0.242535625036333 0.97014250014533199
    outer loop
      vertex 205.16 0.16000000000000003 -0.040000000000000008
      vertex 205 0 0
      vertex 205.19999999999999 0 0
    endloop
  endfacet
  facet normal -0 0.242535625036333 0.97014250014533199
    outer loop
      vertex 205.16 0.16000000000000003 -0.040000000000000008
      vertex 205.19999999999999 0 0
      vertex 205.19999999999999 0.16000000000000003 -0.040000000000000008
    endloop
  endfacet
  facet normal -0 0.24253562503633297 0.97014250014533188
    outer loop
      vertex 205 0.16000000000000003 -0.040000000000000008
      vertex 205 0 0
      vertex 205.16 0.16000000000000003 -0.040000000000000008
    endloop
  endfacet
  facet normal 0 0.70710678118649228 0.70710678118660264
    outer loop
      vertex 205.23999999999998 -80.159999999999997 -0.040000000000000008
      vertex 205.19999999999999 -80.200000000000003 0
      vertex 205.40000000000001 -80.200000000000003 0
    endloop
  endfacet
  facet normal -0 0.70710678118649239 0.70710678118660275
    outer loop
      vertex 205.23999999999998 -80.159999999999997 -0.040000000000000008
      vertex 205.40000000000001 -80.200000000000003 0
      vertex 205.40000000000001 -80.159999999999997 -0.040000000000000008
    endloop
  endfacet
  facet normal 0.70710678118661785 0 0.70710678118647718
    outer loop
      vertex 205.19999999999999 -80.200000000000003 0
      vertex 205.23999999999998 -80.159999999999997 -0.040000000000000008
      vertex 205.23999999999998 -80 -0.040000000000000008
    endloop
  endfacet
  facet normal 0.70710678118661785 -0 0.70710678118647707
    outer loop
      vertex 205.19999999999999 -80.200000000000003 0
      vertex 205.23999999999998 -80 -0.040000000000000008
      vertex 205.19999999999999 -80 0
    endloop
  endfacet
  facet normal 0.70710678118661796 0 0.70710678118647718
    outer loop
      vertex 205.23999999999998 -76.039999999999992 -0.040000000000000008
      vertex 205.19999999999999 -80 0
      vertex 205.23999999999998 -80 -0.040000000000000008
    endloop
  endfacet
  facet normal 0.70710678118661796 0 0.70710678118647718
    outer loop
      vertex 205.19999999999999 -80 0
      vertex 205.23999999999998 -76.040000000000006 -0.040000000000000008
      vertex 205.23999999999998 -60.200000000000003 -0.040000000000000008
    endloop
  endfacet
  facet normal 0.70710678118661807 -0 0.70710678118647718
    outer loop
      vertex 205.19999999999999 -80 0
      vertex 205.23999999999998 -60.200000000000003 -0.040000000000000008
      vertex 205.19999999999999 -60.200000000000003 0
    endloop
  endfacet
  facet normal 0.57735026918963839 -0.57735026918971533 0.57735026918952337
    outer loop
      vertex 205.19999999999999 -60.200000000000003 0
      vertex 205.23999999999998 -60.200000000000003 -0.040000000000000008
      vertex 205.40000000000001 -60.039999999999999 -0.040000000000000008
    endloop
  endfacet
  facet normal 0.57735026918960264 -0.57735026918964372 0.57735026918963095
    outer loop
      vertex 205.19999999999999 -60.200000000000003 0
      vertex 205.40000000000001 -60.039999999999999 -0.040000000000000008
      vertex 205.40000000000001 -60 0
    endloop
  endfacet
  facet normal -0.23570226039549688 0.23570226039551698 0.94280904158206791
    outer loop
      vertex 205.19999999999999 0.16000000000000003 -0.040000000000000008
      vertex 205.19999999999999 0 0
      vertex 205.40000000000001 0.20000000000000001 0
    endloop
  endfacet
  facet normal -0.23570226039548567 0.23570226039543893 0.94280904158209
    outer loop
      vertex 205.19999999999999 0.16000000000000003 -0.040000000000000008
      vertex 205.40000000000001 0.20000000000000001 0
      vertex 205.23999999999998 0.20000000000000001 -0.040000000000000008
    endloop
  endfacet
  facet normal -0.24253562503629741 0 0.97014250014534076
    outer loop
      vertex 205.40000000000001 10 0
      vertex 205.23999999999998 2.1599999999999975 -0.040000000000000008
      vertex 205.23999999999998 0.20000000000000001 -0.040000000000000008
    endloop
  endfacet
  facet normal -0.24253562503629736 0 0.97014250014534076
    outer loop
      vertex 205.40000000000001 10 0
      vertex 205.23999999999998 0.20000000000000001 -0.040000000000000008
      vertex 205.40000000000001 0.20000000000000001 0
    endloop
  endfacet
  facet normal -0.24253562503629733 0 0.97014250014534087
    outer loop
      vertex 205.23999999999998 2.1599999999999993 -0.040000000000000008
      vertex 205.40000000000001 10 0
      vertex 205.23999999999998 10 -0.040000000000000008
    endloop
  endfacet
  facet normal -0.24253562503629736 0 0.97014250014534087
    outer loop
      vertex 205.40000000000001 10.199999999999999 0
      vertex 205.23999999999998 10.039999999999999 -0.040000000000000008
      vertex 205.23999999999998 10 -0.040000000000000008
    endloop
  endfacet
  facet normal -0.24253562503629736 0 0.97014250014534087
    outer loop
      vertex 205.40000000000001 10.199999999999999 0
      vertex 205.23999999999998 10 -0.040000000000000008
      vertex 205.40000000000001 10 0
    endloop
  endfacet
  facet normal -0.4364357804719296 0.21821789023599872 0.87287156094399554
    outer loop
      vertex 205.23999999999998 10.039999999999999 -0.040000000000000008
      vertex 205.40000000000001 10.199999999999999 0
      vertex 205.31999999999999 10.199999999999999 -0.040000000000000008
    endloop
  endfacet
  facet normal -0.44721359549990214 0 0.89442719099994383
    outer loop
      vertex 205.40000000000001 20 0
      vertex 205.31999999999999 16.079999999999998 -0.040000000000000008
      vertex 205.31999999999999 10.199999999999999 -0.040000000000000008
    endloop
  endfacet
  facet normal -0.44721359549990208 0 0.89442719099994383
    outer loop
      vertex 205.40000000000001 20 0
      vertex 205.31999999999999 10.199999999999999 -0.040000000000000008
      vertex 205.40000000000001 10.199999999999999 0
    endloop
  endfacet
  facet normal -0.44721359549990208 0 0.89442719099994372
    outer loop
      vertex 205.31999999999999 16.079999999999998 -0.040000000000000008
      vertex 205.40000000000001 20 0
      vertex 205.31999999999999 20 -0.040000000000000008
    endloop
  endfacet
  facet normal -0.44721359549990208 0 0.89442719099994383
    outer loop
      vertex 205.40000000000001 20.199999999999999 0
      vertex 205.31999999999999 20.120000000000001 -0.040000000000000008
      vertex 205.31999999999999 20 -0.040000000000000008
    endloop
  endfacet
  facet normal -0.44721359549990208 0 0.89442719099994372
    outer loop
      vertex 205.40000000000001 20.199999999999999 0
      vertex 205.31999999999999 20 -0.040000000000000008
      vertex 205.40000000000001 20 0
    endloop
  endfacet
  facet normal -0.58834840541449152 0.1961161351381987 0.78446454055277792
    outer loop
      vertex 205.31999999999999 20.120000000000001 -0.040000000000000008
      vertex 205.40000000000001 20.199999999999999 0
      vertex 205.34666666666666 20.199999999999999 -0.040000000000000008
    endloop
  endfacet
  facet normal -0.59999999999994003 0 0.8000000000000449
    outer loop
      vertex 205.40000000000001 40 0
      vertex 205.34666666666666 34.719999999999999 -0.040000000000000008
      vertex 205.34666666666666 20.199999999999999 -0.040000000000000008
    endloop
  endfacet
  facet normal -0.59999999999994003 0 0.8000000000000449
    outer loop
      vertex 205.40000000000001 40 0
      vertex 205.34666666666666 20.199999999999999 -0.040000000000000008
      vertex 205.40000000000001 20.199999999999999 0
    endloop
  endfacet
  facet normal -0.59999999999994003 0 0.8000000000000449
    outer loop
      vertex 205.34666666666666 34.719999999999999 -0.040000000000000008
      vertex 205.40000000000001 40 0
      vertex 205.34666666666666 40 -0.040000000000000008
    endloop
  endfacet
  facet normal -0.59999999999993991 0 0.8000000000000449
    outer loop
      vertex 205.40000000000001 40.200000000000003 0
      vertex 205.34666666666666 40.146666666666668 -0.040000000000000008
      vertex 205.34666666666666 40 -0.040000000000000008
    endloop
  endfacet
  facet normal -0.59999999999993991 0 0.8000000000000449
    outer loop
      vertex 205.40000000000001 40.200000000000003 0
      vertex 205.34666666666666 40 -0.040000000000000008
      vertex 205.40000000000001 40 0
    endloop
  endfacet
  facet normal -0.69631062382283326 0.17407765595591707 0.6963106238226946
    outer loop
      vertex 205.34666666666666 40.146666666666668 -0.040000000000000008
      vertex 205.40000000000001 40.200000000000003 0
      vertex 205.36000000000001 40.200000000000003 -0.040000000000000008
    endloop
  endfacet
  facet normal -0.70710678118661785 0 0.70710678118647718
    outer loop
      vertex 205.40000000000001 60 0
      vertex 205.36000000000001 56.039999999999999 -0.040000000000000008
      vertex 205.36000000000001 40.200000000000003 -0.040000000000000008
    endloop
  endfacet
  facet normal -0.70710678118661807 0 0.70710678118647718
    outer loop
      vertex 205.40000000000001 60 0
      vertex 205.36000000000001 40.200000000000003 -0.040000000000000008
      vertex 205.40000000000001 40.200000000000003 0
    endloop
  endfacet
  facet normal -0.70710678118661796 0 0.70710678118647718
    outer loop
      vertex 205.36000000000001 56.039999999999999 -0.040000000000000008
      vertex 205.40000000000001 60 0
      vertex 205.36000000000001 60 -0.040000000000000008
    endloop
  endfacet
  facet normal -0.70710678118661785 0 0.70710678118647707
    outer loop
      vertex 205.40000000000001 60.200000000000003 0
      vertex 205.36000000000001 60.160000000000004 -0.040000000000000008
      vertex 205.36000000000001 60 -0.040000000000000008
    endloop
  endfacet
  facet normal -0.70710678118661785 0 0.70710678118647707
    outer loop
      vertex 205.40000000000001 60.200000000000003 0
      vertex 205.36000000000001 60 -0.040000000000000008
      vertex 205.40000000000001 60 0
    endloop
  endfacet
  facet normal -0.19611613513814508 -0.58834840541460942 0.78446454055270276
    outer loop
      vertex 205.36000000000001 60.160000000000004 -0.040000000000000008
      vertex 205.40000000000001 60.200000000000003 0
      vertex 205.23999999999998 60.200000000000003 -0.040000000000000008
    endloop
  endfacet
  facet normal -0.2425356250362973 0 0.97014250014534087
    outer loop
      vertex 205.40000000000001 80 0
      vertex 205.23999999999998 64.159999999999997 -0.040000000000000008
      vertex 205.23999999999998 60.200000000000003 -0.040000000000000008
    endloop
  endfacet
  facet normal -0.24253562503629733 0 0.97014250014534087
    outer loop
      vertex 205.40000000000001 80 0
      vertex 205.23999999999998 60.200000000000003 -0.040000000000000008
      vertex 205.40000000000001 60.200000000000003 0
    endloop
  endfacet
  facet normal -0.2425356250362973 0 0.97014250014534076
    outer loop
      vertex 205.23999999999998 64.159999999999997 -0.040000000000000008
      vertex 205.40000000000001 80 0
      vertex 205.23999999999998 80 -0.040000000000000008
    endloop
  endfacet
  facet normal -0.24253562503629733 0 0.97014250014534076
    outer loop
      vertex 205.40000000000001 80.200000000000003 0
      vertex 205.23999999999998 80.040000000000006 -0.040000000000000008
      vertex 205.23999999999998 80 -0.040000000000000008
    endloop
  endfacet
  facet normal -0.24253562503629733 0 0.97014250014534076
    outer loop
      vertex 205.40000000000001 80.200000000000003 0
      vertex 205.23999999999998 80 -0.040000000000000008
      vertex 205.40000000000001 80 0
    endloop
  endfacet
  facet normal -0.43643578047192916 0.21821789023600335 0.87287156094399454
    outer loop
      vertex 205.23999999999998 80.040000000000006 -0.040000000000000008
      vertex 205.40000000000001 80.200000000000003 0
      vertex 205.31999999999999 80.200000000000003 -0.040000000000000008
    endloop
  endfacet
  facet normal -0.44721359549990203 0 0.89442719099994372
    outer loop
      vertex 205.40000000000001 100 0
      vertex 205.31999999999999 92.079999999999998 -0.040000000000000008
      vertex 205.31999999999999 80.200000000000003 -0.040000000000000008
    endloop
  endfacet
  facet normal -0.44721359549990208 0 0.89442719099994383
    outer loop
      vertex 205.40000000000001 100 0
      vertex 205.31999999999999 80.200000000000003 -0.040000000000000008
      vertex 205.40000000000001 80.200000000000003 0
    endloop
  endfacet
  facet normal -0.44721359549990203 0 0.89442719099994372
    outer loop
      vertex 205.31999999999999 92.079999999999998 -0.040000000000000008
      vertex 205.40000000000001 100 0
      vertex 205.31999999999999 100 -0.040000000000000008
    endloop
  endfacet
  facet normal 0 0.70710678118649228 0.70710678118660264
    outer loop
      vertex 206.40000000000001 -80.159999999999997 -0.040000000000000008
      vertex 205.40000000000001 -80.200000000000003 0
      vertex 210.40000000000001 -80.200000000000003 0
    endloop
  endfacet
  facet normal -0 0.70710678118649228 0.70710678118660275
    outer loop
      vertex 206.40000000000001 -80.159999999999997 -0.040000000000000008
      vertex 210.40000000000001 -80.200000000000003 0
      vertex 210.40000000000001 -80.159999999999997 -0.040000000000000008
    endloop
  endfacet
  facet normal -0 0.70710678118649228 0.70710678118660275
    outer loop
      vertex 205.40000000000001 -80.159999999999997 -0.040000000000000008
      vertex 205.40000000000001 -80.200000000000003 0
      vertex 206.40000000000001 -80.159999999999997 -0.040000000000000008
    endloop
  endfacet
  facet normal 0 -0.70710678118655512 0.70710678118653991
    outer loop
      vertex 210.40000000000001 -60 0
      vertex 209.40000000000001 -60.039999999999999 -0.040000000000000008
      vertex 210.40000000000001 -60.039999999999999 -0.040000000000000008
    endloop
  endfacet
  facet normal 0 -0.70710678118655512 0.70710678118653991
    outer loop
      vertex 205.40000000000001 -60 0
      vertex 205.40000000000001 -60.039999999999999 -0.040000000000000008
      vertex 209.40000000000001 -60.039999999999999 -0.040000000000000008
    endloop
  endfacet
  facet normal 0 -0.70710678118655512 0.70710678118653991
    outer loop
      vertex 205.40000000000001 -60 0
      vertex 209.40000000000001 -60.039999999999999 -0.040000000000000008
      vertex 210.40000000000001 -60 0
    endloop
  endfacet
  facet normal 0 0.70710678118649239 0.70710678118660275
    outer loop
      vertex 210.44 -80.159999999999997 -0.040000000000000008
      vertex 210.40000000000001 -80.200000000000003 0
      vertex 210.59999999999999 -80.200000000000003 0
    endloop
  endfacet
  facet normal -0 0.70710678118649239 0.70710678118660275
    outer loop
      vertex 210.44 -80.159999999999997 -0.040000000000000008
      vertex 210.59999999999999 -80.200000000000003 0
      vertex 210.59999999999999 -80.159999999999997 -0.040000000000000008
    endloop
  endfacet
  facet normal -0 0.70710678118649239 0.70710678118660275
    outer loop
      vertex 210.40000000000001 -80.159999999999997 -0.040000000000000008
      vertex 210.40000000000001 -80.200000000000003 0
      vertex 210.44 -80.159999999999997 -0.040000000000000008
    endloop
  endfacet
  facet normal 0 -0.70710678118655523 0.70710678118654002
    outer loop
      vertex 210.59999999999999 -60 0
      vertex 210.56 -60.039999999999999 -0.040000000000000008
      vertex 210.59999999999999 -60.039999999999999 -0.040000000000000008
    endloop
  endfacet
  facet normal 0 -0.70710678118655523 0.70710678118654002
    outer loop
      vertex 210.40000000000001 -60 0
      vertex 210.40000000000001 -60.039999999999999 -0.040000000000000008
      vertex 210.56 -60.039999999999999 -0.040000000000000008
    endloop
  endfacet
  facet normal 0 -0.70710678118655523 0.70710678118653991
    outer loop
      vertex 210.40000000000001 -60 0
      vertex 210.56 -60.039999999999999 -0.040000000000000008
      vertex 210.59999999999999 -60 0
    endloop
  endfacet
  facet normal 0 0.70710678118654757 0.70710678118654757
    outer loop
      vertex 210.44 0.040000000000000008 -0.040000000000000008
      vertex 210.40000000000001 0 0
      vertex 210.59999999999999 0 0
    endloop
  endfacet
  facet normal -0 0.70710678118654746 0.70710678118654746
    outer loop
      vertex 210.44 0.040000000000000008 -0.040000000000000008
      vertex 210.59999999999999 0 0
      vertex 210.59999999999999 0.040000000000000008 -0.040000000000000008
    endloop
  endfacet
  facet normal 0.70710678118661785 0 0.70710678118647718
    outer loop
      vertex 210.40000000000001 0 0
      vertex 210.44 0.040000000000000008 -0.040000000000000008
      vertex 210.44 0.20000000000000001 -0.040000000000000008
    endloop
  endfacet
  facet normal 0.70710678118661796 -0 0.70710678118647718
    outer loop
      vertex 210.40000000000001 0 0
      vertex 210.44 0.20000000000000001 -0.040000000000000008
      vertex 210.40000000000001 0.20000000000000001 0
    endloop
  endfacet
  facet normal 0.70710678118661796 0 0.70710678118647718
    outer loop
      vertex 210.44 2.1600000000000001 -0.040000000000000008
      vertex 210.40000000000001 0.20000000000000001 0
      vertex 210.44 0.20000000000000001 -0.040000000000000008
    endloop
  endfacet
  facet normal 0.70710678118661796 0 0.70710678118647696
    outer loop
      vertex 210.40000000000001 0.20000000000000001 0
      vertex 210.44 2.1600000000000006 -0.040000000000000008
      vertex 210.44 10 -0.040000000000000008
    endloop
  endfacet
  facet normal 0.70710678118661796 -0 0.70710678118647707
    outer loop
      vertex 210.40000000000001 0.20000000000000001 0
      vertex 210.44 10 -0.040000000000000008
      vertex 210.40000000000001 10 0
    endloop
  endfacet
  facet normal 0.6963106238228326 -0.1740776559559227 0.69631062382269393
    outer loop
      vertex 210.45333333333335 10.053333333333333 -0.040000000000000008
      vertex 210.40000000000001 10 0
      vertex 210.44 10 -0.040000000000000008
    endloop
  endfacet
  facet normal 0.59999999999993991 0 0.80000000000004501
    outer loop
      vertex 210.40000000000001 10 0
      vertex 210.45333333333335 10.053333333333333 -0.040000000000000008
      vertex 210.45333333333335 10.199999999999999 -0.040000000000000008
    endloop
  endfacet
  facet normal 0.59999999999994003 -0 0.80000000000004512
    outer loop
      vertex 210.40000000000001 10 0
      vertex 210.45333333333335 10.199999999999999 -0.040000000000000008
      vertex 210.40000000000001 10.199999999999999 0
    endloop
  endfacet
  facet normal 0.59999999999994014 0 0.80000000000004501
    outer loop
      vertex 210.45333333333335 12.813333333333333 -0.040000000000000008
      vertex 210.40000000000001 10.199999999999999 0
      vertex 210.45333333333335 10.199999999999999 -0.040000000000000008
    endloop
  endfacet
  facet normal 0.59999999999994003 0 0.80000000000004501
    outer loop
      vertex 210.40000000000001 10.199999999999999 0
      vertex 210.45333333333335 12.813333333333333 -0.040000000000000008
      vertex 210.45333333333335 20 -0.040000000000000008
    endloop
  endfacet
  facet normal 0.59999999999994003 -0 0.80000000000004501
    outer loop
      vertex 210.40000000000001 10.199999999999999 0
      vertex 210.45333333333335 20 -0.040000000000000008
      vertex 210.40000000000001 20 0
    endloop
  endfacet
  facet normal 0.58834840541451561 -0.19611613513799769 0.78446454055281001
    outer loop
      vertex 210.47999999999999 20.079999999999998 -0.040000000000000008
      vertex 210.40000000000001 20 0
      vertex 210.45333333333335 20 -0.040000000000000008
    endloop
  endfacet
  facet normal 0.44721359550002915 0 0.89442719099988022
    outer loop
      vertex 210.40000000000001 20 0
      vertex 210.47999999999999 20.079999999999998 -0.040000000000000008
      vertex 210.47999999999999 20.199999999999999 -0.040000000000000008
    endloop
  endfacet
  facet normal 0.44721359550002915 -0 0.89442719099988022
    outer loop
      vertex 210.40000000000001 20 0
      vertex 210.47999999999999 20.199999999999999 -0.040000000000000008
      vertex 210.40000000000001 20.199999999999999 0
    endloop
  endfacet
  facet normal 0.44721359550002915 0 0.89442719099988033
    outer loop
      vertex 210.47999999999999 28.119999999999997 -0.040000000000000008
      vertex 210.40000000000001 20.199999999999999 0
      vertex 210.47999999999999 20.199999999999999 -0.040000000000000008
    endloop
  endfacet
  facet normal 0.44721359550002915 0 0.89442719099988033
    outer loop
      vertex 210.40000000000001 20.199999999999999 0
      vertex 210.47999999999999 28.120000000000001 -0.040000000000000008
      vertex 210.47999999999999 40 -0.040000000000000008
    endloop
  endfacet
  facet normal 0.4472135955000292 -0 0.89442719099988033
    outer loop
      vertex 210.40000000000001 20.199999999999999 0
      vertex 210.47999999999999 40 -0.040000000000000008
      vertex 210.40000000000001 40 0
    endloop
  endfacet
  facet normal 0.43643578047204812 -0.21821789023605317 0.8728715609439226
    outer loop
      vertex 210.56 40.160000000000004 -0.040000000000000008
      vertex 210.40000000000001 40 0
      vertex 210.47999999999999 40 -0.040000000000000008
    endloop
  endfacet
  facet normal 0.24253562503633791 0 0.97014250014533066
    outer loop
      vertex 210.40000000000001 40 0
      vertex 210.56 40.160000000000004 -0.040000000000000008
      vertex 210.56 40.200000000000003 -0.040000000000000008
    endloop
  endfacet
  facet normal 0.24253562503633788 -0 0.97014250014533077
    outer loop
      vertex 210.40000000000001 40 0
      vertex 210.56 40.200000000000003 -0.040000000000000008
      vertex 210.40000000000001 40.200000000000003 0
    endloop
  endfacet
  facet normal 0.24253562503633788 0 0.97014250014533066
    outer loop
      vertex 210.56 56.040000000000006 -0.040000000000000008
      vertex 210.40000000000001 40.200000000000003 0
      vertex 210.56 40.200000000000003 -0.040000000000000008
    endloop
  endfacet
  facet normal 0.2425356250363378 0 0.97014250014533077
    outer loop
      vertex 210.40000000000001 40.200000000000003 0
      vertex 210.56 56.040000000000006 -0.040000000000000008
      vertex 210.56 60 -0.040000000000000008
    endloop
  endfacet
  facet normal 0.24253562503633788 -0 0.97014250014533066
    outer loop
      vertex 210.40000000000001 40.200000000000003 0
      vertex 210.56 60 -0.040000000000000008
      vertex 210.40000000000001 60 0
    endloop
  endfacet
  facet normal 0.23570226039552269 -0.23570226039548087 0.94280904158207046
    outer loop
      vertex 210.40000000000001 60 0
      vertex 210.56 60 -0.040000000000000008
      vertex 210.59999999999999 60.039999999999999 -0.040000000000000008
    endloop
  endfacet
  facet normal 0.23570226039552686 -0.23570226039551015 0.94280904158206202
    outer loop
      vertex 210.40000000000001 60 0
      vertex 210.59999999999999 60.039999999999999 -0.040000000000000008
      vertex 210.59999999999999 60.200000000000003 0
    endloop
  endfacet
  facet normal 0 0.70710678118649228 0.70710678118660264
    outer loop
      vertex 210.63999999999999 -80.159999999999997 -0.040000000000000008
      vertex 210.59999999999999 -80.200000000000003 0
      vertex 210.80000000000001 -80.200000000000003 0
    endloop
  endfacet
  facet normal -0 0.70710678118649239 0.70710678118660275
    outer loop
      vertex 210.63999999999999 -80.159999999999997 -0.040000000000000008
      vertex 210.80000000000001 -80.200000000000003 0
      vertex 210.80000000000001 -80.159999999999997 -0.040000000000000008
    endloop
  endfacet
  facet normal -0 0.70710678118649239 0.70710678118660275
    outer loop
      vertex 210.59999999999999 -80.159999999999997 -0.040000000000000008
      vertex 210.59999999999999 -80.200000000000003 0
      vertex 210.63999999999999 -80.159999999999997 -0.040000000000000008
    endloop
  endfacet
  facet normal 0 -0.70710678118655523 0.70710678118654002
    outer loop
      vertex 210.80000000000001 -60 0
      vertex 210.76000000000002 -60.039999999999999 -0.040000000000000008
      vertex 210.80000000000001 -60.039999999999999 -0.040000000000000008
    endloop
  endfacet
  facet normal 0 -0.70710678118655523 0.70710678118654002
    outer loop
      vertex 210.59999999999999 -60 0
      vertex 210.59999999999999 -60.039999999999999 -0.040000000000000008
      vertex 210.76000000000002 -60.039999999999999 -0.040000000000000008
    endloop
  endfacet
  facet normal 0 -0.70710678118655512 0.70710678118654002
    outer loop
      vertex 210.59999999999999 -60 0
      vertex 210.76000000000002 -60.039999999999999 -0.040000000000000008
      vertex 210.80000000000001 -60 0
    endloop
  endfacet
  facet normal 0 0.70710678118654757 0.70710678118654757
    outer loop
      vertex 210.63999999999999 0.040000000000000008 -0.040000000000000008
      vertex 210.59999999999999 0 0
      vertex 210.80000000000001 0 0
    endloop
  endfacet
  facet normal -0 0.70710678118654746 0.70710678118654746
    outer loop
      vertex 210.63999999999999 0.040000000000000008 -0.040000000000000008
      vertex 210.80000000000001 0 0
      vertex 210.80000000000001 0.040000000000000008 -0.040000000000000008
    endloop
  endfacet
  facet normal -0 0.70710678118654746 0.70710678118654746
    outer loop
      vertex 210.59999999999999 0.040000000000000008 -0.040000000000000008
      vertex 210.59999999999999 0 0
      vertex 210.63999999999999 0.040000000000000008 -0.040000000000000008
    endloop
  endfacet
  facet normal 0 -0.24253562503632778 0.97014250014533321
    outer loop
      vertex 210.80000000000001 60.200000000000003 0
      vertex 210.63999999999999 60.039999999999999 -0.040000000000000008
      vertex 210.80000000000001 60.039999999999999 -0.040000000000000008
    endloop
  endfacet
  facet normal 0 -0.24253562503632775 0.97014250014533321
    outer loop
      vertex 210.59999999999999 60.200000000000003 0
      vertex 210.59999999999999 60.039999999999999 -0.040000000000000008
      vertex 210.63999999999999 60.039999999999999 -0.040000000000000008
    endloop
  endfacet
  facet normal 0 -0.24253562503632775 0.97014250014533332
    outer loop
      vertex 210.59999999999999 60.200000000000003 0
      vertex 210.63999999999999 60.039999999999999 -0.040000000000000008
      vertex 210.80000000000001 60.200000000000003 0
    endloop
  endfacet
  facet normal -0.028272964322663893 0.70682410806658735 0.70682410806669771
    outer loop
      vertex 210.80000000000001 -80.159999999999997 -0.040000000000000008
      vertex 210.80000000000001 -80.200000000000003 0
      vertex 215.80000000000001 -80 0
    endloop
  endfacet
  facet normal -0.028272964322665399 0.70682410806664997 0.70682410806663476
    outer loop
      vertex 210.80000000000001 -80.159999999999997 -0.040000000000000008
      vertex 215.80000000000001 -80 0
      vertex 214.80000000000001 -80 -0.040000000000000008
    endloop
  endfacet
  facet normal -0.039968038348871589 0 0.99920095872178949
    outer loop
      vertex 215.80000000000001 -60.200000000000003 0
      vertex 214.80000000000001 -64.159999999999997 -0.040000000000000008
      vertex 214.80000000000001 -80 -0.040000000000000008
    endloop
  endfacet
  facet normal -0.039968038348871582 0 0.99920095872178938
    outer loop
      vertex 215.80000000000001 -60.200000000000003 0
      vertex 214.80000000000001 -80 -0.040000000000000008
      vertex 215.80000000000001 -80 0
    endloop
  endfacet
  facet normal -0.039968038348871589 0 0.99920095872178949
    outer loop
      vertex 214.80000000000001 -64.159999999999997 -0.040000000000000008
      vertex 215.80000000000001 -60.200000000000003 0
      vertex 214.80000000000001 -60.200000000000003 -0.040000000000000008
    endloop
  endfacet
  facet normal -0.039968038348871582 0 0.99920095872178938
    outer loop
      vertex 215.80000000000001 -60 0
      vertex 214.80000000000001 -60.039999999999999 -0.040000000000000008
      vertex 214.80000000000001 -60.200000000000003 -0.040000000000000008
    endloop
  endfacet
  facet normal -0.039968038348871582 0 0.99920095872178938
    outer loop
      vertex 215.80000000000001 -60 0
      vertex 214.80000000000001 -60.200000000000003 -0.040000000000000008
      vertex 215.80000000000001 -60.200000000000003 0
    endloop
  endfacet
  facet normal 0 -0.70710678118655512 0.70710678118653991
    outer loop
      vertex 210.80000000000001 -60 0
      vertex 210.80000000000001 -60.039999999999999 -0.040000000000000008
      vertex 214.80000000000001 -60.039999999999999 -0.040000000000000008
    endloop
  endfacet
  facet normal 0 -0.70710678118655512 0.70710678118653991
    outer loop
      vertex 210.80000000000001 -60 0
      vertex 214.80000000000001 -60.039999999999999 -0.040000000000000008
      vertex 215.80000000000001 -60 0
    endloop
  endfacet
  facet normal -0.0062468285873950938 0.78085357342438666 0.62468285873950935
    outer loop
      vertex 211.80000000000001 0.040000000000000008 -0.040000000000000008
      vertex 210.80000000000001 0 0
      vertex 215.80000000000001 0.040000000000000001 0
    endloop
  endfacet
  facet normal -0.0062468285873950938 0.78085357342438666 0.62468285873950935
    outer loop
      vertex 211.80000000000001 0.040000000000000008 -0.040000000000000008
      vertex 215.80000000000001 0.040000000000000001 0
      vertex 215.80000000000001 0.072000000000000008 -0.040000000000000008
    endloop
  endfacet
  facet normal -0 0.70710678118654746 0.70710678118654746
    outer loop
      vertex 210.80000000000001 0.040000000000000008 -0.040000000000000008
      vertex 210.80000000000001 0 0
      vertex 211.80000000000001 0.040000000000000008 -0.040000000000000008
    endloop
  endfacet
  facet normal 0 -0.24253562503632778 0.97014250014533332
    outer loop
      vertex 215.80000000000001 60.200000000000003 0
      vertex 211.80000000000001 60.039999999999999 -0.040000000000000008
      vertex 215.80000000000001 60.039999999999999 -0.040000000000000008
    endloop
  endfacet
  facet normal 0 -0.24253562503632778 0.97014250014533332
    outer loop
      vertex 210.80000000000001 60.200000000000003 0
      vertex 210.80000000000001 60.039999999999999 -0.040000000000000008
      vertex 211.80000000000001 60.039999999999999 -0.040000000000000008
    endloop
  endfacet
  facet normal 0 -0.24253562503632775 0.97014250014533321
    outer loop
      vertex 210.80000000000001 60.200000000000003 0
      vertex 211.80000000000001 60.039999999999999 -0.040000000000000008
      vertex 215.80000000000001 60.200000000000003 0
    endloop
  endfacet
  facet normal 0 0.78086880944303039 0.62469504755442429
    outer loop
      vertex 215.87200000000001 0.072000000000000008 -0.040000000000000008
      vertex 215.84 0.040000000000000001 0
      vertex 216 0.040000000000000001 0
    endloop
  endfacet
  facet normal -0 0.78086880944303028 0.62469504755442418
    outer loop
      vertex 215.87200000000001 0.072000000000000008 -0.040000000000000008
      vertex 216 0.040000000000000001 0
      vertex 216 0.072000000000000008 -0.040000000000000008
    endloop
  endfacet
  facet normal 0 0.78086880944303028 0.62469504755442429
    outer loop
      vertex 215.80000000000001 0.072000000000000008 -0.040000000000000008
      vertex 215.80000000000001 0.040000000000000001 0
      vertex 215.84 0.040000000000000001 0
    endloop
  endfacet
  facet normal -0 0.78086880944303028 0.62469504755442418
    outer loop
      vertex 215.80000000000001 0.072000000000000008 -0.040000000000000008
      vertex 215.84 0.040000000000000001 0
      vertex 215.87200000000001 0.072000000000000008 -0.040000000000000008
    endloop
  endfacet
  facet normal 0 -0.24253562503632775 0.97014250014533321
    outer loop
      vertex 216 60.200000000000003 0
      vertex 215.84 60.039999999999999 -0.040000000000000008
      vertex 216 60.039999999999999 -0.040000000000000008
    endloop
  endfacet
  facet normal 0 -0.24253562503632775 0.97014250014533321
    outer loop
      vertex 215.80000000000001 60.200000000000003 0
      vertex 215.80000000000001 60.039999999999999 -0.040000000000000008
      vertex 215.84 60.039999999999999 -0.040000000000000008
    endloop
  endfacet
  facet normal 0 -0.24253562503632778 0.97014250014533321
    outer loop
      vertex 215.80000000000001 60.200000000000003 0
      vertex 215.84 60.039999999999999 -0.040000000000000008
      vertex 216 60.200000000000003 0
    endloop
  endfacet
  facet normal -0.52981294282603919 0.66226617853251135 0.5298129428260091
    outer loop
      vertex 216 0.072000000000000008 -0.040000000000000008
      vertex 216 0.040000000000000001 0
      vertex 216.19999999999999 0.20000000000000001 0
    endloop
  endfacet
  facet normal -0.52981294282605218 0.6622661785325511 0.52981294282594649
    outer loop
      vertex 216 0.072000000000000008 -0.040000000000000008
      vertex 216.19999999999999 0.20000000000000001 0
      vertex 216.16 0.20000000000000001 -0.040000000000000008
    endloop
  endfacet
  facet normal -0.70710678118661796 0 0.70710678118647696
    outer loop
      vertex 216.19999999999999 10 0
      vertex 216.16 8.0399999999999991 -0.040000000000000008
      vertex 216.16 0.20000000000000001 -0.040000000000000008
    endloop
  endfacet
  facet normal -0.70710678118661796 0 0.70710678118647707
    outer loop
      vertex 216.19999999999999 10 0
      vertex 216.16 0.20000000000000001 -0.040000000000000008
      vertex 216.19999999999999 0.20000000000000001 0
    endloop
  endfacet
  facet normal -0.70710678118661796 0 0.70710678118647707
    outer loop
      vertex 216.16 8.0399999999999991 -0.040000000000000008
      vertex 216.19999999999999 10 0
      vertex 216.16 10 -0.040000000000000008
    endloop
  endfacet
  facet normal -0.70710678118661796 0 0.70710678118647718
    outer loop
      vertex 216.19999999999999 10.199999999999999 0
      vertex 216.16 10.16 -0.040000000000000008
      vertex 216.16 10 -0.040000000000000008
    endloop
  endfacet
  facet normal -0.70710678118661785 0 0.70710678118647707
    outer loop
      vertex 216.19999999999999 10.199999999999999 0
      vertex 216.16 10 -0.040000000000000008
      vertex 216.19999999999999 10 0
    endloop
  endfacet
  facet normal -0.58834840541446742 -0.19611613513839968 0.78446454055274573
    outer loop
      vertex 216.16 10.16 -0.040000000000000008
      vertex 216.19999999999999 10.199999999999999 0
      vertex 216.14666666666665 10.199999999999999 -0.040000000000000008
    endloop
  endfacet
  facet normal -0.59999999999994003 0 0.80000000000004501
    outer loop
      vertex 216.19999999999999 20 0
      vertex 216.14666666666665 17.386666666666667 -0.040000000000000008
      vertex 216.14666666666665 10.199999999999999 -0.040000000000000008
    endloop
  endfacet
  facet normal -0.59999999999994003 0 0.80000000000004501
    outer loop
      vertex 216.19999999999999 20 0
      vertex 216.14666666666665 10.199999999999999 -0.040000000000000008
      vertex 216.19999999999999 10.199999999999999 0
    endloop
  endfacet
  facet normal -0.59999999999994014 0 0.80000000000004501
    outer loop
      vertex 216.14666666666665 17.386666666666667 -0.040000000000000008
      vertex 216.19999999999999 20 0
      vertex 216.14666666666665 20 -0.040000000000000008
    endloop
  endfacet
  facet normal -0.59999999999993991 0 0.80000000000004501
    outer loop
      vertex 216.19999999999999 20.199999999999999 0
      vertex 216.14666666666665 20.146666666666665 -0.040000000000000008
      vertex 216.14666666666665 20 -0.040000000000000008
    endloop
  endfacet
  facet normal -0.59999999999994003 0 0.80000000000004512
    outer loop
      vertex 216.19999999999999 20.199999999999999 0
      vertex 216.14666666666665 20 -0.040000000000000008
      vertex 216.19999999999999 20 0
    endloop
  endfacet
  facet normal -0.43643578047207038 -0.21821789023583169 0.87287156094396678
    outer loop
      vertex 216.14666666666665 20.146666666666665 -0.040000000000000008
      vertex 216.19999999999999 20.199999999999999 0
      vertex 216.12 20.199999999999999 -0.040000000000000008
    endloop
  endfacet
  facet normal -0.44721359550002915 0 0.89442719099988033
    outer loop
      vertex 216.19999999999999 40 0
      vertex 216.12 32.079999999999998 -0.040000000000000008
      vertex 216.12 20.199999999999999 -0.040000000000000008
    endloop
  endfacet
  facet normal -0.4472135955000292 0 0.89442719099988033
    outer loop
      vertex 216.19999999999999 40 0
      vertex 216.12 20.199999999999999 -0.040000000000000008
      vertex 216.19999999999999 20.199999999999999 0
    endloop
  endfacet
  facet normal -0.4472135955000292 0 0.89442719099988022
    outer loop
      vertex 216.12 32.079999999999998 -0.040000000000000008
      vertex 216.19999999999999 40 0
      vertex 216.12 40 -0.040000000000000008
    endloop
  endfacet
  facet normal -0.4472135955000292 0 0.89442719099988022
    outer loop
      vertex 216.19999999999999 40.200000000000003 0
      vertex 216.12 40.120000000000005 -0.040000000000000008
      vertex 216.12 40 -0.040000000000000008
    endloop
  endfacet
  facet normal -0.44721359550002909 0 0.89442719099988022
    outer loop
      vertex 216.19999999999999 40.200000000000003 0
      vertex 216.12 40 -0.040000000000000008
      vertex 216.19999999999999 40 0
    endloop
  endfacet
  facet normal -0.235702260395518 -0.23570226039555989 0.9428090415820517
    outer loop
      vertex 216.12 40.120000000000005 -0.040000000000000008
      vertex 216.19999999999999 40.200000000000003 0
      vertex 216.03999999999999 40.200000000000003 -0.040000000000000008
    endloop
  endfacet
  facet normal -0.2425356250363378 0 0.97014250014533077
    outer loop
      vertex 216.19999999999999 60 0
      vertex 216.03999999999999 44.159999999999997 -0.040000000000000008
      vertex 216.03999999999999 40.200000000000003 -0.040000000000000008
    endloop
  endfacet
  facet normal -0.24253562503633788 0 0.97014250014533066
    outer loop
      vertex 216.19999999999999 60 0
      vertex 216.03999999999999 40.200000000000003 -0.040000000000000008
      vertex 216.19999999999999 40.200000000000003 0
    endloop
  endfacet
  facet normal -0.24253562503633788 0 0.97014250014533066
    outer loop
      vertex 216.03999999999999 44.159999999999997 -0.040000000000000008
      vertex 216.19999999999999 60 0
      vertex 216.03999999999999 60 -0.040000000000000008
    endloop
  endfacet
  facet normal -0.24253562503633791 0 0.97014250014533066
    outer loop
      vertex 216.19999999999999 60.200000000000003 0
      vertex 216.03999999999999 60.039999999999999 -0.040000000000000008
      vertex 216.03999999999999 60 -0.040000000000000008
    endloop
  endfacet
  facet normal -0.24253562503633788 0 0.97014250014533077
    outer loop
      vertex 216.19999999999999 60.200000000000003 0
      vertex 216.03999999999999 60 -0.040000000000000008
      vertex 216.19999999999999 60 0
    endloop
  endfacet
  facet normal 0 -0.24253562503632775 0.97014250014533321
    outer loop
      vertex 216 60.200000000000003 0
      vertex 216 60.039999999999999 -0.040000000000000008
      vertex 216.03999999999999 60.039999999999999 -0.040000000000000008
    endloop
  endfacet
  facet normal 0 -0.24253562503632778 0.97014250014533321
    outer loop
      vertex 216 60.200000000000003 0
      vertex 216.03999999999999 60.039999999999999 -0.040000000000000008
      vertex 216.19999999999999 60.200000000000003 0
    endloop
  endfacet
  facet normal 0 0.24253562503633794 0.97014250014533077
    outer loop
      vertex 216.56 80.159999999999997 -0.040000000000000008
      vertex 216.40000000000001 80 0
      vertex 216.59999999999999 80 0
    endloop
  endfacet
  facet normal -0 0.24253562503633791 0.97014250014533066
    outer loop
      vertex 216.56 80.159999999999997 -0.040000000000000008
      vertex 216.59999999999999 80 0
      vertex 216.59999999999999 80.159999999999997 -0.040000000000000008
    endloop
  endfacet
  facet normal 0.2425356250363378 0 0.97014250014533066
    outer loop
      vertex 216.40000000000001 80 0
      vertex 216.56 80.159999999999997 -0.040000000000000008
      vertex 216.56 80.200000000000003 -0.040000000000000008
    endloop
  endfacet
  facet normal 0.24253562503633788 -0 0.97014250014533077
    outer loop
      vertex 216.40000000000001 80 0
      vertex 216.56 80.200000000000003 -0.040000000000000008
      vertex 216.40000000000001 80.200000000000003 0
    endloop
  endfacet
  facet normal 0.24253562503633788 0 0.97014250014533066
    outer loop
      vertex 216.56 96.040000000000006 -0.040000000000000008
      vertex 216.40000000000001 80.200000000000003 0
      vertex 216.56 80.200000000000003 -0.040000000000000008
    endloop
  endfacet
  facet normal 0.2425356250363378 0 0.97014250014533077
    outer loop
      vertex 216.40000000000001 80.200000000000003 0
      vertex 216.56 96.040000000000006 -0.040000000000000008
      vertex 216.56 100 -0.040000000000000008
    endloop
  endfacet
  facet normal 0.24253562503633788 -0 0.97014250014533066
    outer loop
      vertex 216.40000000000001 80.200000000000003 0
      vertex 216.56 100 -0.040000000000000008
      vertex 216.40000000000001 100 0
    endloop
  endfacet
  facet normal 0 0.24253562503633785 0.97014250014533054
    outer loop
      vertex 216.76000000000002 80.159999999999997 -0.040000000000000008
      vertex 216.59999999999999 80 0
      vertex 216.80000000000001 80 0
    endloop
  endfacet
  facet normal -0 0.24253562503633791 0.97014250014533066
    outer loop
      vertex 216.76000000000002 80.159999999999997 -0.040000000000000008
      vertex 216.80000000000001 80 0
      vertex 216.80000000000001 80.159999999999997 -0.040000000000000008
    endloop
  endfacet
  facet normal -0 0.24253562503633788 0.97014250014533066
    outer loop
      vertex 216.59999999999999 80.159999999999997 -0.040000000000000008
      vertex 216.59999999999999 80 0
      vertex 216.76000000000002 80.159999999999997 -0.040000000000000008
    endloop
  endfacet
  facet normal 0 0.24253562503633794 0.97014250014533077
    outer loop
      vertex 216.96000000000001 80.159999999999997 -0.040000000000000008
      vertex 216.80000000000001 80 0
      vertex 217 80 0
    endloop
  endfacet
  facet normal -0 0.24253562503633791 0.97014250014533066
    outer loop
      vertex 216.96000000000001 80.159999999999997 -0.040000000000000008
      vertex 217 80 0
      vertex 217 80.159999999999997 -0.040000000000000008
    endloop
  endfacet
  facet normal -0 0.24253562503633788 0.97014250014533066
    outer loop
      vertex 216.80000000000001 80.159999999999997 -0.040000000000000008
      vertex 216.80000000000001 80 0
      vertex 216.96000000000001 80.159999999999997 -0.040000000000000008
    endloop
  endfacet
  facet normal 0 0.24253562503633794 0.97014250014533077
    outer loop
      vertex 217.16 80.159999999999997 -0.040000000000000008
      vertex 217 80 0
      vertex 217.19999999999999 80 0
    endloop
  endfacet
  facet normal -0 0.24253562503633791 0.97014250014533066
    outer loop
      vertex 217.16 80.159999999999997 -0.040000000000000008
      vertex 217.19999999999999 80 0
      vertex 217.19999999999999 80.159999999999997 -0.040000000000000008
    endloop
  endfacet
  facet normal -0 0.24253562503633788 0.97014250014533066
    outer loop
      vertex 217 80.159999999999997 -0.040000000000000008
      vertex 217 80 0
      vertex 217.16 80.159999999999997 -0.040000000000000008
    endloop
  endfacet
  facet normal 0.44721359549990203 0 0.89442719099994372
    outer loop
      vertex 217.28 -92.079999999999998 -0.040000000000000008
      vertex 217.19999999999999 -100 0
      vertex 217.28 -100 -0.040000000000000008
    endloop
  endfacet
  facet normal 0.44721359549990203 0 0.89442719099994372
    outer loop
      vertex 217.19999999999999 -100 0
      vertex 217.28 -92.079999999999998 -0.040000000000000008
      vertex 217.28 -80.200000000000003 -0.040000000000000008
    endloop
  endfacet
  facet normal 0.44721359549990208 -0 0.89442719099994383
    outer loop
      vertex 217.19999999999999 -100 0
      vertex 217.28 -80.200000000000003 -0.040000000000000008
      vertex 217.19999999999999 -80.200000000000003 0
    endloop
  endfacet
  facet normal 0.4082482904638205 -0.4082482904638205 0.81649658092776856
    outer loop
      vertex 217.19999999999999 -80.200000000000003 0
      vertex 217.28 -80.200000000000003 -0.040000000000000008
      vertex 217.40000000000001 -80.079999999999998 -0.040000000000000008
    endloop
  endfacet
  facet normal 0.4082482904638447 -0.40824829046387373 0.81649658092772981
    outer loop
      vertex 217.19999999999999 -80.200000000000003 0
      vertex 217.40000000000001 -80.079999999999998 -0.040000000000000008
      vertex 217.40000000000001 -80 0
    endloop
  endfacet
  facet normal 0 0.24253562503632781 0.97014250014533332
    outer loop
      vertex 217.36000000000001 -60.039999999999999 -0.040000000000000008
      vertex 217.19999999999999 -60.200000000000003 0
      vertex 217.40000000000001 -60.200000000000003 0
    endloop
  endfacet
  facet normal -0 0.24253562503632775 0.97014250014533321
    outer loop
      vertex 217.36000000000001 -60.039999999999999 -0.040000000000000008
      vertex 217.40000000000001 -60.200000000000003 0
      vertex 217.40000000000001 -60.039999999999999 -0.040000000000000008
    endloop
  endfacet
  facet normal 0.2425356250362973 0 0.97014250014534076
    outer loop
      vertex 217.19999999999999 -60.200000000000003 0
      vertex 217.36000000000001 -60.039999999999999 -0.040000000000000008
      vertex 217.36000000000001 -60 -0.040000000000000008
    endloop
  endfacet
  facet normal 0.24253562503629733 -0 0.97014250014534076
    outer loop
      vertex 217.19999999999999 -60.200000000000003 0
      vertex 217.36000000000001 -60 -0.040000000000000008
      vertex 217.19999999999999 -60 0
    endloop
  endfacet
  facet normal 0.2425356250362973 0 0.97014250014534076
    outer loop
      vertex 217.36000000000001 -44.159999999999997 -0.040000000000000008
      vertex 217.19999999999999 -60 0
      vertex 217.36000000000001 -60 -0.040000000000000008
    endloop
  endfacet
  facet normal 0.2425356250362973 0 0.97014250014534087
    outer loop
      vertex 217.19999999999999 -60 0
      vertex 217.36000000000001 -44.159999999999997 -0.040000000000000008
      vertex 217.36000000000001 -40.200000000000003 -0.040000000000000008
    endloop
  endfacet
  facet normal 0.24253562503629733 -0 0.97014250014534087
    outer loop
      vertex 217.19999999999999 -60 0
      vertex 217.36000000000001 -40.200000000000003 -0.040000000000000008
      vertex 217.19999999999999 -40.200000000000003 0
    endloop
  endfacet
  facet normal 0.23570226039548547 -0.23570226039544351 0.942809041582089
    outer loop
      vertex 217.19999999999999 -40.200000000000003 0
      vertex 217.36000000000001 -40.200000000000003 -0.040000000000000008
      vertex 217.40000000000001 -40.160000000000004 -0.040000000000000008
    endloop
  endfacet
  facet normal 0.23570226039549524 -0.23570226039551201 0.94280904158206946
    outer loop
      vertex 217.19999999999999 -40.200000000000003 0
      vertex 217.40000000000001 -40.160000000000004 -0.040000000000000008
      vertex 217.40000000000001 -40 0
    endloop
  endfacet
  facet normal -0.23570226039550449 0.23570226039552125 0.9428090415820648
    outer loop
      vertex 217.19999999999999 80.159999999999997 -0.040000000000000008
      vertex 217.19999999999999 80 0
      vertex 217.40000000000001 80.200000000000003 0
    endloop
  endfacet
  facet normal -0.23570226039548781 0.23570226039540404 0.94280904158209833
    outer loop
      vertex 217.19999999999999 80.159999999999997 -0.040000000000000008
      vertex 217.40000000000001 80.200000000000003 0
      vertex 217.23999999999998 80.200000000000003 -0.040000000000000008
    endloop
  endfacet
  facet normal -0.2425356250362973 0 0.97014250014534087
    outer loop
      vertex 217.40000000000001 100 0
      vertex 217.23999999999998 84.159999999999997 -0.040000000000000008
      vertex 217.23999999999998 80.200000000000003 -0.040000000000000008
    endloop
  endfacet
  facet normal -0.24253562503629733 0 0.97014250014534087
    outer loop
      vertex 217.40000000000001 100 0
      vertex 217.23999999999998 80.200000000000003 -0.040000000000000008
      vertex 217.40000000000001 80.200000000000003 0
    endloop
  endfacet
  facet normal -0.2425356250362973 0 0.97014250014534076
    outer loop
      vertex 217.23999999999998 84.159999999999997 -0.040000000000000008
      vertex 217.40000000000001 100 0
      vertex 217.23999999999998 100 -0.040000000000000008
    endloop
  endfacet
  facet normal 0 -0.44721359549996564 0.89442719099991197
    outer loop
      vertex 217.59999999999999 -80 0
      vertex 217.52000000000001 -80.079999999999998 -0.040000000000000008
      vertex 217.59999999999999 -80.079999999999998 -0.040000000000000008
    endloop
  endfacet
  facet normal 0 -0.44721359549996564 0.89442719099991208
    outer loop
      vertex 217.40000000000001 -80 0
      vertex 217.40000000000001 -80.079999999999998 -0.040000000000000008
      vertex 217.52000000000001 -80.079999999999998 -0.040000000000000008
    endloop
  endfacet
  facet normal 0 -0.44721359549996564 0.89442719099991186
    outer loop
      vertex 217.40000000000001 -80 0
      vertex 217.52000000000001 -80.079999999999998 -0.040000000000000008
      vertex 217.59999999999999 -80 0
    endloop
  endfacet
  facet normal 0 0.24253562503632778 0.97014250014533321
    outer loop
      vertex 217.56 -60.039999999999999 -0.040000000000000008
      vertex 217.40000000000001 -60.200000000000003 0
      vertex 217.59999999999999 -60.200000000000003 0
    endloop
  endfacet
  facet normal -0 0.24253562503632775 0.97014250014533321
    outer loop
      vertex 217.56 -60.039999999999999 -0.040000000000000008
      vertex 217.59999999999999 -60.200000000000003 0
      vertex 217.59999999999999 -60.039999999999999 -0.040000000000000008
    endloop
  endfacet
  facet normal -0 0.24253562503632775 0.97014250014533321
    outer loop
      vertex 217.40000000000001 -60.039999999999999 -0.040000000000000008
      vertex 217.40000000000001 -60.200000000000003 0
      vertex 217.56 -60.039999999999999 -0.040000000000000008
    endloop
  endfacet
  facet normal 0 -0.24253562503632775 0.97014250014533321
    outer loop
      vertex 217.59999999999999 -40 0
      vertex 217.44 -40.160000000000004 -0.040000000000000008
      vertex 217.59999999999999 -40.160000000000004 -0.040000000000000008
    endloop
  endfacet
  facet normal 0 -0.24253562503632775 0.97014250014533321
    outer loop
      vertex 217.40000000000001 -40 0
      vertex 217.40000000000001 -40.160000000000004 -0.040000000000000008
      vertex 217.44 -40.160000000000004 -0.040000000000000008
    endloop
  endfacet
  facet normal 0 -0.24253562503632778 0.97014250014533321
    outer loop
      vertex 217.40000000000001 -40 0
      vertex 217.44 -40.160000000000004 -0.040000000000000008
      vertex 217.59999999999999 -40 0
    endloop
  endfacet
  facet normal 0 -0.44721359549996564 0.89442719099991208
    outer loop
      vertex 217.80000000000001 -80 0
      vertex 217.72 -80.079999999999998 -0.040000000000000008
      vertex 217.80000000000001 -80.079999999999998 -0.040000000000000008
    endloop
  endfacet
  facet normal 0 -0.44721359549996564 0.89442719099991208
    outer loop
      vertex 217.59999999999999 -80 0
      vertex 217.59999999999999 -80.079999999999998 -0.040000000000000008
      vertex 217.72 -80.079999999999998 -0.040000000000000008
    endloop
  endfacet
  facet normal 0 -0.44721359549996559 0.89442719099991197
    outer loop
      vertex 217.59999999999999 -80 0
      vertex 217.72 -80.079999999999998 -0.040000000000000008
      vertex 217.80000000000001 -80 0
    endloop
  endfacet
  facet normal 0 0.24253562503632781 0.97014250014533332
    outer loop
      vertex 217.76000000000002 -60.039999999999999 -0.040000000000000008
      vertex 217.59999999999999 -60.200000000000003 0
      vertex 217.80000000000001 -60.200000000000003 0
    endloop
  endfacet
  facet normal -0 0.24253562503632775 0.97014250014533321
    outer loop
      vertex 217.76000000000002 -60.039999999999999 -0.040000000000000008
      vertex 217.80000000000001 -60.200000000000003 0
      vertex 217.80000000000001 -60.039999999999999 -0.040000000000000008
    endloop
  endfacet
  facet normal -0 0.24253562503632778 0.97014250014533321
    outer loop
      vertex 217.59999999999999 -60.039999999999999 -0.040000000000000008
      vertex 217.59999999999999 -60.200000000000003 0
      vertex 217.76000000000002 -60.039999999999999 -0.040000000000000008
    endloop
  endfacet
  facet normal 0 -0.24253562503632778 0.97014250014533321
    outer loop
      vertex 217.80000000000001 -40 0
      vertex 217.63999999999999 -40.160000000000004 -0.040000000000000008
      vertex 217.80000000000001 -40.160000000000004 -0.040000000000000008
    endloop
  endfacet
  facet normal 0 -0.24253562503632775 0.97014250014533321
    outer loop
      vertex 217.59999999999999 -40 0
      vertex 217.59999999999999 -40.160000000000004 -0.040000000000000008
      vertex 217.63999999999999 -40.160000000000004 -0.040000000000000008
    endloop
  endfacet
  facet normal 0 -0.24253562503632775 0.97014250014533332
    outer loop
      vertex 217.59999999999999 -40 0
      vertex 217.63999999999999 -40.160000000000004 -0.040000000000000008
      vertex 217.80000000000001 -40 0
    endloop
  endfacet
  facet normal 0 -0.44721359549996564 0.89442719099991197
    outer loop
      vertex 218 -80 0
      vertex 217.92000000000002 -80.079999999999998 -0.040000000000000008
      vertex 218 -80.079999999999998 -0.040000000000000008
    endloop
  endfacet
  facet normal 0 -0.44721359549996564 0.89442719099991208
    outer loop
      vertex 217.80000000000001 -80 0
      vertex 217.80000000000001 -80.079999999999998 -0.040000000000000008
      vertex 217.92000000000002 -80.079999999999998 -0.040000000000000008
    endloop
  endfacet
  facet normal 0 -0.44721359549996564 0.89442719099991186
    outer loop
      vertex 217.80000000000001 -80 0
      vertex 217.92000000000002 -80.079999999999998 -0.040000000000000008
      vertex 218 -80 0
    endloop
  endfacet
  facet normal 0 0.24253562503632778 0.97014250014533321
    outer loop
      vertex 217.96000000000001 -60.039999999999999 -0.040000000000000008
      vertex 217.80000000000001 -60.200000000000003 0
      vertex 218 -60.200000000000003 0
    endloop
  endfacet
  facet normal -0 0.24253562503632775 0.97014250014533321
    outer loop
      vertex 217.96000000000001 -60.039999999999999 -0.040000000000000008
      vertex 218 -60.200000000000003 0
      vertex 218 -60.039999999999999 -0.040000000000000008
    endloop
  endfacet
  facet normal -0 0.24253562503632775 0.97014250014533321
    outer loop
      vertex 217.80000000000001 -60.039999999999999 -0.040000000000000008
      vertex 217.80000000000001 -60.200000000000003 0
      vertex 217.96000000000001 -60.039999999999999 -0.040000000000000008
    endloop
  endfacet
  facet normal 0 -0.24253562503632775 0.97014250014533321
    outer loop
      vertex 218 -40 0
      vertex 217.84 -40.160000000000004 -0.040000000000000008
      vertex 218 -40.160000000000004 -0.040000000000000008
    endloop
  endfacet
  facet normal 0 -0.24253562503632775 0.97014250014533321
    outer loop
      vertex 217.80000000000001 -40 0
      vertex 217.80000000000001 -40.160000000000004 -0.040000000000000008
      vertex 217.84 -40.160000000000004 -0.040000000000000008
    endloop
  endfacet
  facet normal 0 -0.24253562503632778 0.97014250014533321
    outer loop
      vertex 217.80000000000001 -40 0
      vertex 217.84 -40.160000000000004 -0.040000000000000008
      vertex 218 -40 0
    endloop
  endfacet
  facet normal -0.4472135955000292 0 0.89442719099988022
    outer loop
      vertex 218.19999999999999 -80.200000000000003 0
      vertex 218.12 -88.120000000000005 -0.040000000000000008
      vertex 218.12 -100 -0.040000000000000008
    endloop
  endfacet
  facet normal -0.4472135955000292 0 0.89442719099988033
    outer loop
      vertex 218.19999999999999 -80.200000000000003 0
      vertex 218.12 -100 -0.040000000000000008
      vertex 218.19999999999999 -100 0
    endloop
  endfacet
  facet normal -0.4472135955000292 0 0.89442719099988022
    outer loop
      vertex 218.12 -88.120000000000005 -0.040000000000000008
      vertex 218.19999999999999 -80.200000000000003 0
      vertex 218.12 -80.200000000000003 -0.040000000000000008
    endloop
  endfacet
  facet normal -0.4472135955000292 0 0.89442719099988022
    outer loop
      vertex 218.19999999999999 -80 0
      vertex 218.12 -80.079999999999998 -0.040000000000000008
      vertex 218.12 -80.200000000000003 -0.040000000000000008
    endloop
  endfacet
  facet normal -0.44721359550002909 0 0.89442719099988022
    outer loop
      vertex 218.19999999999999 -80 0
      vertex 218.12 -80.200000000000003 -0.040000000000000008
      vertex 218.19999999999999 -80.200000000000003 0
    endloop
  endfacet
  facet normal 0 -0.44721359549996564 0.89442719099991208
    outer loop
      vertex 218 -80 0
      vertex 218 -80.079999999999998 -0.040000000000000008
      vertex 218.12 -80.079999999999998 -0.040000000000000008
    endloop
  endfacet
  facet normal 0 -0.44721359549996564 0.89442719099991186
    outer loop
      vertex 218 -80 0
      vertex 218.12 -80.079999999999998 -0.040000000000000008
      vertex 218.19999999999999 -80 0
    endloop
  endfacet
  facet normal -0.23570226039552686 0.23570226039551015 0.94280904158206202
    outer loop
      vertex 218 -60.039999999999999 -0.040000000000000008
      vertex 218 -60.200000000000003 0
      vertex 218.19999999999999 -60 0
    endloop
  endfacet
  facet normal -0.23570226039552272 0.23570226039548084 0.94280904158207046
    outer loop
      vertex 218 -60.039999999999999 -0.040000000000000008
      vertex 218.19999999999999 -60 0
      vertex 218.03999999999999 -60 -0.040000000000000008
    endloop
  endfacet
  facet normal -0.2425356250363378 0 0.97014250014533077
    outer loop
      vertex 218.19999999999999 -40.200000000000003 0
      vertex 218.03999999999999 -56.040000000000006 -0.040000000000000008
      vertex 218.03999999999999 -60 -0.040000000000000008
    endloop
  endfacet
  facet normal -0.24253562503633788 0 0.97014250014533066
    outer loop
      vertex 218.19999999999999 -40.200000000000003 0
      vertex 218.03999999999999 -60 -0.040000000000000008
      vertex 218.19999999999999 -60 0
    endloop
  endfacet
  facet normal -0.24253562503633788 0 0.97014250014533066
    outer loop
      vertex 218.03999999999999 -56.040000000000006 -0.040000000000000008
      vertex 218.19999999999999 -40.200000000000003 0
      vertex 218.03999999999999 -40.200000000000003 -0.040000000000000008
    endloop
  endfacet
  facet normal -0.24253562503633791 0 0.97014250014533066
    outer loop
      vertex 218.19999999999999 -40 0
      vertex 218.03999999999999 -40.160000000000004 -0.040000000000000008
      vertex 218.03999999999999 -40.200000000000003 -0.040000000000000008
    endloop
  endfacet
  facet normal -0.24253562503633788 0 0.97014250014533077
    outer loop
      vertex 218.19999999999999 -40 0
      vertex 218.03999999999999 -40.200000000000003 -0.040000000000000008
      vertex 218.19999999999999 -40.200000000000003 0
    endloop
  endfacet
  facet normal 0 -0.24253562503632775 0.97014250014533321
    outer loop
      vertex 218 -40 0
      vertex 218 -40.160000000000004 -0.040000000000000008
      vertex 218.03999999999999 -40.160000000000004 -0.040000000000000008
    endloop
  endfacet
  facet normal 0 -0.24253562503632778 0.97014250014533321
    outer loop
      vertex 218 -40 0
      vertex 218.03999999999999 -40.160000000000004 -0.040000000000000008
      vertex 218.19999999999999 -40 0
    endloop
  endfacet
endsolid terrain_band_5
