solid terrain_band_8
  facet normal -0.21821789023599578 -0.43643578047199161 0.87287156094396523
    outer loop
      vertex 150.16 -80.040000000000006 0.12
      vertex 150.10666666666665 -80.093333333333334 0.080000000000000016
      vertex 150.19999999999999 -80.140000000000001 0.080000000000000016
    endloop
  endfacet
  facet normal -0.21821789023599583 -0.43643578047199166 0.87287156094396512
    outer loop
      vertex 150.16 -80.040000000000006 0.12
      vertex 150.19999999999999 -80.140000000000001 0.080000000000000016
      vertex 150.19999999999999 -80.060000000000002 0.12
    endloop
  endfacet
  facet normal -0.5999999999999398 0 0.80000000000004512
    outer loop
      vertex 150.10666666666665 -80.093333333333334 0.080000000000000016
      vertex 150.16 -80.040000000000006 0.12
      vertex 150.16 -80 0.12
    endloop
  endfacet
  facet normal -0.5999999999999398 0 0.80000000000004512
    outer loop
      vertex 150.10666666666665 -80.093333333333334 0.080000000000000016
      vertex 150.16 -80 0.12
      vertex 150.10666666666665 -80 0.080000000000000016
    endloop
  endfacet
  facet normal -0.59999999999993991 0 0.80000000000004512
    outer loop
      vertex 150.16 -64.159999999999997 0.12
      vertex 150.10666666666665 -69.439999999999998 0.080000000000000016
      vertex 150.10666666666665 -80 0.080000000000000016
    endloop
  endfacet
  facet normal -0.5999999999999398 0 0.80000000000004512
    outer loop
      vertex 150.16 -64.159999999999997 0.12
      vertex 150.10666666666665 -80 0.080000000000000016
      vertex 150.16 -80 0.12
    endloop
  endfacet
  facet normal -0.59999999999993969 0 0.80000000000004523
    outer loop
      vertex 150.10666666666665 -69.439999999999998 0.080000000000000016
      vertex 150.16 -64.159999999999997 0.12
      vertex 150.16 -60.200000000000003 0.12
    endloop
  endfacet
  facet normal -0.5999999999999398 0 0.80000000000004523
    outer loop
      vertex 150.10666666666665 -69.439999999999998 0.080000000000000016
      vertex 150.16 -60.200000000000003 0.12
      vertex 150.10666666666665 -60.200000000000003 0.080000000000000016
    endloop
  endfacet
  facet normal -0.5883484054144924 0.19611613513819023 0.78446454055277948
    outer loop
      vertex 150.16 -60.039999999999999 0.080000000000000016
      vertex 150.10666666666665 -60.200000000000003 0.080000000000000016
      vertex 150.16 -60.200000000000003 0.12
    endloop
  endfacet
  facet normal -0.58834840541463462 0.19611613513816512 0.78446454055267889
    outer loop
      vertex 150.16 -60.039999999999999 0.080000000000000016
      vertex 150.16 -60.200000000000003 0.12
      vertex 150.19999999999999 -60.079999999999998 0.12
    endloop
  endfacet
  facet normal -0.58834840541462796 0.1961161351381745 0.78446454055268156
    outer loop
      vertex 150.16 -60.039999999999999 0.080000000000000016
      vertex 150.19999999999999 -60.079999999999998 0.12
      vertex 150.19999999999999 -60 0.10000000000000001
    endloop
  endfacet
  facet normal -0.44721359550002898 0 0.89442719099988033
    outer loop
      vertex 150.16 -60.039999999999999 0.080000000000000016
      vertex 150.19999999999999 -60 0.10000000000000001
      vertex 150.16 -60 0.080000000000000016
    endloop
  endfacet
  facet normal -0.44721359550002893 0 0.89442719099988033
    outer loop
      vertex 150.16 -44.159999999999997 0.080000000000000016
      vertex 150.16 -60 0.080000000000000016
      vertex 150.19999999999999 -60 0.10000000000000001
    endloop
  endfacet
  facet normal -0.44721359550002898 0 0.89442719099988044
    outer loop
      vertex 150.16 -44.159999999999997 0.080000000000000016
      vertex 150.19999999999999 -60 0.10000000000000001
      vertex 150.19999999999999 -40.200000000000003 0.10000000000000001
    endloop
  endfacet
  facet normal -0.44721359550002893 0 0.89442719099988033
    outer loop
      vertex 150.16 -44.159999999999997 0.080000000000000016
      vertex 150.19999999999999 -40.200000000000003 0.10000000000000001
      vertex 150.16 -40.200000000000003 0.080000000000000016
    endloop
  endfacet
  facet normal -0.43643578047205445 0.21821789023598845 0.87287156094393559
    outer loop
      vertex 150.16 -40.200000000000003 0.080000000000000016
      vertex 150.19999999999999 -40.200000000000003 0.10000000000000001
      vertex 150.19999999999999 -40.120000000000005 0.080000000000000016
    endloop
  endfacet
  facet normal -0.23570226039555978 -0.23570226039551789 0.94280904158205192
    outer loop
      vertex 150.16 -20.039999999999999 0.080000000000000016
      vertex 150.19999999999999 -20.079999999999998 0.080000000000000016
      vertex 150.19999999999999 -20 0.10000000000000001
    endloop
  endfacet
  facet normal -0.44721359550002898 0 0.89442719099988033
    outer loop
      vertex 150.16 -20.039999999999999 0.080000000000000016
      vertex 150.19999999999999 -20 0.10000000000000001
      vertex 150.16 -20 0.080000000000000016
    endloop
  endfacet
  facet normal -0.44721359550002898 0 0.89442719099988033
    outer loop
      vertex 150.16 -12.159999999999998 0.080000000000000016
      vertex 150.16 -20 0.080000000000000016
      vertex 150.19999999999999 -20 0.10000000000000001
    endloop
  endfacet
  facet normal -0.44721359550002898 0 0.89442719099988033
    outer loop
      vertex 150.16 -12.159999999999998 0.080000000000000016
      vertex 150.19999999999999 -20 0.10000000000000001
      vertex 150.19999999999999 -10.199999999999999 0.10000000000000001
    endloop
  endfacet
  facet normal -0.44721359550002898 0 0.89442719099988033
    outer loop
      vertex 150.16 -12.159999999999997 0.080000000000000016
      vertex 150.19999999999999 -10.199999999999999 0.10000000000000001
      vertex 150.16 -10.199999999999999 0.080000000000000016
    endloop
  endfacet
  facet normal -0.43643578047192927 -0.21821789023600091 0.8728715609439951
    outer loop
      vertex 150.16 -10.040000000000001 0.12
      vertex 150.10666666666665 -10.093333333333334 0.080000000000000016
      vertex 150.16 -10.199999999999999 0.080000000000000016
    endloop
  endfacet
  facet normal -0.43643578047205472 -0.21821789023598617 0.87287156094393614
    outer loop
      vertex 150.16 -10.040000000000001 0.12
      vertex 150.16 -10.199999999999999 0.080000000000000016
      vertex 150.19999999999999 -10.199999999999999 0.10000000000000001
    endloop
  endfacet
  facet normal -0.43643578047204706 -0.21821789023598476 0.87287156094394025
    outer loop
      vertex 150.16 -10.040000000000001 0.12
      vertex 150.19999999999999 -10.199999999999999 0.10000000000000001
      vertex 150.19999999999999 -10.119999999999999 0.12
    endloop
  endfacet
  facet normal -0.59999999999993991 0 0.80000000000004512
    outer loop
      vertex 150.10666666666665 -10.093333333333334 0.080000000000000016
      vertex 150.16 -10.040000000000001 0.12
      vertex 150.16 -10 0.12
    endloop
  endfacet
  facet normal -0.5999999999999398 0 0.80000000000004512
    outer loop
      vertex 150.10666666666665 -10.093333333333334 0.080000000000000016
      vertex 150.16 -10 0.12
      vertex 150.10666666666665 -10 0.080000000000000016
    endloop
  endfacet
  facet normal -0.5999999999999398 0 0.80000000000004512
    outer loop
      vertex 150.16 -2 0.12
      vertex 150.10666666666665 -4.6666666666666661 0.080000000000000016
      vertex 150.10666666666665 -10 0.080000000000000016
    endloop
  endfacet
  facet normal -0.5999999999999398 0 0.80000000000004512
    outer loop
      vertex 150.16 -2 0.12
      vertex 150.10666666666665 -10 0.080000000000000016
      vertex 150.16 -10 0.12
    endloop
  endfacet
  facet normal -0.59999999999993958 0 0.80000000000004512
    outer loop
      vertex 150.10666666666665 -4.6666666666666661 0.080000000000000016
      vertex 150.16 -2.0000000000000004 0.12
      vertex 150.16 0 0.12
    endloop
  endfacet
  facet normal -0.59999999999993969 0 0.80000000000004512
    outer loop
      vertex 150.10666666666665 -4.6666666666666661 0.080000000000000016
      vertex 150.16 0 0.12
      vertex 150.10666666666665 0 0.080000000000000016
    endloop
  endfacet
  facet normal -0.58834840541449174 0.19611613513819454 0.78446454055277881
    outer loop
      vertex 150.16 0.16000000000000003 0.080000000000000016
      vertex 150.10666666666665 0 0.080000000000000016
      vertex 150.16 0 0.12
    endloop
  endfacet
  facet normal -0.58834840541462852 0.19611613513817044 0.78446454055268233
    outer loop
      vertex 150.16 0.16000000000000003 0.080000000000000016
      vertex 150.16 0 0.12
      vertex 150.19999999999999 0.12000000000000002 0.12
    endloop
  endfacet
  facet normal -0.58834840541462829 0.1961161351381705 0.78446454055268222
    outer loop
      vertex 150.16 0.16000000000000003 0.080000000000000016
      vertex 150.19999999999999 0.12000000000000002 0.12
      vertex 150.19999999999999 0.20000000000000001 0.10000000000000001
    endloop
  endfacet
  facet normal -0.44721359550002893 0 0.89442719099988033
    outer loop
      vertex 150.16 0.16000000000000003 0.080000000000000016
      vertex 150.19999999999999 0.20000000000000001 0.10000000000000001
      vertex 150.16 0.20000000000000001 0.080000000000000016
    endloop
  endfacet
  facet normal -0.44721359550002893 0 0.89442719099988033
    outer loop
      vertex 150.16 8.0400000000000009 0.080000000000000016
      vertex 150.16 0.20000000000000001 0.080000000000000016
      vertex 150.19999999999999 0.20000000000000001 0.10000000000000001
    endloop
  endfacet
  facet normal -0.44721359550002887 0 0.89442719099988033
    outer loop
      vertex 150.16 8.0400000000000009 0.080000000000000016
      vertex 150.19999999999999 0.20000000000000001 0.10000000000000001
      vertex 150.19999999999999 10 0.10000000000000001
    endloop
  endfacet
  facet normal -0.44721359550002898 0 0.89442719099988033
    outer loop
      vertex 150.16 8.0400000000000027 0.080000000000000016
      vertex 150.19999999999999 10 0.10000000000000001
      vertex 150.16 10 0.080000000000000016
    endloop
  endfacet
  facet normal -0.43643578047192927 -0.21821789023600091 0.8728715609439951
    outer loop
      vertex 150.16 10.159999999999998 0.12
      vertex 150.10666666666665 10.106666666666666 0.080000000000000016
      vertex 150.16 10 0.080000000000000016
    endloop
  endfacet
  facet normal -0.43643578047205472 -0.21821789023598617 0.87287156094393614
    outer loop
      vertex 150.16 10.159999999999998 0.12
      vertex 150.16 10 0.080000000000000016
      vertex 150.19999999999999 10 0.10000000000000001
    endloop
  endfacet
  facet normal -0.43643578047204706 -0.21821789023598476 0.87287156094394025
    outer loop
      vertex 150.16 10.159999999999998 0.12
      vertex 150.19999999999999 10 0.10000000000000001
      vertex 150.19999999999999 10.08 0.12
    endloop
  endfacet
  facet normal -0.59999999999993991 0 0.80000000000004512
    outer loop
      vertex 150.10666666666665 10.106666666666666 0.080000000000000016
      vertex 150.16 10.159999999999998 0.12
      vertex 150.16 10.199999999999999 0.12
    endloop
  endfacet
  facet normal -0.5999999999999398 0 0.80000000000004512
    outer loop
      vertex 150.10666666666665 10.106666666666666 0.080000000000000016
      vertex 150.16 10.199999999999999 0.12
      vertex 150.10666666666665 10.199999999999999 0.080000000000000016
    endloop
  endfacet
  facet normal -0.5999999999999398 0 0.80000000000004512
    outer loop
      vertex 150.16 18.039999999999999 0.12
      vertex 150.10666666666665 15.426666666666668 0.080000000000000016
      vertex 150.10666666666665 10.199999999999999 0.080000000000000016
    endloop
  endfacet
  facet normal -0.5999999999999398 0 0.80000000000004523
    outer loop
      vertex 150.16 18.039999999999999 0.12
      vertex 150.10666666666665 10.199999999999999 0.080000000000000016
      vertex 150.16 10.199999999999999 0.12
    endloop
  endfacet
  facet normal -0.5999999999999398 0 0.80000000000004523
    outer loop
      vertex 150.10666666666665 15.426666666666668 0.080000000000000016
      vertex 150.16 18.039999999999999 0.12
      vertex 150.16 20 0.12
    endloop
  endfacet
  facet normal -0.59999999999993969 0 0.80000000000004512
    outer loop
      vertex 150.10666666666665 15.426666666666668 0.080000000000000016
      vertex 150.16 20 0.12
      vertex 150.10666666666665 20 0.080000000000000016
    endloop
  endfacet
  facet normal -0.58834840541449185 0.1961161351381944 0.7844645405527787
    outer loop
      vertex 150.16 20.16 0.080000000000000016
      vertex 150.10666666666665 20 0.080000000000000016
      vertex 150.16 20 0.12
    endloop
  endfacet
  facet normal -0.58834840541463129 0.19611613513816978 0.78446454055268022
    outer loop
      vertex 150.16 20.16 0.080000000000000016
      vertex 150.16 20 0.12
      vertex 150.19999999999999 20.120000000000001 0.12
    endloop
  endfacet
  facet normal -0.58834840541462796 0.1961161351381745 0.78446454055268156
    outer loop
      vertex 150.16 20.16 0.080000000000000016
      vertex 150.19999999999999 20.120000000000001 0.12
      vertex 150.19999999999999 20.199999999999999 0.10000000000000001
    endloop
  endfacet
  facet normal -0.44721359550002898 0 0.89442719099988033
    outer loop
      vertex 150.16 20.16 0.080000000000000016
      vertex 150.19999999999999 20.199999999999999 0.10000000000000001
      vertex 150.16 20.199999999999999 0.080000000000000016
    endloop
  endfacet
  facet normal -0.44721359550002898 0 0.89442719099988044
    outer loop
      vertex 150.16 36.039999999999999 0.080000000000000016
      vertex 150.16 20.199999999999999 0.080000000000000016
      vertex 150.19999999999999 20.199999999999999 0.10000000000000001
    endloop
  endfacet
  facet normal -0.44721359550002904 0 0.89442719099988044
    outer loop
      vertex 150.16 36.039999999999999 0.080000000000000016
      vertex 150.19999999999999 20.199999999999999 0.10000000000000001
      vertex 150.19999999999999 40 0.10000000000000001
    endloop
  endfacet
  facet normal -0.44721359550002893 0 0.89442719099988033
    outer loop
      vertex 150.16 36.040000000000006 0.080000000000000016
      vertex 150.19999999999999 40 0.10000000000000001
      vertex 150.16 40 0.080000000000000016
    endloop
  endfacet
  facet normal -0.43643578047205445 0.21821789023598845 0.87287156094393559
    outer loop
      vertex 150.16 40 0.080000000000000016
      vertex 150.19999999999999 40 0.10000000000000001
      vertex 150.19999999999999 40.079999999999998 0.080000000000000016
    endloop
  endfacet
  facet normal -0.23570226039555978 -0.23570226039551789 0.94280904158205192
    outer loop
      vertex 150.16 60.160000000000004 0.080000000000000016
      vertex 150.19999999999999 60.120000000000005 0.080000000000000016
      vertex 150.19999999999999 60.200000000000003 0.10000000000000001
    endloop
  endfacet
  facet normal -0.44721359550002898 0 0.89442719099988033
    outer loop
      vertex 150.16 60.160000000000004 0.080000000000000016
      vertex 150.19999999999999 60.200000000000003 0.10000000000000001
      vertex 150.16 60.200000000000003 0.080000000000000016
    endloop
  endfacet
  facet normal -0.44721359550002893 0 0.89442719099988033
    outer loop
      vertex 150.16 76.040000000000006 0.080000000000000016
      vertex 150.16 60.200000000000003 0.080000000000000016
      vertex 150.19999999999999 60.200000000000003 0.10000000000000001
    endloop
  endfacet
  facet normal -0.44721359550002898 0 0.89442719099988044
    outer loop
      vertex 150.16 76.040000000000006 0.080000000000000016
      vertex 150.19999999999999 60.200000000000003 0.10000000000000001
      vertex 150.19999999999999 80 0.10000000000000001
    endloop
  endfacet
  facet normal -0.44721359550002893 0 0.89442719099988033
    outer loop
      vertex 150.16 76.040000000000006 0.080000000000000016
      vertex 150.19999999999999 80 0.10000000000000001
      vertex 150.16 80 0.080000000000000016
    endloop
  endfacet
  facet normal -0.40824829046394118 0.40824829046379618 0.81649658092772037
    outer loop
      vertex 150.16 80 0.080000000000000016
      vertex 150.19999999999999 80 0.10000000000000001
      vertex 150.19999999999999 80.040000000000006 0.080000000000000016
    endloop
  endfacet
  facet normal 0 -0.44721359549996537 0.89442719099991219
    outer loop
      vertex 150.34 -80.060000000000002 0.12
      vertex 150.25999999999999 -80.140000000000001 0.080000000000000016
      vertex 150.40000000000001 -80.140000000000001 0.080000000000000016
    endloop
  endfacet
  facet normal 0 -0.44721359549996542 0.89442719099991219
    outer loop
      vertex 150.34 -80.060000000000002 0.12
      vertex 150.40000000000001 -80.140000000000001 0.080000000000000016
      vertex 150.40000000000001 -80.060000000000002 0.12
    endloop
  endfacet
  facet normal 0 -0.44721359549996542 0.89442719099991219
    outer loop
      vertex 150.19999999999999 -80.060000000000002 0.12
      vertex 150.19999999999999 -80.140000000000001 0.080000000000000016
      vertex 150.25999999999999 -80.140000000000001 0.080000000000000016
    endloop
  endfacet
  facet normal 0 -0.44721359549996537 0.89442719099991219
    outer loop
      vertex 150.19999999999999 -80.060000000000002 0.12
      vertex 150.25999999999999 -80.140000000000001 0.080000000000000016
      vertex 150.34 -80.060000000000002 0.12
    endloop
  endfacet
  facet normal -0 0.24253562503633772 0.97014250014533077
    outer loop
      vertex 150.31999999999999 -60.079999999999998 0.12
      vertex 150.40000000000001 -60.079999999999998 0.12
      vertex 150.40000000000001 -60 0.10000000000000001
    endloop
  endfacet
  facet normal -0 0.24253562503633772 0.97014250014533077
    outer loop
      vertex 150.19999999999999 -60.079999999999998 0.12
      vertex 150.31999999999999 -60.079999999999998 0.12
      vertex 150.40000000000001 -60 0.10000000000000001
    endloop
  endfacet
  facet normal 0 0.24253562503633769 0.97014250014533054
    outer loop
      vertex 150.19999999999999 -60.079999999999998 0.12
      vertex 150.40000000000001 -60 0.10000000000000001
      vertex 150.19999999999999 -60 0.10000000000000001
    endloop
  endfacet
  facet normal 0 0 1
    outer loop
      vertex 150.19999999999999 -60 0.10000000000000001
      vertex 150.40000000000001 -60 0.10000000000000001
      vertex 150.40000000000001 -40.200000000000003 0.10000000000000001
    endloop
  endfacet
  facet normal 0 0 1
    outer loop
      vertex 150.19999999999999 -60 0.10000000000000001
      vertex 150.40000000000001 -40.200000000000003 0.10000000000000001
      vertex 150.19999999999999 -40.200000000000003 0.10000000000000001
    endloop
  endfacet
  facet normal 0 0.24253562503633763 0.97014250014533054
    outer loop
      vertex 150.28 -40.120000000000005 0.080000000000000016
      vertex 150.19999999999999 -40.200000000000003 0.10000000000000001
      vertex 150.40000000000001 -40.200000000000003 0.10000000000000001
    endloop
  endfacet
  facet normal -0 0.24253562503633772 0.97014250014533077
    outer loop
      vertex 150.28 -40.120000000000005 0.080000000000000016
      vertex 150.40000000000001 -40.200000000000003 0.10000000000000001
      vertex 150.40000000000001 -40.120000000000005 0.080000000000000016
    endloop
  endfacet
  facet normal -0 0.24253562503633772 0.97014250014533077
    outer loop
      vertex 150.19999999999999 -40.120000000000005 0.080000000000000016
      vertex 150.19999999999999 -40.200000000000003 0.10000000000000001
      vertex 150.28 -40.120000000000005 0.080000000000000016
    endloop
  endfacet
  facet normal 0 -0.24253562503633772 0.97014250014533077
    outer loop
      vertex 150.31999999999999 -20.079999999999998 0.080000000000000016
      vertex 150.40000000000001 -20.079999999999998 0.080000000000000016
      vertex 150.40000000000001 -20 0.10000000000000001
    endloop
  endfacet
  facet normal 0 -0.24253562503633772 0.97014250014533077
    outer loop
      vertex 150.19999999999999 -20.079999999999998 0.080000000000000016
      vertex 150.31999999999999 -20.079999999999998 0.080000000000000016
      vertex 150.40000000000001 -20 0.10000000000000001
    endloop
  endfacet
  facet normal 0 -0.24253562503633769 0.97014250014533054
    outer loop
      vertex 150.19999999999999 -20.079999999999998 0.080000000000000016
      vertex 150.40000000000001 -20 0.10000000000000001
      vertex 150.19999999999999 -20 0.10000000000000001
    endloop
  endfacet
  facet normal 0 0 1
    outer loop
      vertex 150.19999999999999 -20 0.10000000000000001
      vertex 150.40000000000001 -20 0.10000000000000001
      vertex 150.40000000000001 -10.199999999999999 0.10000000000000001
    endloop
  endfacet
  facet normal 0 0 1
    outer loop
      vertex 150.19999999999999 -20 0.10000000000000001
      vertex 150.40000000000001 -10.199999999999999 0.10000000000000001
      vertex 150.19999999999999 -10.199999999999999 0.10000000000000001
    endloop
  endfacet
  facet normal 0 -0.24253562503633264 0.97014250014533199
    outer loop
      vertex 150.28 -10.119999999999999 0.12
      vertex 150.19999999999999 -10.199999999999999 0.10000000000000001
      vertex 150.40000000000001 -10.199999999999999 0.10000000000000001
    endloop
  endfacet
  facet normal 0 -0.24253562503633264 0.97014250014533188
    outer loop
      vertex 150.28 -10.119999999999999 0.12
      vertex 150.40000000000001 -10.199999999999999 0.10000000000000001
      vertex 150.40000000000001 -10.119999999999999 0.12
    endloop
  endfacet
  facet normal 0 -0.24253562503633264 0.97014250014533199
    outer loop
      vertex 150.19999999999999 -10.119999999999999 0.12
      vertex 150.19999999999999 -10.199999999999999 0.10000000000000001
      vertex 150.28 -10.119999999999999 0.12
    endloop
  endfacet
  facet normal -0 0.24253562503633289 0.97014250014533188
    outer loop
      vertex 150.31999999999999 0.12000000000000002 0.12
      vertex 150.40000000000001 0.12000000000000002 0.12
      vertex 150.40000000000001 0.20000000000000001 0.10000000000000001
    endloop
  endfacet
  facet normal -0 0.24253562503633289 0.97014250014533188
    outer loop
      vertex 150.19999999999999 0.12000000000000002 0.12
      vertex 150.31999999999999 0.12000000000000002 0.12
      vertex 150.40000000000001 0.20000000000000001 0.10000000000000001
    endloop
  endfacet
  facet normal 0 0.24253562503633294 0.97014250014533199
    outer loop
      vertex 150.19999999999999 0.12000000000000002 0.12
      vertex 150.40000000000001 0.20000000000000001 0.10000000000000001
      vertex 150.19999999999999 0.20000000000000001 0.10000000000000001
    endloop
  endfacet
  facet normal 0 0 1
    outer loop
      vertex 150.19999999999999 0.20000000000000001 0.10000000000000001
      vertex 150.40000000000001 0.20000000000000001 0.10000000000000001
      vertex 150.40000000000001 10 0.10000000000000001
    endloop
  endfacet
  facet normal 0 0 1
    outer loop
      vertex 150.19999999999999 0.20000000000000001 0.10000000000000001
      vertex 150.40000000000001 10 0.10000000000000001
      vertex 150.19999999999999 10 0.10000000000000001
    endloop
  endfacet
  facet normal 0 -0.24253562503633264 0.97014250014533199
    outer loop
      vertex 150.28 10.08 0.12
      vertex 150.19999999999999 10 0.10000000000000001
      vertex 150.40000000000001 10 0.10000000000000001
    endloop
  endfacet
  facet normal 0 -0.24253562503633264 0.97014250014533188
    outer loop
      vertex 150.28 10.08 0.12
      vertex 150.40000000000001 10 0.10000000000000001
      vertex 150.40000000000001 10.08 0.12
    endloop
  endfacet
  facet normal 0 -0.24253562503633264 0.97014250014533199
    outer loop
      vertex 150.19999999999999 10.08 0.12
      vertex 150.19999999999999 10 0.10000000000000001
      vertex 150.28 10.08 0.12
    endloop
  endfacet
  facet normal -0 0.24253562503633772 0.97014250014533077
    outer loop
      vertex 150.31999999999999 20.120000000000001 0.12
      vertex 150.40000000000001 20.120000000000001 0.12
      vertex 150.40000000000001 20.199999999999999 0.10000000000000001
    endloop
  endfacet
  facet normal -0 0.24253562503633772 0.97014250014533077
    outer loop
      vertex 150.19999999999999 20.120000000000001 0.12
      vertex 150.31999999999999 20.120000000000001 0.12
      vertex 150.40000000000001 20.199999999999999 0.10000000000000001
    endloop
  endfacet
  facet normal 0 0.24253562503633769 0.97014250014533054
    outer loop
      vertex 150.19999999999999 20.120000000000001 0.12
      vertex 150.40000000000001 20.199999999999999 0.10000000000000001
      vertex 150.19999999999999 20.199999999999999 0.10000000000000001
    endloop
  endfacet
  facet normal 0 0 1
    outer loop
      vertex 150.19999999999999 20.199999999999999 0.10000000000000001
      vertex 150.40000000000001 20.199999999999999 0.10000000000000001
      vertex 150.40000000000001 40 0.10000000000000001
    endloop
  endfacet
  facet normal 0 0 1
    outer loop
      vertex 150.19999999999999 20.199999999999999 0.10000000000000001
      vertex 150.40000000000001 40 0.10000000000000001
      vertex 150.19999999999999 40 0.10000000000000001
    endloop
  endfacet
  facet normal 0 0.24253562503633763 0.97014250014533054
    outer loop
      vertex 150.28 40.079999999999998 0.080000000000000016
      vertex 150.19999999999999 40 0.10000000000000001
      vertex 150.40000000000001 40 0.10000000000000001
    endloop
  endfacet
  facet normal -0 0.24253562503633772 0.97014250014533077
    outer loop
      vertex 150.28 40.079999999999998 0.080000000000000016
      vertex 150.40000000000001 40 0.10000000000000001
      vertex 150.40000000000001 40.079999999999998 0.080000000000000016
    endloop
  endfacet
  facet normal -0 0.24253562503633772 0.97014250014533077
    outer loop
      vertex 150.19999999999999 40.079999999999998 0.080000000000000016
      vertex 150.19999999999999 40 0.10000000000000001
      vertex 150.28 40.079999999999998 0.080000000000000016
    endloop
  endfacet
  facet normal 0 -0.24253562503633772 0.97014250014533077
    outer loop
      vertex 150.31999999999999 60.120000000000005 0.080000000000000016
      vertex 150.40000000000001 60.120000000000005 0.080000000000000016
      vertex 150.40000000000001 60.200000000000003 0.10000000000000001
    endloop
  endfacet
  facet normal 0 -0.24253562503633772 0.97014250014533077
    outer loop
      vertex 150.19999999999999 60.120000000000005 0.080000000000000016
      vertex 150.31999999999999 60.120000000000005 0.080000000000000016
      vertex 150.40000000000001 60.200000000000003 0.10000000000000001
    endloop
  endfacet
  facet normal 0 -0.24253562503633769 0.97014250014533054
    outer loop
      vertex 150.19999999999999 60.120000000000005 0.080000000000000016
      vertex 150.40000000000001 60.200000000000003 0.10000000000000001
      vertex 150.19999999999999 60.200000000000003 0.10000000000000001
    endloop
  endfacet
  facet normal 0 0 1
    outer loop
      vertex 150.19999999999999 60.200000000000003 0.10000000000000001
      vertex 150.40000000000001 60.200000000000003 0.10000000000000001
      vertex 150.40000000000001 80 0.10000000000000001
    endloop
  endfacet
  facet normal 0 0 1
    outer loop
      vertex 150.19999999999999 60.200000000000003 0.10000000000000001
      vertex 150.40000000000001 80 0.10000000000000001
      vertex 150.19999999999999 80 0.10000000000000001
    endloop
  endfacet
  facet normal 0 0.44721359549990192 0.89442719099994406
    outer loop
      vertex 150.23999999999998 80.040000000000006 0.080000000000000016
      vertex 150.19999999999999 80 0.10000000000000001
      vertex 150.40000000000001 80 0.10000000000000001
    endloop
  endfacet
  facet normal -0 0.44721359549990181 0.89442719099994406
    outer loop
      vertex 150.23999999999998 80.040000000000006 0.080000000000000016
      vertex 150.40000000000001 80 0.10000000000000001
      vertex 150.40000000000001 80.040000000000006 0.080000000000000016
    endloop
  endfacet
  facet normal -0 0.44721359549990186 0.89442719099994394
    outer loop
      vertex 150.19999999999999 80.040000000000006 0.080000000000000016
      vertex 150.19999999999999 80 0.10000000000000001
      vertex 150.23999999999998 80.040000000000006 0.080000000000000016
    endloop
  endfacet
  facet normal 0 -0.44721359549996542 0.89442719099991219
    outer loop
      vertex 153.90000000000001 -80.060000000000002 0.12
      vertex 151.90000000000001 -80.140000000000001 0.080000000000000016
      vertex 155.40000000000001 -80.140000000000001 0.080000000000000016
    endloop
  endfacet
  facet normal 0 -0.44721359549996537 0.89442719099991208
    outer loop
      vertex 153.90000000000001 -80.060000000000002 0.12
      vertex 155.40000000000001 -80.140000000000001 0.080000000000000016
      vertex 155.40000000000001 -80.060000000000002 0.12
    endloop
  endfacet
  facet normal 0 -0.44721359549996537 0.89442719099991208
    outer loop
      vertex 150.40000000000001 -80.060000000000002 0.12
      vertex 150.40000000000001 -80.140000000000001 0.080000000000000016
      vertex 151.90000000000001 -80.140000000000001 0.080000000000000016
    endloop
  endfacet
  facet normal 0 -0.44721359549996542 0.89442719099991219
    outer loop
      vertex 150.40000000000001 -80.060000000000002 0.12
      vertex 151.90000000000001 -80.140000000000001 0.080000000000000016
      vertex 153.90000000000001 -80.060000000000002 0.12
    endloop
  endfacet
  facet normal -0 0.24253562503633772 0.97014250014533066
    outer loop
      vertex 153.40000000000001 -60.079999999999998 0.12
      vertex 155.40000000000001 -60.079999999999998 0.12
      vertex 155.40000000000001 -60 0.10000000000000001
    endloop
  endfacet
  facet normal -0 0.24253562503633772 0.97014250014533066
    outer loop
      vertex 150.40000000000001 -60.079999999999998 0.12
      vertex 153.40000000000001 -60.079999999999998 0.12
      vertex 155.40000000000001 -60 0.10000000000000001
    endloop
  endfacet
  facet normal 0 0.24253562503633774 0.97014250014533077
    outer loop
      vertex 150.40000000000001 -60.079999999999998 0.12
      vertex 155.40000000000001 -60 0.10000000000000001
      vertex 150.40000000000001 -60 0.10000000000000001
    endloop
  endfacet
  facet normal 0 0 1
    outer loop
      vertex 150.40000000000001 -60 0.10000000000000001
      vertex 155.40000000000001 -60 0.10000000000000001
      vertex 155.40000000000001 -40.200000000000003 0.10000000000000001
    endloop
  endfacet
  facet normal 0 0 1
    outer loop
      vertex 150.40000000000001 -60 0.10000000000000001
      vertex 155.40000000000001 -40.200000000000003 0.10000000000000001
      vertex 150.40000000000001 -40.200000000000003 0.10000000000000001
    endloop
  endfacet
  facet normal 0 0.24253562503633774 0.97014250014533077
    outer loop
      vertex 152.40000000000001 -40.120000000000005 0.080000000000000016
      vertex 150.40000000000001 -40.200000000000003 0.10000000000000001
      vertex 155.40000000000001 -40.200000000000003 0.10000000000000001
    endloop
  endfacet
  facet normal -0 0.24253562503633772 0.97014250014533066
    outer loop
      vertex 152.40000000000001 -40.120000000000005 0.080000000000000016
      vertex 155.40000000000001 -40.200000000000003 0.10000000000000001
      vertex 155.40000000000001 -40.120000000000005 0.080000000000000016
    endloop
  endfacet
  facet normal -0 0.24253562503633772 0.97014250014533066
    outer loop
      vertex 150.40000000000001 -40.120000000000005 0.080000000000000016
      vertex 150.40000000000001 -40.200000000000003 0.10000000000000001
      vertex 152.40000000000001 -40.120000000000005 0.080000000000000016
    endloop
  endfacet
  facet normal 0 -0.44721359549994955 0.89442719099992019
    outer loop
      vertex 153.90000000000001 -20.059999999999999 0.12
      vertex 151.90000000000001 -20.140000000000001 0.080000000000000016
      vertex 155.40000000000001 -20.140000000000001 0.080000000000000016
    endloop
  endfacet
  facet normal 0 -0.44721359549994943 0.89442719099991996
    outer loop
      vertex 153.90000000000001 -20.059999999999999 0.12
      vertex 155.40000000000001 -20.140000000000001 0.080000000000000016
      vertex 155.40000000000001 -20.059999999999999 0.12
    endloop
  endfacet
  facet normal -0.0097009684960299349 -0.24252421240073921 0.97009684960298692
    outer loop
      vertex 150.40000000000001 -20.079999999999998 0.080000000000000016
      vertex 151.90000000000001 -20.140000000000001 0.080000000000000016
      vertex 153.90000000000001 -20.059999999999999 0.12
    endloop
  endfacet
  facet normal -0.0097009684960298343 -0.24252421240075103 0.97009684960298392
    outer loop
      vertex 150.40000000000001 -20.079999999999998 0.080000000000000016
      vertex 153.90000000000001 -20.059999999999999 0.12
      vertex 152.40000000000001 -20 0.12
    endloop
  endfacet
  facet normal -0.009700968496029836 -0.24252421240075106 0.97009684960298403
    outer loop
      vertex 150.40000000000001 -20.079999999999998 0.080000000000000016
      vertex 152.40000000000001 -20 0.12
      vertex 150.40000000000001 -20 0.10000000000000001
    endloop
  endfacet
  facet normal -0.0099995000374968699 0 0.99995000374968757
    outer loop
      vertex 152.40000000000001 -16.080000000000002 0.12
      vertex 150.40000000000001 -20 0.10000000000000001
      vertex 152.40000000000001 -20 0.12
    endloop
  endfacet
  facet normal -0.0099995000374968716 0 0.99995000374968757
    outer loop
      vertex 150.40000000000001 -20 0.10000000000000001
      vertex 152.40000000000001 -16.080000000000002 0.12
      vertex 152.40000000000001 -10.199999999999999 0.12
    endloop
  endfacet
  facet normal -0.0099995000374968716 0 0.99995000374968757
    outer loop
      vertex 150.40000000000001 -20 0.10000000000000001
      vertex 152.40000000000001 -10.199999999999999 0.12
      vertex 150.40000000000001 -10.199999999999999 0.10000000000000001
    endloop
  endfacet
  facet normal -0.009700968496029836 -0.24252421240075106 0.97009684960298403
    outer loop
      vertex 151.40000000000001 -10.16 0.12
      vertex 150.40000000000001 -10.199999999999999 0.10000000000000001
      vertex 152.40000000000001 -10.199999999999999 0.12
    endloop
  endfacet
  facet normal -0.0097009684960300616 -0.24252421240074595 0.97009684960298515
    outer loop
      vertex 150.40000000000001 -10.119999999999999 0.12
      vertex 150.40000000000001 -10.199999999999999 0.10000000000000001
      vertex 151.40000000000001 -10.16 0.12
    endloop
  endfacet
  facet normal -0.0089439141605875822 0.44719570802937908 0.89439141605875816
    outer loop
      vertex 153.40000000000001 0.12000000000000002 0.12
      vertex 155.40000000000001 0.16000000000000003 0.12
      vertex 155.40000000000001 0.20000000000000001 0.10000000000000001
    endloop
  endfacet
  facet normal -0 0.24253562503633289 0.97014250014533188
    outer loop
      vertex 150.40000000000001 0.12000000000000002 0.12
      vertex 153.40000000000001 0.12000000000000002 0.12
      vertex 155.40000000000001 0.20000000000000001 0.10000000000000001
    endloop
  endfacet
  facet normal 0 0.24253562503633291 0.97014250014533188
    outer loop
      vertex 150.40000000000001 0.12000000000000002 0.12
      vertex 155.40000000000001 0.20000000000000001 0.10000000000000001
      vertex 150.40000000000001 0.20000000000000001 0.10000000000000001
    endloop
  endfacet
  facet normal 0 0 1
    outer loop
      vertex 150.40000000000001 0.20000000000000001 0.10000000000000001
      vertex 155.40000000000001 0.20000000000000001 0.10000000000000001
      vertex 155.40000000000001 10 0.10000000000000001
    endloop
  endfacet
  facet normal 0 0 1
    outer loop
      vertex 150.40000000000001 0.20000000000000001 0.10000000000000001
      vertex 155.40000000000001 10 0.10000000000000001
      vertex 150.40000000000001 10 0.10000000000000001
    endloop
  endfacet
  facet normal 0 -0.24253562503633269 0.9701425001453321
    outer loop
      vertex 152.40000000000001 10.08 0.12
      vertex 150.40000000000001 10 0.10000000000000001
      vertex 155.40000000000001 10 0.10000000000000001
    endloop
  endfacet
  facet normal 0 -0.24253562503633266 0.97014250014533199
    outer loop
      vertex 152.40000000000001 10.08 0.12
      vertex 155.40000000000001 10 0.10000000000000001
      vertex 155.40000000000001 10.08 0.12
    endloop
  endfacet
  facet normal 0 -0.24253562503633266 0.97014250014533199
    outer loop
      vertex 150.40000000000001 10.08 0.12
      vertex 150.40000000000001 10 0.10000000000000001
      vertex 152.40000000000001 10.08 0.12
    endloop
  endfacet
  facet normal -0 0.24253562503633772 0.97014250014533066
    outer loop
      vertex 153.40000000000001 20.120000000000001 0.12
      vertex 155.40000000000001 20.120000000000001 0.12
      vertex 155.40000000000001 20.199999999999999 0.10000000000000001
    endloop
  endfacet
  facet normal -0 0.24253562503633772 0.97014250014533066
    outer loop
      vertex 150.40000000000001 20.120000000000001 0.12
      vertex 153.40000000000001 20.120000000000001 0.12
      vertex 155.40000000000001 20.199999999999999 0.10000000000000001
    endloop
  endfacet
  facet normal 0 0.24253562503633774 0.97014250014533077
    outer loop
      vertex 150.40000000000001 20.120000000000001 0.12
      vertex 155.40000000000001 20.199999999999999 0.10000000000000001
      vertex 150.40000000000001 20.199999999999999 0.10000000000000001
    endloop
  endfacet
  facet normal 0 0 1
    outer loop
      vertex 150.40000000000001 20.199999999999999 0.10000000000000001
      vertex 155.40000000000001 20.199999999999999 0.10000000000000001
      vertex 155.40000000000001 40 0.10000000000000001
    endloop
  endfacet
  facet normal 0 0 1
    outer loop
      vertex 150.40000000000001 20.199999999999999 0.10000000000000001
      vertex 155.40000000000001 40 0.10000000000000001
      vertex 150.40000000000001 40 0.10000000000000001
    endloop
  endfacet
  facet normal 0 0.24253562503633774 0.97014250014533077
    outer loop
      vertex 152.40000000000001 40.079999999999998 0.080000000000000016
      vertex 150.40000000000001 40 0.10000000000000001
      vertex 155.40000000000001 40 0.10000000000000001
    endloop
  endfacet
  facet normal -0 0.24253562503633772 0.97014250014533066
    outer loop
      vertex 152.40000000000001 40.079999999999998 0.080000000000000016
      vertex 155.40000000000001 40 0.10000000000000001
      vertex 155.40000000000001 40.079999999999998 0.080000000000000016
    endloop
  endfacet
  facet normal -0 0.24253562503633772 0.97014250014533066
    outer loop
      vertex 150.40000000000001 40.079999999999998 0.080000000000000016
      vertex 150.40000000000001 40 0.10000000000000001
      vertex 152.40000000000001 40.079999999999998 0.080000000000000016
    endloop
  endfacet
  facet normal 0 -0.24253562503633772 0.97014250014533066
    outer loop
      vertex 153.40000000000001 60.120000000000005 0.080000000000000016
      vertex 155.40000000000001 60.120000000000005 0.080000000000000016
      vertex 155.40000000000001 60.200000000000003 0.10000000000000001
    endloop
  endfacet
  facet normal 0 -0.24253562503633772 0.97014250014533066
    outer loop
      vertex 150.40000000000001 60.120000000000005 0.080000000000000016
      vertex 153.40000000000001 60.120000000000005 0.080000000000000016
      vertex 155.40000000000001 60.200000000000003 0.10000000000000001
    endloop
  endfacet
  facet normal 0 -0.24253562503633774 0.97014250014533077
    outer loop
      vertex 150.40000000000001 60.120000000000005 0.080000000000000016
      vertex 155.40000000000001 60.200000000000003 0.10000000000000001
      vertex 150.40000000000001 60.200000000000003 0.10000000000000001
    endloop
  endfacet
  facet normal 0 0 1
    outer loop
      vertex 150.40000000000001 60.200000000000003 0.10000000000000001
      vertex 155.40000000000001 60.200000000000003 0.10000000000000001
      vertex 155.40000000000001 80 0.10000000000000001
    endloop
  endfacet
  facet normal 0 0 1
    outer loop
      vertex 150.40000000000001 60.200000000000003 0.10000000000000001
      vertex 155.40000000000001 80 0.10000000000000001
      vertex 150.40000000000001 80 0.10000000000000001
    endloop
  endfacet
  facet normal 0 0.44721359549990181 0.89442719099994394
    outer loop
      vertex 151.40000000000001 80.040000000000006 0.080000000000000016
      vertex 150.40000000000001 80 0.10000000000000001
      vertex 155.40000000000001 80 0.10000000000000001
    endloop
  endfacet
  facet normal -0 0.44721359549990181 0.89442719099994383
    outer loop
      vertex 151.40000000000001 80.040000000000006 0.080000000000000016
      vertex 155.40000000000001 80 0.10000000000000001
      vertex 155.40000000000001 80.040000000000006 0.080000000000000016
    endloop
  endfacet
  facet normal -0 0.44721359549990181 0.89442719099994383
    outer loop
      vertex 150.40000000000001 80.040000000000006 0.080000000000000016
      vertex 150.40000000000001 80 0.10000000000000001
      vertex 151.40000000000001 80.040000000000006 0.080000000000000016
    endloop
  endfacet
  facet normal 0 -0.44721359549996537 0.89442719099991219
    outer loop
      vertex 155.53999999999999 -80.060000000000002 0.12
      vertex 155.46000000000001 -80.140000000000001 0.080000000000000016
      vertex 155.59999999999999 -80.140000000000001 0.080000000000000016
    endloop
  endfacet
  facet normal 0 -0.44721359549996542 0.89442719099991219
    outer loop
      vertex 155.53999999999999 -80.060000000000002 0.12
      vertex 155.59999999999999 -80.140000000000001 0.080000000000000016
      vertex 155.59999999999999 -80.060000000000002 0.12
    endloop
  endfacet
  facet normal 0 -0.44721359549996542 0.89442719099991219
    outer loop
      vertex 155.40000000000001 -80.060000000000002 0.12
      vertex 155.40000000000001 -80.140000000000001 0.080000000000000016
      vertex 155.46000000000001 -80.140000000000001 0.080000000000000016
    endloop
  endfacet
  facet normal 0 -0.44721359549996542 0.89442719099991208
    outer loop
      vertex 155.40000000000001 -80.060000000000002 0.12
      vertex 155.46000000000001 -80.140000000000001 0.080000000000000016
      vertex 155.53999999999999 -80.060000000000002 0.12
    endloop
  endfacet
  facet normal -0 0.24253562503633774 0.97014250014533066
    outer loop
      vertex 155.52000000000001 -60.079999999999998 0.12
      vertex 155.59999999999999 -60.079999999999998 0.12
      vertex 155.59999999999999 -60 0.10000000000000001
    endloop
  endfacet
  facet normal -0 0.24253562503633772 0.97014250014533077
    outer loop
      vertex 155.40000000000001 -60.079999999999998 0.12
      vertex 155.52000000000001 -60.079999999999998 0.12
      vertex 155.59999999999999 -60 0.10000000000000001
    endloop
  endfacet
  facet normal 0 0.24253562503633774 0.97014250014533077
    outer loop
      vertex 155.40000000000001 -60.079999999999998 0.12
      vertex 155.59999999999999 -60 0.10000000000000001
      vertex 155.40000000000001 -60 0.10000000000000001
    endloop
  endfacet
  facet normal 0 0 1
    outer loop
      vertex 155.40000000000001 -60 0.10000000000000001
      vertex 155.59999999999999 -60 0.10000000000000001
      vertex 155.59999999999999 -40.200000000000003 0.10000000000000001
    endloop
  endfacet
  facet normal 0 0 1
    outer loop
      vertex 155.40000000000001 -60 0.10000000000000001
      vertex 155.59999999999999 -40.200000000000003 0.10000000000000001
      vertex 155.40000000000001 -40.200000000000003 0.10000000000000001
    endloop
  endfacet
  facet normal 0 0.24253562503633774 0.97014250014533077
    outer loop
      vertex 155.47999999999999 -40.120000000000005 0.080000000000000016
      vertex 155.40000000000001 -40.200000000000003 0.10000000000000001
      vertex 155.59999999999999 -40.200000000000003 0.10000000000000001
    endloop
  endfacet
  facet normal -0 0.24253562503633772 0.97014250014533077
    outer loop
      vertex 155.47999999999999 -40.120000000000005 0.080000000000000016
      vertex 155.59999999999999 -40.200000000000003 0.10000000000000001
      vertex 155.59999999999999 -40.120000000000005 0.080000000000000016
    endloop
  endfacet
  facet normal -0 0.24253562503633774 0.97014250014533066
    outer loop
      vertex 155.40000000000001 -40.120000000000005 0.080000000000000016
      vertex 155.40000000000001 -40.200000000000003 0.10000000000000001
      vertex 155.47999999999999 -40.120000000000005 0.080000000000000016
    endloop
  endfacet
  facet normal 0 -0.44721359549994949 0.89442719099992007
    outer loop
      vertex 155.53999999999999 -20.059999999999999 0.12
      vertex 155.46000000000001 -20.140000000000001 0.080000000000000016
      vertex 155.59999999999999 -20.140000000000001 0.080000000000000016
    endloop
  endfacet
  facet normal 0 -0.44721359549994949 0.89442719099992019
    outer loop
      vertex 155.53999999999999 -20.059999999999999 0.12
      vertex 155.59999999999999 -20.140000000000001 0.080000000000000016
      vertex 155.59999999999999 -20.059999999999999 0.12
    endloop
  endfacet
  facet normal 0 -0.44721359549994949 0.89442719099992019
    outer loop
      vertex 155.40000000000001 -20.059999999999999 0.12
      vertex 155.40000000000001 -20.140000000000001 0.080000000000000016
      vertex 155.46000000000001 -20.140000000000001 0.080000000000000016
    endloop
  endfacet
  facet normal 0 -0.44721359549994955 0.89442719099992007
    outer loop
      vertex 155.40000000000001 -20.059999999999999 0.12
      vertex 155.46000000000001 -20.140000000000001 0.080000000000000016
      vertex 155.53999999999999 -20.059999999999999 0.12
    endloop
  endfacet
  facet normal -0 0.44721359549995793 0.89442719099991586
    outer loop
      vertex 155.56 0.16000000000000003 0.12
      vertex 155.59999999999999 0.16000000000000003 0.12
      vertex 155.59999999999999 0.20000000000000001 0.10000000000000001
    endloop
  endfacet
  facet normal -0 0.44721359549995793 0.89442719099991586
    outer loop
      vertex 155.40000000000001 0.16000000000000003 0.12
      vertex 155.56 0.16000000000000003 0.12
      vertex 155.59999999999999 0.20000000000000001 0.10000000000000001
    endloop
  endfacet
  facet normal 0 0.44721359549995787 0.89442719099991574
    outer loop
      vertex 155.40000000000001 0.16000000000000003 0.12
      vertex 155.59999999999999 0.20000000000000001 0.10000000000000001
      vertex 155.40000000000001 0.20000000000000001 0.10000000000000001
    endloop
  endfacet
  facet normal 0 0 1
    outer loop
      vertex 155.40000000000001 0.20000000000000001 0.10000000000000001
      vertex 155.59999999999999 0.20000000000000001 0.10000000000000001
      vertex 155.59999999999999 10 0.10000000000000001
    endloop
  endfacet
  facet normal 0 0 1
    outer loop
      vertex 155.40000000000001 0.20000000000000001 0.10000000000000001
      vertex 155.59999999999999 10 0.10000000000000001
      vertex 155.40000000000001 10 0.10000000000000001
    endloop
  endfacet
  facet normal 0 -0.24253562503633264 0.97014250014533199
    outer loop
      vertex 155.47999999999999 10.08 0.12
      vertex 155.40000000000001 10 0.10000000000000001
      vertex 155.59999999999999 10 0.10000000000000001
    endloop
  endfacet
  facet normal 0 -0.24253562503633264 0.97014250014533188
    outer loop
      vertex 155.47999999999999 10.08 0.12
      vertex 155.59999999999999 10 0.10000000000000001
      vertex 155.59999999999999 10.08 0.12
    endloop
  endfacet
  facet normal 0 -0.24253562503633266 0.97014250014533199
    outer loop
      vertex 155.40000000000001 10.08 0.12
      vertex 155.40000000000001 10 0.10000000000000001
      vertex 155.47999999999999 10.08 0.12
    endloop
  endfacet
  facet normal -0 0.24253562503633774 0.97014250014533066
    outer loop
      vertex 155.52000000000001 20.120000000000001 0.12
      vertex 155.59999999999999 20.120000000000001 0.12
      vertex 155.59999999999999 20.199999999999999 0.10000000000000001
    endloop
  endfacet
  facet normal -0 0.24253562503633772 0.97014250014533077
    outer loop
      vertex 155.40000000000001 20.120000000000001 0.12
      vertex 155.52000000000001 20.120000000000001 0.12
      vertex 155.59999999999999 20.199999999999999 0.10000000000000001
    endloop
  endfacet
  facet normal 0 0.24253562503633774 0.97014250014533077
    outer loop
      vertex 155.40000000000001 20.120000000000001 0.12
      vertex 155.59999999999999 20.199999999999999 0.10000000000000001
      vertex 155.40000000000001 20.199999999999999 0.10000000000000001
    endloop
  endfacet
  facet normal 0 0 1
    outer loop
      vertex 155.40000000000001 20.199999999999999 0.10000000000000001
      vertex 155.59999999999999 20.199999999999999 0.10000000000000001
      vertex 155.59999999999999 40 0.10000000000000001
    endloop
  endfacet
  facet normal 0 0 1
    outer loop
      vertex 155.40000000000001 20.199999999999999 0.10000000000000001
      vertex 155.59999999999999 40 0.10000000000000001
      vertex 155.40000000000001 40 0.10000000000000001
    endloop
  endfacet
  facet normal 0 0.24253562503633774 0.97014250014533077
    outer loop
      vertex 155.47999999999999 40.079999999999998 0.080000000000000016
      vertex 155.40000000000001 40 0.10000000000000001
      vertex 155.59999999999999 40 0.10000000000000001
    endloop
  endfacet
  facet normal -0 0.24253562503633772 0.97014250014533077
    outer loop
      vertex 155.47999999999999 40.079999999999998 0.080000000000000016
      vertex 155.59999999999999 40 0.10000000000000001
      vertex 155.59999999999999 40.079999999999998 0.080000000000000016
    endloop
  endfacet
  facet normal -0 0.24253562503633774 0.97014250014533066
    outer loop
      vertex 155.40000000000001 40.079999999999998 0.080000000000000016
      vertex 155.40000000000001 40 0.10000000000000001
      vertex 155.47999999999999 40.079999999999998 0.080000000000000016
    endloop
  endfacet
  facet normal 0 -0.24253562503633774 0.97014250014533066
    outer loop
      vertex 155.52000000000001 60.120000000000005 0.080000000000000016
      vertex 155.59999999999999 60.120000000000005 0.080000000000000016
      vertex 155.59999999999999 60.200000000000003 0.10000000000000001
    endloop
  endfacet
  facet normal 0 -0.24253562503633772 0.97014250014533077
    outer loop
      vertex 155.40000000000001 60.120000000000005 0.080000000000000016
      vertex 155.52000000000001 60.120000000000005 0.080000000000000016
      vertex 155.59999999999999 60.200000000000003 0.10000000000000001
    endloop
  endfacet
  facet normal 0 -0.24253562503633774 0.97014250014533077
    outer loop
      vertex 155.40000000000001 60.120000000000005 0.080000000000000016
      vertex 155.59999999999999 60.200000000000003 0.10000000000000001
      vertex 155.40000000000001 60.200000000000003 0.10000000000000001
    endloop
  endfacet
  facet normal 0 0 1
    outer loop
      vertex 155.40000000000001 60.200000000000003 0.10000000000000001
      vertex 155.59999999999999 60.200000000000003 0.10000000000000001
      vertex 155.59999999999999 80 0.10000000000000001
    endloop
  endfacet
  facet normal 0 0 1
    outer loop
      vertex 155.40000000000001 60.200000000000003 0.10000000000000001
      vertex 155.59999999999999 80 0.10000000000000001
      vertex 155.40000000000001 80 0.10000000000000001
    endloop
  endfacet
  facet normal 0 0.44721359549990186 0.89442719099994394
    outer loop
      vertex 155.44 80.040000000000006 0.080000000000000016
      vertex 155.40000000000001 80 0.10000000000000001
      vertex 155.59999999999999 80 0.10000000000000001
    endloop
  endfacet
  facet normal -0 0.44721359549990186 0.89442719099994394
    outer loop
      vertex 155.44 80.040000000000006 0.080000000000000016
      vertex 155.59999999999999 80 0.10000000000000001
      vertex 155.59999999999999 80.040000000000006 0.080000000000000016
    endloop
  endfacet
  facet normal -0 0.44721359549990186 0.89442719099994394
    outer loop
      vertex 155.40000000000001 80.040000000000006 0.080000000000000016
      vertex 155.40000000000001 80 0.10000000000000001
      vertex 155.44 80.040000000000006 0.080000000000000016
    endloop
  endfacet
  facet normal 0.55708601453116202 -0.371390676354108 0.74278135270820056
    outer loop
      vertex 155.59999999999999 -80.060000000000002 0.12
      vertex 155.59999999999999 -80.140000000000001 0.080000000000000016
      vertex 155.69333333333333 -80 0.080000000000000016
    endloop
  endfacet
  facet normal 0.5570860145311255 -0.37139067635399575 0.74278135270828394
    outer loop
      vertex 155.59999999999999 -80.060000000000002 0.12
      vertex 155.69333333333333 -80 0.080000000000000016
      vertex 155.63999999999999 -80 0.12
    endloop
  endfacet
  facet normal 0.59999999999993969 0 0.80000000000004523
    outer loop
      vertex 155.69333333333333 -70.760000000000005 0.080000000000000016
      vertex 155.63999999999999 -76.040000000000006 0.12
      vertex 155.63999999999999 -80 0.12
    endloop
  endfacet
  facet normal 0.5999999999999398 0 0.80000000000004523
    outer loop
      vertex 155.69333333333333 -70.760000000000005 0.080000000000000016
      vertex 155.63999999999999 -80 0.12
      vertex 155.69333333333333 -80 0.080000000000000016
    endloop
  endfacet
  facet normal 0.59999999999993991 0 0.80000000000004512
    outer loop
      vertex 155.63999999999999 -76.040000000000006 0.12
      vertex 155.69333333333333 -70.760000000000005 0.080000000000000016
      vertex 155.69333333333333 -60.200000000000003 0.080000000000000016
    endloop
  endfacet
  facet normal 0.5999999999999398 -0 0.80000000000004512
    outer loop
      vertex 155.63999999999999 -76.040000000000006 0.12
      vertex 155.69333333333333 -60.200000000000003 0.080000000000000016
      vertex 155.63999999999999 -60.200000000000003 0.12
    endloop
  endfacet
  facet normal 0.59999999999993969 0 0.80000000000004512
    outer loop
      vertex 155.69333333333333 -60.106666666666669 0.080000000000000016
      vertex 155.63999999999999 -60.160000000000004 0.12
      vertex 155.63999999999999 -60.200000000000003 0.12
    endloop
  endfacet
  facet normal 0.5999999999999398 0 0.80000000000004512
    outer loop
      vertex 155.69333333333333 -60.106666666666669 0.080000000000000016
      vertex 155.63999999999999 -60.200000000000003 0.12
      vertex 155.69333333333333 -60.200000000000003 0.080000000000000016
    endloop
  endfacet
  facet normal 0.43643578047198245 0.2182178902359331 0.87287156094398555
    outer loop
      vertex 155.59999999999999 -60.079999999999998 0.12
      vertex 155.63999999999999 -60.160000000000004 0.12
      vertex 155.69333333333333 -60.106666666666669 0.080000000000000016
    endloop
  endfacet
  facet normal 0.43643578047199627 0.2182178902360272 0.87287156094395513
    outer loop
      vertex 155.59999999999999 -60.079999999999998 0.12
      vertex 155.69333333333333 -60.106666666666669 0.080000000000000016
      vertex 155.63999999999999 -60 0.080000000000000016
    endloop
  endfacet
  facet normal 0.43643578047205445 0.21821789023598845 0.87287156094393559
    outer loop
      vertex 155.59999999999999 -60.079999999999998 0.12
      vertex 155.63999999999999 -60 0.080000000000000016
      vertex 155.59999999999999 -60 0.10000000000000001
    endloop
  endfacet
  facet normal 0.44721359550002893 0 0.89442719099988033
    outer loop
      vertex 155.63999999999999 -56.040000000000006 0.080000000000000016
      vertex 155.59999999999999 -60 0.10000000000000001
      vertex 155.63999999999999 -60 0.080000000000000016
    endloop
  endfacet
  facet normal 0.44721359550002893 0 0.89442719099988033
    outer loop
      vertex 155.59999999999999 -60 0.10000000000000001
      vertex 155.63999999999999 -56.040000000000006 0.080000000000000016
      vertex 155.63999999999999 -40.200000000000003 0.080000000000000016
    endloop
  endfacet
  facet normal 0.44721359550002898 -0 0.89442719099988044
    outer loop
      vertex 155.59999999999999 -60 0.10000000000000001
      vertex 155.63999999999999 -40.200000000000003 0.080000000000000016
      vertex 155.59999999999999 -40.200000000000003 0.10000000000000001
    endloop
  endfacet
  facet normal 0.44721359550002898 0 0.89442719099988033
    outer loop
      vertex 155.63999999999999 -40.160000000000004 0.080000000000000016
      vertex 155.59999999999999 -40.200000000000003 0.10000000000000001
      vertex 155.63999999999999 -40.200000000000003 0.080000000000000016
    endloop
  endfacet
  facet normal 0.23570226039555978 0.23570226039551789 0.94280904158205192
    outer loop
      vertex 155.59999999999999 -40.120000000000005 0.080000000000000016
      vertex 155.59999999999999 -40.200000000000003 0.10000000000000001
      vertex 155.63999999999999 -40.160000000000004 0.080000000000000016
    endloop
  endfacet
  facet normal 0.55708601453114837 -0.37139067635409889 0.74278135270821533
    outer loop
      vertex 155.59999999999999 -20.059999999999999 0.12
      vertex 155.59999999999999 -20.140000000000001 0.080000000000000016
      vertex 155.69333333333333 -20 0.080000000000000016
    endloop
  endfacet
  facet normal 0.55708601453112105 -0.37139067635401474 0.74278135270827794
    outer loop
      vertex 155.59999999999999 -20.059999999999999 0.12
      vertex 155.69333333333333 -20 0.080000000000000016
      vertex 155.63999999999999 -20 0.12
    endloop
  endfacet
  facet normal 0.5999999999999398 0 0.80000000000004523
    outer loop
      vertex 155.69333333333333 -15.426666666666668 0.080000000000000016
      vertex 155.63999999999999 -18.039999999999999 0.12
      vertex 155.63999999999999 -20 0.12
    endloop
  endfacet
  facet normal 0.59999999999993969 0 0.80000000000004512
    outer loop
      vertex 155.69333333333333 -15.426666666666668 0.080000000000000016
      vertex 155.63999999999999 -20 0.12
      vertex 155.69333333333333 -20 0.080000000000000016
    endloop
  endfacet
  facet normal 0.5999999999999398 0 0.80000000000004512
    outer loop
      vertex 155.63999999999999 -18.039999999999999 0.12
      vertex 155.69333333333333 -15.426666666666668 0.080000000000000016
      vertex 155.69333333333333 -10.199999999999999 0.080000000000000016
    endloop
  endfacet
  facet normal 0.5999999999999398 -0 0.80000000000004523
    outer loop
      vertex 155.63999999999999 -18.039999999999999 0.12
      vertex 155.69333333333333 -10.199999999999999 0.080000000000000016
      vertex 155.63999999999999 -10.199999999999999 0.12
    endloop
  endfacet
  facet normal 0.59999999999993991 0 0.80000000000004512
    outer loop
      vertex 155.69333333333333 -10.106666666666666 0.080000000000000016
      vertex 155.63999999999999 -10.159999999999998 0.12
      vertex 155.63999999999999 -10.199999999999999 0.12
    endloop
  endfacet
  facet normal 0.5999999999999398 0 0.80000000000004512
    outer loop
      vertex 155.69333333333333 -10.106666666666666 0.080000000000000016
      vertex 155.63999999999999 -10.199999999999999 0.12
      vertex 155.69333333333333 -10.199999999999999 0.080000000000000016
    endloop
  endfacet
  facet normal 0.69631062382273501 -0.1740776559557127 0.69631062382284403
    outer loop
      vertex 155.63999999999999 -10.159999999999998 0.12
      vertex 155.69333333333333 -10.106666666666666 0.080000000000000016
      vertex 155.72 -10 0.080000000000000016
    endloop
  endfacet
  facet normal 0.69631062382284736 -0.17407765595580268 0.69631062382270925
    outer loop
      vertex 155.63999999999999 -10.159999999999998 0.12
      vertex 155.72 -10 0.080000000000000016
      vertex 155.68000000000001 -10 0.12
    endloop
  endfacet
  facet normal 0.70710678118661763 0 0.7071067811864773
    outer loop
      vertex 155.72 -4.0000000000000009 0.080000000000000016
      vertex 155.68000000000001 -6 0.12
      vertex 155.68000000000001 -10 0.12
    endloop
  endfacet
  facet normal 0.70710678118661774 0 0.70710678118647741
    outer loop
      vertex 155.72 -4.0000000000000009 0.080000000000000016
      vertex 155.68000000000001 -10 0.12
      vertex 155.72 -10 0.080000000000000016
    endloop
  endfacet
  facet normal 0.70710678118661763 0 0.7071067811864773
    outer loop
      vertex 155.68000000000001 -5.9999999999999991 0.12
      vertex 155.72 -4 0.080000000000000016
      vertex 155.72 0 0.080000000000000016
    endloop
  endfacet
  facet normal 0.70710678118661774 -0 0.70710678118647741
    outer loop
      vertex 155.68000000000001 -5.9999999999999991 0.12
      vertex 155.72 0 0.080000000000000016
      vertex 155.68000000000001 0 0.12
    endloop
  endfacet
  facet normal 0.70710678118661774 0 0.7071067811864773
    outer loop
      vertex 155.72 0.12 0.080000000000000016
      vertex 155.68000000000001 0.080000000000000016 0.12
      vertex 155.68000000000001 0 0.12
    endloop
  endfacet
  facet normal 0.70710678118661785 0 0.70710678118647741
    outer loop
      vertex 155.72 0.12 0.080000000000000016
      vertex 155.68000000000001 0 0.12
      vertex 155.72 0 0.080000000000000016
    endloop
  endfacet
  facet normal 0.40824829046385813 0.40824829046392186 0.81649658092769895
    outer loop
      vertex 155.59999999999999 0.16000000000000003 0.12
      vertex 155.68000000000001 0.080000000000000016 0.12
      vertex 155.72 0.12 0.080000000000000016
    endloop
  endfacet
  facet normal 0.40824829046385813 0.40824829046392186 0.81649658092769895
    outer loop
      vertex 155.59999999999999 0.16000000000000003 0.12
      vertex 155.72 0.12 0.080000000000000016
      vertex 155.63999999999999 0.20000000000000001 0.080000000000000016
    endloop
  endfacet
  facet normal 0.40824829046393046 0.40824829046384947 0.81649658092769895
    outer loop
      vertex 155.59999999999999 0.16000000000000003 0.12
      vertex 155.63999999999999 0.20000000000000001 0.080000000000000016
      vertex 155.59999999999999 0.20000000000000001 0.10000000000000001
    endloop
  endfacet
  facet normal 0.44721359550002898 0 0.89442719099988044
    outer loop
      vertex 155.63999999999999 2.1599999999999975 0.080000000000000016
      vertex 155.59999999999999 0.20000000000000001 0.10000000000000001
      vertex 155.63999999999999 0.20000000000000001 0.080000000000000016
    endloop
  endfacet
  facet normal 0.44721359550002898 0 0.89442719099988033
    outer loop
      vertex 155.59999999999999 0.20000000000000001 0.10000000000000001
      vertex 155.63999999999999 2.1599999999999993 0.080000000000000016
      vertex 155.63999999999999 10 0.080000000000000016
    endloop
  endfacet
  facet normal 0.44721359550002898 -0 0.89442719099988033
    outer loop
      vertex 155.59999999999999 0.20000000000000001 0.10000000000000001
      vertex 155.63999999999999 10 0.080000000000000016
      vertex 155.59999999999999 10 0.10000000000000001
    endloop
  endfacet
  facet normal 0.44721359550002898 0 0.89442719099988033
    outer loop
      vertex 155.63999999999999 10.039999999999999 0.080000000000000016
      vertex 155.59999999999999 10 0.10000000000000001
      vertex 155.63999999999999 10 0.080000000000000016
    endloop
  endfacet
  facet normal 0.58834840541462563 -0.19611613513817078 0.78446454055268422
    outer loop
      vertex 155.59999999999999 10.08 0.12
      vertex 155.59999999999999 10 0.10000000000000001
      vertex 155.63999999999999 10.039999999999999 0.080000000000000016
    endloop
  endfacet
  facet normal 0.58834840541458622 -0.19611613513822587 0.78446454055269998
    outer loop
      vertex 155.59999999999999 10.08 0.12
      vertex 155.63999999999999 10.039999999999999 0.080000000000000016
      vertex 155.69333333333333 10.199999999999999 0.080000000000000016
    endloop
  endfacet
  facet normal 0.58834840541449962 -0.19611613513812878 0.78446454055278914
    outer loop
      vertex 155.59999999999999 10.08 0.12
      vertex 155.69333333333333 10.199999999999999 0.080000000000000016
      vertex 155.63999999999999 10.199999999999999 0.12
    endloop
  endfacet
  facet normal 0.5999999999999398 0 0.80000000000004523
    outer loop
      vertex 155.69333333333333 14.773333333333332 0.080000000000000016
      vertex 155.63999999999999 12.16 0.12
      vertex 155.63999999999999 10.199999999999999 0.12
    endloop
  endfacet
  facet normal 0.59999999999993969 0 0.80000000000004512
    outer loop
      vertex 155.69333333333333 14.773333333333332 0.080000000000000016
      vertex 155.63999999999999 10.199999999999999 0.12
      vertex 155.69333333333333 10.199999999999999 0.080000000000000016
    endloop
  endfacet
  facet normal 0.5999999999999398 0 0.80000000000004512
    outer loop
      vertex 155.63999999999999 12.16 0.12
      vertex 155.69333333333333 14.773333333333332 0.080000000000000016
      vertex 155.69333333333333 20 0.080000000000000016
    endloop
  endfacet
  facet normal 0.5999999999999398 -0 0.80000000000004523
    outer loop
      vertex 155.63999999999999 12.16 0.12
      vertex 155.69333333333333 20 0.080000000000000016
      vertex 155.63999999999999 20 0.12
    endloop
  endfacet
  facet normal 0.59999999999993969 0 0.80000000000004512
    outer loop
      vertex 155.69333333333333 20.093333333333334 0.080000000000000016
      vertex 155.63999999999999 20.039999999999999 0.12
      vertex 155.63999999999999 20 0.12
    endloop
  endfacet
  facet normal 0.5999999999999398 0 0.80000000000004512
    outer loop
      vertex 155.69333333333333 20.093333333333334 0.080000000000000016
      vertex 155.63999999999999 20 0.12
      vertex 155.69333333333333 20 0.080000000000000016
    endloop
  endfacet
  facet normal 0.43643578047197656 0.21821789023593982 0.87287156094398666
    outer loop
      vertex 155.59999999999999 20.120000000000001 0.12
      vertex 155.63999999999999 20.039999999999999 0.12
      vertex 155.69333333333333 20.093333333333334 0.080000000000000016
    endloop
  endfacet
  facet normal 0.43643578047199005 0.21821789023603136 0.87287156094395713
    outer loop
      vertex 155.59999999999999 20.120000000000001 0.12
      vertex 155.69333333333333 20.093333333333334 0.080000000000000016
      vertex 155.63999999999999 20.199999999999999 0.080000000000000016
    endloop
  endfacet
  facet normal 0.43643578047205445 0.21821789023598845 0.87287156094393559
    outer loop
      vertex 155.59999999999999 20.120000000000001 0.12
      vertex 155.63999999999999 20.199999999999999 0.080000000000000016
      vertex 155.59999999999999 20.199999999999999 0.10000000000000001
    endloop
  endfacet
  facet normal 0.44721359550002898 0 0.89442719099988033
    outer loop
      vertex 155.63999999999999 24.159999999999997 0.080000000000000016
      vertex 155.59999999999999 20.199999999999999 0.10000000000000001
      vertex 155.63999999999999 20.199999999999999 0.080000000000000016
    endloop
  endfacet
  facet normal 0.44721359550002882 0 0.89442719099988033
    outer loop
      vertex 155.59999999999999 20.199999999999999 0.10000000000000001
      vertex 155.63999999999999 24.159999999999997 0.080000000000000016
      vertex 155.63999999999999 40 0.080000000000000016
    endloop
  endfacet
  facet normal 0.44721359550002893 -0 0.89442719099988044
    outer loop
      vertex 155.59999999999999 20.199999999999999 0.10000000000000001
      vertex 155.63999999999999 40 0.080000000000000016
      vertex 155.59999999999999 40 0.10000000000000001
    endloop
  endfacet
  facet normal 0.44721359550002898 0 0.89442719099988033
    outer loop
      vertex 155.63999999999999 40.039999999999999 0.080000000000000016
      vertex 155.59999999999999 40 0.10000000000000001
      vertex 155.63999999999999 40 0.080000000000000016
    endloop
  endfacet
  facet normal 0.23570226039555978 0.23570226039551789 0.94280904158205192
    outer loop
      vertex 155.59999999999999 40.079999999999998 0.080000000000000016
      vertex 155.59999999999999 40 0.10000000000000001
      vertex 155.63999999999999 40.039999999999999 0.080000000000000016
    endloop
  endfacet
  facet normal 0.43643578047205445 -0.21821789023598845 0.87287156094393559
    outer loop
      vertex 155.59999999999999 60.120000000000005 0.080000000000000016
      vertex 155.63999999999999 60.200000000000003 0.080000000000000016
      vertex 155.59999999999999 60.200000000000003 0.10000000000000001
    endloop
  endfacet
  facet normal 0.44721359550002893 0 0.89442719099988033
    outer loop
      vertex 155.63999999999999 64.159999999999997 0.080000000000000016
      vertex 155.59999999999999 60.200000000000003 0.10000000000000001
      vertex 155.63999999999999 60.200000000000003 0.080000000000000016
    endloop
  endfacet
  facet normal 0.44721359550002893 0 0.89442719099988033
    outer loop
      vertex 155.59999999999999 60.200000000000003 0.10000000000000001
      vertex 155.63999999999999 64.159999999999997 0.080000000000000016
      vertex 155.63999999999999 80 0.080000000000000016
    endloop
  endfacet
  facet normal 0.44721359550002898 -0 0.89442719099988044
    outer loop
      vertex 155.59999999999999 60.200000000000003 0.10000000000000001
      vertex 155.63999999999999 80 0.080000000000000016
      vertex 155.59999999999999 80 0.10000000000000001
    endloop
  endfacet
  facet normal 0.44721359550002893 0 0.89442719099988044
    outer loop
      vertex 155.63999999999999 80.040000000000006 0.080000000000000016
      vertex 155.59999999999999 80 0.10000000000000001
      vertex 155.63999999999999 80 0.080000000000000016
    endloop
  endfacet
  facet normal -0 0.44721359549990186 0.89442719099994394
    outer loop
      vertex 155.59999999999999 80.040000000000006 0.080000000000000016
      vertex 155.59999999999999 80 0.10000000000000001
      vertex 155.63999999999999 80.040000000000006 0.080000000000000016
    endloop
  endfacet
  facet normal -0.23570226039556499 -0.23570226039551267 0.94280904158205192
    outer loop
      vertex 171.96000000000001 10.16 0.080000000000000016
      vertex 172 10.119999999999999 0.080000000000000016
      vertex 172 10.199999999999999 0.10000000000000001
    endloop
  endfacet
  facet normal -0.44721359550002898 0 0.89442719099988033
    outer loop
      vertex 171.96000000000001 10.16 0.080000000000000016
      vertex 172 10.199999999999999 0.10000000000000001
      vertex 171.96000000000001 10.199999999999999 0.080000000000000016
    endloop
  endfacet
  facet normal -0.44721359550002898 0 0.89442719099988044
    outer loop
      vertex 171.96000000000001 18.039999999999999 0.080000000000000016
      vertex 171.96000000000001 10.199999999999999 0.080000000000000016
      vertex 172 10.199999999999999 0.10000000000000001
    endloop
  endfacet
  facet normal -0.44721359550002887 0 0.89442719099988033
    outer loop
      vertex 171.96000000000001 18.039999999999999 0.080000000000000016
      vertex 172 10.199999999999999 0.10000000000000001
      vertex 172 20 0.10000000000000001
    endloop
  endfacet
  facet normal -0.44721359550002898 0 0.89442719099988033
    outer loop
      vertex 171.96000000000001 18.040000000000003 0.080000000000000016
      vertex 172 20 0.10000000000000001
      vertex 171.96000000000001 20 0.080000000000000016
    endloop
  endfacet
  facet normal -0.43643578047205445 0.21821789023598845 0.87287156094393559
    outer loop
      vertex 171.96000000000001 20 0.080000000000000016
      vertex 172 20 0.10000000000000001
      vertex 172 20.079999999999998 0.080000000000000016
    endloop
  endfacet
  facet normal -0.21821789023598109 -0.43643578047196219 0.87287156094398377
    outer loop
      vertex 171.96000000000001 40.160000000000004 0.12
      vertex 171.90666666666667 40.106666666666669 0.080000000000000016
      vertex 172 40.060000000000002 0.080000000000000016
    endloop
  endfacet
  facet normal -0.21821789023606963 -0.43643578047198428 0.87287156094395046
    outer loop
      vertex 171.96000000000001 40.160000000000004 0.12
      vertex 172 40.060000000000002 0.080000000000000016
      vertex 172 40.140000000000001 0.12
    endloop
  endfacet
  facet normal -0.59999999999993969 0 0.80000000000004512
    outer loop
      vertex 171.90666666666667 40.106666666666669 0.080000000000000016
      vertex 171.96000000000001 40.160000000000004 0.12
      vertex 171.96000000000001 40.200000000000003 0.12
    endloop
  endfacet
  facet normal -0.5999999999999398 0 0.80000000000004512
    outer loop
      vertex 171.90666666666667 40.106666666666669 0.080000000000000016
      vertex 171.96000000000001 40.200000000000003 0.12
      vertex 171.90666666666667 40.200000000000003 0.080000000000000016
    endloop
  endfacet
  facet normal -0.59999999999993969 0 0.80000000000004523
    outer loop
      vertex 171.96000000000001 56.039999999999999 0.12
      vertex 171.90666666666667 50.760000000000005 0.080000000000000016
      vertex 171.90666666666667 40.200000000000003 0.080000000000000016
    endloop
  endfacet
  facet normal -0.59999999999993969 0 0.80000000000004512
    outer loop
      vertex 171.96000000000001 56.039999999999999 0.12
      vertex 171.90666666666667 40.200000000000003 0.080000000000000016
      vertex 171.96000000000001 40.200000000000003 0.12
    endloop
  endfacet
  facet normal -0.5999999999999398 0 0.80000000000004534
    outer loop
      vertex 171.90666666666667 50.760000000000005 0.080000000000000016
      vertex 171.96000000000001 56.039999999999999 0.12
      vertex 171.96000000000001 60 0.12
    endloop
  endfacet
  facet normal -0.5999999999999398 0 0.80000000000004523
    outer loop
      vertex 171.90666666666667 50.760000000000005 0.080000000000000016
      vertex 171.96000000000001 60 0.12
      vertex 171.90666666666667 60 0.080000000000000016
    endloop
  endfacet
  facet normal -0.5570860145311255 0.37139067635399581 0.74278135270828394
    outer loop
      vertex 171.90666666666667 60 0.080000000000000016
      vertex 171.96000000000001 60 0.12
      vertex 172 60.060000000000002 0.12
    endloop
  endfacet
  facet normal -0.55708601453116202 0.371390676354108 0.74278135270820056
    outer loop
      vertex 171.90666666666667 60 0.080000000000000016
      vertex 172 60.060000000000002 0.12
      vertex 172 60.140000000000001 0.080000000000000016
    endloop
  endfacet
  facet normal 0 -0.24253562503633266 0.97014250014533199
    outer loop
      vertex 172.12 10.119999999999999 0.080000000000000016
      vertex 172.19999999999999 10.119999999999999 0.080000000000000016
      vertex 172.19999999999999 10.199999999999999 0.10000000000000001
    endloop
  endfacet
  facet normal 0 -0.24253562503633264 0.97014250014533188
    outer loop
      vertex 172 10.119999999999999 0.080000000000000016
      vertex 172.12 10.119999999999999 0.080000000000000016
      vertex 172.19999999999999 10.199999999999999 0.10000000000000001
    endloop
  endfacet
  facet normal 0 -0.24253562503633264 0.97014250014533199
    outer loop
      vertex 172 10.119999999999999 0.080000000000000016
      vertex 172.19999999999999 10.199999999999999 0.10000000000000001
      vertex 172 10.199999999999999 0.10000000000000001
    endloop
  endfacet
  facet normal 0 0 1
    outer loop
      vertex 172 10.199999999999999 0.10000000000000001
      vertex 172.19999999999999 10.199999999999999 0.10000000000000001
      vertex 172.19999999999999 20 0.10000000000000001
    endloop
  endfacet
  facet normal 0 0 1
    outer loop
      vertex 172 10.199999999999999 0.10000000000000001
      vertex 172.19999999999999 20 0.10000000000000001
      vertex 172 20 0.10000000000000001
    endloop
  endfacet
  facet normal 0 0.24253562503633774 0.97014250014533077
    outer loop
      vertex 172.07999999999998 20.079999999999998 0.080000000000000016
      vertex 172 20 0.10000000000000001
      vertex 172.19999999999999 20 0.10000000000000001
    endloop
  endfacet
  facet normal -0 0.24253562503633772 0.97014250014533077
    outer loop
      vertex 172.07999999999998 20.079999999999998 0.080000000000000016
      vertex 172.19999999999999 20 0.10000000000000001
      vertex 172.19999999999999 20.079999999999998 0.080000000000000016
    endloop
  endfacet
  facet normal -0 0.24253562503633774 0.97014250014533066
    outer loop
      vertex 172 20.079999999999998 0.080000000000000016
      vertex 172 20 0.10000000000000001
      vertex 172.07999999999998 20.079999999999998 0.080000000000000016
    endloop
  endfacet
  facet normal 0 -0.44721359549996537 0.89442719099991219
    outer loop
      vertex 172.13999999999999 40.140000000000001 0.12
      vertex 172.06 40.060000000000002 0.080000000000000016
      vertex 172.19999999999999 40.060000000000002 0.080000000000000016
    endloop
  endfacet
  facet normal 0 -0.44721359549996542 0.89442719099991219
    outer loop
      vertex 172.13999999999999 40.140000000000001 0.12
      vertex 172.19999999999999 40.060000000000002 0.080000000000000016
      vertex 172.19999999999999 40.140000000000001 0.12
    endloop
  endfacet
  facet normal 0 -0.44721359549996542 0.89442719099991219
    outer loop
      vertex 172 40.140000000000001 0.12
      vertex 172 40.060000000000002 0.080000000000000016
      vertex 172.06 40.060000000000002 0.080000000000000016
    endloop
  endfacet
  facet normal 0 -0.44721359549996542 0.89442719099991208
    outer loop
      vertex 172 40.140000000000001 0.12
      vertex 172.06 40.060000000000002 0.080000000000000016
      vertex 172.13999999999999 40.140000000000001 0.12
    endloop
  endfacet
  facet normal 0 0.44721359549996537 0.89442719099991219
    outer loop
      vertex 172.13999999999999 60.140000000000001 0.080000000000000016
      vertex 172.06 60.060000000000002 0.12
      vertex 172.19999999999999 60.060000000000002 0.12
    endloop
  endfacet
  facet normal -0 0.44721359549996542 0.89442719099991219
    outer loop
      vertex 172.13999999999999 60.140000000000001 0.080000000000000016
      vertex 172.19999999999999 60.060000000000002 0.12
      vertex 172.19999999999999 60.140000000000001 0.080000000000000016
    endloop
  endfacet
  facet normal 0 0.44721359549996542 0.89442719099991219
    outer loop
      vertex 172 60.140000000000001 0.080000000000000016
      vertex 172 60.060000000000002 0.12
      vertex 172.06 60.060000000000002 0.12
    endloop
  endfacet
  facet normal -0 0.44721359549996542 0.89442719099991208
    outer loop
      vertex 172 60.140000000000001 0.080000000000000016
      vertex 172.06 60.060000000000002 0.12
      vertex 172.13999999999999 60.140000000000001 0.080000000000000016
    endloop
  endfacet
  facet normal 0.43643578047205495 -0.21821789023598384 0.87287156094393659
    outer loop
      vertex 172.19999999999999 10.119999999999999 0.080000000000000016
      vertex 172.23999999999998 10.199999999999999 0.080000000000000016
      vertex 172.19999999999999 10.199999999999999 0.10000000000000001
    endloop
  endfacet
  facet normal 0.44721359550002898 0 0.89442719099988033
    outer loop
      vertex 172.23999999999998 12.159999999999997 0.080000000000000016
      vertex 172.19999999999999 10.199999999999999 0.10000000000000001
      vertex 172.23999999999998 10.199999999999999 0.080000000000000016
    endloop
  endfacet
  facet normal 0.44721359550002898 0 0.89442719099988033
    outer loop
      vertex 172.19999999999999 10.199999999999999 0.10000000000000001
      vertex 172.23999999999998 12.159999999999998 0.080000000000000016
      vertex 172.23999999999998 20 0.080000000000000016
    endloop
  endfacet
  facet normal 0.44721359550002898 -0 0.89442719099988033
    outer loop
      vertex 172.19999999999999 10.199999999999999 0.10000000000000001
      vertex 172.23999999999998 20 0.080000000000000016
      vertex 172.19999999999999 20 0.10000000000000001
    endloop
  endfacet
  facet normal 0.44721359550002898 0 0.89442719099988033
    outer loop
      vertex 172.23999999999998 20.039999999999999 0.080000000000000016
      vertex 172.19999999999999 20 0.10000000000000001
      vertex 172.23999999999998 20 0.080000000000000016
    endloop
  endfacet
  facet normal 0.23570226039555978 0.23570226039551789 0.94280904158205192
    outer loop
      vertex 172.19999999999999 20.079999999999998 0.080000000000000016
      vertex 172.19999999999999 20 0.10000000000000001
      vertex 172.23999999999998 20.039999999999999 0.080000000000000016
    endloop
  endfacet
  facet normal 0.55708601453116202 -0.371390676354108 0.74278135270820056
    outer loop
      vertex 172.19999999999999 40.140000000000001 0.12
      vertex 172.19999999999999 40.060000000000002 0.080000000000000016
      vertex 172.29333333333332 40.200000000000003 0.080000000000000016
    endloop
  endfacet
  facet normal 0.5570860145311255 -0.37139067635399575 0.74278135270828394
    outer loop
      vertex 172.19999999999999 40.140000000000001 0.12
      vertex 172.29333333333332 40.200000000000003 0.080000000000000016
      vertex 172.23999999999998 40.200000000000003 0.12
    endloop
  endfacet
  facet normal 0.5999999999999398 0 0.80000000000004534
    outer loop
      vertex 172.29333333333332 49.439999999999998 0.080000000000000016
      vertex 172.23999999999998 44.160000000000004 0.12
      vertex 172.23999999999998 40.200000000000003 0.12
    endloop
  endfacet
  facet normal 0.5999999999999398 0 0.80000000000004523
    outer loop
      vertex 172.29333333333332 49.439999999999998 0.080000000000000016
      vertex 172.23999999999998 40.200000000000003 0.12
      vertex 172.29333333333332 40.200000000000003 0.080000000000000016
    endloop
  endfacet
  facet normal 0.59999999999993969 0 0.80000000000004523
    outer loop
      vertex 172.23999999999998 44.160000000000004 0.12
      vertex 172.29333333333332 49.439999999999998 0.080000000000000016
      vertex 172.29333333333332 60 0.080000000000000016
    endloop
  endfacet
  facet normal 0.59999999999993969 -0 0.80000000000004512
    outer loop
      vertex 172.23999999999998 44.160000000000004 0.12
      vertex 172.29333333333332 60 0.080000000000000016
      vertex 172.23999999999998 60 0.12
    endloop
  endfacet
  facet normal 0.59999999999993969 0 0.80000000000004512
    outer loop
      vertex 172.29333333333332 60.093333333333334 0.080000000000000016
      vertex 172.23999999999998 60.039999999999999 0.12
      vertex 172.23999999999998 60 0.12
    endloop
  endfacet
  facet normal 0.5999999999999398 0 0.80000000000004512
    outer loop
      vertex 172.29333333333332 60.093333333333334 0.080000000000000016
      vertex 172.23999999999998 60 0.12
      vertex 172.29333333333332 60 0.080000000000000016
    endloop
  endfacet
  facet normal 0.21821789023606961 0.43643578047198428 0.87287156094395035
    outer loop
      vertex 172.19999999999999 60.140000000000001 0.080000000000000016
      vertex 172.19999999999999 60.060000000000002 0.12
      vertex 172.23999999999998 60.039999999999999 0.12
    endloop
  endfacet
  facet normal 0.21821789023598107 0.43643578047196213 0.87287156094398355
    outer loop
      vertex 172.19999999999999 60.140000000000001 0.080000000000000016
      vertex 172.23999999999998 60.039999999999999 0.12
      vertex 172.29333333333332 60.093333333333334 0.080000000000000016
    endloop
  endfacet
  facet normal 0.0079997440122877937 -0.59998080092149075 0.79997440122877972
    outer loop
      vertex 176.40000000000001 -80.040000000000006 0.080000000000000016
      vertex 177.40000000000001 -80.026666666666671 0.080000000000000016
      vertex 177.40000000000001 -80 0.10000000000000001
    endloop
  endfacet
  facet normal -0.019996001199600131 0 0.99980005998000698
    outer loop
      vertex 176.40000000000001 -80.040000000000006 0.080000000000000016
      vertex 177.40000000000001 -80 0.10000000000000001
      vertex 176.40000000000001 -80 0.080000000000000016
    endloop
  endfacet
  facet normal -0.019996001199600131 0 0.99980005998000698
    outer loop
      vertex 176.40000000000001 -64.159999999999997 0.080000000000000016
      vertex 176.40000000000001 -80 0.080000000000000016
      vertex 177.40000000000001 -80 0.10000000000000001
    endloop
  endfacet
  facet normal -0.019996001199600127 0 0.99980005998000698
    outer loop
      vertex 176.40000000000001 -64.159999999999997 0.080000000000000016
      vertex 177.40000000000001 -80 0.10000000000000001
      vertex 177.40000000000001 -60.200000000000003 0.10000000000000001
    endloop
  endfacet
  facet normal -0.019996001199600131 0 0.99980005998000698
    outer loop
      vertex 176.40000000000001 -64.159999999999997 0.080000000000000016
      vertex 177.40000000000001 -60.200000000000003 0.10000000000000001
      vertex 176.40000000000001 -60.200000000000003 0.080000000000000016
    endloop
  endfacet
  facet normal -0.01939919873264415 0.24248998415805703 0.96995993663220792
    outer loop
      vertex 176.40000000000001 -60.200000000000003 0.080000000000000016
      vertex 177.40000000000001 -60.200000000000003 0.10000000000000001
      vertex 177.40000000000001 -60.120000000000005 0.080000000000000016
    endloop
  endfacet
  facet normal -0.009700968496029836 -0.24252421240075106 0.97009684960298403
    outer loop
      vertex 176.40000000000001 -40.039999999999999 0.080000000000000016
      vertex 177.40000000000001 -40.079999999999998 0.080000000000000016
      vertex 177.40000000000001 -40 0.10000000000000001
    endloop
  endfacet
  facet normal -0.019996001199600131 0 0.99980005998000698
    outer loop
      vertex 176.40000000000001 -40.039999999999999 0.080000000000000016
      vertex 177.40000000000001 -40 0.10000000000000001
      vertex 176.40000000000001 -40 0.080000000000000016
    endloop
  endfacet
  facet normal -0.019996001199600131 0 0.99980005998000698
    outer loop
      vertex 176.40000000000001 -24.159999999999997 0.080000000000000016
      vertex 176.40000000000001 -40 0.080000000000000016
      vertex 177.40000000000001 -40 0.10000000000000001
    endloop
  endfacet
  facet normal -0.019996001199600127 0 0.99980005998000698
    outer loop
      vertex 176.40000000000001 -24.159999999999997 0.080000000000000016
      vertex 177.40000000000001 -40 0.10000000000000001
      vertex 177.40000000000001 -20.199999999999999 0.10000000000000001
    endloop
  endfacet
  facet normal -0.019996001199600131 0 0.99980005998000698
    outer loop
      vertex 176.40000000000001 -24.159999999999997 0.080000000000000016
      vertex 177.40000000000001 -20.199999999999999 0.10000000000000001
      vertex 176.40000000000001 -20.199999999999999 0.080000000000000016
    endloop
  endfacet
  facet normal -0.01939919873264415 0.24248998415805703 0.96995993663220792
    outer loop
      vertex 176.40000000000001 -20.199999999999999 0.080000000000000016
      vertex 177.40000000000001 -20.199999999999999 0.10000000000000001
      vertex 177.40000000000001 -20.120000000000001 0.080000000000000016
    endloop
  endfacet
  facet normal -0.0097009684960300616 -0.24252421240074595 0.97009684960298515
    outer loop
      vertex 176.40000000000001 -10.039999999999999 0.080000000000000016
      vertex 177.40000000000001 -10.08 0.080000000000000016
      vertex 177.40000000000001 -10 0.10000000000000001
    endloop
  endfacet
  facet normal -0.019996001199600131 0 0.99980005998000698
    outer loop
      vertex 176.40000000000001 -10.039999999999999 0.080000000000000016
      vertex 177.40000000000001 -10 0.10000000000000001
      vertex 176.40000000000001 -10 0.080000000000000016
    endloop
  endfacet
  facet normal -0.019996001199600131 0 0.99980005998000709
    outer loop
      vertex 176.40000000000001 -1.9999999999999991 0.080000000000000016
      vertex 176.40000000000001 -10 0.080000000000000016
      vertex 177.40000000000001 -10 0.10000000000000001
    endloop
  endfacet
  facet normal -0.019996001199600127 0 0.99980005998000709
    outer loop
      vertex 176.40000000000001 -1.9999999999999991 0.080000000000000016
      vertex 177.40000000000001 -10 0.10000000000000001
      vertex 177.40000000000001 0 0.10000000000000001
    endloop
  endfacet
  facet normal -0.019996001199600131 0 0.99980005998000709
    outer loop
      vertex 176.40000000000001 -1.9999999999999982 0.080000000000000016
      vertex 177.40000000000001 0 0.10000000000000001
      vertex 176.40000000000001 0 0.080000000000000016
    endloop
  endfacet
  facet normal -0.017885682339724065 0.44714205849310185 0.89428411698620369
    outer loop
      vertex 176.40000000000001 0 0.080000000000000016
      vertex 177.40000000000001 0 0.10000000000000001
      vertex 177.40000000000001 0.03999999999999998 0.080000000000000016
    endloop
  endfacet
  facet normal 0 -0.59999999999993969 0.80000000000004512
    outer loop
      vertex 177.57333333333332 -80.026666666666671 0.080000000000000016
      vertex 177.59999999999999 -80.026666666666671 0.080000000000000016
      vertex 177.59999999999999 -80 0.10000000000000001
    endloop
  endfacet
  facet normal 0 -0.59999999999993969 0.80000000000004512
    outer loop
      vertex 177.40000000000001 -80.026666666666671 0.080000000000000016
      vertex 177.57333333333332 -80.026666666666671 0.080000000000000016
      vertex 177.59999999999999 -80 0.10000000000000001
    endloop
  endfacet
  facet normal 0 -0.59999999999993969 0.80000000000004523
    outer loop
      vertex 177.40000000000001 -80.026666666666671 0.080000000000000016
      vertex 177.59999999999999 -80 0.10000000000000001
      vertex 177.40000000000001 -80 0.10000000000000001
    endloop
  endfacet
  facet normal 0 0 1
    outer loop
      vertex 177.40000000000001 -80 0.10000000000000001
      vertex 177.59999999999999 -80 0.10000000000000001
      vertex 177.59999999999999 -60.200000000000003 0.10000000000000001
    endloop
  endfacet
  facet normal 0 0 1
    outer loop
      vertex 177.40000000000001 -80 0.10000000000000001
      vertex 177.59999999999999 -60.200000000000003 0.10000000000000001
      vertex 177.40000000000001 -60.200000000000003 0.10000000000000001
    endloop
  endfacet
  facet normal 0 0.24253562503633774 0.97014250014533077
    outer loop
      vertex 177.47999999999999 -60.120000000000005 0.080000000000000016
      vertex 177.40000000000001 -60.200000000000003 0.10000000000000001
      vertex 177.59999999999999 -60.200000000000003 0.10000000000000001
    endloop
  endfacet
  facet normal -0 0.24253562503633772 0.97014250014533077
    outer loop
      vertex 177.47999999999999 -60.120000000000005 0.080000000000000016
      vertex 177.59999999999999 -60.200000000000003 0.10000000000000001
      vertex 177.59999999999999 -60.120000000000005 0.080000000000000016
    endloop
  endfacet
  facet normal -0 0.24253562503633774 0.97014250014533066
    outer loop
      vertex 177.40000000000001 -60.120000000000005 0.080000000000000016
      vertex 177.40000000000001 -60.200000000000003 0.10000000000000001
      vertex 177.47999999999999 -60.120000000000005 0.080000000000000016
    endloop
  endfacet
  facet normal 0 -0.24253562503633774 0.97014250014533066
    outer loop
      vertex 177.52000000000001 -40.079999999999998 0.080000000000000016
      vertex 177.59999999999999 -40.079999999999998 0.080000000000000016
      vertex 177.59999999999999 -40 0.10000000000000001
    endloop
  endfacet
  facet normal 0 -0.24253562503633772 0.97014250014533077
    outer loop
      vertex 177.40000000000001 -40.079999999999998 0.080000000000000016
      vertex 177.52000000000001 -40.079999999999998 0.080000000000000016
      vertex 177.59999999999999 -40 0.10000000000000001
    endloop
  endfacet
  facet normal 0 -0.24253562503633774 0.97014250014533077
    outer loop
      vertex 177.40000000000001 -40.079999999999998 0.080000000000000016
      vertex 177.59999999999999 -40 0.10000000000000001
      vertex 177.40000000000001 -40 0.10000000000000001
    endloop
  endfacet
  facet normal 0 0 1
    outer loop
      vertex 177.40000000000001 -40 0.10000000000000001
      vertex 177.59999999999999 -40 0.10000000000000001
      vertex 177.59999999999999 -20.199999999999999 0.10000000000000001
    endloop
  endfacet
  facet normal 0 0 1
    outer loop
      vertex 177.40000000000001 -40 0.10000000000000001
      vertex 177.59999999999999 -20.199999999999999 0.10000000000000001
      vertex 177.40000000000001 -20.199999999999999 0.10000000000000001
    endloop
  endfacet
  facet normal 0 0.24253562503633774 0.97014250014533077
    outer loop
      vertex 177.47999999999999 -20.120000000000001 0.080000000000000016
      vertex 177.40000000000001 -20.199999999999999 0.10000000000000001
      vertex 177.59999999999999 -20.199999999999999 0.10000000000000001
    endloop
  endfacet
  facet normal -0 0.24253562503633772 0.97014250014533077
    outer loop
      vertex 177.47999999999999 -20.120000000000001 0.080000000000000016
      vertex 177.59999999999999 -20.199999999999999 0.10000000000000001
      vertex 177.59999999999999 -20.120000000000001 0.080000000000000016
    endloop
  endfacet
  facet normal -0 0.24253562503633774 0.97014250014533066
    outer loop
      vertex 177.40000000000001 -20.120000000000001 0.080000000000000016
      vertex 177.40000000000001 -20.199999999999999 0.10000000000000001
      vertex 177.47999999999999 -20.120000000000001 0.080000000000000016
    endloop
  endfacet
  facet normal 0 -0.24253562503633266 0.97014250014533199
    outer loop
      vertex 177.52000000000001 -10.08 0.080000000000000016
      vertex 177.59999999999999 -10.08 0.080000000000000016
      vertex 177.59999999999999 -10 0.10000000000000001
    endloop
  endfacet
  facet normal 0 -0.24253562503633264 0.97014250014533188
    outer loop
      vertex 177.40000000000001 -10.08 0.080000000000000016
      vertex 177.52000000000001 -10.08 0.080000000000000016
      vertex 177.59999999999999 -10 0.10000000000000001
    endloop
  endfacet
  facet normal 0 -0.24253562503633264 0.97014250014533199
    outer loop
      vertex 177.40000000000001 -10.08 0.080000000000000016
      vertex 177.59999999999999 -10 0.10000000000000001
      vertex 177.40000000000001 -10 0.10000000000000001
    endloop
  endfacet
  facet normal 0 0 1
    outer loop
      vertex 177.40000000000001 -10 0.10000000000000001
      vertex 177.59999999999999 -10 0.10000000000000001
      vertex 177.59999999999999 0 0.10000000000000001
    endloop
  endfacet
  facet normal 0 0 1
    outer loop
      vertex 177.40000000000001 -10 0.10000000000000001
      vertex 177.59999999999999 0 0.10000000000000001
      vertex 177.40000000000001 0 0.10000000000000001
    endloop
  endfacet
  facet normal 0 0.44721359549995787 0.89442719099991574
    outer loop
      vertex 177.44 0.03999999999999998 0.080000000000000016
      vertex 177.40000000000001 0 0.10000000000000001
      vertex 177.59999999999999 0 0.10000000000000001
    endloop
  endfacet
  facet normal -0 0.44721359549995793 0.89442719099991586
    outer loop
      vertex 177.44 0.03999999999999998 0.080000000000000016
      vertex 177.59999999999999 0 0.10000000000000001
      vertex 177.59999999999999 0.03999999999999998 0.080000000000000016
    endloop
  endfacet
  facet normal -0 0.44721359549995793 0.89442719099991586
    outer loop
      vertex 177.40000000000001 0.03999999999999998 0.080000000000000016
      vertex 177.40000000000001 0 0.10000000000000001
      vertex 177.44 0.03999999999999998 0.080000000000000016
    endloop
  endfacet
  facet normal 0 -0.5999999999999398 0.80000000000004523
    outer loop
      vertex 179.33333333333331 -80.026666666666671 0.080000000000000016
      vertex 179.59999999999999 -80.026666666666671 0.080000000000000016
      vertex 179.59999999999999 -80 0.10000000000000001
    endloop
  endfacet
  facet normal 0 -0.5999999999999398 0.80000000000004523
    outer loop
      vertex 177.59999999999999 -80.026666666666671 0.080000000000000016
      vertex 179.33333333333331 -80.026666666666671 0.080000000000000016
      vertex 179.59999999999999 -80 0.10000000000000001
    endloop
  endfacet
  facet normal 0 -0.5999999999999398 0.80000000000004512
    outer loop
      vertex 177.59999999999999 -80.026666666666671 0.080000000000000016
      vertex 179.59999999999999 -80 0.10000000000000001
      vertex 177.59999999999999 -80 0.10000000000000001
    endloop
  endfacet
  facet normal 0 0 1
    outer loop
      vertex 177.59999999999999 -80 0.10000000000000001
      vertex 179.59999999999999 -80 0.10000000000000001
      vertex 179.59999999999999 -60.200000000000003 0.10000000000000001
    endloop
  endfacet
  facet normal 0 0 1
    outer loop
      vertex 177.59999999999999 -80 0.10000000000000001
      vertex 179.59999999999999 -60.200000000000003 0.10000000000000001
      vertex 177.59999999999999 -60.200000000000003 0.10000000000000001
    endloop
  endfacet
  facet normal 0 0.24253562503633772 0.97014250014533066
    outer loop
      vertex 178.40000000000001 -60.120000000000005 0.080000000000000016
      vertex 177.59999999999999 -60.200000000000003 0.10000000000000001
      vertex 179.59999999999999 -60.200000000000003 0.10000000000000001
    endloop
  endfacet
  facet normal -0 0.24253562503633772 0.97014250014533066
    outer loop
      vertex 178.40000000000001 -60.120000000000005 0.080000000000000016
      vertex 179.59999999999999 -60.200000000000003 0.10000000000000001
      vertex 179.59999999999999 -60.120000000000005 0.080000000000000016
    endloop
  endfacet
  facet normal -0 0.24253562503633774 0.97014250014533077
    outer loop
      vertex 177.59999999999999 -60.120000000000005 0.080000000000000016
      vertex 177.59999999999999 -60.200000000000003 0.10000000000000001
      vertex 178.40000000000001 -60.120000000000005 0.080000000000000016
    endloop
  endfacet
  facet normal 0 -0.24253562503633774 0.97014250014533077
    outer loop
      vertex 178.79999999999998 -40.079999999999998 0.080000000000000016
      vertex 179.59999999999999 -40.079999999999998 0.080000000000000016
      vertex 179.59999999999999 -40 0.10000000000000001
    endloop
  endfacet
  facet normal 0 -0.24253562503633772 0.97014250014533066
    outer loop
      vertex 177.59999999999999 -40.079999999999998 0.080000000000000016
      vertex 178.79999999999998 -40.079999999999998 0.080000000000000016
      vertex 179.59999999999999 -40 0.10000000000000001
    endloop
  endfacet
  facet normal 0 -0.24253562503633772 0.97014250014533066
    outer loop
      vertex 177.59999999999999 -40.079999999999998 0.080000000000000016
      vertex 179.59999999999999 -40 0.10000000000000001
      vertex 177.59999999999999 -40 0.10000000000000001
    endloop
  endfacet
  facet normal 0 0 1
    outer loop
      vertex 177.59999999999999 -40 0.10000000000000001
      vertex 179.59999999999999 -40 0.10000000000000001
      vertex 179.59999999999999 -20.199999999999999 0.10000000000000001
    endloop
  endfacet
  facet normal 0 0 1
    outer loop
      vertex 177.59999999999999 -40 0.10000000000000001
      vertex 179.59999999999999 -20.199999999999999 0.10000000000000001
      vertex 177.59999999999999 -20.199999999999999 0.10000000000000001
    endloop
  endfacet
  facet normal 0 0.24253562503633772 0.97014250014533066
    outer loop
      vertex 178.40000000000001 -20.120000000000001 0.080000000000000016
      vertex 177.59999999999999 -20.199999999999999 0.10000000000000001
      vertex 179.59999999999999 -20.199999999999999 0.10000000000000001
    endloop
  endfacet
  facet normal -0 0.24253562503633772 0.97014250014533066
    outer loop
      vertex 178.40000000000001 -20.120000000000001 0.080000000000000016
      vertex 179.59999999999999 -20.199999999999999 0.10000000000000001
      vertex 179.59999999999999 -20.120000000000001 0.080000000000000016
    endloop
  endfacet
  facet normal -0 0.24253562503633774 0.97014250014533077
    outer loop
      vertex 177.59999999999999 -20.120000000000001 0.080000000000000016
      vertex 177.59999999999999 -20.199999999999999 0.10000000000000001
      vertex 178.40000000000001 -20.120000000000001 0.080000000000000016
    endloop
  endfacet
  facet normal 0 -0.24253562503633264 0.97014250014533199
    outer loop
      vertex 178.79999999999998 -10.08 0.080000000000000016
      vertex 179.59999999999999 -10.08 0.080000000000000016
      vertex 179.59999999999999 -10 0.10000000000000001
    endloop
  endfacet
  facet normal 0 -0.24253562503633269 0.97014250014533199
    outer loop
      vertex 177.59999999999999 -10.08 0.080000000000000016
      vertex 178.79999999999998 -10.08 0.080000000000000016
      vertex 179.59999999999999 -10 0.10000000000000001
    endloop
  endfacet
  facet normal 0 -0.24253562503633266 0.97014250014533199
    outer loop
      vertex 177.59999999999999 -10.08 0.080000000000000016
      vertex 179.59999999999999 -10 0.10000000000000001
      vertex 177.59999999999999 -10 0.10000000000000001
    endloop
  endfacet
  facet normal 0 0 1
    outer loop
      vertex 177.59999999999999 -10 0.10000000000000001
      vertex 179.59999999999999 -10 0.10000000000000001
      vertex 179.59999999999999 0 0.10000000000000001
    endloop
  endfacet
  facet normal 0 0 1
    outer loop
      vertex 177.59999999999999 -10 0.10000000000000001
      vertex 179.59999999999999 0 0.10000000000000001
      vertex 177.59999999999999 0 0.10000000000000001
    endloop
  endfacet
  facet normal 0 0.44721359549995793 0.89442719099991586
    outer loop
      vertex 178 0.03999999999999998 0.080000000000000016
      vertex 177.59999999999999 0 0.10000000000000001
      vertex 179.59999999999999 0 0.10000000000000001
    endloop
  endfacet
  facet normal -0 0.44721359549995798 0.89442719099991597
    outer loop
      vertex 178 0.03999999999999998 0.080000000000000016
      vertex 179.59999999999999 0 0.10000000000000001
      vertex 179.59999999999999 0.03999999999999998 0.080000000000000016
    endloop
  endfacet
  facet normal -0 0.44721359549995793 0.89442719099991586
    outer loop
      vertex 177.59999999999999 0.03999999999999998 0.080000000000000016
      vertex 177.59999999999999 0 0.10000000000000001
      vertex 178 0.03999999999999998 0.080000000000000016
    endloop
  endfacet
  facet normal 0 -0.59999999999993969 0.80000000000004512
    outer loop
      vertex 179.77333333333334 -80.026666666666671 0.080000000000000016
      vertex 179.80000000000001 -80.026666666666671 0.080000000000000016
      vertex 179.80000000000001 -80 0.10000000000000001
    endloop
  endfacet
  facet normal 0 -0.5999999999999398 0.80000000000004512
    outer loop
      vertex 179.59999999999999 -80.026666666666671 0.080000000000000016
      vertex 179.77333333333334 -80.026666666666671 0.080000000000000016
      vertex 179.80000000000001 -80 0.10000000000000001
    endloop
  endfacet
  facet normal 0 -0.5999999999999398 0.80000000000004523
    outer loop
      vertex 179.59999999999999 -80.026666666666671 0.080000000000000016
      vertex 179.80000000000001 -80 0.10000000000000001
      vertex 179.59999999999999 -80 0.10000000000000001
    endloop
  endfacet
  facet normal 0 0 1
    outer loop
      vertex 179.59999999999999 -80 0.10000000000000001
      vertex 179.80000000000001 -80 0.10000000000000001
      vertex 179.80000000000001 -60.200000000000003 0.10000000000000001
    endloop
  endfacet
  facet normal 0 0 1
    outer loop
      vertex 179.59999999999999 -80 0.10000000000000001
      vertex 179.80000000000001 -60.200000000000003 0.10000000000000001
      vertex 179.59999999999999 -60.200000000000003 0.10000000000000001
    endloop
  endfacet
  facet normal 0 0.24253562503633763 0.97014250014533054
    outer loop
      vertex 179.68000000000001 -60.120000000000005 0.080000000000000016
      vertex 179.59999999999999 -60.200000000000003 0.10000000000000001
      vertex 179.80000000000001 -60.200000000000003 0.10000000000000001
    endloop
  endfacet
  facet normal -0 0.24253562503633772 0.97014250014533077
    outer loop
      vertex 179.68000000000001 -60.120000000000005 0.080000000000000016
      vertex 179.80000000000001 -60.200000000000003 0.10000000000000001
      vertex 179.80000000000001 -60.120000000000005 0.080000000000000016
    endloop
  endfacet
  facet normal -0 0.24253562503633772 0.97014250014533077
    outer loop
      vertex 179.59999999999999 -60.120000000000005 0.080000000000000016
      vertex 179.59999999999999 -60.200000000000003 0.10000000000000001
      vertex 179.68000000000001 -60.120000000000005 0.080000000000000016
    endloop
  endfacet
  facet normal 0 -0.24253562503633772 0.97014250014533077
    outer loop
      vertex 179.72 -40.079999999999998 0.080000000000000016
      vertex 179.80000000000001 -40.079999999999998 0.080000000000000016
      vertex 179.80000000000001 -40 0.10000000000000001
    endloop
  endfacet
  facet normal 0 -0.24253562503633772 0.97014250014533077
    outer loop
      vertex 179.59999999999999 -40.079999999999998 0.080000000000000016
      vertex 179.72 -40.079999999999998 0.080000000000000016
      vertex 179.80000000000001 -40 0.10000000000000001
    endloop
  endfacet
  facet normal 0 -0.24253562503633769 0.97014250014533054
    outer loop
      vertex 179.59999999999999 -40.079999999999998 0.080000000000000016
      vertex 179.80000000000001 -40 0.10000000000000001
      vertex 179.59999999999999 -40 0.10000000000000001
    endloop
  endfacet
  facet normal 0 0 1
    outer loop
      vertex 179.59999999999999 -40 0.10000000000000001
      vertex 179.80000000000001 -40 0.10000000000000001
      vertex 179.80000000000001 -20.199999999999999 0.10000000000000001
    endloop
  endfacet
  facet normal 0 0 1
    outer loop
      vertex 179.59999999999999 -40 0.10000000000000001
      vertex 179.80000000000001 -20.199999999999999 0.10000000000000001
      vertex 179.59999999999999 -20.199999999999999 0.10000000000000001
    endloop
  endfacet
  facet normal 0 0.24253562503633763 0.97014250014533054
    outer loop
      vertex 179.68000000000001 -20.120000000000001 0.080000000000000016
      vertex 179.59999999999999 -20.199999999999999 0.10000000000000001
      vertex 179.80000000000001 -20.199999999999999 0.10000000000000001
    endloop
  endfacet
  facet normal -0 0.24253562503633772 0.97014250014533077
    outer loop
      vertex 179.68000000000001 -20.120000000000001 0.080000000000000016
      vertex 179.80000000000001 -20.199999999999999 0.10000000000000001
      vertex 179.80000000000001 -20.120000000000001 0.080000000000000016
    endloop
  endfacet
  facet normal -0 0.24253562503633772 0.97014250014533077
    outer loop
      vertex 179.59999999999999 -20.120000000000001 0.080000000000000016
      vertex 179.59999999999999 -20.199999999999999 0.10000000000000001
      vertex 179.68000000000001 -20.120000000000001 0.080000000000000016
    endloop
  endfacet
  facet normal 0 -0.24253562503633264 0.97014250014533199
    outer loop
      vertex 179.72 -10.08 0.080000000000000016
      vertex 179.80000000000001 -10.08 0.080000000000000016
      vertex 179.80000000000001 -10 0.10000000000000001
    endloop
  endfacet
  facet normal 0 -0.24253562503633264 0.97014250014533188
    outer loop
      vertex 179.59999999999999 -10.08 0.080000000000000016
      vertex 179.72 -10.08 0.080000000000000016
      vertex 179.80000000000001 -10 0.10000000000000001
    endloop
  endfacet
  facet normal 0 -0.24253562503633269 0.97014250014533199
    outer loop
      vertex 179.59999999999999 -10.08 0.080000000000000016
      vertex 179.80000000000001 -10 0.10000000000000001
      vertex 179.59999999999999 -10 0.10000000000000001
    endloop
  endfacet
  facet normal 0 0 1
    outer loop
      vertex 179.59999999999999 -10 0.10000000000000001
      vertex 179.80000000000001 -10 0.10000000000000001
      vertex 179.80000000000001 0 0.10000000000000001
    endloop
  endfacet
  facet normal 0 0 1
    outer loop
      vertex 179.59999999999999 -10 0.10000000000000001
      vertex 179.80000000000001 0 0.10000000000000001
      vertex 179.59999999999999 0 0.10000000000000001
    endloop
  endfacet
  facet normal 0 0.44721359549995793 0.89442719099991586
    outer loop
      vertex 179.63999999999999 0.03999999999999998 0.080000000000000016
      vertex 179.59999999999999 0 0.10000000000000001
      vertex 179.80000000000001 0 0.10000000000000001
    endloop
  endfacet
  facet normal -0 0.44721359549995793 0.89442719099991586
    outer loop
      vertex 179.63999999999999 0.03999999999999998 0.080000000000000016
      vertex 179.80000000000001 0 0.10000000000000001
      vertex 179.80000000000001 0.03999999999999998 0.080000000000000016
    endloop
  endfacet
  facet normal -0 0.44721359549995793 0.89442719099991586
    outer loop
      vertex 179.59999999999999 0.03999999999999998 0.080000000000000016
      vertex 179.59999999999999 0 0.10000000000000001
      vertex 179.63999999999999 0.03999999999999998 0.080000000000000016
    endloop
  endfacet
  facet normal 0.37139067635418532 -0.55708601453108009 0.74278135270822332
    outer loop
      vertex 179.80000000000001 -80.026666666666671 0.080000000000000016
      vertex 179.84 -80 0.080000000000000016
      vertex 179.80000000000001 -80 0.10000000000000001
    endloop
  endfacet
  facet normal 0.44721359550002893 0 0.89442719099988033
    outer loop
      vertex 179.84 -76.040000000000006 0.080000000000000016
      vertex 179.80000000000001 -80 0.10000000000000001
      vertex 179.84 -80 0.080000000000000016
    endloop
  endfacet
  facet normal 0.44721359550002893 0 0.89442719099988033
    outer loop
      vertex 179.80000000000001 -80 0.10000000000000001
      vertex 179.84 -76.040000000000006 0.080000000000000016
      vertex 179.84 -60.200000000000003 0.080000000000000016
    endloop
  endfacet
  facet normal 0.44721359550002898 -0 0.89442719099988044
    outer loop
      vertex 179.80000000000001 -80 0.10000000000000001
      vertex 179.84 -60.200000000000003 0.080000000000000016
      vertex 179.80000000000001 -60.200000000000003 0.10000000000000001
    endloop
  endfacet
  facet normal 0.44721359550002898 0 0.89442719099988033
    outer loop
      vertex 179.84 -60.160000000000004 0.080000000000000016
      vertex 179.80000000000001 -60.200000000000003 0.10000000000000001
      vertex 179.84 -60.200000000000003 0.080000000000000016
    endloop
  endfacet
  facet normal 0.23570226039555978 0.23570226039551789 0.94280904158205192
    outer loop
      vertex 179.80000000000001 -60.120000000000005 0.080000000000000016
      vertex 179.80000000000001 -60.200000000000003 0.10000000000000001
      vertex 179.84 -60.160000000000004 0.080000000000000016
    endloop
  endfacet
  facet normal 0.43643578047205445 -0.21821789023598845 0.87287156094393559
    outer loop
      vertex 179.80000000000001 -40.079999999999998 0.080000000000000016
      vertex 179.84 -40 0.080000000000000016
      vertex 179.80000000000001 -40 0.10000000000000001
    endloop
  endfacet
  facet normal 0.44721359550002893 0 0.89442719099988033
    outer loop
      vertex 179.84 -36.040000000000006 0.080000000000000016
      vertex 179.80000000000001 -40 0.10000000000000001
      vertex 179.84 -40 0.080000000000000016
    endloop
  endfacet
  facet normal 0.44721359550002887 0 0.89442719099988044
    outer loop
      vertex 179.80000000000001 -40 0.10000000000000001
      vertex 179.84 -36.039999999999999 0.080000000000000016
      vertex 179.84 -20.199999999999999 0.080000000000000016
    endloop
  endfacet
  facet normal 0.44721359550002893 -0 0.89442719099988044
    outer loop
      vertex 179.80000000000001 -40 0.10000000000000001
      vertex 179.84 -20.199999999999999 0.080000000000000016
      vertex 179.80000000000001 -20.199999999999999 0.10000000000000001
    endloop
  endfacet
  facet normal 0.44721359550002898 0 0.89442719099988033
    outer loop
      vertex 179.84 -20.16 0.080000000000000016
      vertex 179.80000000000001 -20.199999999999999 0.10000000000000001
      vertex 179.84 -20.199999999999999 0.080000000000000016
    endloop
  endfacet
  facet normal 0.23570226039555978 0.23570226039551789 0.94280904158205192
    outer loop
      vertex 179.80000000000001 -20.120000000000001 0.080000000000000016
      vertex 179.80000000000001 -20.199999999999999 0.10000000000000001
      vertex 179.84 -20.16 0.080000000000000016
    endloop
  endfacet
  facet normal 0.43643578047205495 -0.21821789023598384 0.87287156094393659
    outer loop
      vertex 179.80000000000001 -10.08 0.080000000000000016
      vertex 179.84 -10 0.080000000000000016
      vertex 179.80000000000001 -10 0.10000000000000001
    endloop
  endfacet
  facet normal 0.44721359550002893 0 0.89442719099988033
    outer loop
      vertex 179.84 -8.0000000000000018 0.080000000000000016
      vertex 179.80000000000001 -10 0.10000000000000001
      vertex 179.84 -10 0.080000000000000016
    endloop
  endfacet
  facet normal 0.44721359550002893 0 0.89442719099988033
    outer loop
      vertex 179.80000000000001 -10 0.10000000000000001
      vertex 179.84 -8 0.080000000000000016
      vertex 179.84 0 0.080000000000000016
    endloop
  endfacet
  facet normal 0.44721359550002893 -0 0.89442719099988044
    outer loop
      vertex 179.80000000000001 -10 0.10000000000000001
      vertex 179.84 0 0.080000000000000016
      vertex 179.80000000000001 0 0.10000000000000001
    endloop
  endfacet
  facet normal 0.44721359550002893 0 0.89442719099988033
    outer loop
      vertex 179.84 0.03999999999999998 0.080000000000000016
      vertex 179.80000000000001 0 0.10000000000000001
      vertex 179.84 0 0.080000000000000016
    endloop
  endfacet
  facet normal -0 0.44721359549995793 0.89442719099991586
    outer loop
      vertex 179.80000000000001 0.03999999999999998 0.080000000000000016
      vertex 179.80000000000001 0 0.10000000000000001
      vertex 179.84 0.03999999999999998 0.080000000000000016
    endloop
  endfacet
  facet normal 0 -0.44721359549995793 0.89442719099991586
    outer loop
      vertex 190.96000000000001 0.16000000000000003 0.080000000000000016
      vertex 191 0.16000000000000003 0.080000000000000016
      vertex 191 0.20000000000000001 0.10000000000000001
    endloop
  endfacet
  facet normal -0.44721359550002893 0 0.89442719099988033
    outer loop
      vertex 190.96000000000001 0.16000000000000003 0.080000000000000016
      vertex 191 0.20000000000000001 0.10000000000000001
      vertex 190.96000000000001 0.20000000000000001 0.080000000000000016
    endloop
  endfacet
  facet normal -0.44721359550002893 0 0.89442719099988033
    outer loop
      vertex 190.96000000000001 8.0400000000000009 0.080000000000000016
      vertex 190.96000000000001 0.20000000000000001 0.080000000000000016
      vertex 191 0.20000000000000001 0.10000000000000001
    endloop
  endfacet
  facet normal -0.44721359550002887 0 0.89442719099988033
    outer loop
      vertex 190.96000000000001 8.0400000000000009 0.080000000000000016
      vertex 191 0.20000000000000001 0.10000000000000001
      vertex 191 10 0.10000000000000001
    endloop
  endfacet
  facet normal -0.44721359550002898 0 0.89442719099988033
    outer loop
      vertex 190.96000000000001 8.0400000000000027 0.080000000000000016
      vertex 191 10 0.10000000000000001
      vertex 190.96000000000001 10 0.080000000000000016
    endloop
  endfacet
  facet normal -0.43643578047205495 0.21821789023598384 0.87287156094393659
    outer loop
      vertex 190.96000000000001 10 0.080000000000000016
      vertex 191 10 0.10000000000000001
      vertex 191 10.08 0.080000000000000016
    endloop
  endfacet
  facet normal -0.23570226039555978 -0.23570226039551789 0.94280904158205192
    outer loop
      vertex 190.96000000000001 20.16 0.080000000000000016
      vertex 191 20.120000000000001 0.080000000000000016
      vertex 191 20.199999999999999 0.10000000000000001
    endloop
  endfacet
  facet normal -0.44721359550002898 0 0.89442719099988033
    outer loop
      vertex 190.96000000000001 20.16 0.080000000000000016
      vertex 191 20.199999999999999 0.10000000000000001
      vertex 190.96000000000001 20.199999999999999 0.080000000000000016
    endloop
  endfacet
  facet normal -0.44721359550002898 0 0.89442719099988044
    outer loop
      vertex 190.96000000000001 36.039999999999999 0.080000000000000016
      vertex 190.96000000000001 20.199999999999999 0.080000000000000016
      vertex 191 20.199999999999999 0.10000000000000001
    endloop
  endfacet
  facet normal -0.44721359550002904 0 0.89442719099988044
    outer loop
      vertex 190.96000000000001 36.039999999999999 0.080000000000000016
      vertex 191 20.199999999999999 0.10000000000000001
      vertex 191 40 0.10000000000000001
    endloop
  endfacet
  facet normal -0.44721359550002893 0 0.89442719099988033
    outer loop
      vertex 190.96000000000001 36.040000000000006 0.080000000000000016
      vertex 191 40 0.10000000000000001
      vertex 190.96000000000001 40 0.080000000000000016
    endloop
  endfacet
  facet normal -0.44721359550002893 0 0.89442719099988044
    outer loop
      vertex 190.96000000000001 40.160000000000004 0.080000000000000016
      vertex 190.96000000000001 40 0.080000000000000016
      vertex 191 40 0.10000000000000001
    endloop
  endfacet
  facet normal -0.44721359550002893 0 0.89442719099988033
    outer loop
      vertex 190.96000000000001 40.160000000000004 0.080000000000000016
      vertex 191 40 0.10000000000000001
      vertex 191 40.200000000000003 0.10000000000000001
    endloop
  endfacet
  facet normal -0.44721359550002898 0 0.89442719099988033
    outer loop
      vertex 190.96000000000001 40.160000000000004 0.080000000000000016
      vertex 191 40.200000000000003 0.10000000000000001
      vertex 190.96000000000001 40.200000000000003 0.080000000000000016
    endloop
  endfacet
  facet normal -0.44721245476978611 0.0022586487614631185 0.89442490953939469
    outer loop
      vertex 190.96000000000001 40.200000000000003 0.080000000000000016
      vertex 191 40.200000000000003 0.10000000000000001
      vertex 191 48.119999999999997 0.080000000000000016
    endloop
  endfacet
  facet normal -0.24253489721588786 -0.0024498474466246463 0.97013958886335894
    outer loop
      vertex 190.96000000000001 76.040000000000006 0.080000000000000016
      vertex 191 72.080000000000013 0.080000000000000016
      vertex 191 80 0.10000000000000001
    endloop
  endfacet
  facet normal -0.44721359550002893 0 0.89442719099988033
    outer loop
      vertex 190.96000000000001 76.040000000000006 0.080000000000000016
      vertex 191 80 0.10000000000000001
      vertex 190.96000000000001 80 0.080000000000000016
    endloop
  endfacet
  facet normal -0.44721359550002898 0 0.89442719099988033
    outer loop
      vertex 190.96000000000001 80.159999999999997 0.080000000000000016
      vertex 190.96000000000001 80 0.080000000000000016
      vertex 191 80 0.10000000000000001
    endloop
  endfacet
  facet normal -0.44721359550002893 0 0.89442719099988033
    outer loop
      vertex 190.96000000000001 80.159999999999997 0.080000000000000016
      vertex 191 80 0.10000000000000001
      vertex 191 80.200000000000003 0.10000000000000001
    endloop
  endfacet
  facet normal -0.44721359550002893 0 0.89442719099988044
    outer loop
      vertex 190.96000000000001 80.159999999999997 0.080000000000000016
      vertex 191 80.200000000000003 0.10000000000000001
      vertex 190.96000000000001 80.200000000000003 0.080000000000000016
    endloop
  endfacet
  facet normal -0.44721359550002893 0 0.89442719099988033
    outer loop
      vertex 190.96000000000001 96.040000000000006 0.080000000000000016
      vertex 190.96000000000001 80.200000000000003 0.080000000000000016
      vertex 191 80.200000000000003 0.10000000000000001
    endloop
  endfacet
  facet normal -0.44721359550002898 0 0.89442719099988044
    outer loop
      vertex 190.96000000000001 96.040000000000006 0.080000000000000016
      vertex 191 80.200000000000003 0.10000000000000001
      vertex 191 100 0.10000000000000001
    endloop
  endfacet
  facet normal -0.44721359550002893 0 0.89442719099988033
    outer loop
      vertex 190.96000000000001 96.040000000000006 0.080000000000000016
      vertex 191 100 0.10000000000000001
      vertex 190.96000000000001 100 0.080000000000000016
    endloop
  endfacet
  facet normal 0 -0.44721359549995793 0.89442719099991586
    outer loop
      vertex 191.16 0.16000000000000003 0.080000000000000016
      vertex 191.19999999999999 0.16000000000000003 0.080000000000000016
      vertex 191.19999999999999 0.20000000000000001 0.10000000000000001
    endloop
  endfacet
  facet normal 0 -0.44721359549995793 0.89442719099991586
    outer loop
      vertex 191 0.16000000000000003 0.080000000000000016
      vertex 191.16 0.16000000000000003 0.080000000000000016
      vertex 191.19999999999999 0.20000000000000001 0.10000000000000001
    endloop
  endfacet
  facet normal 0 -0.44721359549995787 0.89442719099991574
    outer loop
      vertex 191 0.16000000000000003 0.080000000000000016
      vertex 191.19999999999999 0.20000000000000001 0.10000000000000001
      vertex 191 0.20000000000000001 0.10000000000000001
    endloop
  endfacet
  facet normal 0 0 1
    outer loop
      vertex 191 0.20000000000000001 0.10000000000000001
      vertex 191.19999999999999 0.20000000000000001 0.10000000000000001
      vertex 191.19999999999999 10 0.10000000000000001
    endloop
  endfacet
  facet normal 0 0 1
    outer loop
      vertex 191 0.20000000000000001 0.10000000000000001
      vertex 191.19999999999999 10 0.10000000000000001
      vertex 191 10 0.10000000000000001
    endloop
  endfacet
  facet normal 0 0.24253562503633264 0.97014250014533199
    outer loop
      vertex 191.07999999999998 10.08 0.080000000000000016
      vertex 191 10 0.10000000000000001
      vertex 191.19999999999999 10 0.10000000000000001
    endloop
  endfacet
  facet normal -0 0.24253562503633264 0.97014250014533188
    outer loop
      vertex 191.07999999999998 10.08 0.080000000000000016
      vertex 191.19999999999999 10 0.10000000000000001
      vertex 191.19999999999999 10.08 0.080000000000000016
    endloop
  endfacet
  facet normal -0 0.24253562503633266 0.97014250014533199
    outer loop
      vertex 191 10.08 0.080000000000000016
      vertex 191 10 0.10000000000000001
      vertex 191.07999999999998 10.08 0.080000000000000016
    endloop
  endfacet
  facet normal 0 -0.24253562503633774 0.97014250014533066
    outer loop
      vertex 191.12 20.120000000000001 0.080000000000000016
      vertex 191.19999999999999 20.120000000000001 0.080000000000000016
      vertex 191.19999999999999 20.199999999999999 0.10000000000000001
    endloop
  endfacet
  facet normal 0 -0.24253562503633772 0.97014250014533077
    outer loop
      vertex 191 20.120000000000001 0.080000000000000016
      vertex 191.12 20.120000000000001 0.080000000000000016
      vertex 191.19999999999999 20.199999999999999 0.10000000000000001
    endloop
  endfacet
  facet normal 0 -0.24253562503633774 0.97014250014533077
    outer loop
      vertex 191 20.120000000000001 0.080000000000000016
      vertex 191.19999999999999 20.199999999999999 0.10000000000000001
      vertex 191 20.199999999999999 0.10000000000000001
    endloop
  endfacet
  facet normal 0 0 1
    outer loop
      vertex 191 20.199999999999999 0.10000000000000001
      vertex 191.19999999999999 20.199999999999999 0.10000000000000001
      vertex 191.19999999999999 40 0.10000000000000001
    endloop
  endfacet
  facet normal 0 0 1
    outer loop
      vertex 191 20.199999999999999 0.10000000000000001
      vertex 191.19999999999999 40 0.10000000000000001
      vertex 191 40 0.10000000000000001
    endloop
  endfacet
  facet normal 0 0 1
    outer loop
      vertex 191 40 0.10000000000000001
      vertex 191.19999999999999 40 0.10000000000000001
      vertex 191.19999999999999 40.200000000000003 0.10000000000000001
    endloop
  endfacet
  facet normal 0 0 1
    outer loop
      vertex 191 40 0.10000000000000001
      vertex 191.19999999999999 40.200000000000003 0.10000000000000001
      vertex 191 40.200000000000003 0.10000000000000001
    endloop
  endfacet
  facet normal 0 0.0025252444736492204 0.99999681156509113
    outer loop
      vertex 191.07999999999998 48.119999999999997 0.080000000000000016
      vertex 191 40.200000000000003 0.10000000000000001
      vertex 191.19999999999999 40.200000000000003 0.10000000000000001
    endloop
  endfacet
  facet normal -0 0.0025252444736492204 0.99999681156509113
    outer loop
      vertex 191.07999999999998 48.119999999999997 0.080000000000000016
      vertex 191.19999999999999 40.200000000000003 0.10000000000000001
      vertex 191.19999999999999 48.119999999999997 0.080000000000000016
    endloop
  endfacet
  facet normal -0 0.0025252444736492204 0.99999681156509101
    outer loop
      vertex 191 48.119999999999997 0.080000000000000016
      vertex 191 40.200000000000003 0.10000000000000001
      vertex 191.07999999999998 48.119999999999997 0.080000000000000016
    endloop
  endfacet
  facet normal 0 -0.0025252444736492225 0.99999681156509101
    outer loop
      vertex 191.12 72.080000000000013 0.080000000000000016
      vertex 191.19999999999999 72.080000000000013 0.080000000000000016
      vertex 191.19999999999999 80 0.10000000000000001
    endloop
  endfacet
  facet normal 0 -0.0025252444736492221 0.99999681156509101
    outer loop
      vertex 191 72.080000000000013 0.080000000000000016
      vertex 191.12 72.080000000000013 0.080000000000000016
      vertex 191.19999999999999 80 0.10000000000000001
    endloop
  endfacet
  facet normal 0 -0.0025252444736492221 0.99999681156509101
    outer loop
      vertex 191 72.080000000000013 0.080000000000000016
      vertex 191.19999999999999 80 0.10000000000000001
      vertex 191 80 0.10000000000000001
    endloop
  endfacet
  facet normal 0 0 1
    outer loop
      vertex 191 80 0.10000000000000001
      vertex 191.19999999999999 80 0.10000000000000001
      vertex 191.19999999999999 80.200000000000003 0.10000000000000001
    endloop
  endfacet
  facet normal 0 0 1
    outer loop
      vertex 191 80 0.10000000000000001
      vertex 191.19999999999999 80.200000000000003 0.10000000000000001
      vertex 191 80.200000000000003 0.10000000000000001
    endloop
  endfacet
  facet normal 0 0 1
    outer loop
      vertex 191 80.200000000000003 0.10000000000000001
      vertex 191.19999999999999 80.200000000000003 0.10000000000000001
      vertex 191.19999999999999 100 0.10000000000000001
    endloop
  endfacet
  facet normal 0 0 1
    outer loop
      vertex 191 80.200000000000003 0.10000000000000001
      vertex 191.19999999999999 100 0.10000000000000001
      vertex 191 100 0.10000000000000001
    endloop
  endfacet
  facet normal 0 -0.44721359549995793 0.89442719099991586
    outer loop
      vertex 191.36000000000001 0.16000000000000003 0.080000000000000016
      vertex 191.40000000000001 0.16000000000000003 0.080000000000000016
      vertex 191.40000000000001 0.20000000000000001 0.10000000000000001
    endloop
  endfacet
  facet normal 0 -0.44721359549995793 0.89442719099991586
    outer loop
      vertex 191.19999999999999 0.16000000000000003 0.080000000000000016
      vertex 191.36000000000001 0.16000000000000003 0.080000000000000016
      vertex 191.40000000000001 0.20000000000000001 0.10000000000000001
    endloop
  endfacet
  facet normal 0 -0.44721359549995793 0.89442719099991586
    outer loop
      vertex 191.19999999999999 0.16000000000000003 0.080000000000000016
      vertex 191.40000000000001 0.20000000000000001 0.10000000000000001
      vertex 191.19999999999999 0.20000000000000001 0.10000000000000001
    endloop
  endfacet
  facet normal 0 0 1
    outer loop
      vertex 191.19999999999999 0.20000000000000001 0.10000000000000001
      vertex 191.40000000000001 0.20000000000000001 0.10000000000000001
      vertex 191.40000000000001 10 0.10000000000000001
    endloop
  endfacet
  facet normal 0 0 1
    outer loop
      vertex 191.19999999999999 0.20000000000000001 0.10000000000000001
      vertex 191.40000000000001 10 0.10000000000000001
      vertex 191.19999999999999 10 0.10000000000000001
    endloop
  endfacet
  facet normal 0 0.24253562503633264 0.97014250014533199
    outer loop
      vertex 191.28 10.08 0.080000000000000016
      vertex 191.19999999999999 10 0.10000000000000001
      vertex 191.40000000000001 10 0.10000000000000001
    endloop
  endfacet
  facet normal -0 0.24253562503633264 0.97014250014533188
    outer loop
      vertex 191.28 10.08 0.080000000000000016
      vertex 191.40000000000001 10 0.10000000000000001
      vertex 191.40000000000001 10.08 0.080000000000000016
    endloop
  endfacet
  facet normal -0 0.24253562503633264 0.97014250014533199
    outer loop
      vertex 191.19999999999999 10.08 0.080000000000000016
      vertex 191.19999999999999 10 0.10000000000000001
      vertex 191.28 10.08 0.080000000000000016
    endloop
  endfacet
  facet normal 0 -0.24253562503633772 0.97014250014533077
    outer loop
      vertex 191.31999999999999 20.120000000000001 0.080000000000000016
      vertex 191.40000000000001 20.120000000000001 0.080000000000000016
      vertex 191.40000000000001 20.199999999999999 0.10000000000000001
    endloop
  endfacet
  facet normal 0 -0.24253562503633772 0.97014250014533077
    outer loop
      vertex 191.19999999999999 20.120000000000001 0.080000000000000016
      vertex 191.31999999999999 20.120000000000001 0.080000000000000016
      vertex 191.40000000000001 20.199999999999999 0.10000000000000001
    endloop
  endfacet
  facet normal 0 -0.24253562503633769 0.97014250014533054
    outer loop
      vertex 191.19999999999999 20.120000000000001 0.080000000000000016
      vertex 191.40000000000001 20.199999999999999 0.10000000000000001
      vertex 191.19999999999999 20.199999999999999 0.10000000000000001
    endloop
  endfacet
  facet normal 0 0 1
    outer loop
      vertex 191.19999999999999 20.199999999999999 0.10000000000000001
      vertex 191.40000000000001 20.199999999999999 0.10000000000000001
      vertex 191.40000000000001 40 0.10000000000000001
    endloop
  endfacet
  facet normal 0 0 1
    outer loop
      vertex 191.19999999999999 20.199999999999999 0.10000000000000001
      vertex 191.40000000000001 40 0.10000000000000001
      vertex 191.19999999999999 40 0.10000000000000001
    endloop
  endfacet
  facet normal 0 0 1
    outer loop
      vertex 191.19999999999999 40 0.10000000000000001
      vertex 191.40000000000001 40 0.10000000000000001
      vertex 191.40000000000001 40.200000000000003 0.10000000000000001
    endloop
  endfacet
  facet normal 0 0 1
    outer loop
      vertex 191.19999999999999 40 0.10000000000000001
      vertex 191.40000000000001 40.200000000000003 0.10000000000000001
      vertex 191.19999999999999 40.200000000000003 0.10000000000000001
    endloop
  endfacet
  facet normal 0 0.0025252444736492199 0.99999681156509113
    outer loop
      vertex 191.28 48.119999999999997 0.080000000000000016
      vertex 191.19999999999999 40.200000000000003 0.10000000000000001
      vertex 191.40000000000001 40.200000000000003 0.10000000000000001
    endloop
  endfacet
  facet normal -0 0.0025252444736492204 0.99999681156509113
    outer loop
      vertex 191.28 48.119999999999997 0.080000000000000016
      vertex 191.40000000000001 40.200000000000003 0.10000000000000001
      vertex 191.40000000000001 48.119999999999997 0.080000000000000016
    endloop
  endfacet
  facet normal -0 0.0025252444736492199 0.99999681156509101
    outer loop
      vertex 191.19999999999999 48.119999999999997 0.080000000000000016
      vertex 191.19999999999999 40.200000000000003 0.10000000000000001
      vertex 191.28 48.119999999999997 0.080000000000000016
    endloop
  endfacet
  facet normal 0 -0.0025252444736492221 0.99999681156509101
    outer loop
      vertex 191.31999999999999 72.080000000000013 0.080000000000000016
      vertex 191.40000000000001 72.080000000000013 0.080000000000000016
      vertex 191.40000000000001 80 0.10000000000000001
    endloop
  endfacet
  facet normal 0 -0.0025252444736492221 0.99999681156509101
    outer loop
      vertex 191.19999999999999 72.080000000000013 0.080000000000000016
      vertex 191.31999999999999 72.080000000000013 0.080000000000000016
      vertex 191.40000000000001 80 0.10000000000000001
    endloop
  endfacet
  facet normal 0 -0.0025252444736492225 0.99999681156509113
    outer loop
      vertex 191.19999999999999 72.080000000000013 0.080000000000000016
      vertex 191.40000000000001 80 0.10000000000000001
      vertex 191.19999999999999 80 0.10000000000000001
    endloop
  endfacet
  facet normal 0 0 1
    outer loop
      vertex 191.19999999999999 80 0.10000000000000001
      vertex 191.40000000000001 80 0.10000000000000001
      vertex 191.40000000000001 80.200000000000003 0.10000000000000001
    endloop
  endfacet
  facet normal 0 0 1
    outer loop
      vertex 191.19999999999999 80 0.10000000000000001
      vertex 191.40000000000001 80.200000000000003 0.10000000000000001
      vertex 191.19999999999999 80.200000000000003 0.10000000000000001
    endloop
  endfacet
  facet normal 0 0 1
    outer loop
      vertex 191.19999999999999 80.200000000000003 0.10000000000000001
      vertex 191.40000000000001 80.200000000000003 0.10000000000000001
      vertex 191.40000000000001 100 0.10000000000000001
    endloop
  endfacet
  facet normal 0 0 1
    outer loop
      vertex 191.19999999999999 80.200000000000003 0.10000000000000001
      vertex 191.40000000000001 100 0.10000000000000001
      vertex 191.19999999999999 100 0.10000000000000001
    endloop
  endfacet
  facet normal 0 -0.44721359549995793 0.89442719099991586
    outer loop
      vertex 191.56 0.16000000000000003 0.080000000000000016
      vertex 191.59999999999999 0.16000000000000003 0.080000000000000016
      vertex 191.59999999999999 0.20000000000000001 0.10000000000000001
    endloop
  endfacet
  facet normal 0 -0.44721359549995793 0.89442719099991586
    outer loop
      vertex 191.40000000000001 0.16000000000000003 0.080000000000000016
      vertex 191.56 0.16000000000000003 0.080000000000000016
      vertex 191.59999999999999 0.20000000000000001 0.10000000000000001
    endloop
  endfacet
  facet normal 0 -0.44721359549995787 0.89442719099991574
    outer loop
      vertex 191.40000000000001 0.16000000000000003 0.080000000000000016
      vertex 191.59999999999999 0.20000000000000001 0.10000000000000001
      vertex 191.40000000000001 0.20000000000000001 0.10000000000000001
    endloop
  endfacet
  facet normal 0 0 1
    outer loop
      vertex 191.40000000000001 0.20000000000000001 0.10000000000000001
      vertex 191.59999999999999 0.20000000000000001 0.10000000000000001
      vertex 191.59999999999999 10 0.10000000000000001
    endloop
  endfacet
  facet normal 0 0 1
    outer loop
      vertex 191.40000000000001 0.20000000000000001 0.10000000000000001
      vertex 191.59999999999999 10 0.10000000000000001
      vertex 191.40000000000001 10 0.10000000000000001
    endloop
  endfacet
  facet normal 0 0.24253562503633264 0.97014250014533199
    outer loop
      vertex 191.47999999999999 10.08 0.080000000000000016
      vertex 191.40000000000001 10 0.10000000000000001
      vertex 191.59999999999999 10 0.10000000000000001
    endloop
  endfacet
  facet normal -0 0.24253562503633264 0.97014250014533188
    outer loop
      vertex 191.47999999999999 10.08 0.080000000000000016
      vertex 191.59999999999999 10 0.10000000000000001
      vertex 191.59999999999999 10.08 0.080000000000000016
    endloop
  endfacet
  facet normal -0 0.24253562503633266 0.97014250014533199
    outer loop
      vertex 191.40000000000001 10.08 0.080000000000000016
      vertex 191.40000000000001 10 0.10000000000000001
      vertex 191.47999999999999 10.08 0.080000000000000016
    endloop
  endfacet
  facet normal 0 -0.24253562503633774 0.97014250014533066
    outer loop
      vertex 191.52000000000001 20.120000000000001 0.080000000000000016
      vertex 191.59999999999999 20.120000000000001 0.080000000000000016
      vertex 191.59999999999999 20.199999999999999 0.10000000000000001
    endloop
  endfacet
  facet normal 0 -0.24253562503633772 0.97014250014533077
    outer loop
      vertex 191.40000000000001 20.120000000000001 0.080000000000000016
      vertex 191.52000000000001 20.120000000000001 0.080000000000000016
      vertex 191.59999999999999 20.199999999999999 0.10000000000000001
    endloop
  endfacet
  facet normal 0 -0.24253562503633774 0.97014250014533077
    outer loop
      vertex 191.40000000000001 20.120000000000001 0.080000000000000016
      vertex 191.59999999999999 20.199999999999999 0.10000000000000001
      vertex 191.40000000000001 20.199999999999999 0.10000000000000001
    endloop
  endfacet
  facet normal 0 0 1
    outer loop
      vertex 191.40000000000001 20.199999999999999 0.10000000000000001
      vertex 191.59999999999999 20.199999999999999 0.10000000000000001
      vertex 191.59999999999999 40 0.10000000000000001
    endloop
  endfacet
  facet normal 0 0 1
    outer loop
      vertex 191.40000000000001 20.199999999999999 0.10000000000000001
      vertex 191.59999999999999 40 0.10000000000000001
      vertex 191.40000000000001 40 0.10000000000000001
    endloop
  endfacet
  facet normal 0 0 1
    outer loop
      vertex 191.40000000000001 40 0.10000000000000001
      vertex 191.59999999999999 40 0.10000000000000001
      vertex 191.59999999999999 40.200000000000003 0.10000000000000001
    endloop
  endfacet
  facet normal 0 0 1
    outer loop
      vertex 191.40000000000001 40 0.10000000000000001
      vertex 191.59999999999999 40.200000000000003 0.10000000000000001
      vertex 191.40000000000001 40.200000000000003 0.10000000000000001
    endloop
  endfacet
  facet normal 0 0.0025252444736492204 0.99999681156509113
    outer loop
      vertex 191.47999999999999 48.119999999999997 0.080000000000000016
      vertex 191.40000000000001 40.200000000000003 0.10000000000000001
      vertex 191.59999999999999 40.200000000000003 0.10000000000000001
    endloop
  endfacet
  facet normal -0 0.0025252444736492204 0.99999681156509113
    outer loop
      vertex 191.47999999999999 48.119999999999997 0.080000000000000016
      vertex 191.59999999999999 40.200000000000003 0.10000000000000001
      vertex 191.59999999999999 48.119999999999997 0.080000000000000016
    endloop
  endfacet
  facet normal -0 0.0025252444736492204 0.99999681156509101
    outer loop
      vertex 191.40000000000001 48.119999999999997 0.080000000000000016
      vertex 191.40000000000001 40.200000000000003 0.10000000000000001
      vertex 191.47999999999999 48.119999999999997 0.080000000000000016
    endloop
  endfacet
  facet normal 0 -0.0025252444736492225 0.99999681156509101
    outer loop
      vertex 191.52000000000001 72.080000000000013 0.080000000000000016
      vertex 191.59999999999999 72.080000000000013 0.080000000000000016
      vertex 191.59999999999999 80 0.10000000000000001
    endloop
  endfacet
  facet normal 0 -0.0025252444736492221 0.99999681156509101
    outer loop
      vertex 191.40000000000001 72.080000000000013 0.080000000000000016
      vertex 191.52000000000001 72.080000000000013 0.080000000000000016
      vertex 191.59999999999999 80 0.10000000000000001
    endloop
  endfacet
  facet normal 0 -0.0025252444736492221 0.99999681156509101
    outer loop
      vertex 191.40000000000001 72.080000000000013 0.080000000000000016
      vertex 191.59999999999999 80 0.10000000000000001
      vertex 191.40000000000001 80 0.10000000000000001
    endloop
  endfacet
  facet normal 0 0 1
    outer loop
      vertex 191.40000000000001 80 0.10000000000000001
      vertex 191.59999999999999 80 0.10000000000000001
      vertex 191.59999999999999 80.200000000000003 0.10000000000000001
    endloop
  endfacet
  facet normal 0 0 1
    outer loop
      vertex 191.40000000000001 80 0.10000000000000001
      vertex 191.59999999999999 80.200000000000003 0.10000000000000001
      vertex 191.40000000000001 80.200000000000003 0.10000000000000001
    endloop
  endfacet
  facet normal 0 0 1
    outer loop
      vertex 191.40000000000001 80.200000000000003 0.10000000000000001
      vertex 191.59999999999999 80.200000000000003 0.10000000000000001
      vertex 191.59999999999999 100 0.10000000000000001
    endloop
  endfacet
  facet normal 0 0 1
    outer loop
      vertex 191.40000000000001 80.200000000000003 0.10000000000000001
      vertex 191.59999999999999 100 0.10000000000000001
      vertex 191.40000000000001 100 0.10000000000000001
    endloop
  endfacet
  facet normal 0 -0.59999999999999998 0.80000000000000016
    outer loop
      vertex 191.76000000000002 0.16 0.12
      vertex 191.70666666666668 0.10666666666666669 0.080000000000000016
      vertex 191.80000000000001 0.10666666666666669 0.080000000000000016
    endloop
  endfacet
  facet normal 0 -0.59999999999999998 0.80000000000000004
    outer loop
      vertex 191.76000000000002 0.16 0.12
      vertex 191.80000000000001 0.10666666666666669 0.080000000000000016
      vertex 191.80000000000001 0.16 0.12
    endloop
  endfacet
  facet normal -0.21821789023595986 -0.43643578047198789 0.87287156094397611
    outer loop
      vertex 191.59999999999999 0.16000000000000003 0.080000000000000016
      vertex 191.70666666666668 0.10666666666666669 0.080000000000000016
      vertex 191.76000000000002 0.16 0.12
    endloop
  endfacet
  facet normal -0.21821789023595989 -0.43643578047198789 0.87287156094397622
    outer loop
      vertex 191.59999999999999 0.16000000000000003 0.080000000000000016
      vertex 191.76000000000002 0.16 0.12
      vertex 191.68000000000001 0.20000000000000001 0.12
    endloop
  endfacet
  facet normal -0.21821789023595978 -0.436435780471988 0.872871560943976
    outer loop
      vertex 191.59999999999999 0.16000000000000003 0.080000000000000016
      vertex 191.68000000000001 0.20000000000000001 0.12
      vertex 191.59999999999999 0.20000000000000001 0.10000000000000001
    endloop
  endfacet
  facet normal -0.24253562503629716 0 0.97014250014534087
    outer loop
      vertex 191.68000000000001 4.1199999999999983 0.12
      vertex 191.59999999999999 0.20000000000000001 0.10000000000000001
      vertex 191.68000000000001 0.20000000000000001 0.12
    endloop
  endfacet
  facet normal -0.24253562503629722 0 0.97014250014534087
    outer loop
      vertex 191.59999999999999 0.20000000000000001 0.10000000000000001
      vertex 191.68000000000001 4.1199999999999992 0.12
      vertex 191.68000000000001 10 0.12
    endloop
  endfacet
  facet normal -0.24253562503629719 0 0.97014250014534076
    outer loop
      vertex 191.59999999999999 0.20000000000000001 0.10000000000000001
      vertex 191.68000000000001 10 0.12
      vertex 191.59999999999999 10 0.10000000000000001
    endloop
  endfacet
  facet normal -0.23570226039548239 0.23570226039549289 0.94280904158207746
    outer loop
      vertex 191.59999999999999 10 0.10000000000000001
      vertex 191.68000000000001 10 0.12
      vertex 191.80000000000001 10.119999999999999 0.12
    endloop
  endfacet
  facet normal -0.2357022603954958 0.23570226039551676 0.94280904158206824
    outer loop
      vertex 191.59999999999999 10 0.10000000000000001
      vertex 191.80000000000001 10.119999999999999 0.12
      vertex 191.80000000000001 10.199999999999999 0.10000000000000001
    endloop
  endfacet
  facet normal -0.2357022603954958 0.23570226039551673 0.94280904158206813
    outer loop
      vertex 191.59999999999999 10.08 0.080000000000000016
      vertex 191.59999999999999 10 0.10000000000000001
      vertex 191.80000000000001 10.199999999999999 0.10000000000000001
    endloop
  endfacet
  facet normal -0.23570226039548239 0.23570226039549283 0.94280904158207746
    outer loop
      vertex 191.59999999999999 10.08 0.080000000000000016
      vertex 191.80000000000001 10.199999999999999 0.10000000000000001
      vertex 191.72 10.199999999999999 0.080000000000000016
    endloop
  endfacet
  facet normal -0.24253562503629719 0 0.97014250014534087
    outer loop
      vertex 191.72 16.080000000000002 0.080000000000000016
      vertex 191.72 10.199999999999999 0.080000000000000016
      vertex 191.80000000000001 10.199999999999999 0.10000000000000001
    endloop
  endfacet
  facet normal -0.24253562503629719 0 0.97014250014534076
    outer loop
      vertex 191.72 16.080000000000002 0.080000000000000016
      vertex 191.80000000000001 10.199999999999999 0.10000000000000001
      vertex 191.80000000000001 20 0.10000000000000001
    endloop
  endfacet
  facet normal -0.24253562503629716 0 0.97014250014534087
    outer loop
      vertex 191.72 16.080000000000002 0.080000000000000016
      vertex 191.80000000000001 20 0.10000000000000001
      vertex 191.72 20 0.080000000000000016
    endloop
  endfacet
  facet normal -0.23570226039549 -0.2357022603955039 0.9428090415820729
    outer loop
      vertex 191.74000000000001 20.140000000000001 0.12
      vertex 191.66 20.059999999999999 0.080000000000000016
      vertex 191.72 20 0.080000000000000016
    endloop
  endfacet
  facet normal -0.2357022603954817 -0.2357022603955056 0.94280904158207457
    outer loop
      vertex 191.74000000000001 20.140000000000001 0.12
      vertex 191.72 20 0.080000000000000016
      vertex 191.80000000000001 20 0.10000000000000001
    endloop
  endfacet
  facet normal -0.23570226039552022 -0.23570226039552022 0.94280904158206114
    outer loop
      vertex 191.74000000000001 20.140000000000001 0.12
      vertex 191.80000000000001 20 0.10000000000000001
      vertex 191.80000000000001 20.079999999999998 0.12
    endloop
  endfacet
  facet normal -0.23570226039549694 -0.23570226039549694 0.9428090415820729
    outer loop
      vertex 191.59999999999999 20.120000000000001 0.080000000000000016
      vertex 191.66 20.059999999999999 0.080000000000000016
      vertex 191.74000000000001 20.140000000000001 0.12
    endloop
  endfacet
  facet normal -0.23570226039549463 -0.23570226039550857 0.94280904158207057
    outer loop
      vertex 191.59999999999999 20.120000000000001 0.080000000000000016
      vertex 191.74000000000001 20.140000000000001 0.12
      vertex 191.68000000000001 20.199999999999999 0.12
    endloop
  endfacet
  facet normal -0.23570226039548067 -0.2357022603955225 0.94280904158207046
    outer loop
      vertex 191.59999999999999 20.120000000000001 0.080000000000000016
      vertex 191.68000000000001 20.199999999999999 0.12
      vertex 191.59999999999999 20.199999999999999 0.10000000000000001
    endloop
  endfacet
  facet normal -0.24253562503629719 0 0.97014250014534087
    outer loop
      vertex 191.68000000000001 28.119999999999997 0.12
      vertex 191.59999999999999 20.199999999999999 0.10000000000000001
      vertex 191.68000000000001 20.199999999999999 0.12
    endloop
  endfacet
  facet normal -0.24253562503629716 0 0.97014250014534087
    outer loop
      vertex 191.59999999999999 20.199999999999999 0.10000000000000001
      vertex 191.68000000000001 28.119999999999997 0.12
      vertex 191.68000000000001 40 0.12
    endloop
  endfacet
  facet normal -0.24253562503629716 0 0.97014250014534087
    outer loop
      vertex 191.59999999999999 20.199999999999999 0.10000000000000001
      vertex 191.68000000000001 40 0.12
      vertex 191.59999999999999 40 0.10000000000000001
    endloop
  endfacet
  facet normal -0.24253562503629719 0 0.97014250014534087
    outer loop
      vertex 191.68000000000001 40.079999999999998 0.12
      vertex 191.59999999999999 40 0.10000000000000001
      vertex 191.68000000000001 40 0.12
    endloop
  endfacet
  facet normal -0.24253562503629716 0 0.97014250014534087
    outer loop
      vertex 191.59999999999999 40 0.10000000000000001
      vertex 191.68000000000001 40.079999999999998 0.12
      vertex 191.68000000000001 40.200000000000003 0.12
    endloop
  endfacet
  facet normal -0.24253562503629716 0 0.97014250014534076
    outer loop
      vertex 191.59999999999999 40 0.10000000000000001
      vertex 191.68000000000001 40.200000000000003 0.12
      vertex 191.59999999999999 40.200000000000003 0.10000000000000001
    endloop
  endfacet
  facet normal -0.24253489721580673 0.002449847446624403 0.97013958886337903
    outer loop
      vertex 191.59999999999999 40.200000000000003 0.10000000000000001
      vertex 191.68000000000001 40.200000000000003 0.12
      vertex 191.80000000000001 52.080000000000005 0.12
    endloop
  endfacet
  facet normal -0.24253489721582311 0.0024498474466246854 0.97013958886337504
    outer loop
      vertex 191.59999999999999 40.200000000000003 0.10000000000000001
      vertex 191.80000000000001 52.080000000000005 0.12
      vertex 191.80000000000001 60 0.10000000000000001
    endloop
  endfacet
  facet normal -0.24253489721582311 0.0024498474466246854 0.97013958886337515
    outer loop
      vertex 191.59999999999999 48.119999999999997 0.080000000000000016
      vertex 191.59999999999999 40.200000000000003 0.10000000000000001
      vertex 191.80000000000001 60 0.10000000000000001
    endloop
  endfacet
  facet normal -0.24253489721580671 0.0024498474466244022 0.97013958886337903
    outer loop
      vertex 191.59999999999999 48.119999999999997 0.080000000000000016
      vertex 191.80000000000001 60 0.10000000000000001
      vertex 191.72 60 0.080000000000000016
    endloop
  endfacet
  facet normal -0.24253562503629716 0 0.97014250014534087
    outer loop
      vertex 191.72 60.120000000000005 0.080000000000000016
      vertex 191.72 60 0.080000000000000016
      vertex 191.80000000000001 60 0.10000000000000001
    endloop
  endfacet
  facet normal -0.24253562503629716 0 0.97014250014534076
    outer loop
      vertex 191.72 60.120000000000005 0.080000000000000016
      vertex 191.80000000000001 60 0.10000000000000001
      vertex 191.80000000000001 60.200000000000003 0.10000000000000001
    endloop
  endfacet
  facet normal -0.24253562503629719 0 0.97014250014534087
    outer loop
      vertex 191.72 60.120000000000005 0.080000000000000016
      vertex 191.80000000000001 60.200000000000003 0.10000000000000001
      vertex 191.72 60.200000000000003 0.080000000000000016
    endloop
  endfacet
  facet normal -0.24253489721580676 0.0024498474466246927 0.97013958886337914
    outer loop
      vertex 191.72 60.200000000000003 0.080000000000000016
      vertex 191.80000000000001 60.200000000000003 0.10000000000000001
      vertex 191.80000000000001 68.120000000000005 0.080000000000000016
    endloop
  endfacet
  facet normal 0.24253489721580673 -0.0024498474466246971 0.97013958886337903
    outer loop
      vertex 191.59999999999999 72.080000000000013 0.080000000000000016
      vertex 191.68000000000001 80 0.080000000000000016
      vertex 191.59999999999999 80 0.10000000000000001
    endloop
  endfacet
  facet normal 0.24253562503629719 0 0.97014250014534087
    outer loop
      vertex 191.68000000000001 80.079999999999998 0.080000000000000016
      vertex 191.59999999999999 80 0.10000000000000001
      vertex 191.68000000000001 80 0.080000000000000016
    endloop
  endfacet
  facet normal 0.24253562503629716 0 0.97014250014534087
    outer loop
      vertex 191.59999999999999 80 0.10000000000000001
      vertex 191.68000000000001 80.079999999999998 0.080000000000000016
      vertex 191.68000000000001 80.200000000000003 0.080000000000000016
    endloop
  endfacet
  facet normal 0.24253562503629716 -0 0.97014250014534076
    outer loop
      vertex 191.59999999999999 80 0.10000000000000001
      vertex 191.68000000000001 80.200000000000003 0.080000000000000016
      vertex 191.59999999999999 80.200000000000003 0.10000000000000001
    endloop
  endfacet
  facet normal 0.24253271379364869 -0.0048996507837108395 0.97013085517474695
    outer loop
      vertex 191.68000000000001 88.120000000000005 0.12
      vertex 191.59999999999999 80.200000000000003 0.10000000000000001
      vertex 191.68000000000001 80.200000000000003 0.080000000000000016
    endloop
  endfacet
  facet normal 0.24253271379367564 -0.0048996507837108056 0.97013085517474018
    outer loop
      vertex 191.68000000000001 88.120000000000005 0.12
      vertex 191.68000000000001 80.200000000000003 0.080000000000000016
      vertex 191.80000000000001 86.140000000000001 0.080000000000000016
    endloop
  endfacet
  facet normal 0.24253271379367561 -0.0048996507837108056 0.97013085517474018
    outer loop
      vertex 191.68000000000001 88.120000000000005 0.12
      vertex 191.80000000000001 86.140000000000001 0.080000000000000016
      vertex 191.80000000000001 94.060000000000002 0.12
    endloop
  endfacet
  facet normal -0.24253562503629716 0 0.97014250014534076
    outer loop
      vertex 191.59999999999999 80.200000000000003 0.10000000000000001
      vertex 191.68000000000001 88.120000000000005 0.12
      vertex 191.68000000000001 100 0.12
    endloop
  endfacet
  facet normal -0.24253562503629716 0 0.97014250014534087
    outer loop
      vertex 191.59999999999999 80.200000000000003 0.10000000000000001
      vertex 191.68000000000001 100 0.12
      vertex 191.59999999999999 100 0.10000000000000001
    endloop
  endfacet
  facet normal 0 -0.59999999999999998 0.80000000000000016
    outer loop
      vertex 191.96000000000001 0.16 0.12
      vertex 191.90666666666667 0.10666666666666669 0.080000000000000016
      vertex 192 0.10666666666666669 0.080000000000000016
    endloop
  endfacet
  facet normal 0 -0.59999999999999998 0.80000000000000004
    outer loop
      vertex 191.96000000000001 0.16 0.12
      vertex 192 0.10666666666666669 0.080000000000000016
      vertex 192 0.16 0.12
    endloop
  endfacet
  facet normal 0 -0.59999999999999998 0.79999999999999993
    outer loop
      vertex 191.80000000000001 0.16 0.12
      vertex 191.80000000000001 0.10666666666666669 0.080000000000000016
      vertex 191.90666666666667 0.10666666666666669 0.080000000000000016
    endloop
  endfacet
  facet normal 0 -0.59999999999999998 0.79999999999999993
    outer loop
      vertex 191.80000000000001 0.16 0.12
      vertex 191.90666666666667 0.10666666666666669 0.080000000000000016
      vertex 191.96000000000001 0.16 0.12
    endloop
  endfacet
  facet normal -0 0.24253562503633266 0.97014250014533199
    outer loop
      vertex 191.92000000000002 10.119999999999999 0.12
      vertex 192 10.119999999999999 0.12
      vertex 192 10.199999999999999 0.10000000000000001
    endloop
  endfacet
  facet normal -0 0.24253562503633264 0.97014250014533188
    outer loop
      vertex 191.80000000000001 10.119999999999999 0.12
      vertex 191.92000000000002 10.119999999999999 0.12
      vertex 192 10.199999999999999 0.10000000000000001
    endloop
  endfacet
  facet normal 0 0.24253562503633264 0.97014250014533199
    outer loop
      vertex 191.80000000000001 10.119999999999999 0.12
      vertex 192 10.199999999999999 0.10000000000000001
      vertex 191.80000000000001 10.199999999999999 0.10000000000000001
    endloop
  endfacet
  facet normal 0 0 1
    outer loop
      vertex 191.80000000000001 10.199999999999999 0.10000000000000001
      vertex 192 10.199999999999999 0.10000000000000001
      vertex 192 20 0.10000000000000001
    endloop
  endfacet
  facet normal 0 0 1
    outer loop
      vertex 191.80000000000001 10.199999999999999 0.10000000000000001
      vertex 192 20 0.10000000000000001
      vertex 191.80000000000001 20 0.10000000000000001
    endloop
  endfacet
  facet normal 0 -0.24253562503633774 0.97014250014533077
    outer loop
      vertex 191.88 20.079999999999998 0.12
      vertex 191.80000000000001 20 0.10000000000000001
      vertex 192 20 0.10000000000000001
    endloop
  endfacet
  facet normal 0 -0.24253562503633772 0.97014250014533077
    outer loop
      vertex 191.88 20.079999999999998 0.12
      vertex 192 20 0.10000000000000001
      vertex 192 20.079999999999998 0.12
    endloop
  endfacet
  facet normal 0 -0.24253562503633774 0.97014250014533066
    outer loop
      vertex 191.80000000000001 20.079999999999998 0.12
      vertex 191.80000000000001 20 0.10000000000000001
      vertex 191.88 20.079999999999998 0.12
    endloop
  endfacet
  facet normal -0 0.0025252444736492204 0.99999681156509101
    outer loop
      vertex 191.92000000000002 52.080000000000005 0.12
      vertex 192 52.080000000000005 0.12
      vertex 192 60 0.10000000000000001
    endloop
  endfacet
  facet normal -0 0.0025252444736492204 0.99999681156509113
    outer loop
      vertex 191.80000000000001 52.080000000000005 0.12
      vertex 191.92000000000002 52.080000000000005 0.12
      vertex 192 60 0.10000000000000001
    endloop
  endfacet
  facet normal 0 0.0025252444736492204 0.99999681156509113
    outer loop
      vertex 191.80000000000001 52.080000000000005 0.12
      vertex 192 60 0.10000000000000001
      vertex 191.80000000000001 60 0.10000000000000001
    endloop
  endfacet
  facet normal 0 0 1
    outer loop
      vertex 191.80000000000001 60 0.10000000000000001
      vertex 192 60 0.10000000000000001
      vertex 192 60.200000000000003 0.10000000000000001
    endloop
  endfacet
  facet normal 0 0 1
    outer loop
      vertex 191.80000000000001 60 0.10000000000000001
      vertex 192 60.200000000000003 0.10000000000000001
      vertex 191.80000000000001 60.200000000000003 0.10000000000000001
    endloop
  endfacet
  facet normal 0 0.0025252444736492178 0.99999681156509113
    outer loop
      vertex 191.88 68.120000000000005 0.080000000000000016
      vertex 191.80000000000001 60.200000000000003 0.10000000000000001
      vertex 192 60.200000000000003 0.10000000000000001
    endloop
  endfacet
  facet normal -0 0.0025252444736492182 0.99999681156509113
    outer loop
      vertex 191.88 68.120000000000005 0.080000000000000016
      vertex 192 60.200000000000003 0.10000000000000001
      vertex 192 68.120000000000005 0.080000000000000016
    endloop
  endfacet
  facet normal -0 0.0025252444736492182 0.99999681156509101
    outer loop
      vertex 191.80000000000001 68.120000000000005 0.080000000000000016
      vertex 191.80000000000001 60.200000000000003 0.10000000000000001
      vertex 191.88 68.120000000000005 0.080000000000000016
    endloop
  endfacet
  facet normal 0 -0.0050504406386027807 0.99998724644335124
    outer loop
      vertex 191.94 94.060000000000002 0.12
      vertex 191.86000000000001 86.140000000000001 0.080000000000000016
      vertex 192 86.140000000000001 0.080000000000000016
    endloop
  endfacet
  facet normal 0 -0.0050504406386027807 0.99998724644335135
    outer loop
      vertex 191.94 94.060000000000002 0.12
      vertex 192 86.140000000000001 0.080000000000000016
      vertex 192 94.060000000000002 0.12
    endloop
  endfacet
  facet normal 0 -0.0050504406386027807 0.99998724644335135
    outer loop
      vertex 191.80000000000001 94.060000000000002 0.12
      vertex 191.80000000000001 86.140000000000001 0.080000000000000016
      vertex 191.86000000000001 86.140000000000001 0.080000000000000016
    endloop
  endfacet
  facet normal 0 -0.0050504406386027816 0.99998724644335124
    outer loop
      vertex 191.80000000000001 94.060000000000002 0.12
      vertex 191.86000000000001 86.140000000000001 0.080000000000000016
      vertex 191.94 94.060000000000002 0.12
    endloop
  endfacet
  facet normal 0 -0.59999999999999998 0.80000000000000016
    outer loop
      vertex 192.16 0.16 0.12
      vertex 192.10666666666665 0.10666666666666669 0.080000000000000016
      vertex 192.19999999999999 0.10666666666666669 0.080000000000000016
    endloop
  endfacet
  facet normal 0 -0.59999999999999998 0.80000000000000004
    outer loop
      vertex 192.16 0.16 0.12
      vertex 192.19999999999999 0.10666666666666669 0.080000000000000016
      vertex 192.19999999999999 0.16 0.12
    endloop
  endfacet
  facet normal 0 -0.59999999999999998 0.79999999999999993
    outer loop
      vertex 192 0.16 0.12
      vertex 192 0.10666666666666669 0.080000000000000016
      vertex 192.10666666666665 0.10666666666666669 0.080000000000000016
    endloop
  endfacet
  facet normal 0 -0.59999999999999998 0.79999999999999993
    outer loop
      vertex 192 0.16 0.12
      vertex 192.10666666666665 0.10666666666666669 0.080000000000000016
      vertex 192.16 0.16 0.12
    endloop
  endfacet
  facet normal -0 0.24253562503633266 0.97014250014533199
    outer loop
      vertex 192.12 10.119999999999999 0.12
      vertex 192.19999999999999 10.119999999999999 0.12
      vertex 192.19999999999999 10.199999999999999 0.10000000000000001
    endloop
  endfacet
  facet normal -0 0.24253562503633264 0.97014250014533188
    outer loop
      vertex 192 10.119999999999999 0.12
      vertex 192.12 10.119999999999999 0.12
      vertex 192.19999999999999 10.199999999999999 0.10000000000000001
    endloop
  endfacet
  facet normal 0 0.24253562503633264 0.97014250014533199
    outer loop
      vertex 192 10.119999999999999 0.12
      vertex 192.19999999999999 10.199999999999999 0.10000000000000001
      vertex 192 10.199999999999999 0.10000000000000001
    endloop
  endfacet
  facet normal 0 0 1
    outer loop
      vertex 192 10.199999999999999 0.10000000000000001
      vertex 192.19999999999999 10.199999999999999 0.10000000000000001
      vertex 192.19999999999999 20 0.10000000000000001
    endloop
  endfacet
  facet normal 0 0 1
    outer loop
      vertex 192 10.199999999999999 0.10000000000000001
      vertex 192.19999999999999 20 0.10000000000000001
      vertex 192 20 0.10000000000000001
    endloop
  endfacet
  facet normal 0 -0.24253562503633774 0.97014250014533077
    outer loop
      vertex 192.07999999999998 20.079999999999998 0.12
      vertex 192 20 0.10000000000000001
      vertex 192.19999999999999 20 0.10000000000000001
    endloop
  endfacet
  facet normal 0 -0.24253562503633772 0.97014250014533077
    outer loop
      vertex 192.07999999999998 20.079999999999998 0.12
      vertex 192.19999999999999 20 0.10000000000000001
      vertex 192.19999999999999 20.079999999999998 0.12
    endloop
  endfacet
  facet normal 0 -0.24253562503633774 0.97014250014533066
    outer loop
      vertex 192 20.079999999999998 0.12
      vertex 192 20 0.10000000000000001
      vertex 192.07999999999998 20.079999999999998 0.12
    endloop
  endfacet
  facet normal -0 0.0025252444736492204 0.99999681156509101
    outer loop
      vertex 192.12 52.080000000000005 0.12
      vertex 192.19999999999999 52.080000000000005 0.12
      vertex 192.19999999999999 60 0.10000000000000001
    endloop
  endfacet
  facet normal -0 0.0025252444736492204 0.99999681156509113
    outer loop
      vertex 192 52.080000000000005 0.12
      vertex 192.12 52.080000000000005 0.12
      vertex 192.19999999999999 60 0.10000000000000001
    endloop
  endfacet
  facet normal 0 0.0025252444736492204 0.99999681156509113
    outer loop
      vertex 192 52.080000000000005 0.12
      vertex 192.19999999999999 60 0.10000000000000001
      vertex 192 60 0.10000000000000001
    endloop
  endfacet
  facet normal 0 0 1
    outer loop
      vertex 192 60 0.10000000000000001
      vertex 192.19999999999999 60 0.10000000000000001
      vertex 192.19999999999999 60.200000000000003 0.10000000000000001
    endloop
  endfacet
  facet normal 0 0 1
    outer loop
      vertex 192 60 0.10000000000000001
      vertex 192.19999999999999 60.200000000000003 0.10000000000000001
      vertex 192 60.200000000000003 0.10000000000000001
    endloop
  endfacet
  facet normal 0 0.0025252444736492178 0.99999681156509113
    outer loop
      vertex 192.07999999999998 68.120000000000005 0.080000000000000016
      vertex 192 60.200000000000003 0.10000000000000001
      vertex 192.19999999999999 60.200000000000003 0.10000000000000001
    endloop
  endfacet
  facet normal -0 0.0025252444736492182 0.99999681156509113
    outer loop
      vertex 192.07999999999998 68.120000000000005 0.080000000000000016
      vertex 192.19999999999999 60.200000000000003 0.10000000000000001
      vertex 192.19999999999999 68.120000000000005 0.080000000000000016
    endloop
  endfacet
  facet normal -0 0.0025252444736492182 0.99999681156509101
    outer loop
      vertex 192 68.120000000000005 0.080000000000000016
      vertex 192 60.200000000000003 0.10000000000000001
      vertex 192.07999999999998 68.120000000000005 0.080000000000000016
    endloop
  endfacet
  facet normal 0 -0.0050504406386027807 0.99998724644335124
    outer loop
      vertex 192.13999999999999 94.060000000000002 0.12
      vertex 192.06 86.140000000000001 0.080000000000000016
      vertex 192.19999999999999 86.140000000000001 0.080000000000000016
    endloop
  endfacet
  facet normal 0 -0.0050504406386027807 0.99998724644335135
    outer loop
      vertex 192.13999999999999 94.060000000000002 0.12
      vertex 192.19999999999999 86.140000000000001 0.080000000000000016
      vertex 192.19999999999999 94.060000000000002 0.12
    endloop
  endfacet
  facet normal 0 -0.0050504406386027807 0.99998724644335135
    outer loop
      vertex 192 94.060000000000002 0.12
      vertex 192 86.140000000000001 0.080000000000000016
      vertex 192.06 86.140000000000001 0.080000000000000016
    endloop
  endfacet
  facet normal 0 -0.0050504406386027816 0.99998724644335124
    outer loop
      vertex 192 94.060000000000002 0.12
      vertex 192.06 86.140000000000001 0.080000000000000016
      vertex 192.13999999999999 94.060000000000002 0.12
    endloop
  endfacet
  facet normal 0 -0.59999999999999998 0.80000000000000016
    outer loop
      vertex 192.36000000000001 0.16 0.12
      vertex 192.30666666666667 0.10666666666666669 0.080000000000000016
      vertex 192.40000000000001 0.10666666666666669 0.080000000000000016
    endloop
  endfacet
  facet normal 0 -0.59999999999999998 0.80000000000000004
    outer loop
      vertex 192.36000000000001 0.16 0.12
      vertex 192.40000000000001 0.10666666666666669 0.080000000000000016
      vertex 192.40000000000001 0.16 0.12
    endloop
  endfacet
  facet normal 0 -0.59999999999999987 0.80000000000000004
    outer loop
      vertex 192.19999999999999 0.16 0.12
      vertex 192.19999999999999 0.10666666666666669 0.080000000000000016
      vertex 192.30666666666667 0.10666666666666669 0.080000000000000016
    endloop
  endfacet
  facet normal 0 -0.59999999999999987 0.80000000000000004
    outer loop
      vertex 192.19999999999999 0.16 0.12
      vertex 192.30666666666667 0.10666666666666669 0.080000000000000016
      vertex 192.36000000000001 0.16 0.12
    endloop
  endfacet
  facet normal -0 0.24253562503633264 0.97014250014533199
    outer loop
      vertex 192.31999999999999 10.119999999999999 0.12
      vertex 192.40000000000001 10.119999999999999 0.12
      vertex 192.40000000000001 10.199999999999999 0.10000000000000001
    endloop
  endfacet
  facet normal -0 0.24253562503633264 0.97014250014533188
    outer loop
      vertex 192.19999999999999 10.119999999999999 0.12
      vertex 192.31999999999999 10.119999999999999 0.12
      vertex 192.40000000000001 10.199999999999999 0.10000000000000001
    endloop
  endfacet
  facet normal 0 0.24253562503633269 0.97014250014533199
    outer loop
      vertex 192.19999999999999 10.119999999999999 0.12
      vertex 192.40000000000001 10.199999999999999 0.10000000000000001
      vertex 192.19999999999999 10.199999999999999 0.10000000000000001
    endloop
  endfacet
  facet normal 0 0 1
    outer loop
      vertex 192.19999999999999 10.199999999999999 0.10000000000000001
      vertex 192.40000000000001 10.199999999999999 0.10000000000000001
      vertex 192.40000000000001 20 0.10000000000000001
    endloop
  endfacet
  facet normal 0 0 1
    outer loop
      vertex 192.19999999999999 10.199999999999999 0.10000000000000001
      vertex 192.40000000000001 20 0.10000000000000001
      vertex 192.19999999999999 20 0.10000000000000001
    endloop
  endfacet
  facet normal 0 -0.24253562503633763 0.97014250014533054
    outer loop
      vertex 192.28 20.079999999999998 0.12
      vertex 192.19999999999999 20 0.10000000000000001
      vertex 192.40000000000001 20 0.10000000000000001
    endloop
  endfacet
  facet normal 0 -0.24253562503633772 0.97014250014533077
    outer loop
      vertex 192.28 20.079999999999998 0.12
      vertex 192.40000000000001 20 0.10000000000000001
      vertex 192.40000000000001 20.079999999999998 0.12
    endloop
  endfacet
  facet normal 0 -0.24253562503633772 0.97014250014533077
    outer loop
      vertex 192.19999999999999 20.079999999999998 0.12
      vertex 192.19999999999999 20 0.10000000000000001
      vertex 192.28 20.079999999999998 0.12
    endloop
  endfacet
  facet normal -0 0.0025252444736492199 0.99999681156509101
    outer loop
      vertex 192.31999999999999 52.080000000000005 0.12
      vertex 192.40000000000001 52.080000000000005 0.12
      vertex 192.40000000000001 60 0.10000000000000001
    endloop
  endfacet
  facet normal -0 0.0025252444736492204 0.99999681156509113
    outer loop
      vertex 192.19999999999999 52.080000000000005 0.12
      vertex 192.31999999999999 52.080000000000005 0.12
      vertex 192.40000000000001 60 0.10000000000000001
    endloop
  endfacet
  facet normal 0 0.0025252444736492208 0.99999681156509113
    outer loop
      vertex 192.19999999999999 52.080000000000005 0.12
      vertex 192.40000000000001 60 0.10000000000000001
      vertex 192.19999999999999 60 0.10000000000000001
    endloop
  endfacet
  facet normal 0 0 1
    outer loop
      vertex 192.19999999999999 60 0.10000000000000001
      vertex 192.40000000000001 60 0.10000000000000001
      vertex 192.40000000000001 60.200000000000003 0.10000000000000001
    endloop
  endfacet
  facet normal 0 0 1
    outer loop
      vertex 192.19999999999999 60 0.10000000000000001
      vertex 192.40000000000001 60.200000000000003 0.10000000000000001
      vertex 192.19999999999999 60.200000000000003 0.10000000000000001
    endloop
  endfacet
  facet normal 0 0.0025252444736492178 0.99999681156509113
    outer loop
      vertex 192.28 68.120000000000005 0.080000000000000016
      vertex 192.19999999999999 60.200000000000003 0.10000000000000001
      vertex 192.40000000000001 60.200000000000003 0.10000000000000001
    endloop
  endfacet
  facet normal -0 0.0025252444736492182 0.99999681156509113
    outer loop
      vertex 192.28 68.120000000000005 0.080000000000000016
      vertex 192.40000000000001 60.200000000000003 0.10000000000000001
      vertex 192.40000000000001 68.120000000000005 0.080000000000000016
    endloop
  endfacet
  facet normal -0 0.0025252444736492178 0.99999681156509101
    outer loop
      vertex 192.19999999999999 68.120000000000005 0.080000000000000016
      vertex 192.19999999999999 60.200000000000003 0.10000000000000001
      vertex 192.28 68.120000000000005 0.080000000000000016
    endloop
  endfacet
  facet normal 0 -0.0050504406386027807 0.99998724644335124
    outer loop
      vertex 192.34 94.060000000000002 0.12
      vertex 192.25999999999999 86.140000000000001 0.080000000000000016
      vertex 192.40000000000001 86.140000000000001 0.080000000000000016
    endloop
  endfacet
  facet normal 0 -0.0050504406386027807 0.99998724644335135
    outer loop
      vertex 192.34 94.060000000000002 0.12
      vertex 192.40000000000001 86.140000000000001 0.080000000000000016
      vertex 192.40000000000001 94.060000000000002 0.12
    endloop
  endfacet
  facet normal 0 -0.0050504406386027807 0.99998724644335135
    outer loop
      vertex 192.19999999999999 94.060000000000002 0.12
      vertex 192.19999999999999 86.140000000000001 0.080000000000000016
      vertex 192.25999999999999 86.140000000000001 0.080000000000000016
    endloop
  endfacet
  facet normal 0 -0.0050504406386027807 0.99998724644335124
    outer loop
      vertex 192.19999999999999 94.060000000000002 0.12
      vertex 192.25999999999999 86.140000000000001 0.080000000000000016
      vertex 192.34 94.060000000000002 0.12
    endloop
  endfacet
  facet normal 0 -0.70710678118654746 0.70710678118654746
    outer loop
      vertex 192.51999999999998 0.12 0.12
      vertex 192.47999999999999 0.080000000000000016 0.080000000000000016
      vertex 192.59999999999999 0.080000000000000016 0.080000000000000016
    endloop
  endfacet
  facet normal 0 -0.70710678118654746 0.70710678118654746
    outer loop
      vertex 192.51999999999998 0.12 0.12
      vertex 192.59999999999999 0.080000000000000016 0.080000000000000016
      vertex 192.59999999999999 0.12 0.12
    endloop
  endfacet
  facet normal -0.19611613513822157 -0.58834840541454758 0.78446454055273018
    outer loop
      vertex 192.40000000000001 0.16 0.12
      vertex 192.40000000000001 0.10666666666666669 0.080000000000000016
      vertex 192.47999999999999 0.080000000000000016 0.080000000000000016
    endloop
  endfacet
  facet normal -0.19611613513822154 -0.58834840541454747 0.78446454055273018
    outer loop
      vertex 192.40000000000001 0.16 0.12
      vertex 192.47999999999999 0.080000000000000016 0.080000000000000016
      vertex 192.51999999999998 0.12 0.12
    endloop
  endfacet
  facet normal -0.23570226039556005 0.23570226039551292 0.94280904158205303
    outer loop
      vertex 192.40000000000001 10.119999999999999 0.12
      vertex 192.47999999999999 10.199999999999999 0.12
      vertex 192.40000000000001 10.199999999999999 0.10000000000000001
    endloop
  endfacet
  facet normal -0.24253562503637827 0 0.97014250014532055
    outer loop
      vertex 192.47999999999999 14.119999999999997 0.12
      vertex 192.40000000000001 10.199999999999999 0.10000000000000001
      vertex 192.47999999999999 10.199999999999999 0.12
    endloop
  endfacet
  facet normal -0.24253562503637832 0 0.97014250014532055
    outer loop
      vertex 192.40000000000001 10.199999999999999 0.10000000000000001
      vertex 192.47999999999999 14.119999999999999 0.12
      vertex 192.47999999999999 20 0.12
    endloop
  endfacet
  facet normal -0.24253562503637829 0 0.97014250014532055
    outer loop
      vertex 192.40000000000001 10.199999999999999 0.10000000000000001
      vertex 192.47999999999999 20 0.12
      vertex 192.40000000000001 20 0.10000000000000001
    endloop
  endfacet
  facet normal -0.23570226039555978 -0.23570226039551789 0.94280904158205192
    outer loop
      vertex 192.44 20.039999999999999 0.12
      vertex 192.40000000000001 20 0.10000000000000001
      vertex 192.47999999999999 20 0.12
    endloop
  endfacet
  facet normal -0.23570226039555978 -0.23570226039551789 0.94280904158205192
    outer loop
      vertex 192.40000000000001 20.079999999999998 0.12
      vertex 192.40000000000001 20 0.10000000000000001
      vertex 192.44 20.039999999999999 0.12
    endloop
  endfacet
  facet normal -0.24253489721588789 0.0024498474466246442 0.97013958886335894
    outer loop
      vertex 192.40000000000001 52.080000000000005 0.12
      vertex 192.47999999999999 60 0.12
      vertex 192.40000000000001 60 0.10000000000000001
    endloop
  endfacet
  facet normal -0.24253562503637832 0 0.97014250014532066
    outer loop
      vertex 192.47999999999999 60.079999999999998 0.12
      vertex 192.40000000000001 60 0.10000000000000001
      vertex 192.47999999999999 60 0.12
    endloop
  endfacet
  facet normal -0.24253562503637824 0 0.97014250014532055
    outer loop
      vertex 192.40000000000001 60 0.10000000000000001
      vertex 192.47999999999999 60.079999999999998 0.12
      vertex 192.47999999999999 60.200000000000003 0.12
    endloop
  endfacet
  facet normal -0.24253562503637824 0 0.97014250014532055
    outer loop
      vertex 192.40000000000001 60 0.10000000000000001
      vertex 192.47999999999999 60.200000000000003 0.12
      vertex 192.40000000000001 60.200000000000003 0.10000000000000001
    endloop
  endfacet
  facet normal -0.24253489721588786 0.0024498474466252236 0.97013958886335883
    outer loop
      vertex 192.40000000000001 60.200000000000003 0.10000000000000001
      vertex 192.47999999999999 60.200000000000003 0.12
      vertex 192.59999999999999 72.079999999999998 0.12
    endloop
  endfacet
  facet normal -0.24253489721585531 0.002449847446624662 0.97013958886336704
    outer loop
      vertex 192.40000000000001 60.200000000000003 0.10000000000000001
      vertex 192.59999999999999 72.079999999999998 0.12
      vertex 192.59999999999999 80 0.10000000000000001
    endloop
  endfacet
  facet normal -0.24253489721585531 0.002449847446624662 0.97013958886336704
    outer loop
      vertex 192.40000000000001 68.120000000000005 0.080000000000000016
      vertex 192.40000000000001 60.200000000000003 0.10000000000000001
      vertex 192.59999999999999 80 0.10000000000000001
    endloop
  endfacet
  facet normal -0.24253489721588786 0.0024498474466252236 0.97013958886335883
    outer loop
      vertex 192.40000000000001 68.120000000000005 0.080000000000000016
      vertex 192.59999999999999 80 0.10000000000000001
      vertex 192.52000000000001 80 0.080000000000000016
    endloop
  endfacet
  facet normal -0.24253562503637824 0 0.97014250014532055
    outer loop
      vertex 192.52000000000001 80.120000000000005 0.080000000000000016
      vertex 192.52000000000001 80 0.080000000000000016
      vertex 192.59999999999999 80 0.10000000000000001
    endloop
  endfacet
  facet normal -0.24253562503637824 0 0.97014250014532055
    outer loop
      vertex 192.52000000000001 80.120000000000005 0.080000000000000016
      vertex 192.59999999999999 80 0.10000000000000001
      vertex 192.59999999999999 80.200000000000003 0.10000000000000001
    endloop
  endfacet
  facet normal -0.24253562503637832 0 0.97014250014532066
    outer loop
      vertex 192.52000000000001 80.120000000000005 0.080000000000000016
      vertex 192.59999999999999 80.200000000000003 0.10000000000000001
      vertex 192.52000000000001 80.200000000000003 0.080000000000000016
    endloop
  endfacet
  facet normal -0.24253271379364935 -0.0048996507837108438 0.97013085517474673
    outer loop
      vertex 192.49333333333334 89.439999999999998 0.12
      vertex 192.44 84.160000000000011 0.080000000000000016
      vertex 192.52000000000001 80.200000000000003 0.080000000000000016
    endloop
  endfacet
  facet normal -0.24253271379372976 -0.0048996507837109895 0.97013085517472653
    outer loop
      vertex 192.49333333333334 89.439999999999998 0.12
      vertex 192.52000000000001 80.200000000000003 0.080000000000000016
      vertex 192.59999999999999 80.200000000000003 0.10000000000000001
    endloop
  endfacet
  facet normal -0.24253271379370994 -0.0048996507837107718 0.97013085517473163
    outer loop
      vertex 192.49333333333334 89.439999999999998 0.12
      vertex 192.59999999999999 80.200000000000003 0.10000000000000001
      vertex 192.59999999999999 84.159999999999997 0.12
    endloop
  endfacet
  facet normal -0.24253271379373018 -0.0048996507837107371 0.97013085517472653
    outer loop
      vertex 192.40000000000001 94.060000000000002 0.12
      vertex 192.40000000000001 86.140000000000001 0.080000000000000016
      vertex 192.44 84.159999999999997 0.080000000000000016
    endloop
  endfacet
  facet normal -0.242532713793672 -0.0048996507837105602 0.97013085517474107
    outer loop
      vertex 192.40000000000001 94.060000000000002 0.12
      vertex 192.44 84.159999999999997 0.080000000000000016
      vertex 192.49333333333334 89.439999999999998 0.12
    endloop
  endfacet
  facet normal 0 -0.70710678118654746 0.70710678118654746
    outer loop
      vertex 192.72 0.12 0.12
      vertex 192.68000000000001 0.080000000000000016 0.080000000000000016
      vertex 192.80000000000001 0.080000000000000016 0.080000000000000016
    endloop
  endfacet
  facet normal 0 -0.70710678118654746 0.70710678118654746
    outer loop
      vertex 192.72 0.12 0.12
      vertex 192.80000000000001 0.080000000000000016 0.080000000000000016
      vertex 192.80000000000001 0.12 0.12
    endloop
  endfacet
  facet normal 0 -0.70710678118654746 0.70710678118654746
    outer loop
      vertex 192.59999999999999 0.12 0.12
      vertex 192.59999999999999 0.080000000000000016 0.080000000000000016
      vertex 192.68000000000001 0.080000000000000016 0.080000000000000016
    endloop
  endfacet
  facet normal 0 -0.70710678118654746 0.70710678118654746
    outer loop
      vertex 192.59999999999999 0.12 0.12
      vertex 192.68000000000001 0.080000000000000016 0.080000000000000016
      vertex 192.72 0.12 0.12
    endloop
  endfacet
  facet normal -0 0.0025252444736492178 0.99999681156509101
    outer loop
      vertex 192.72 72.079999999999998 0.12
      vertex 192.80000000000001 72.079999999999998 0.12
      vertex 192.80000000000001 80 0.10000000000000001
    endloop
  endfacet
  facet normal -0 0.0025252444736492182 0.99999681156509113
    outer loop
      vertex 192.59999999999999 72.079999999999998 0.12
      vertex 192.72 72.079999999999998 0.12
      vertex 192.80000000000001 80 0.10000000000000001
    endloop
  endfacet
  facet normal 0 0.0025252444736492186 0.99999681156509113
    outer loop
      vertex 192.59999999999999 72.079999999999998 0.12
      vertex 192.80000000000001 80 0.10000000000000001
      vertex 192.59999999999999 80 0.10000000000000001
    endloop
  endfacet
  facet normal 0 0 1
    outer loop
      vertex 192.59999999999999 80 0.10000000000000001
      vertex 192.80000000000001 80 0.10000000000000001
      vertex 192.80000000000001 80.200000000000003 0.10000000000000001
    endloop
  endfacet
  facet normal 0 0 1
    outer loop
      vertex 192.59999999999999 80 0.10000000000000001
      vertex 192.80000000000001 80.200000000000003 0.10000000000000001
      vertex 192.59999999999999 80.200000000000003 0.10000000000000001
    endloop
  endfacet
  facet normal 0 -0.0050504406386027894 0.99998724644335124
    outer loop
      vertex 192.63999999999999 84.159999999999997 0.12
      vertex 192.59999999999999 80.200000000000003 0.10000000000000001
      vertex 192.80000000000001 80.200000000000003 0.10000000000000001
    endloop
  endfacet
  facet normal 0 -0.0050504406386027894 0.99998724644335124
    outer loop
      vertex 192.63999999999999 84.159999999999997 0.12
      vertex 192.80000000000001 80.200000000000003 0.10000000000000001
      vertex 192.80000000000001 84.159999999999997 0.12
    endloop
  endfacet
  facet normal 0 -0.0050504406386027902 0.99998724644335124
    outer loop
      vertex 192.59999999999999 84.159999999999997 0.12
      vertex 192.59999999999999 80.200000000000003 0.10000000000000001
      vertex 192.63999999999999 84.159999999999997 0.12
    endloop
  endfacet
  facet normal 0 -0.70710678118654746 0.70710678118654746
    outer loop
      vertex 192.91999999999999 0.12 0.12
      vertex 192.88 0.080000000000000016 0.080000000000000016
      vertex 193 0.080000000000000016 0.080000000000000016
    endloop
  endfacet
  facet normal 0 -0.70710678118654746 0.70710678118654746
    outer loop
      vertex 192.91999999999999 0.12 0.12
      vertex 193 0.080000000000000016 0.080000000000000016
      vertex 193 0.12 0.12
    endloop
  endfacet
  facet normal 0 -0.70710678118654757 0.70710678118654757
    outer loop
      vertex 192.80000000000001 0.12 0.12
      vertex 192.80000000000001 0.080000000000000016 0.080000000000000016
      vertex 192.88 0.080000000000000016 0.080000000000000016
    endloop
  endfacet
  facet normal 0 -0.70710678118654746 0.70710678118654746
    outer loop
      vertex 192.80000000000001 0.12 0.12
      vertex 192.88 0.080000000000000016 0.080000000000000016
      vertex 192.91999999999999 0.12 0.12
    endloop
  endfacet
  facet normal -0 0.0025252444736492182 0.99999681156509101
    outer loop
      vertex 192.92000000000002 72.079999999999998 0.12
      vertex 193 72.079999999999998 0.12
      vertex 193 80 0.10000000000000001
    endloop
  endfacet
  facet normal -0 0.0025252444736492182 0.99999681156509113
    outer loop
      vertex 192.80000000000001 72.079999999999998 0.12
      vertex 192.92000000000002 72.079999999999998 0.12
      vertex 193 80 0.10000000000000001
    endloop
  endfacet
  facet normal 0 0.0025252444736492178 0.99999681156509113
    outer loop
      vertex 192.80000000000001 72.079999999999998 0.12
      vertex 193 80 0.10000000000000001
      vertex 192.80000000000001 80 0.10000000000000001
    endloop
  endfacet
  facet normal 0 0 1
    outer loop
      vertex 192.80000000000001 80 0.10000000000000001
      vertex 193 80 0.10000000000000001
      vertex 193 80.200000000000003 0.10000000000000001
    endloop
  endfacet
  facet normal 0 0 1
    outer loop
      vertex 192.80000000000001 80 0.10000000000000001
      vertex 193 80.200000000000003 0.10000000000000001
      vertex 192.80000000000001 80.200000000000003 0.10000000000000001
    endloop
  endfacet
  facet normal 0 -0.0050504406386027902 0.99998724644335124
    outer loop
      vertex 192.84 84.159999999999997 0.12
      vertex 192.80000000000001 80.200000000000003 0.10000000000000001
      vertex 193 80.200000000000003 0.10000000000000001
    endloop
  endfacet
  facet normal 0 -0.0050504406386027902 0.99998724644335124
    outer loop
      vertex 192.84 84.159999999999997 0.12
      vertex 193 80.200000000000003 0.10000000000000001
      vertex 193 84.159999999999997 0.12
    endloop
  endfacet
  facet normal 0 -0.0050504406386027902 0.99998724644335124
    outer loop
      vertex 192.80000000000001 84.159999999999997 0.12
      vertex 192.80000000000001 80.200000000000003 0.10000000000000001
      vertex 192.84 84.159999999999997 0.12
    endloop
  endfacet
  facet normal 0 -0.70710678118654746 0.70710678118654746
    outer loop
      vertex 193.11999999999998 0.12 0.12
      vertex 193.07999999999998 0.080000000000000016 0.080000000000000016
      vertex 193.19999999999999 0.080000000000000016 0.080000000000000016
    endloop
  endfacet
  facet normal 0 -0.70710678118654746 0.70710678118654746
    outer loop
      vertex 193.11999999999998 0.12 0.12
      vertex 193.19999999999999 0.080000000000000016 0.080000000000000016
      vertex 193.19999999999999 0.12 0.12
    endloop
  endfacet
  facet normal 0 -0.70710678118654757 0.70710678118654757
    outer loop
      vertex 193 0.12 0.12
      vertex 193 0.080000000000000016 0.080000000000000016
      vertex 193.07999999999998 0.080000000000000016 0.080000000000000016
    endloop
  endfacet
  facet normal 0 -0.70710678118654746 0.70710678118654746
    outer loop
      vertex 193 0.12 0.12
      vertex 193.07999999999998 0.080000000000000016 0.080000000000000016
      vertex 193.11999999999998 0.12 0.12
    endloop
  endfacet
  facet normal -0 0.0025252444736492182 0.99999681156509101
    outer loop
      vertex 193.12 72.079999999999998 0.12
      vertex 193.19999999999999 72.079999999999998 0.12
      vertex 193.19999999999999 80 0.10000000000000001
    endloop
  endfacet
  facet normal -0 0.0025252444736492182 0.99999681156509113
    outer loop
      vertex 193 72.079999999999998 0.12
      vertex 193.12 72.079999999999998 0.12
      vertex 193.19999999999999 80 0.10000000000000001
    endloop
  endfacet
  facet normal 0 0.0025252444736492178 0.99999681156509113
    outer loop
      vertex 193 72.079999999999998 0.12
      vertex 193.19999999999999 80 0.10000000000000001
      vertex 193 80 0.10000000000000001
    endloop
  endfacet
  facet normal 0 0 1
    outer loop
      vertex 193 80 0.10000000000000001
      vertex 193.19999999999999 80 0.10000000000000001
      vertex 193.19999999999999 80.200000000000003 0.10000000000000001
    endloop
  endfacet
  facet normal 0 0 1
    outer loop
      vertex 193 80 0.10000000000000001
      vertex 193.19999999999999 80.200000000000003 0.10000000000000001
      vertex 193 80.200000000000003 0.10000000000000001
    endloop
  endfacet
  facet normal 0 -0.0050504406386027902 0.99998724644335124
    outer loop
      vertex 193.03999999999999 84.159999999999997 0.12
      vertex 193 80.200000000000003 0.10000000000000001
      vertex 193.19999999999999 80.200000000000003 0.10000000000000001
    endloop
  endfacet
  facet normal 0 -0.0050504406386027902 0.99998724644335124
    outer loop
      vertex 193.03999999999999 84.159999999999997 0.12
      vertex 193.19999999999999 80.200000000000003 0.10000000000000001
      vertex 193.19999999999999 84.159999999999997 0.12
    endloop
  endfacet
  facet normal 0 -0.0050504406386027902 0.99998724644335124
    outer loop
      vertex 193 84.159999999999997 0.12
      vertex 193 80.200000000000003 0.10000000000000001
      vertex 193.03999999999999 84.159999999999997 0.12
    endloop
  endfacet
  facet normal 0 -0.44721359549995793 0.89442719099991586
    outer loop
      vertex 193.36000000000001 0.16000000000000003 0.080000000000000016
      vertex 193.40000000000001 0.16000000000000003 0.080000000000000016
      vertex 193.40000000000001 0.20000000000000001 0.10000000000000001
    endloop
  endfacet
  facet normal 0.33333333333328702 -0.66666666666667818 0.66666666666667818
    outer loop
      vertex 193.19999999999999 0.12 0.12
      vertex 193.19999999999999 0.080000000000000016 0.080000000000000016
      vertex 193.36000000000001 0.16000000000000003 0.080000000000000016
    endloop
  endfacet
  facet normal 0.33333333333328702 -0.66666666666659946 0.66666666666675711
    outer loop
      vertex 193.19999999999999 0.12 0.12
      vertex 193.36000000000001 0.16000000000000003 0.080000000000000016
      vertex 193.40000000000001 0.20000000000000001 0.10000000000000001
    endloop
  endfacet
  facet normal 0.33333333333333964 -0.66666666666678331 0.66666666666654684
    outer loop
      vertex 193.19999999999999 0.12 0.12
      vertex 193.40000000000001 0.20000000000000001 0.10000000000000001
      vertex 193.36000000000001 0.20000000000000001 0.12
    endloop
  endfacet
  facet normal 0.44721359550002893 0 0.89442719099988033
    outer loop
      vertex 193.36000000000001 8.0400000000000009 0.12
      vertex 193.36000000000001 0.20000000000000001 0.12
      vertex 193.40000000000001 0.20000000000000001 0.10000000000000001
    endloop
  endfacet
  facet normal 0.44721359550002887 0 0.89442719099988033
    outer loop
      vertex 193.36000000000001 8.0400000000000009 0.12
      vertex 193.40000000000001 0.20000000000000001 0.10000000000000001
      vertex 193.40000000000001 10 0.10000000000000001
    endloop
  endfacet
  facet normal 0.44721359550002898 -0 0.89442719099988033
    outer loop
      vertex 193.36000000000001 8.0400000000000027 0.12
      vertex 193.40000000000001 10 0.10000000000000001
      vertex 193.36000000000001 10 0.12
    endloop
  endfacet
  facet normal 0.40824829046392919 -0.40824829046385663 0.81649658092769617
    outer loop
      vertex 193.36000000000001 10 0.12
      vertex 193.40000000000001 10 0.10000000000000001
      vertex 193.40000000000001 10.039999999999999 0.12
    endloop
  endfacet
  facet normal -0.21821789023595892 0.43643578047199533 0.87287156094397256
    outer loop
      vertex 193.31999999999999 20.120000000000001 0.12
      vertex 193.40000000000001 20.16 0.12
      vertex 193.40000000000001 20.199999999999999 0.10000000000000001
    endloop
  endfacet
  facet normal 0.43643578047203968 -0.21821789023613614 0.87287156094390617
    outer loop
      vertex 193.31999999999999 20.120000000000001 0.12
      vertex 193.40000000000001 20.199999999999999 0.10000000000000001
      vertex 193.36000000000001 20.199999999999999 0.12
    endloop
  endfacet
  facet normal 0.44721359550002898 0 0.89442719099988044
    outer loop
      vertex 193.36000000000001 36.039999999999999 0.12
      vertex 193.36000000000001 20.199999999999999 0.12
      vertex 193.40000000000001 20.199999999999999 0.10000000000000001
    endloop
  endfacet
  facet normal 0.44721359550002904 0 0.89442719099988044
    outer loop
      vertex 193.36000000000001 36.039999999999999 0.12
      vertex 193.40000000000001 20.199999999999999 0.10000000000000001
      vertex 193.40000000000001 40 0.10000000000000001
    endloop
  endfacet
  facet normal 0.44721359550002893 -0 0.89442719099988033
    outer loop
      vertex 193.36000000000001 36.040000000000006 0.12
      vertex 193.40000000000001 40 0.10000000000000001
      vertex 193.36000000000001 40 0.12
    endloop
  endfacet
  facet normal 0.44721359550002893 0 0.89442719099988044
    outer loop
      vertex 193.36000000000001 40.160000000000004 0.12
      vertex 193.36000000000001 40 0.12
      vertex 193.40000000000001 40 0.10000000000000001
    endloop
  endfacet
  facet normal 0.44721359550002893 0 0.89442719099988033
    outer loop
      vertex 193.36000000000001 40.160000000000004 0.12
      vertex 193.40000000000001 40 0.10000000000000001
      vertex 193.40000000000001 40.200000000000003 0.10000000000000001
    endloop
  endfacet
  facet normal 0.44721359550002898 -0 0.89442719099988033
    outer loop
      vertex 193.36000000000001 40.160000000000004 0.12
      vertex 193.40000000000001 40.200000000000003 0.10000000000000001
      vertex 193.36000000000001 40.200000000000003 0.12
    endloop
  endfacet
  facet normal 0.44720903263143186 -0.0045172629558721568 0.89441806526268608
    outer loop
      vertex 193.36000000000001 40.200000000000003 0.12
      vertex 193.40000000000001 40.200000000000003 0.10000000000000001
      vertex 193.40000000000001 44.159999999999997 0.12
    endloop
  endfacet
  facet normal -0.24253489721580676 0.0024498474466246927 0.97013958886337914
    outer loop
      vertex 193.19999999999999 72.079999999999998 0.12
      vertex 193.28 80 0.12
      vertex 193.19999999999999 80 0.10000000000000001
    endloop
  endfacet
  facet normal -0.24253562503629719 0 0.97014250014534087
    outer loop
      vertex 193.28 80.079999999999998 0.12
      vertex 193.19999999999999 80 0.10000000000000001
      vertex 193.28 80 0.12
    endloop
  endfacet
  facet normal -0.24253562503629716 0 0.97014250014534087
    outer loop
      vertex 193.19999999999999 80 0.10000000000000001
      vertex 193.28 80.079999999999998 0.12
      vertex 193.28 80.200000000000003 0.12
    endloop
  endfacet
  facet normal -0.24253562503629716 0 0.97014250014534076
    outer loop
      vertex 193.19999999999999 80 0.10000000000000001
      vertex 193.28 80.200000000000003 0.12
      vertex 193.19999999999999 80.200000000000003 0.10000000000000001
    endloop
  endfacet
  facet normal -0.24253489721580673 0.0024498474466244048 0.97013958886337914
    outer loop
      vertex 193.19999999999999 80.200000000000003 0.10000000000000001
      vertex 193.28 80.200000000000003 0.12
      vertex 193.40000000000001 92.079999999999998 0.12
    endloop
  endfacet
  facet normal -0.24253489721582289 0.0024498474466246832 0.97013958886337515
    outer loop
      vertex 193.19999999999999 80.200000000000003 0.10000000000000001
      vertex 193.40000000000001 92.079999999999998 0.12
      vertex 193.40000000000001 100 0.10000000000000001
    endloop
  endfacet
  facet normal 0.44720903263133055 -0.0045172629558724118 0.89441806526273659
    outer loop
      vertex 193.19999999999999 84.159999999999997 0.12
      vertex 193.19999999999999 80.200000000000003 0.10000000000000001
      vertex 193.40000000000001 100 0.10000000000000001
    endloop
  endfacet
  facet normal 0.44720903263143191 -0.0045172629558737545 0.89441806526268597
    outer loop
      vertex 193.19999999999999 84.159999999999997 0.12
      vertex 193.40000000000001 100 0.10000000000000001
      vertex 193.36000000000001 100 0.12
    endloop
  endfacet
  facet normal 0 -0.44721359549995793 0.89442719099991586
    outer loop
      vertex 193.56 0.16000000000000003 0.080000000000000016
      vertex 193.59999999999999 0.16000000000000003 0.080000000000000016
      vertex 193.59999999999999 0.20000000000000001 0.10000000000000001
    endloop
  endfacet
  facet normal 0 -0.44721359549995793 0.89442719099991586
    outer loop
      vertex 193.40000000000001 0.16000000000000003 0.080000000000000016
      vertex 193.56 0.16000000000000003 0.080000000000000016
      vertex 193.59999999999999 0.20000000000000001 0.10000000000000001
    endloop
  endfacet
  facet normal 0 -0.44721359549995787 0.89442719099991574
    outer loop
      vertex 193.40000000000001 0.16000000000000003 0.080000000000000016
      vertex 193.59999999999999 0.20000000000000001 0.10000000000000001
      vertex 193.40000000000001 0.20000000000000001 0.10000000000000001
    endloop
  endfacet
  facet normal 0 0 1
    outer loop
      vertex 193.40000000000001 0.20000000000000001 0.10000000000000001
      vertex 193.59999999999999 0.20000000000000001 0.10000000000000001
      vertex 193.59999999999999 10 0.10000000000000001
    endloop
  endfacet
  facet normal 0 0 1
    outer loop
      vertex 193.40000000000001 0.20000000000000001 0.10000000000000001
      vertex 193.59999999999999 10 0.10000000000000001
      vertex 193.40000000000001 10 0.10000000000000001
    endloop
  endfacet
  facet normal 0 -0.44721359549996542 0.89442719099991208
    outer loop
      vertex 193.44 10.039999999999999 0.12
      vertex 193.40000000000001 10 0.10000000000000001
      vertex 193.59999999999999 10 0.10000000000000001
    endloop
  endfacet
  facet normal 0 -0.44721359549996542 0.89442719099991219
    outer loop
      vertex 193.44 10.039999999999999 0.12
      vertex 193.59999999999999 10 0.10000000000000001
      vertex 193.59999999999999 10.039999999999999 0.12
    endloop
  endfacet
  facet normal 0 -0.44721359549996537 0.89442719099991208
    outer loop
      vertex 193.40000000000001 10.039999999999999 0.12
      vertex 193.40000000000001 10 0.10000000000000001
      vertex 193.44 10.039999999999999 0.12
    endloop
  endfacet
  facet normal -0 0.44721359549996537 0.89442719099991208
    outer loop
      vertex 193.56 20.16 0.12
      vertex 193.59999999999999 20.16 0.12
      vertex 193.59999999999999 20.199999999999999 0.10000000000000001
    endloop
  endfacet
  facet normal -0 0.44721359549996542 0.89442719099991219
    outer loop
      vertex 193.40000000000001 20.16 0.12
      vertex 193.56 20.16 0.12
      vertex 193.59999999999999 20.199999999999999 0.10000000000000001
    endloop
  endfacet
  facet normal 0 0.44721359549996537 0.89442719099991208
    outer loop
      vertex 193.40000000000001 20.16 0.12
      vertex 193.59999999999999 20.199999999999999 0.10000000000000001
      vertex 193.40000000000001 20.199999999999999 0.10000000000000001
    endloop
  endfacet
  facet normal 0 0 1
    outer loop
      vertex 193.40000000000001 20.199999999999999 0.10000000000000001
      vertex 193.59999999999999 20.199999999999999 0.10000000000000001
      vertex 193.59999999999999 40 0.10000000000000001
    endloop
  endfacet
  facet normal 0 0 1
    outer loop
      vertex 193.40000000000001 20.199999999999999 0.10000000000000001
      vertex 193.59999999999999 40 0.10000000000000001
      vertex 193.40000000000001 40 0.10000000000000001
    endloop
  endfacet
  facet normal 0 0 1
    outer loop
      vertex 193.40000000000001 40 0.10000000000000001
      vertex 193.59999999999999 40 0.10000000000000001
      vertex 193.59999999999999 40.200000000000003 0.10000000000000001
    endloop
  endfacet
  facet normal 0 0 1
    outer loop
      vertex 193.40000000000001 40 0.10000000000000001
      vertex 193.59999999999999 40.200000000000003 0.10000000000000001
      vertex 193.40000000000001 40.200000000000003 0.10000000000000001
    endloop
  endfacet
  facet normal 0 -0.0050504406386027902 0.99998724644335124
    outer loop
      vertex 193.44 44.159999999999997 0.12
      vertex 193.40000000000001 40.200000000000003 0.10000000000000001
      vertex 193.59999999999999 40.200000000000003 0.10000000000000001
    endloop
  endfacet
  facet normal 0 -0.0050504406386027902 0.99998724644335124
    outer loop
      vertex 193.44 44.159999999999997 0.12
      vertex 193.59999999999999 40.200000000000003 0.10000000000000001
      vertex 193.59999999999999 44.159999999999997 0.12
    endloop
  endfacet
  facet normal 0 -0.0050504406386027902 0.99998724644335124
    outer loop
      vertex 193.40000000000001 44.159999999999997 0.12
      vertex 193.40000000000001 40.200000000000003 0.10000000000000001
      vertex 193.44 44.159999999999997 0.12
    endloop
  endfacet
  facet normal -0 0.0025252444736492182 0.99999681156509101
    outer loop
      vertex 193.52000000000001 92.079999999999998 0.12
      vertex 193.59999999999999 92.079999999999998 0.12
      vertex 193.59999999999999 100 0.10000000000000001
    endloop
  endfacet
  facet normal -0 0.0025252444736492182 0.99999681156509113
    outer loop
      vertex 193.40000000000001 92.079999999999998 0.12
      vertex 193.52000000000001 92.079999999999998 0.12
      vertex 193.59999999999999 100 0.10000000000000001
    endloop
  endfacet
  facet normal 0 0.0025252444736492178 0.99999681156509113
    outer loop
      vertex 193.40000000000001 92.079999999999998 0.12
      vertex 193.59999999999999 100 0.10000000000000001
      vertex 193.40000000000001 100 0.10000000000000001
    endloop
  endfacet
  facet normal 0.40824829046393046 -0.40824829046384947 0.81649658092769895
    outer loop
      vertex 193.59999999999999 0.16000000000000003 0.080000000000000016
      vertex 193.63999999999999 0.20000000000000001 0.080000000000000016
      vertex 193.59999999999999 0.20000000000000001 0.10000000000000001
    endloop
  endfacet
  facet normal 0.44721359550002898 0 0.89442719099988044
    outer loop
      vertex 193.63999999999999 2.1599999999999975 0.080000000000000016
      vertex 193.59999999999999 0.20000000000000001 0.10000000000000001
      vertex 193.63999999999999 0.20000000000000001 0.080000000000000016
    endloop
  endfacet
  facet normal 0.44721359550002898 0 0.89442719099988033
    outer loop
      vertex 193.59999999999999 0.20000000000000001 0.10000000000000001
      vertex 193.63999999999999 2.1599999999999993 0.080000000000000016
      vertex 193.63999999999999 10 0.080000000000000016
    endloop
  endfacet
  facet normal 0.44721359550002898 -0 0.89442719099988033
    outer loop
      vertex 193.59999999999999 0.20000000000000001 0.10000000000000001
      vertex 193.63999999999999 10 0.080000000000000016
      vertex 193.59999999999999 10 0.10000000000000001
    endloop
  endfacet
  facet normal 0.44721359550002898 0 0.89442719099988033
    outer loop
      vertex 193.63999999999999 10.039999999999999 0.080000000000000016
      vertex 193.59999999999999 10 0.10000000000000001
      vertex 193.63999999999999 10 0.080000000000000016
    endloop
  endfacet
  facet normal 0.66666666666673868 -0.33333333333331011 0.66666666666660634
    outer loop
      vertex 193.59999999999999 10.039999999999999 0.12
      vertex 193.59999999999999 10 0.10000000000000001
      vertex 193.63999999999999 10.039999999999999 0.080000000000000016
    endloop
  endfacet
  facet normal 0.66666666666671404 -0.33333333333340875 0.6666666666665817
    outer loop
      vertex 193.59999999999999 10.039999999999999 0.12
      vertex 193.63999999999999 10.039999999999999 0.080000000000000016
      vertex 193.72 10.199999999999999 0.080000000000000016
    endloop
  endfacet
  facet normal 0.66666666666671415 -0.33333333333340881 0.6666666666665817
    outer loop
      vertex 193.59999999999999 10.039999999999999 0.12
      vertex 193.72 10.199999999999999 0.080000000000000016
      vertex 193.68000000000001 10.199999999999999 0.12
    endloop
  endfacet
  facet normal 0.70710678118661785 0 0.70710678118647741
    outer loop
      vertex 193.72 16.079999999999998 0.080000000000000016
      vertex 193.68000000000001 14.119999999999999 0.12
      vertex 193.68000000000001 10.199999999999999 0.12
    endloop
  endfacet
  facet normal 0.70710678118661763 0 0.7071067811864773
    outer loop
      vertex 193.72 16.079999999999998 0.080000000000000016
      vertex 193.68000000000001 10.199999999999999 0.12
      vertex 193.72 10.199999999999999 0.080000000000000016
    endloop
  endfacet
  facet normal 0.70710678118661774 0 0.7071067811864773
    outer loop
      vertex 193.68000000000001 14.119999999999999 0.12
      vertex 193.72 16.079999999999998 0.080000000000000016
      vertex 193.72 20 0.080000000000000016
    endloop
  endfacet
  facet normal 0.70710678118661763 -0 0.7071067811864773
    outer loop
      vertex 193.68000000000001 14.119999999999999 0.12
      vertex 193.72 20 0.080000000000000016
      vertex 193.68000000000001 20 0.12
    endloop
  endfacet
  facet normal 0.70710678118661774 0 0.7071067811864773
    outer loop
      vertex 193.72 20.120000000000001 0.080000000000000016
      vertex 193.68000000000001 20.080000000000002 0.12
      vertex 193.68000000000001 20 0.12
    endloop
  endfacet
  facet normal 0.70710678118661774 0 0.7071067811864773
    outer loop
      vertex 193.72 20.120000000000001 0.080000000000000016
      vertex 193.68000000000001 20 0.12
      vertex 193.72 20 0.080000000000000016
    endloop
  endfacet
  facet normal 0.40824829046385663 0.40824829046392908 0.81649658092769617
    outer loop
      vertex 193.59999999999999 20.16 0.12
      vertex 193.68000000000001 20.080000000000002 0.12
      vertex 193.72 20.120000000000001 0.080000000000000016
    endloop
  endfacet
  facet normal 0.40824829046385663 0.40824829046392908 0.81649658092769617
    outer loop
      vertex 193.59999999999999 20.16 0.12
      vertex 193.72 20.120000000000001 0.080000000000000016
      vertex 193.63999999999999 20.199999999999999 0.080000000000000016
    endloop
  endfacet
  facet normal 0.40824829046392919 0.40824829046385663 0.81649658092769617
    outer loop
      vertex 193.59999999999999 20.16 0.12
      vertex 193.63999999999999 20.199999999999999 0.080000000000000016
      vertex 193.59999999999999 20.199999999999999 0.10000000000000001
    endloop
  endfacet
  facet normal 0.44721359550002898 0 0.89442719099988033
    outer loop
      vertex 193.63999999999999 24.159999999999997 0.080000000000000016
      vertex 193.59999999999999 20.199999999999999 0.10000000000000001
      vertex 193.63999999999999 20.199999999999999 0.080000000000000016
    endloop
  endfacet
  facet normal 0.44721359550002882 0 0.89442719099988033
    outer loop
      vertex 193.59999999999999 20.199999999999999 0.10000000000000001
      vertex 193.63999999999999 24.159999999999997 0.080000000000000016
      vertex 193.63999999999999 40 0.080000000000000016
    endloop
  endfacet
  facet normal 0.44721359550002893 -0 0.89442719099988044
    outer loop
      vertex 193.59999999999999 20.199999999999999 0.10000000000000001
      vertex 193.63999999999999 40 0.080000000000000016
      vertex 193.59999999999999 40 0.10000000000000001
    endloop
  endfacet
  facet normal 0.44721359550002898 0 0.89442719099988033
    outer loop
      vertex 193.63999999999999 40.039999999999999 0.080000000000000016
      vertex 193.59999999999999 40 0.10000000000000001
      vertex 193.63999999999999 40 0.080000000000000016
    endloop
  endfacet
  facet normal 0.44721359550002893 0 0.89442719099988044
    outer loop
      vertex 193.59999999999999 40 0.10000000000000001
      vertex 193.63999999999999 40.039999999999999 0.080000000000000016
      vertex 193.63999999999999 40.200000000000003 0.080000000000000016
    endloop
  endfacet
  facet normal 0.44721359550002893 -0 0.89442719099988033
    outer loop
      vertex 193.59999999999999 40 0.10000000000000001
      vertex 193.63999999999999 40.200000000000003 0.080000000000000016
      vertex 193.59999999999999 40.200000000000003 0.10000000000000001
    endloop
  endfacet
  facet normal 0.44721359550002893 0 0.89442719099988033
    outer loop
      vertex 193.63999999999999 44.159999999999997 0.080000000000000016
      vertex 193.59999999999999 40.200000000000003 0.10000000000000001
      vertex 193.63999999999999 40.200000000000003 0.080000000000000016
    endloop
  endfacet
  facet normal 0.70710227208029219 -0.0035712235963644072 0.70710227208015186
    outer loop
      vertex 193.59999999999999 44.159999999999997 0.12
      vertex 193.59999999999999 40.200000000000003 0.10000000000000001
      vertex 193.63999999999999 44.159999999999997 0.080000000000000016
    endloop
  endfacet
  facet normal 0.70710227208029219 -0.0035712235963656696 0.70710227208015186
    outer loop
      vertex 193.59999999999999 44.159999999999997 0.12
      vertex 193.63999999999999 44.159999999999997 0.080000000000000016
      vertex 193.72 60 0.080000000000000016
    endloop
  endfacet
  facet normal 0.70710227208029219 -0.0035712235963656696 0.70710227208015186
    outer loop
      vertex 193.59999999999999 44.159999999999997 0.12
      vertex 193.72 60 0.080000000000000016
      vertex 193.68000000000001 60 0.12
    endloop
  endfacet
  facet normal 0.70710678118661774 0 0.70710678118647741
    outer loop
      vertex 193.72 60.120000000000005 0.080000000000000016
      vertex 193.68000000000001 60.080000000000005 0.12
      vertex 193.68000000000001 60 0.12
    endloop
  endfacet
  facet normal 0.70710678118661763 0 0.70710678118647741
    outer loop
      vertex 193.72 60.120000000000005 0.080000000000000016
      vertex 193.68000000000001 60 0.12
      vertex 193.72 60 0.080000000000000016
    endloop
  endfacet
  facet normal 0.70710678118661763 0 0.7071067811864773
    outer loop
      vertex 193.68000000000001 60.080000000000005 0.12
      vertex 193.72 60.120000000000005 0.080000000000000016
      vertex 193.72 60.200000000000003 0.080000000000000016
    endloop
  endfacet
  facet normal 0.70710678118661763 -0 0.7071067811864773
    outer loop
      vertex 193.68000000000001 60.080000000000005 0.12
      vertex 193.72 60.200000000000003 0.080000000000000016
      vertex 193.68000000000001 60.200000000000003 0.12
    endloop
  endfacet
  facet normal 0.70710678118661763 0 0.70710678118647741
    outer loop
      vertex 193.72 72.079999999999998 0.080000000000000016
      vertex 193.68000000000001 68.120000000000005 0.12
      vertex 193.68000000000001 60.200000000000003 0.12
    endloop
  endfacet
  facet normal 0.70710678118661774 0 0.70710678118647741
    outer loop
      vertex 193.72 72.079999999999998 0.080000000000000016
      vertex 193.68000000000001 60.200000000000003 0.12
      vertex 193.72 60.200000000000003 0.080000000000000016
    endloop
  endfacet
  facet normal 0.59999877563892912 0.0020201978977744876 0.79999836751848419
    outer loop
      vertex 193.68000000000001 68.120000000000005 0.12
      vertex 193.72 72.079999999999998 0.080000000000000016
      vertex 193.69333333333333 80 0.080000000000000016
    endloop
  endfacet
  facet normal 0.59999877563882675 0.0020201978977748619 0.79999836751856102
    outer loop
      vertex 193.68000000000001 68.120000000000005 0.12
      vertex 193.69333333333333 80 0.080000000000000016
      vertex 193.63999999999999 80 0.12
    endloop
  endfacet
  facet normal 0.5999999999999398 0 0.80000000000004512
    outer loop
      vertex 193.69333333333333 80.093333333333334 0.080000000000000016
      vertex 193.63999999999999 80.040000000000006 0.12
      vertex 193.63999999999999 80 0.12
    endloop
  endfacet
  facet normal 0.5999999999999398 0 0.80000000000004512
    outer loop
      vertex 193.69333333333333 80.093333333333334 0.080000000000000016
      vertex 193.63999999999999 80 0.12
      vertex 193.69333333333333 80 0.080000000000000016
    endloop
  endfacet
  facet normal 0.5999999999999398 0 0.80000000000004523
    outer loop
      vertex 193.63999999999999 80.040000000000006 0.12
      vertex 193.69333333333333 80.093333333333334 0.080000000000000016
      vertex 193.69333333333333 80.200000000000003 0.080000000000000016
    endloop
  endfacet
  facet normal 0.59999999999993969 -0 0.80000000000004512
    outer loop
      vertex 193.63999999999999 80.040000000000006 0.12
      vertex 193.69333333333333 80.200000000000003 0.080000000000000016
      vertex 193.63999999999999 80.200000000000003 0.12
    endloop
  endfacet
  facet normal 0.59999999999993969 0 0.80000000000004523
    outer loop
      vertex 193.69333333333333 89.439999999999998 0.080000000000000016
      vertex 193.63999999999999 84.159999999999997 0.12
      vertex 193.63999999999999 80.200000000000003 0.12
    endloop
  endfacet
  facet normal 0.5999999999999398 0 0.80000000000004523
    outer loop
      vertex 193.69333333333333 89.439999999999998 0.080000000000000016
      vertex 193.63999999999999 80.200000000000003 0.12
      vertex 193.69333333333333 80.200000000000003 0.080000000000000016
    endloop
  endfacet
  facet normal 0.44721245476970134 0.0022586487614626883 0.89442490953943699
    outer loop
      vertex 193.59999999999999 92.079999999999998 0.12
      vertex 193.63999999999999 84.159999999999997 0.12
      vertex 193.69333333333333 89.439999999999998 0.080000000000000016
    endloop
  endfacet
  facet normal 0.44721245476972254 0.0022586487614635973 0.89442490953942644
    outer loop
      vertex 193.59999999999999 92.079999999999998 0.12
      vertex 193.69333333333333 89.439999999999998 0.080000000000000016
      vertex 193.63999999999999 100 0.080000000000000016
    endloop
  endfacet
  facet normal 0.44721245476978611 0.0022586487614631163 0.89442490953939457
    outer loop
      vertex 193.59999999999999 92.079999999999998 0.12
      vertex 193.63999999999999 100 0.080000000000000016
      vertex 193.59999999999999 100 0.10000000000000001
    endloop
  endfacet
  facet normal -0.70710678118661763 0 0.70710678118647741
    outer loop
      vertex 199.31999999999999 -88.120000000000005 0.12
      vertex 199.28 -92.079999999999998 0.080000000000000016
      vertex 199.28 -100 0.080000000000000016
    endloop
  endfacet
  facet normal -0.70710678118661774 0 0.70710678118647741
    outer loop
      vertex 199.31999999999999 -88.120000000000005 0.12
      vertex 199.28 -100 0.080000000000000016
      vertex 199.31999999999999 -100 0.12
    endloop
  endfacet
  facet normal -0.70710678118661763 0 0.70710678118647741
    outer loop
      vertex 199.28 -92.079999999999998 0.080000000000000016
      vertex 199.31999999999999 -88.120000000000005 0.12
      vertex 199.31999999999999 -80.200000000000003 0.12
    endloop
  endfacet
  facet normal -0.70710678118661774 0 0.70710678118647741
    outer loop
      vertex 199.28 -92.079999999999998 0.080000000000000016
      vertex 199.31999999999999 -80.200000000000003 0.12
      vertex 199.28 -80.200000000000003 0.080000000000000016
    endloop
  endfacet
  facet normal -0.66666666666671237 0.33333333333341536 0.66666666666658003
    outer loop
      vertex 199.36000000000001 -80.040000000000006 0.080000000000000016
      vertex 199.28 -80.200000000000003 0.080000000000000016
      vertex 199.31999999999999 -80.200000000000003 0.12
    endloop
  endfacet
  facet normal -0.66666666666671237 0.33333333333341536 0.66666666666657992
    outer loop
      vertex 199.36000000000001 -80.040000000000006 0.080000000000000016
      vertex 199.31999999999999 -80.200000000000003 0.12
      vertex 199.40000000000001 -80.040000000000006 0.12
    endloop
  endfacet
  facet normal -0.66666666666675178 0.33333333333325749 0.66666666666661956
    outer loop
      vertex 199.36000000000001 -80.040000000000006 0.080000000000000016
      vertex 199.40000000000001 -80.040000000000006 0.12
      vertex 199.40000000000001 -80 0.10000000000000001
    endloop
  endfacet
  facet normal -0.44721359550002893 0 0.89442719099988044
    outer loop
      vertex 199.36000000000001 -80.040000000000006 0.080000000000000016
      vertex 199.40000000000001 -80 0.10000000000000001
      vertex 199.36000000000001 -80 0.080000000000000016
    endloop
  endfacet
  facet normal -0.44721359550002893 0 0.89442719099988033
    outer loop
      vertex 199.36000000000001 -64.159999999999997 0.080000000000000016
      vertex 199.36000000000001 -80 0.080000000000000016
      vertex 199.40000000000001 -80 0.10000000000000001
    endloop
  endfacet
  facet normal -0.44721359550002898 0 0.89442719099988044
    outer loop
      vertex 199.36000000000001 -64.159999999999997 0.080000000000000016
      vertex 199.40000000000001 -80 0.10000000000000001
      vertex 199.40000000000001 -60.200000000000003 0.10000000000000001
    endloop
  endfacet
  facet normal -0.44721359550002893 0 0.89442719099988033
    outer loop
      vertex 199.36000000000001 -64.159999999999997 0.080000000000000016
      vertex 199.40000000000001 -60.200000000000003 0.10000000000000001
      vertex 199.36000000000001 -60.200000000000003 0.080000000000000016
    endloop
  endfacet
  facet normal -0.43643578047192982 -0.21821789023599403 0.87287156094399665
    outer loop
      vertex 199.36000000000001 -60.039999999999999 0.12
      vertex 199.30666666666667 -60.093333333333334 0.080000000000000016
      vertex 199.36000000000001 -60.200000000000003 0.080000000000000016
    endloop
  endfacet
  facet normal -0.43643578047205533 -0.21821789023597923 0.87287156094393747
    outer loop
      vertex 199.36000000000001 -60.039999999999999 0.12
      vertex 199.36000000000001 -60.200000000000003 0.080000000000000016
      vertex 199.40000000000001 -60.200000000000003 0.10000000000000001
    endloop
  endfacet
  facet normal -0.43643578047208581 -0.21821789023598476 0.87287156094392082
    outer loop
      vertex 199.36000000000001 -60.039999999999999 0.12
      vertex 199.40000000000001 -60.200000000000003 0.10000000000000001
      vertex 199.40000000000001 -60.120000000000005 0.12
    endloop
  endfacet
  facet normal -0.59999999999993969 0 0.80000000000004512
    outer loop
      vertex 199.30666666666667 -60.093333333333334 0.080000000000000016
      vertex 199.36000000000001 -60.039999999999999 0.12
      vertex 199.36000000000001 -60 0.12
    endloop
  endfacet
  facet normal -0.5999999999999398 0 0.80000000000004512
    outer loop
      vertex 199.30666666666667 -60.093333333333334 0.080000000000000016
      vertex 199.36000000000001 -60 0.12
      vertex 199.30666666666667 -60 0.080000000000000016
    endloop
  endfacet
  facet normal -0.59999999999993969 0 0.80000000000004523
    outer loop
      vertex 199.36000000000001 -44.160000000000004 0.12
      vertex 199.30666666666667 -49.439999999999998 0.080000000000000016
      vertex 199.30666666666667 -60 0.080000000000000016
    endloop
  endfacet
  facet normal -0.59999999999993969 0 0.80000000000004512
    outer loop
      vertex 199.36000000000001 -44.160000000000004 0.12
      vertex 199.30666666666667 -60 0.080000000000000016
      vertex 199.36000000000001 -60 0.12
    endloop
  endfacet
  facet normal -0.5999999999999398 0 0.80000000000004534
    outer loop
      vertex 199.30666666666667 -49.439999999999998 0.080000000000000016
      vertex 199.36000000000001 -44.160000000000004 0.12
      vertex 199.36000000000001 -40.200000000000003 0.12
    endloop
  endfacet
  facet normal -0.5999999999999398 0 0.80000000000004523
    outer loop
      vertex 199.30666666666667 -49.439999999999998 0.080000000000000016
      vertex 199.36000000000001 -40.200000000000003 0.12
      vertex 199.30666666666667 -40.200000000000003 0.080000000000000016
    endloop
  endfacet
  facet normal -0.5883484054144924 0.19611613513819023 0.78446454055277948
    outer loop
      vertex 199.36000000000001 -40.039999999999999 0.080000000000000016
      vertex 199.30666666666667 -40.200000000000003 0.080000000000000016
      vertex 199.36000000000001 -40.200000000000003 0.12
    endloop
  endfacet
  facet normal -0.58834840541463462 0.19611613513816512 0.78446454055267889
    outer loop
      vertex 199.36000000000001 -40.039999999999999 0.080000000000000016
      vertex 199.36000000000001 -40.200000000000003 0.12
      vertex 199.40000000000001 -40.079999999999998 0.12
    endloop
  endfacet
  facet normal -0.58834840541462796 0.1961161351381745 0.78446454055268156
    outer loop
      vertex 199.36000000000001 -40.039999999999999 0.080000000000000016
      vertex 199.40000000000001 -40.079999999999998 0.12
      vertex 199.40000000000001 -40 0.10000000000000001
    endloop
  endfacet
  facet normal -0.44721359550002898 0 0.89442719099988033
    outer loop
      vertex 199.36000000000001 -40.039999999999999 0.080000000000000016
      vertex 199.40000000000001 -40 0.10000000000000001
      vertex 199.36000000000001 -40 0.080000000000000016
    endloop
  endfacet
  facet normal -0.44721359550002893 0 0.89442719099988033
    outer loop
      vertex 199.36000000000001 -24.159999999999997 0.080000000000000016
      vertex 199.36000000000001 -40 0.080000000000000016
      vertex 199.40000000000001 -40 0.10000000000000001
    endloop
  endfacet
  facet normal -0.44721359550002898 0 0.89442719099988044
    outer loop
      vertex 199.36000000000001 -24.159999999999997 0.080000000000000016
      vertex 199.40000000000001 -40 0.10000000000000001
      vertex 199.40000000000001 -20.199999999999999 0.10000000000000001
    endloop
  endfacet
  facet normal -0.44721359550002898 0 0.89442719099988033
    outer loop
      vertex 199.36000000000001 -24.159999999999997 0.080000000000000016
      vertex 199.40000000000001 -20.199999999999999 0.10000000000000001
      vertex 199.36000000000001 -20.199999999999999 0.080000000000000016
    endloop
  endfacet
  facet normal -0.43643578047205445 0.21821789023598845 0.87287156094393559
    outer loop
      vertex 199.36000000000001 -20.199999999999999 0.080000000000000016
      vertex 199.40000000000001 -20.199999999999999 0.10000000000000001
      vertex 199.40000000000001 -20.120000000000001 0.080000000000000016
    endloop
  endfacet
  facet normal -0.23570226039556499 -0.23570226039551267 0.94280904158205192
    outer loop
      vertex 199.36000000000001 -10.039999999999999 0.080000000000000016
      vertex 199.40000000000001 -10.08 0.080000000000000016
      vertex 199.40000000000001 -10 0.10000000000000001
    endloop
  endfacet
  facet normal -0.44721359550002898 0 0.89442719099988033
    outer loop
      vertex 199.36000000000001 -10.039999999999999 0.080000000000000016
      vertex 199.40000000000001 -10 0.10000000000000001
      vertex 199.36000000000001 -10 0.080000000000000016
    endloop
  endfacet
  facet normal -0.44721359550002893 0 0.89442719099988033
    outer loop
      vertex 199.36000000000001 -1.9999999999999991 0.080000000000000016
      vertex 199.36000000000001 -10 0.080000000000000016
      vertex 199.40000000000001 -10 0.10000000000000001
    endloop
  endfacet
  facet normal -0.44721359550002893 0 0.89442719099988033
    outer loop
      vertex 199.36000000000001 -1.9999999999999991 0.080000000000000016
      vertex 199.40000000000001 -10 0.10000000000000001
      vertex 199.40000000000001 0 0.10000000000000001
    endloop
  endfacet
  facet normal -0.44721359550002893 0 0.89442719099988033
    outer loop
      vertex 199.36000000000001 -1.9999999999999982 0.080000000000000016
      vertex 199.40000000000001 0 0.10000000000000001
      vertex 199.36000000000001 0 0.080000000000000016
    endloop
  endfacet
  facet normal -0.40824829046393046 0.40824829046384947 0.81649658092769895
    outer loop
      vertex 199.36000000000001 0 0.080000000000000016
      vertex 199.40000000000001 0 0.10000000000000001
      vertex 199.40000000000001 0.03999999999999998 0.080000000000000016
    endloop
  endfacet
  facet normal -0 0.44721359549990186 0.89442719099994394
    outer loop
      vertex 199.56 -80.040000000000006 0.12
      vertex 199.59999999999999 -80.040000000000006 0.12
      vertex 199.59999999999999 -80 0.10000000000000001
    endloop
  endfacet
  facet normal -0 0.44721359549990186 0.89442719099994394
    outer loop
      vertex 199.40000000000001 -80.040000000000006 0.12
      vertex 199.56 -80.040000000000006 0.12
      vertex 199.59999999999999 -80 0.10000000000000001
    endloop
  endfacet
  facet normal 0 0.44721359549990175 0.89442719099994394
    outer loop
      vertex 199.40000000000001 -80.040000000000006 0.12
      vertex 199.59999999999999 -80 0.10000000000000001
      vertex 199.40000000000001 -80 0.10000000000000001
    endloop
  endfacet
  facet normal 0 0 1
    outer loop
      vertex 199.40000000000001 -80 0.10000000000000001
      vertex 199.59999999999999 -80 0.10000000000000001
      vertex 199.59999999999999 -60.200000000000003 0.10000000000000001
    endloop
  endfacet
  facet normal 0 0 1
    outer loop
      vertex 199.40000000000001 -80 0.10000000000000001
      vertex 199.59999999999999 -60.200000000000003 0.10000000000000001
      vertex 199.40000000000001 -60.200000000000003 0.10000000000000001
    endloop
  endfacet
  facet normal 0 -0.24253562503633774 0.97014250014533077
    outer loop
      vertex 199.47999999999999 -60.120000000000005 0.12
      vertex 199.40000000000001 -60.200000000000003 0.10000000000000001
      vertex 199.59999999999999 -60.200000000000003 0.10000000000000001
    endloop
  endfacet
  facet normal 0 -0.24253562503633772 0.97014250014533077
    outer loop
      vertex 199.47999999999999 -60.120000000000005 0.12
      vertex 199.59999999999999 -60.200000000000003 0.10000000000000001
      vertex 199.59999999999999 -60.120000000000005 0.12
    endloop
  endfacet
  facet normal 0 -0.24253562503633774 0.97014250014533066
    outer loop
      vertex 199.40000000000001 -60.120000000000005 0.12
      vertex 199.40000000000001 -60.200000000000003 0.10000000000000001
      vertex 199.47999999999999 -60.120000000000005 0.12
    endloop
  endfacet
  facet normal -0 0.24253562503633774 0.97014250014533066
    outer loop
      vertex 199.52000000000001 -40.079999999999998 0.12
      vertex 199.59999999999999 -40.079999999999998 0.12
      vertex 199.59999999999999 -40 0.10000000000000001
    endloop
  endfacet
  facet normal -0 0.24253562503633772 0.97014250014533077
    outer loop
      vertex 199.40000000000001 -40.079999999999998 0.12
      vertex 199.52000000000001 -40.079999999999998 0.12
      vertex 199.59999999999999 -40 0.10000000000000001
    endloop
  endfacet
  facet normal 0 0.24253562503633774 0.97014250014533077
    outer loop
      vertex 199.40000000000001 -40.079999999999998 0.12
      vertex 199.59999999999999 -40 0.10000000000000001
      vertex 199.40000000000001 -40 0.10000000000000001
    endloop
  endfacet
  facet normal 0 0 1
    outer loop
      vertex 199.40000000000001 -40 0.10000000000000001
      vertex 199.59999999999999 -40 0.10000000000000001
      vertex 199.59999999999999 -20.199999999999999 0.10000000000000001
    endloop
  endfacet
  facet normal 0 0 1
    outer loop
      vertex 199.40000000000001 -40 0.10000000000000001
      vertex 199.59999999999999 -20.199999999999999 0.10000000000000001
      vertex 199.40000000000001 -20.199999999999999 0.10000000000000001
    endloop
  endfacet
  facet normal 0 0.24253562503633774 0.97014250014533077
    outer loop
      vertex 199.47999999999999 -20.120000000000001 0.080000000000000016
      vertex 199.40000000000001 -20.199999999999999 0.10000000000000001
      vertex 199.59999999999999 -20.199999999999999 0.10000000000000001
    endloop
  endfacet
  facet normal -0 0.24253562503633772 0.97014250014533077
    outer loop
      vertex 199.47999999999999 -20.120000000000001 0.080000000000000016
      vertex 199.59999999999999 -20.199999999999999 0.10000000000000001
      vertex 199.59999999999999 -20.120000000000001 0.080000000000000016
    endloop
  endfacet
  facet normal -0 0.24253562503633774 0.97014250014533066
    outer loop
      vertex 199.40000000000001 -20.120000000000001 0.080000000000000016
      vertex 199.40000000000001 -20.199999999999999 0.10000000000000001
      vertex 199.47999999999999 -20.120000000000001 0.080000000000000016
    endloop
  endfacet
  facet normal 0 -0.24253562503633266 0.97014250014533199
    outer loop
      vertex 199.52000000000001 -10.08 0.080000000000000016
      vertex 199.59999999999999 -10.08 0.080000000000000016
      vertex 199.59999999999999 -10 0.10000000000000001
    endloop
  endfacet
  facet normal 0 -0.24253562503633264 0.97014250014533188
    outer loop
      vertex 199.40000000000001 -10.08 0.080000000000000016
      vertex 199.52000000000001 -10.08 0.080000000000000016
      vertex 199.59999999999999 -10 0.10000000000000001
    endloop
  endfacet
  facet normal 0 -0.24253562503633264 0.97014250014533199
    outer loop
      vertex 199.40000000000001 -10.08 0.080000000000000016
      vertex 199.59999999999999 -10 0.10000000000000001
      vertex 199.40000000000001 -10 0.10000000000000001
    endloop
  endfacet
  facet normal 0 0 1
    outer loop
      vertex 199.40000000000001 -10 0.10000000000000001
      vertex 199.59999999999999 -10 0.10000000000000001
      vertex 199.59999999999999 0 0.10000000000000001
    endloop
  endfacet
  facet normal 0 0 1
    outer loop
      vertex 199.40000000000001 -10 0.10000000000000001
      vertex 199.59999999999999 0 0.10000000000000001
      vertex 199.40000000000001 0 0.10000000000000001
    endloop
  endfacet
  facet normal 0 0.44721359549995787 0.89442719099991574
    outer loop
      vertex 199.44 0.03999999999999998 0.080000000000000016
      vertex 199.40000000000001 0 0.10000000000000001
      vertex 199.59999999999999 0 0.10000000000000001
    endloop
  endfacet
  facet normal -0 0.44721359549995793 0.89442719099991586
    outer loop
      vertex 199.44 0.03999999999999998 0.080000000000000016
      vertex 199.59999999999999 0 0.10000000000000001
      vertex 199.59999999999999 0.03999999999999998 0.080000000000000016
    endloop
  endfacet
  facet normal -0 0.44721359549995793 0.89442719099991586
    outer loop
      vertex 199.40000000000001 0.03999999999999998 0.080000000000000016
      vertex 199.40000000000001 0 0.10000000000000001
      vertex 199.44 0.03999999999999998 0.080000000000000016
    endloop
  endfacet
  facet normal 0.70710678118661763 0 0.70710678118647741
    outer loop
      vertex 199.72 -88.120000000000005 0.080000000000000016
      vertex 199.68000000000001 -92.079999999999998 0.12
      vertex 199.68000000000001 -100 0.12
    endloop
  endfacet
  facet normal 0.70710678118661774 0 0.70710678118647741
    outer loop
      vertex 199.72 -88.120000000000005 0.080000000000000016
      vertex 199.68000000000001 -100 0.12
      vertex 199.72 -100 0.080000000000000016
    endloop
  endfacet
  facet normal 0.70710678118661763 0 0.70710678118647741
    outer loop
      vertex 199.68000000000001 -92.079999999999998 0.12
      vertex 199.72 -88.120000000000005 0.080000000000000016
      vertex 199.72 -80.200000000000003 0.080000000000000016
    endloop
  endfacet
  facet normal 0.70710678118661774 -0 0.70710678118647741
    outer loop
      vertex 199.68000000000001 -92.079999999999998 0.12
      vertex 199.72 -80.200000000000003 0.080000000000000016
      vertex 199.68000000000001 -80.200000000000003 0.12
    endloop
  endfacet
  facet normal 0.70710678118661763 0 0.70710678118647741
    outer loop
      vertex 199.72 -80.079999999999998 0.080000000000000016
      vertex 199.68000000000001 -80.120000000000005 0.12
      vertex 199.68000000000001 -80.200000000000003 0.12
    endloop
  endfacet
  facet normal 0.70710678118661763 0 0.70710678118647741
    outer loop
      vertex 199.72 -80.079999999999998 0.080000000000000016
      vertex 199.68000000000001 -80.200000000000003 0.12
      vertex 199.72 -80.200000000000003 0.080000000000000016
    endloop
  endfacet
  facet normal 0.40824829046383249 0.40824829046390498 0.81649658092772037
    outer loop
      vertex 199.59999999999999 -80.040000000000006 0.12
      vertex 199.68000000000001 -80.120000000000005 0.12
      vertex 199.72 -80.079999999999998 0.080000000000000016
    endloop
  endfacet
  facet normal 0.40824829046383249 0.40824829046390498 0.81649658092772037
    outer loop
      vertex 199.59999999999999 -80.040000000000006 0.12
      vertex 199.72 -80.079999999999998 0.080000000000000016
      vertex 199.63999999999999 -80 0.080000000000000016
    endloop
  endfacet
  facet normal 0.40824829046394118 0.40824829046379618 0.81649658092772037
    outer loop
      vertex 199.59999999999999 -80.040000000000006 0.12
      vertex 199.63999999999999 -80 0.080000000000000016
      vertex 199.59999999999999 -80 0.10000000000000001
    endloop
  endfacet
  facet normal 0.44721359550002893 0 0.89442719099988033
    outer loop
      vertex 199.63999999999999 -76.040000000000006 0.080000000000000016
      vertex 199.59999999999999 -80 0.10000000000000001
      vertex 199.63999999999999 -80 0.080000000000000016
    endloop
  endfacet
  facet normal 0.44721359550002893 0 0.89442719099988033
    outer loop
      vertex 199.59999999999999 -80 0.10000000000000001
      vertex 199.63999999999999 -76.040000000000006 0.080000000000000016
      vertex 199.63999999999999 -60.200000000000003 0.080000000000000016
    endloop
  endfacet
  facet normal 0.44721359550002898 -0 0.89442719099988044
    outer loop
      vertex 199.59999999999999 -80 0.10000000000000001
      vertex 199.63999999999999 -60.200000000000003 0.080000000000000016
      vertex 199.59999999999999 -60.200000000000003 0.10000000000000001
    endloop
  endfacet
  facet normal 0.44721359550002898 0 0.89442719099988033
    outer loop
      vertex 199.63999999999999 -60.160000000000004 0.080000000000000016
      vertex 199.59999999999999 -60.200000000000003 0.10000000000000001
      vertex 199.63999999999999 -60.200000000000003 0.080000000000000016
    endloop
  endfacet
  facet normal 0.58834840541462796 -0.1961161351381745 0.78446454055268156
    outer loop
      vertex 199.59999999999999 -60.120000000000005 0.12
      vertex 199.59999999999999 -60.200000000000003 0.10000000000000001
      vertex 199.63999999999999 -60.160000000000004 0.080000000000000016
    endloop
  endfacet
  facet normal 0.58834840541459277 -0.19611613513822371 0.78446454055269565
    outer loop
      vertex 199.59999999999999 -60.120000000000005 0.12
      vertex 199.63999999999999 -60.160000000000004 0.080000000000000016
      vertex 199.69333333333333 -60 0.080000000000000016
    endloop
  endfacet
  facet normal 0.58834840541450062 -0.19611613513812046 0.78446454055279069
    outer loop
      vertex 199.59999999999999 -60.120000000000005 0.12
      vertex 199.69333333333333 -60 0.080000000000000016
      vertex 199.63999999999999 -60 0.12
    endloop
  endfacet
  facet normal 0.5999999999999398 0 0.80000000000004534
    outer loop
      vertex 199.69333333333333 -50.760000000000005 0.080000000000000016
      vertex 199.63999999999999 -56.039999999999999 0.12
      vertex 199.63999999999999 -60 0.12
    endloop
  endfacet
  facet normal 0.5999999999999398 0 0.80000000000004523
    outer loop
      vertex 199.69333333333333 -50.760000000000005 0.080000000000000016
      vertex 199.63999999999999 -60 0.12
      vertex 199.69333333333333 -60 0.080000000000000016
    endloop
  endfacet
  facet normal 0.59999999999993969 0 0.80000000000004523
    outer loop
      vertex 199.63999999999999 -56.039999999999999 0.12
      vertex 199.69333333333333 -50.760000000000005 0.080000000000000016
      vertex 199.69333333333333 -40.200000000000003 0.080000000000000016
    endloop
  endfacet
  facet normal 0.59999999999993969 -0 0.80000000000004512
    outer loop
      vertex 199.63999999999999 -56.039999999999999 0.12
      vertex 199.69333333333333 -40.200000000000003 0.080000000000000016
      vertex 199.63999999999999 -40.200000000000003 0.12
    endloop
  endfacet
  facet normal 0.59999999999993969 0 0.80000000000004512
    outer loop
      vertex 199.69333333333333 -40.106666666666669 0.080000000000000016
      vertex 199.63999999999999 -40.160000000000004 0.12
      vertex 199.63999999999999 -40.200000000000003 0.12
    endloop
  endfacet
  facet normal 0.5999999999999398 0 0.80000000000004512
    outer loop
      vertex 199.69333333333333 -40.106666666666669 0.080000000000000016
      vertex 199.63999999999999 -40.200000000000003 0.12
      vertex 199.69333333333333 -40.200000000000003 0.080000000000000016
    endloop
  endfacet
  facet normal 0.43643578047198245 0.2182178902359331 0.87287156094398555
    outer loop
      vertex 199.59999999999999 -40.079999999999998 0.12
      vertex 199.63999999999999 -40.160000000000004 0.12
      vertex 199.69333333333333 -40.106666666666669 0.080000000000000016
    endloop
  endfacet
  facet normal 0.43643578047199627 0.2182178902360272 0.87287156094395513
    outer loop
      vertex 199.59999999999999 -40.079999999999998 0.12
      vertex 199.69333333333333 -40.106666666666669 0.080000000000000016
      vertex 199.63999999999999 -40 0.080000000000000016
    endloop
  endfacet
  facet normal 0.43643578047205445 0.21821789023598845 0.87287156094393559
    outer loop
      vertex 199.59999999999999 -40.079999999999998 0.12
      vertex 199.63999999999999 -40 0.080000000000000016
      vertex 199.59999999999999 -40 0.10000000000000001
    endloop
  endfacet
  facet normal 0.44721359550002893 0 0.89442719099988033
    outer loop
      vertex 199.63999999999999 -36.040000000000006 0.080000000000000016
      vertex 199.59999999999999 -40 0.10000000000000001
      vertex 199.63999999999999 -40 0.080000000000000016
    endloop
  endfacet
  facet normal 0.44721359550002887 0 0.89442719099988044
    outer loop
      vertex 199.59999999999999 -40 0.10000000000000001
      vertex 199.63999999999999 -36.039999999999999 0.080000000000000016
      vertex 199.63999999999999 -20.199999999999999 0.080000000000000016
    endloop
  endfacet
  facet normal 0.44721359550002893 -0 0.89442719099988044
    outer loop
      vertex 199.59999999999999 -40 0.10000000000000001
      vertex 199.63999999999999 -20.199999999999999 0.080000000000000016
      vertex 199.59999999999999 -20.199999999999999 0.10000000000000001
    endloop
  endfacet
  facet normal 0.44721359550002898 0 0.89442719099988033
    outer loop
      vertex 199.63999999999999 -20.16 0.080000000000000016
      vertex 199.59999999999999 -20.199999999999999 0.10000000000000001
      vertex 199.63999999999999 -20.199999999999999 0.080000000000000016
    endloop
  endfacet
  facet normal 0.23570226039555978 0.23570226039551789 0.94280904158205192
    outer loop
      vertex 199.59999999999999 -20.120000000000001 0.080000000000000016
      vertex 199.59999999999999 -20.199999999999999 0.10000000000000001
      vertex 199.63999999999999 -20.16 0.080000000000000016
    endloop
  endfacet
  facet normal 0.43643578047205495 -0.21821789023598384 0.87287156094393659
    outer loop
      vertex 199.59999999999999 -10.08 0.080000000000000016
      vertex 199.63999999999999 -10 0.080000000000000016
      vertex 199.59999999999999 -10 0.10000000000000001
    endloop
  endfacet
  facet normal 0.44721359550002893 0 0.89442719099988033
    outer loop
      vertex 199.63999999999999 -8.0000000000000018 0.080000000000000016
      vertex 199.59999999999999 -10 0.10000000000000001
      vertex 199.63999999999999 -10 0.080000000000000016
    endloop
  endfacet
  facet normal 0.44721359550002893 0 0.89442719099988033
    outer loop
      vertex 199.59999999999999 -10 0.10000000000000001
      vertex 199.63999999999999 -8 0.080000000000000016
      vertex 199.63999999999999 0 0.080000000000000016
    endloop
  endfacet
  facet normal 0.44721359550002893 -0 0.89442719099988044
    outer loop
      vertex 199.59999999999999 -10 0.10000000000000001
      vertex 199.63999999999999 0 0.080000000000000016
      vertex 199.59999999999999 0 0.10000000000000001
    endloop
  endfacet
  facet normal 0.44721359550002893 0 0.89442719099988033
    outer loop
      vertex 199.63999999999999 0.03999999999999998 0.080000000000000016
      vertex 199.59999999999999 0 0.10000000000000001
      vertex 199.63999999999999 0 0.080000000000000016
    endloop
  endfacet
  facet normal -0 0.44721359549995793 0.89442719099991586
    outer loop
      vertex 199.59999999999999 0.03999999999999998 0.080000000000000016
      vertex 199.59999999999999 0 0.10000000000000001
      vertex 199.63999999999999 0.03999999999999998 0.080000000000000016
    endloop
  endfacet
  facet normal 0 -0.44721359549996537 0.89442719099991208
    outer loop
      vertex 214.80000000000001 -40.039999999999999 0.080000000000000016
      vertex 215.80000000000001 -40.039999999999999 0.080000000000000016
      vertex 215.80000000000001 -40 0.10000000000000001
    endloop
  endfacet
  facet normal -0.019996001199600131 0 0.99980005998000698
    outer loop
      vertex 214.80000000000001 -40.039999999999999 0.080000000000000016
      vertex 215.80000000000001 -40 0.10000000000000001
      vertex 214.80000000000001 -40 0.080000000000000016
    endloop
  endfacet
  facet normal -0.019996001199600131 0 0.99980005998000698
    outer loop
      vertex 214.80000000000001 -24.159999999999997 0.080000000000000016
      vertex 214.80000000000001 -40 0.080000000000000016
      vertex 215.80000000000001 -40 0.10000000000000001
    endloop
  endfacet
  facet normal -0.019996001199600127 0 0.99980005998000698
    outer loop
      vertex 214.80000000000001 -24.159999999999997 0.080000000000000016
      vertex 215.80000000000001 -40 0.10000000000000001
      vertex 215.80000000000001 -20.199999999999999 0.10000000000000001
    endloop
  endfacet
  facet normal -0.019996001199600131 0 0.99980005998000698
    outer loop
      vertex 214.80000000000001 -24.159999999999997 0.080000000000000016
      vertex 215.80000000000001 -20.199999999999999 0.10000000000000001
      vertex 214.80000000000001 -20.199999999999999 0.080000000000000016
    endloop
  endfacet
  facet normal -0.017885682339723992 0.44714205849310934 0.89428411698620003
    outer loop
      vertex 214.80000000000001 -20.199999999999999 0.080000000000000016
      vertex 215.80000000000001 -20.199999999999999 0.10000000000000001
      vertex 215.80000000000001 -20.16 0.080000000000000016
    endloop
  endfacet
  facet normal 0 -0.44721359549996537 0.89442719099991208
    outer loop
      vertex 215.96000000000001 -40.039999999999999 0.080000000000000016
      vertex 216 -40.039999999999999 0.080000000000000016
      vertex 216 -40 0.10000000000000001
    endloop
  endfacet
  facet normal 0 -0.44721359549996542 0.89442719099991219
    outer loop
      vertex 215.80000000000001 -40.039999999999999 0.080000000000000016
      vertex 215.96000000000001 -40.039999999999999 0.080000000000000016
      vertex 216 -40 0.10000000000000001
    endloop
  endfacet
  facet normal 0 -0.44721359549996537 0.89442719099991208
    outer loop
      vertex 215.80000000000001 -40.039999999999999 0.080000000000000016
      vertex 216 -40 0.10000000000000001
      vertex 215.80000000000001 -40 0.10000000000000001
    endloop
  endfacet
  facet normal 0 0 1
    outer loop
      vertex 215.80000000000001 -40 0.10000000000000001
      vertex 216 -40 0.10000000000000001
      vertex 216 -20.199999999999999 0.10000000000000001
    endloop
  endfacet
  facet normal 0 0 1
    outer loop
      vertex 215.80000000000001 -40 0.10000000000000001
      vertex 216 -20.199999999999999 0.10000000000000001
      vertex 215.80000000000001 -20.199999999999999 0.10000000000000001
    endloop
  endfacet
  facet normal 0 0.44721359549996542 0.89442719099991208
    outer loop
      vertex 215.84 -20.16 0.080000000000000016
      vertex 215.80000000000001 -20.199999999999999 0.10000000000000001
      vertex 216 -20.199999999999999 0.10000000000000001
    endloop
  endfacet
  facet normal -0 0.44721359549996542 0.89442719099991219
    outer loop
      vertex 215.84 -20.16 0.080000000000000016
      vertex 216 -20.199999999999999 0.10000000000000001
      vertex 216 -20.16 0.080000000000000016
    endloop
  endfacet
  facet normal -0 0.44721359549996537 0.89442719099991208
    outer loop
      vertex 215.80000000000001 -20.16 0.080000000000000016
      vertex 215.80000000000001 -20.199999999999999 0.10000000000000001
      vertex 215.84 -20.16 0.080000000000000016
    endloop
  endfacet
  facet normal 0 -0.44721359549996537 0.89442719099991208
    outer loop
      vertex 216.16 -40.039999999999999 0.080000000000000016
      vertex 216.19999999999999 -40.039999999999999 0.080000000000000016
      vertex 216.19999999999999 -40 0.10000000000000001
    endloop
  endfacet
  facet normal 0 -0.44721359549996542 0.89442719099991219
    outer loop
      vertex 216 -40.039999999999999 0.080000000000000016
      vertex 216.16 -40.039999999999999 0.080000000000000016
      vertex 216.19999999999999 -40 0.10000000000000001
    endloop
  endfacet
  facet normal 0 -0.44721359549996537 0.89442719099991208
    outer loop
      vertex 216 -40.039999999999999 0.080000000000000016
      vertex 216.19999999999999 -40 0.10000000000000001
      vertex 216 -40 0.10000000000000001
    endloop
  endfacet
  facet normal 0 0 1
    outer loop
      vertex 216 -40 0.10000000000000001
      vertex 216.19999999999999 -40 0.10000000000000001
      vertex 216.19999999999999 -20.199999999999999 0.10000000000000001
    endloop
  endfacet
  facet normal 0 0 1
    outer loop
      vertex 216 -40 0.10000000000000001
      vertex 216.19999999999999 -20.199999999999999 0.10000000000000001
      vertex 216 -20.199999999999999 0.10000000000000001
    endloop
  endfacet
  facet normal 0 0.44721359549996542 0.89442719099991208
    outer loop
      vertex 216.03999999999999 -20.16 0.080000000000000016
      vertex 216 -20.199999999999999 0.10000000000000001
      vertex 216.19999999999999 -20.199999999999999 0.10000000000000001
    endloop
  endfacet
  facet normal -0 0.44721359549996542 0.89442719099991219
    outer loop
      vertex 216.03999999999999 -20.16 0.080000000000000016
      vertex 216.19999999999999 -20.199999999999999 0.10000000000000001
      vertex 216.19999999999999 -20.16 0.080000000000000016
    endloop
  endfacet
  facet normal -0 0.44721359549996537 0.89442719099991208
    outer loop
      vertex 216 -20.16 0.080000000000000016
      vertex 216 -20.199999999999999 0.10000000000000001
      vertex 216.03999999999999 -20.16 0.080000000000000016
    endloop
  endfacet
  facet normal 0 -0.44721359549996537 0.89442719099991208
    outer loop
      vertex 216.36000000000001 -40.039999999999999 0.080000000000000016
      vertex 216.40000000000001 -40.039999999999999 0.080000000000000016
      vertex 216.40000000000001 -40 0.10000000000000001
    endloop
  endfacet
  facet normal 0 -0.44721359549996537 0.89442719099991219
    outer loop
      vertex 216.19999999999999 -40.039999999999999 0.080000000000000016
      vertex 216.36000000000001 -40.039999999999999 0.080000000000000016
      vertex 216.40000000000001 -40 0.10000000000000001
    endloop
  endfacet
  facet normal 0 -0.44721359549996537 0.89442719099991219
    outer loop
      vertex 216.19999999999999 -40.039999999999999 0.080000000000000016
      vertex 216.40000000000001 -40 0.10000000000000001
      vertex 216.19999999999999 -40 0.10000000000000001
    endloop
  endfacet
  facet normal 0 0 1
    outer loop
      vertex 216.19999999999999 -40 0.10000000000000001
      vertex 216.40000000000001 -40 0.10000000000000001
      vertex 216.40000000000001 -20.199999999999999 0.10000000000000001
    endloop
  endfacet
  facet normal 0 0 1
    outer loop
      vertex 216.19999999999999 -40 0.10000000000000001
      vertex 216.40000000000001 -20.199999999999999 0.10000000000000001
      vertex 216.19999999999999 -20.199999999999999 0.10000000000000001
    endloop
  endfacet
  facet normal 0 0.44721359549996537 0.89442719099991219
    outer loop
      vertex 216.23999999999998 -20.16 0.080000000000000016
      vertex 216.19999999999999 -20.199999999999999 0.10000000000000001
      vertex 216.40000000000001 -20.199999999999999 0.10000000000000001
    endloop
  endfacet
  facet normal -0 0.44721359549996537 0.89442719099991219
    outer loop
      vertex 216.23999999999998 -20.16 0.080000000000000016
      vertex 216.40000000000001 -20.199999999999999 0.10000000000000001
      vertex 216.40000000000001 -20.16 0.080000000000000016
    endloop
  endfacet
  facet normal -0 0.44721359549996537 0.89442719099991208
    outer loop
      vertex 216.19999999999999 -20.16 0.080000000000000016
      vertex 216.19999999999999 -20.199999999999999 0.10000000000000001
      vertex 216.23999999999998 -20.16 0.080000000000000016
    endloop
  endfacet
  facet normal 0.40824829046392919 -0.40824829046385663 0.81649658092769617
    outer loop
      vertex 216.40000000000001 -40.039999999999999 0.080000000000000016
      vertex 216.44 -40 0.080000000000000016
      vertex 216.40000000000001 -40 0.10000000000000001
    endloop
  endfacet
  facet normal 0.44721359550002893 0 0.89442719099988033
    outer loop
      vertex 216.44 -36.040000000000006 0.080000000000000016
      vertex 216.40000000000001 -40 0.10000000000000001
      vertex 216.44 -40 0.080000000000000016
    endloop
  endfacet
  facet normal 0.44721359550002887 0 0.89442719099988044
    outer loop
      vertex 216.40000000000001 -40 0.10000000000000001
      vertex 216.44 -36.039999999999999 0.080000000000000016
      vertex 216.44 -20.199999999999999 0.080000000000000016
    endloop
  endfacet
  facet normal 0.44721359550002893 -0 0.89442719099988044
    outer loop
      vertex 216.40000000000001 -40 0.10000000000000001
      vertex 216.44 -20.199999999999999 0.080000000000000016
      vertex 216.40000000000001 -20.199999999999999 0.10000000000000001
    endloop
  endfacet
  facet normal 0.44721359550002898 0 0.89442719099988033
    outer loop
      vertex 216.44 -20.16 0.080000000000000016
      vertex 216.40000000000001 -20.199999999999999 0.10000000000000001
      vertex 216.44 -20.199999999999999 0.080000000000000016
    endloop
  endfacet
  facet normal -0 0.44721359549996537 0.89442719099991208
    outer loop
      vertex 216.40000000000001 -20.16 0.080000000000000016
      vertex 216.40000000000001 -20.199999999999999 0.10000000000000001
      vertex 216.44 -20.16 0.080000000000000016
    endloop
  endfacet
  facet normal 0 -0.44721359549996537 0.89442719099991208
    outer loop
      vertex 216.56 10.16 0.080000000000000016
      vertex 216.59999999999999 10.16 0.080000000000000016
      vertex 216.59999999999999 10.199999999999999 0.10000000000000001
    endloop
  endfacet
  facet normal -0.44721359550002898 0 0.89442719099988033
    outer loop
      vertex 216.56 10.16 0.080000000000000016
      vertex 216.59999999999999 10.199999999999999 0.10000000000000001
      vertex 216.56 10.199999999999999 0.080000000000000016
    endloop
  endfacet
  facet normal -0.44721359550002898 0 0.89442719099988044
    outer loop
      vertex 216.56 18.039999999999999 0.080000000000000016
      vertex 216.56 10.199999999999999 0.080000000000000016
      vertex 216.59999999999999 10.199999999999999 0.10000000000000001
    endloop
  endfacet
  facet normal -0.44721359550002887 0 0.89442719099988033
    outer loop
      vertex 216.56 18.039999999999999 0.080000000000000016
      vertex 216.59999999999999 10.199999999999999 0.10000000000000001
      vertex 216.59999999999999 20 0.10000000000000001
    endloop
  endfacet
  facet normal -0.44721359550002898 0 0.89442719099988033
    outer loop
      vertex 216.56 18.040000000000003 0.080000000000000016
      vertex 216.59999999999999 20 0.10000000000000001
      vertex 216.56 20 0.080000000000000016
    endloop
  endfacet
  facet normal -0.44721359550002898 0 0.89442719099988033
    outer loop
      vertex 216.56 20.16 0.080000000000000016
      vertex 216.56 20 0.080000000000000016
      vertex 216.59999999999999 20 0.10000000000000001
    endloop
  endfacet
  facet normal -0.44721359550002904 0 0.89442719099988044
    outer loop
      vertex 216.56 20.16 0.080000000000000016
      vertex 216.59999999999999 20 0.10000000000000001
      vertex 216.59999999999999 20.199999999999999 0.10000000000000001
    endloop
  endfacet
  facet normal -0.44721359550002898 0 0.89442719099988033
    outer loop
      vertex 216.56 20.16 0.080000000000000016
      vertex 216.59999999999999 20.199999999999999 0.10000000000000001
      vertex 216.56 20.199999999999999 0.080000000000000016
    endloop
  endfacet
  facet normal -0.44721359550002898 0 0.89442719099988044
    outer loop
      vertex 216.56 36.039999999999999 0.080000000000000016
      vertex 216.56 20.199999999999999 0.080000000000000016
      vertex 216.59999999999999 20.199999999999999 0.10000000000000001
    endloop
  endfacet
  facet normal -0.44721359550002904 0 0.89442719099988044
    outer loop
      vertex 216.56 36.039999999999999 0.080000000000000016
      vertex 216.59999999999999 20.199999999999999 0.10000000000000001
      vertex 216.59999999999999 40 0.10000000000000001
    endloop
  endfacet
  facet normal -0.44721359550002893 0 0.89442719099988033
    outer loop
      vertex 216.56 36.040000000000006 0.080000000000000016
      vertex 216.59999999999999 40 0.10000000000000001
      vertex 216.56 40 0.080000000000000016
    endloop
  endfacet
  facet normal -0.40824829046392919 0.40824829046385663 0.81649658092769617
    outer loop
      vertex 216.56 40 0.080000000000000016
      vertex 216.59999999999999 40 0.10000000000000001
      vertex 216.59999999999999 40.039999999999999 0.080000000000000016
    endloop
  endfacet
  facet normal 0 -0.44721359549996537 0.89442719099991208
    outer loop
      vertex 216.76000000000002 10.16 0.080000000000000016
      vertex 216.80000000000001 10.16 0.080000000000000016
      vertex 216.80000000000001 10.199999999999999 0.10000000000000001
    endloop
  endfacet
  facet normal 0 -0.44721359549996537 0.89442719099991219
    outer loop
      vertex 216.59999999999999 10.16 0.080000000000000016
      vertex 216.76000000000002 10.16 0.080000000000000016
      vertex 216.80000000000001 10.199999999999999 0.10000000000000001
    endloop
  endfacet
  facet normal 0 -0.44721359549996537 0.89442719099991219
    outer loop
      vertex 216.59999999999999 10.16 0.080000000000000016
      vertex 216.80000000000001 10.199999999999999 0.10000000000000001
      vertex 216.59999999999999 10.199999999999999 0.10000000000000001
    endloop
  endfacet
  facet normal 0 0 1
    outer loop
      vertex 216.59999999999999 10.199999999999999 0.10000000000000001
      vertex 216.80000000000001 10.199999999999999 0.10000000000000001
      vertex 216.80000000000001 20 0.10000000000000001
    endloop
  endfacet
  facet normal 0 0 1
    outer loop
      vertex 216.59999999999999 10.199999999999999 0.10000000000000001
      vertex 216.80000000000001 20 0.10000000000000001
      vertex 216.59999999999999 20 0.10000000000000001
    endloop
  endfacet
  facet normal 0 0 1
    outer loop
      vertex 216.59999999999999 20 0.10000000000000001
      vertex 216.80000000000001 20 0.10000000000000001
      vertex 216.80000000000001 20.199999999999999 0.10000000000000001
    endloop
  endfacet
  facet normal 0 0 1
    outer loop
      vertex 216.59999999999999 20 0.10000000000000001
      vertex 216.80000000000001 20.199999999999999 0.10000000000000001
      vertex 216.59999999999999 20.199999999999999 0.10000000000000001
    endloop
  endfacet
  facet normal 0 0 1
    outer loop
      vertex 216.59999999999999 20.199999999999999 0.10000000000000001
      vertex 216.80000000000001 20.199999999999999 0.10000000000000001
      vertex 216.80000000000001 40 0.10000000000000001
    endloop
  endfacet
  facet normal 0 0 1
    outer loop
      vertex 216.59999999999999 20.199999999999999 0.10000000000000001
      vertex 216.80000000000001 40 0.10000000000000001
      vertex 216.59999999999999 40 0.10000000000000001
    endloop
  endfacet
  facet normal 0 0.44721359549996537 0.89442719099991219
    outer loop
      vertex 216.63999999999999 40.039999999999999 0.080000000000000016
      vertex 216.59999999999999 40 0.10000000000000001
      vertex 216.80000000000001 40 0.10000000000000001
    endloop
  endfacet
  facet normal -0 0.44721359549996537 0.89442719099991219
    outer loop
      vertex 216.63999999999999 40.039999999999999 0.080000000000000016
      vertex 216.80000000000001 40 0.10000000000000001
      vertex 216.80000000000001 40.039999999999999 0.080000000000000016
    endloop
  endfacet
  facet normal -0 0.44721359549996537 0.89442719099991208
    outer loop
      vertex 216.59999999999999 40.039999999999999 0.080000000000000016
      vertex 216.59999999999999 40 0.10000000000000001
      vertex 216.63999999999999 40.039999999999999 0.080000000000000016
    endloop
  endfacet
  facet normal 0 -0.44721359549996537 0.89442719099991208
    outer loop
      vertex 216.96000000000001 10.16 0.080000000000000016
      vertex 217 10.16 0.080000000000000016
      vertex 217 10.199999999999999 0.10000000000000001
    endloop
  endfacet
  facet normal 0 -0.44721359549996542 0.89442719099991219
    outer loop
      vertex 216.80000000000001 10.16 0.080000000000000016
      vertex 216.96000000000001 10.16 0.080000000000000016
      vertex 217 10.199999999999999 0.10000000000000001
    endloop
  endfacet
  facet normal 0 -0.44721359549996537 0.89442719099991208
    outer loop
      vertex 216.80000000000001 10.16 0.080000000000000016
      vertex 217 10.199999999999999 0.10000000000000001
      vertex 216.80000000000001 10.199999999999999 0.10000000000000001
    endloop
  endfacet
  facet normal 0 0 1
    outer loop
      vertex 216.80000000000001 10.199999999999999 0.10000000000000001
      vertex 217 10.199999999999999 0.10000000000000001
      vertex 217 20 0.10000000000000001
    endloop
  endfacet
  facet normal 0 0 1
    outer loop
      vertex 216.80000000000001 10.199999999999999 0.10000000000000001
      vertex 217 20 0.10000000000000001
      vertex 216.80000000000001 20 0.10000000000000001
    endloop
  endfacet
  facet normal 0 0 1
    outer loop
      vertex 216.80000000000001 20 0.10000000000000001
      vertex 217 20 0.10000000000000001
      vertex 217 20.199999999999999 0.10000000000000001
    endloop
  endfacet
  facet normal 0 0 1
    outer loop
      vertex 216.80000000000001 20 0.10000000000000001
      vertex 217 20.199999999999999 0.10000000000000001
      vertex 216.80000000000001 20.199999999999999 0.10000000000000001
    endloop
  endfacet
  facet normal 0 0 1
    outer loop
      vertex 216.80000000000001 20.199999999999999 0.10000000000000001
      vertex 217 20.199999999999999 0.10000000000000001
      vertex 217 40 0.10000000000000001
    endloop
  endfacet
  facet normal 0 0 1
    outer loop
      vertex 216.80000000000001 20.199999999999999 0.10000000000000001
      vertex 217 40 0.10000000000000001
      vertex 216.80000000000001 40 0.10000000000000001
    endloop
  endfacet
  facet normal 0 0.44721359549996542 0.89442719099991208
    outer loop
      vertex 216.84 40.039999999999999 0.080000000000000016
      vertex 216.80000000000001 40 0.10000000000000001
      vertex 217 40 0.10000000000000001
    endloop
  endfacet
  facet normal -0 0.44721359549996542 0.89442719099991219
    outer loop
      vertex 216.84 40.039999999999999 0.080000000000000016
      vertex 217 40 0.10000000000000001
      vertex 217 40.039999999999999 0.080000000000000016
    endloop
  endfacet
  facet normal -0 0.44721359549996537 0.89442719099991208
    outer loop
      vertex 216.80000000000001 40.039999999999999 0.080000000000000016
      vertex 216.80000000000001 40 0.10000000000000001
      vertex 216.84 40.039999999999999 0.080000000000000016
    endloop
  endfacet
  facet normal 0 -0.44721359549996537 0.89442719099991208
    outer loop
      vertex 217.16 10.16 0.080000000000000016
      vertex 217.19999999999999 10.16 0.080000000000000016
      vertex 217.19999999999999 10.199999999999999 0.10000000000000001
    endloop
  endfacet
  facet normal 0 -0.44721359549996542 0.89442719099991219
    outer loop
      vertex 217 10.16 0.080000000000000016
      vertex 217.16 10.16 0.080000000000000016
      vertex 217.19999999999999 10.199999999999999 0.10000000000000001
    endloop
  endfacet
  facet normal 0 -0.44721359549996537 0.89442719099991208
    outer loop
      vertex 217 10.16 0.080000000000000016
      vertex 217.19999999999999 10.199999999999999 0.10000000000000001
      vertex 217 10.199999999999999 0.10000000000000001
    endloop
  endfacet
  facet normal 0 0 1
    outer loop
      vertex 217 10.199999999999999 0.10000000000000001
      vertex 217.19999999999999 10.199999999999999 0.10000000000000001
      vertex 217.19999999999999 20 0.10000000000000001
    endloop
  endfacet
  facet normal 0 0 1
    outer loop
      vertex 217 10.199999999999999 0.10000000000000001
      vertex 217.19999999999999 20 0.10000000000000001
      vertex 217 20 0.10000000000000001
    endloop
  endfacet
  facet normal 0 0 1
    outer loop
      vertex 217 20 0.10000000000000001
      vertex 217.19999999999999 20 0.10000000000000001
      vertex 217.19999999999999 20.199999999999999 0.10000000000000001
    endloop
  endfacet
  facet normal 0 0 1
    outer loop
      vertex 217 20 0.10000000000000001
      vertex 217.19999999999999 20.199999999999999 0.10000000000000001
      vertex 217 20.199999999999999 0.10000000000000001
    endloop
  endfacet
  facet normal 0 0 1
    outer loop
      vertex 217 20.199999999999999 0.10000000000000001
      vertex 217.19999999999999 20.199999999999999 0.10000000000000001
      vertex 217.19999999999999 40 0.10000000000000001
    endloop
  endfacet
  facet normal 0 0 1
    outer loop
      vertex 217 20.199999999999999 0.10000000000000001
      vertex 217.19999999999999 40 0.10000000000000001
      vertex 217 40 0.10000000000000001
    endloop
  endfacet
  facet normal 0 0.44721359549996542 0.89442719099991208
    outer loop
      vertex 217.03999999999999 40.039999999999999 0.080000000000000016
      vertex 217 40 0.10000000000000001
      vertex 217.19999999999999 40 0.10000000000000001
    endloop
  endfacet
  facet normal -0 0.44721359549996542 0.89442719099991219
    outer loop
      vertex 217.03999999999999 40.039999999999999 0.080000000000000016
      vertex 217.19999999999999 40 0.10000000000000001
      vertex 217.19999999999999 40.039999999999999 0.080000000000000016
    endloop
  endfacet
  facet normal -0 0.44721359549996537 0.89442719099991208
    outer loop
      vertex 217 40.039999999999999 0.080000000000000016
      vertex 217 40 0.10000000000000001
      vertex 217.03999999999999 40.039999999999999 0.080000000000000016
    endloop
  endfacet
  facet normal 0 -0.44721359549996537 0.89442719099991208
    outer loop
      vertex 217.36000000000001 -20.039999999999999 0.080000000000000016
      vertex 217.40000000000001 -20.039999999999999 0.080000000000000016
      vertex 217.40000000000001 -20 0.10000000000000001
    endloop
  endfacet
  facet normal -0.44721359550002898 0 0.89442719099988033
    outer loop
      vertex 217.36000000000001 -20.039999999999999 0.080000000000000016
      vertex 217.40000000000001 -20 0.10000000000000001
      vertex 217.36000000000001 -20 0.080000000000000016
    endloop
  endfacet
  facet normal -0.44721359550002898 0 0.89442719099988033
    outer loop
      vertex 217.36000000000001 -12.159999999999998 0.080000000000000016
      vertex 217.36000000000001 -20 0.080000000000000016
      vertex 217.40000000000001 -20 0.10000000000000001
    endloop
  endfacet
  facet normal -0.44721359550002898 0 0.89442719099988033
    outer loop
      vertex 217.36000000000001 -12.159999999999998 0.080000000000000016
      vertex 217.40000000000001 -20 0.10000000000000001
      vertex 217.40000000000001 -10.199999999999999 0.10000000000000001
    endloop
  endfacet
  facet normal -0.44721359550002898 0 0.89442719099988033
    outer loop
      vertex 217.36000000000001 -12.159999999999997 0.080000000000000016
      vertex 217.40000000000001 -10.199999999999999 0.10000000000000001
      vertex 217.36000000000001 -10.199999999999999 0.080000000000000016
    endloop
  endfacet
  facet normal -0.40824829046392919 0.40824829046385663 0.81649658092769617
    outer loop
      vertex 217.36000000000001 -10.199999999999999 0.080000000000000016
      vertex 217.40000000000001 -10.199999999999999 0.10000000000000001
      vertex 217.40000000000001 -10.16 0.080000000000000016
    endloop
  endfacet
  facet normal 0.40824829046392919 -0.40824829046385663 0.81649658092769617
    outer loop
      vertex 217.19999999999999 10.16 0.080000000000000016
      vertex 217.23999999999998 10.199999999999999 0.080000000000000016
      vertex 217.19999999999999 10.199999999999999 0.10000000000000001
    endloop
  endfacet
  facet normal 0.44721359550002898 0 0.89442719099988033
    outer loop
      vertex 217.23999999999998 12.159999999999997 0.080000000000000016
      vertex 217.19999999999999 10.199999999999999 0.10000000000000001
      vertex 217.23999999999998 10.199999999999999 0.080000000000000016
    endloop
  endfacet
  facet normal 0.44721359550002898 0 0.89442719099988033
    outer loop
      vertex 217.19999999999999 10.199999999999999 0.10000000000000001
      vertex 217.23999999999998 12.159999999999998 0.080000000000000016
      vertex 217.23999999999998 20 0.080000000000000016
    endloop
  endfacet
  facet normal 0.44721359550002898 -0 0.89442719099988033
    outer loop
      vertex 217.19999999999999 10.199999999999999 0.10000000000000001
      vertex 217.23999999999998 20 0.080000000000000016
      vertex 217.19999999999999 20 0.10000000000000001
    endloop
  endfacet
  facet normal 0.44721359550002898 0 0.89442719099988033
    outer loop
      vertex 217.23999999999998 20.039999999999999 0.080000000000000016
      vertex 217.19999999999999 20 0.10000000000000001
      vertex 217.23999999999998 20 0.080000000000000016
    endloop
  endfacet
  facet normal 0.44721359550002893 0 0.89442719099988033
    outer loop
      vertex 217.19999999999999 20 0.10000000000000001
      vertex 217.23999999999998 20.039999999999999 0.080000000000000016
      vertex 217.23999999999998 20.199999999999999 0.080000000000000016
    endloop
  endfacet
  facet normal 0.44721359550002893 -0 0.89442719099988044
    outer loop
      vertex 217.19999999999999 20 0.10000000000000001
      vertex 217.23999999999998 20.199999999999999 0.080000000000000016
      vertex 217.19999999999999 20.199999999999999 0.10000000000000001
    endloop
  endfacet
  facet normal 0.44721359550002898 0 0.89442719099988033
    outer loop
      vertex 217.23999999999998 24.159999999999997 0.080000000000000016
      vertex 217.19999999999999 20.199999999999999 0.10000000000000001
      vertex 217.23999999999998 20.199999999999999 0.080000000000000016
    endloop
  endfacet
  facet normal 0.44721359550002882 0 0.89442719099988033
    outer loop
      vertex 217.19999999999999 20.199999999999999 0.10000000000000001
      vertex 217.23999999999998 24.159999999999997 0.080000000000000016
      vertex 217.23999999999998 40 0.080000000000000016
    endloop
  endfacet
  facet normal 0.44721359550002893 -0 0.89442719099988044
    outer loop
      vertex 217.19999999999999 20.199999999999999 0.10000000000000001
      vertex 217.23999999999998 40 0.080000000000000016
      vertex 217.19999999999999 40 0.10000000000000001
    endloop
  endfacet
  facet normal 0.44721359550002898 0 0.89442719099988033
    outer loop
      vertex 217.23999999999998 40.039999999999999 0.080000000000000016
      vertex 217.19999999999999 40 0.10000000000000001
      vertex 217.23999999999998 40 0.080000000000000016
    endloop
  endfacet
  facet normal -0 0.44721359549996537 0.89442719099991208
    outer loop
      vertex 217.19999999999999 40.039999999999999 0.080000000000000016
      vertex 217.19999999999999 40 0.10000000000000001
      vertex 217.23999999999998 40.039999999999999 0.080000000000000016
    endloop
  endfacet
  facet normal 0 -0.44721359549996537 0.89442719099991208
    outer loop
      vertex 217.56 -20.039999999999999 0.080000000000000016
      vertex 217.59999999999999 -20.039999999999999 0.080000000000000016
      vertex 217.59999999999999 -20 0.10000000000000001
    endloop
  endfacet
  facet normal 0 -0.44721359549996542 0.89442719099991219
    outer loop
      vertex 217.40000000000001 -20.039999999999999 0.080000000000000016
      vertex 217.56 -20.039999999999999 0.080000000000000016
      vertex 217.59999999999999 -20 0.10000000000000001
    endloop
  endfacet
  facet normal 0 -0.44721359549996537 0.89442719099991208
    outer loop
      vertex 217.40000000000001 -20.039999999999999 0.080000000000000016
      vertex 217.59999999999999 -20 0.10000000000000001
      vertex 217.40000000000001 -20 0.10000000000000001
    endloop
  endfacet
  facet normal 0 0 1
    outer loop
      vertex 217.40000000000001 -20 0.10000000000000001
      vertex 217.59999999999999 -20 0.10000000000000001
      vertex 217.59999999999999 -10.199999999999999 0.10000000000000001
    endloop
  endfacet
  facet normal 0 0 1
    outer loop
      vertex 217.40000000000001 -20 0.10000000000000001
      vertex 217.59999999999999 -10.199999999999999 0.10000000000000001
      vertex 217.40000000000001 -10.199999999999999 0.10000000000000001
    endloop
  endfacet
  facet normal 0 0.44721359549996542 0.89442719099991208
    outer loop
      vertex 217.44 -10.16 0.080000000000000016
      vertex 217.40000000000001 -10.199999999999999 0.10000000000000001
      vertex 217.59999999999999 -10.199999999999999 0.10000000000000001
    endloop
  endfacet
  facet normal -0 0.44721359549996542 0.89442719099991219
    outer loop
      vertex 217.44 -10.16 0.080000000000000016
      vertex 217.59999999999999 -10.199999999999999 0.10000000000000001
      vertex 217.59999999999999 -10.16 0.080000000000000016
    endloop
  endfacet
  facet normal -0 0.44721359549996537 0.89442719099991208
    outer loop
      vertex 217.40000000000001 -10.16 0.080000000000000016
      vertex 217.40000000000001 -10.199999999999999 0.10000000000000001
      vertex 217.44 -10.16 0.080000000000000016
    endloop
  endfacet
  facet normal 0 -0.44721359549996537 0.89442719099991208
    outer loop
      vertex 217.76000000000002 -20.039999999999999 0.080000000000000016
      vertex 217.80000000000001 -20.039999999999999 0.080000000000000016
      vertex 217.80000000000001 -20 0.10000000000000001
    endloop
  endfacet
  facet normal 0 -0.44721359549996537 0.89442719099991219
    outer loop
      vertex 217.59999999999999 -20.039999999999999 0.080000000000000016
      vertex 217.76000000000002 -20.039999999999999 0.080000000000000016
      vertex 217.80000000000001 -20 0.10000000000000001
    endloop
  endfacet
  facet normal 0 -0.44721359549996537 0.89442719099991219
    outer loop
      vertex 217.59999999999999 -20.039999999999999 0.080000000000000016
      vertex 217.80000000000001 -20 0.10000000000000001
      vertex 217.59999999999999 -20 0.10000000000000001
    endloop
  endfacet
  facet normal 0 0 1
    outer loop
      vertex 217.59999999999999 -20 0.10000000000000001
      vertex 217.80000000000001 -20 0.10000000000000001
      vertex 217.80000000000001 -10.199999999999999 0.10000000000000001
    endloop
  endfacet
  facet normal 0 0 1
    outer loop
      vertex 217.59999999999999 -20 0.10000000000000001
      vertex 217.80000000000001 -10.199999999999999 0.10000000000000001
      vertex 217.59999999999999 -10.199999999999999 0.10000000000000001
    endloop
  endfacet
  facet normal 0 0.44721359549996537 0.89442719099991219
    outer loop
      vertex 217.63999999999999 -10.16 0.080000000000000016
      vertex 217.59999999999999 -10.199999999999999 0.10000000000000001
      vertex 217.80000000000001 -10.199999999999999 0.10000000000000001
    endloop
  endfacet
  facet normal -0 0.44721359549996537 0.89442719099991219
    outer loop
      vertex 217.63999999999999 -10.16 0.080000000000000016
      vertex 217.80000000000001 -10.199999999999999 0.10000000000000001
      vertex 217.80000000000001 -10.16 0.080000000000000016
    endloop
  endfacet
  facet normal -0 0.44721359549996537 0.89442719099991208
    outer loop
      vertex 217.59999999999999 -10.16 0.080000000000000016
      vertex 217.59999999999999 -10.199999999999999 0.10000000000000001
      vertex 217.63999999999999 -10.16 0.080000000000000016
    endloop
  endfacet
  facet normal 0 -0.44721359549996537 0.89442719099991208
    outer loop
      vertex 217.96000000000001 -20.039999999999999 0.080000000000000016
      vertex 218 -20.039999999999999 0.080000000000000016
      vertex 218 -20 0.10000000000000001
    endloop
  endfacet
  facet normal 0 -0.44721359549996542 0.89442719099991219
    outer loop
      vertex 217.80000000000001 -20.039999999999999 0.080000000000000016
      vertex 217.96000000000001 -20.039999999999999 0.080000000000000016
      vertex 218 -20 0.10000000000000001
    endloop
  endfacet
  facet normal 0 -0.44721359549996537 0.89442719099991208
    outer loop
      vertex 217.80000000000001 -20.039999999999999 0.080000000000000016
      vertex 218 -20 0.10000000000000001
      vertex 217.80000000000001 -20 0.10000000000000001
    endloop
  endfacet
  facet normal 0 0 1
    outer loop
      vertex 217.80000000000001 -20 0.10000000000000001
      vertex 218 -20 0.10000000000000001
      vertex 218 -10.199999999999999 0.10000000000000001
    endloop
  endfacet
  facet normal 0 0 1
    outer loop
      vertex 217.80000000000001 -20 0.10000000000000001
      vertex 218 -10.199999999999999 0.10000000000000001
      vertex 217.80000000000001 -10.199999999999999 0.10000000000000001
    endloop
  endfacet
  facet normal 0 0.44721359549996542 0.89442719099991208
    outer loop
      vertex 217.84 -10.16 0.080000000000000016
      vertex 217.80000000000001 -10.199999999999999 0.10000000000000001
      vertex 218 -10.199999999999999 0.10000000000000001
    endloop
  endfacet
  facet normal -0 0.44721359549996542 0.89442719099991219
    outer loop
      vertex 217.84 -10.16 0.080000000000000016
      vertex 218 -10.199999999999999 0.10000000000000001
      vertex 218 -10.16 0.080000000000000016
    endloop
  endfacet
  facet normal -0 0.44721359549996537 0.89442719099991208
    outer loop
      vertex 217.80000000000001 -10.16 0.080000000000000016
      vertex 217.80000000000001 -10.199999999999999 0.10000000000000001
      vertex 217.84 -10.16 0.080000000000000016
    endloop
  endfacet
  facet normal 0.40824829046392919 -0.40824829046385663 0.81649658092769617
    outer loop
      vertex 218 -20.039999999999999 0.080000000000000016
      vertex 218.03999999999999 -20 0.080000000000000016
      vertex 218 -20 0.10000000000000001
    endloop
  endfacet
  facet normal 0.44721359550002898 0 0.89442719099988033
    outer loop
      vertex 218.03999999999999 -18.040000000000003 0.080000000000000016
      vertex 218 -20 0.10000000000000001
      vertex 218.03999999999999 -20 0.080000000000000016
    endloop
  endfacet
  facet normal 0.44721359550002898 0 0.89442719099988033
    outer loop
      vertex 218 -20 0.10000000000000001
      vertex 218.03999999999999 -18.039999999999999 0.080000000000000016
      vertex 218.03999999999999 -10.199999999999999 0.080000000000000016
    endloop
  endfacet
  facet normal 0.44721359550002898 -0 0.89442719099988033
    outer loop
      vertex 218 -20 0.10000000000000001
      vertex 218.03999999999999 -10.199999999999999 0.080000000000000016
      vertex 218 -10.199999999999999 0.10000000000000001
    endloop
  endfacet
  facet normal 0.44721359550002898 0 0.89442719099988033
    outer loop
      vertex 218.03999999999999 -10.16 0.080000000000000016
      vertex 218 -10.199999999999999 0.10000000000000001
      vertex 218.03999999999999 -10.199999999999999 0.080000000000000016
    endloop
  endfacet
  facet normal -0 0.44721359549996537 0.89442719099991208
    outer loop
      vertex 218 -10.16 0.080000000000000016
      vertex 218 -10.199999999999999 0.10000000000000001
      vertex 218.03999999999999 -10.16 0.080000000000000016
    endloop
  endfacet
endsolid terrain_band_8
