solid terrain_band_7
  facet normal -0.24253562503637766 0 0.97014250014532066
    outer loop
      vertex 150.16 -84.159999999999997 0.040000000000000036
      vertex 150.16 -100 0.040000000000000036
      vertex 150.19999999999999 -100 0.050000000000000003
    endloop
  endfacet
  facet normal -0.24253562503637766 0 0.97014250014532077
    outer loop
      vertex 150.16 -84.159999999999997 0.040000000000000036
      vertex 150.19999999999999 -100 0.050000000000000003
      vertex 150.19999999999999 -80.200000000000003 0.050000000000000003
    endloop
  endfacet
  facet normal -0.2425356250363776 0 0.97014250014532066
    outer loop
      vertex 150.16 -84.159999999999982 0.040000000000000036
      vertex 150.19999999999999 -80.200000000000003 0.050000000000000003
      vertex 150.16 -80.200000000000003 0.040000000000000036
    endloop
  endfacet
  facet normal -0.21821789023599589 -0.43643578047199177 0.87287156094396523
    outer loop
      vertex 150.10666666666665 -80.093333333333334 0.080000000000000016
      vertex 150.05333333333334 -80.146666666666675 0.040000000000000036
      vertex 150.16 -80.200000000000003 0.040000000000000036
    endloop
  endfacet
  facet normal -0.21821789023603036 -0.43643578047200343 0.8728715609439508
    outer loop
      vertex 150.10666666666665 -80.093333333333334 0.080000000000000016
      vertex 150.16 -80.200000000000003 0.040000000000000036
      vertex 150.19999999999999 -80.200000000000003 0.050000000000000003
    endloop
  endfacet
  facet normal -0.21821789023598612 -0.43643578047197223 0.87287156094397733
    outer loop
      vertex 150.10666666666665 -80.093333333333334 0.080000000000000016
      vertex 150.19999999999999 -80.200000000000003 0.050000000000000003
      vertex 150.19999999999999 -80.140000000000001 0.080000000000000016
    endloop
  endfacet
  facet normal -0.60000000000014453 0 0.79999999999989158
    outer loop
      vertex 150.05333333333334 -80.146666666666675 0.040000000000000036
      vertex 150.10666666666665 -80.093333333333334 0.080000000000000016
      vertex 150.10666666666665 -80 0.080000000000000016
    endloop
  endfacet
  facet normal -0.60000000000014442 0 0.79999999999989158
    outer loop
      vertex 150.05333333333334 -80.146666666666675 0.040000000000000036
      vertex 150.10666666666665 -80 0.080000000000000016
      vertex 150.05333333333334 -80 0.040000000000000036
    endloop
  endfacet
  facet normal -0.60000000000014442 0 0.79999999999989169
    outer loop
      vertex 150.10666666666665 -69.439999999999998 0.080000000000000016
      vertex 150.05333333333334 -74.719999999999999 0.040000000000000036
      vertex 150.05333333333334 -80 0.040000000000000036
    endloop
  endfacet
  facet normal -0.60000000000014442 0 0.79999999999989169
    outer loop
      vertex 150.10666666666665 -69.439999999999998 0.080000000000000016
      vertex 150.05333333333334 -80 0.040000000000000036
      vertex 150.10666666666665 -80 0.080000000000000016
    endloop
  endfacet
  facet normal -0.60000000000014442 0 0.7999999999998918
    outer loop
      vertex 150.05333333333334 -74.719999999999999 0.040000000000000036
      vertex 150.10666666666665 -69.439999999999998 0.080000000000000016
      vertex 150.10666666666665 -60.200000000000003 0.080000000000000016
    endloop
  endfacet
  facet normal -0.60000000000014442 0 0.79999999999989169
    outer loop
      vertex 150.05333333333334 -74.719999999999999 0.040000000000000036
      vertex 150.10666666666665 -60.200000000000003 0.080000000000000016
      vertex 150.05333333333334 -60.200000000000003 0.040000000000000036
    endloop
  endfacet
  facet normal -0.58834840541433853 0.19611613513793877 0.78446454055295756
    outer loop
      vertex 150.16 -60.039999999999999 0.080000000000000016
      vertex 150.07999999999998 -60.120000000000005 0.040000000000000036
      vertex 150.05333333333334 -60.200000000000003 0.040000000000000036
    endloop
  endfacet
  facet normal -0.58834840541468514 0.19611613513825452 0.78446454055261872
    outer loop
      vertex 150.16 -60.039999999999999 0.080000000000000016
      vertex 150.05333333333334 -60.200000000000003 0.040000000000000036
      vertex 150.10666666666665 -60.200000000000003 0.080000000000000016
    endloop
  endfacet
  facet normal -0.44721359549990175 0 0.89442719099994394
    outer loop
      vertex 150.07999999999998 -60.120000000000005 0.040000000000000036
      vertex 150.16 -60.039999999999999 0.080000000000000016
      vertex 150.16 -60 0.080000000000000016
    endloop
  endfacet
  facet normal -0.44721359549990181 0 0.89442719099994383
    outer loop
      vertex 150.07999999999998 -60.120000000000005 0.040000000000000036
      vertex 150.16 -60 0.080000000000000016
      vertex 150.07999999999998 -60 0.040000000000000036
    endloop
  endfacet
  facet normal -0.44721359549990186 0 0.89442719099994406
    outer loop
      vertex 150.16 -44.160000000000004 0.080000000000000016
      vertex 150.07999999999998 -52.079999999999998 0.040000000000000036
      vertex 150.07999999999998 -60 0.040000000000000036
    endloop
  endfacet
  facet normal -0.44721359549990186 0 0.89442719099994394
    outer loop
      vertex 150.16 -44.160000000000004 0.080000000000000016
      vertex 150.07999999999998 -60 0.040000000000000036
      vertex 150.16 -60 0.080000000000000016
    endloop
  endfacet
  facet normal -0.44721359549990169 0 0.89442719099994383
    outer loop
      vertex 150.07999999999998 -52.079999999999991 0.040000000000000036
      vertex 150.16 -44.159999999999997 0.080000000000000016
      vertex 150.16 -40.200000000000003 0.080000000000000016
    endloop
  endfacet
  facet normal -0.44721359549990181 0 0.89442719099994394
    outer loop
      vertex 150.07999999999998 -52.079999999999991 0.040000000000000036
      vertex 150.16 -40.200000000000003 0.080000000000000016
      vertex 150.07999999999998 -40.200000000000003 0.040000000000000036
    endloop
  endfacet
  facet normal -0.43643578047192988 0.218217890235994 0.87287156094399665
    outer loop
      vertex 150.16 -40.039999999999999 0.040000000000000036
      vertex 150.07999999999998 -40.200000000000003 0.040000000000000036
      vertex 150.16 -40.200000000000003 0.080000000000000016
    endloop
  endfacet
  facet normal -0.43643578047203962 0.21821789023598107 0.87287156094394491
    outer loop
      vertex 150.16 -40.039999999999999 0.040000000000000036
      vertex 150.16 -40.200000000000003 0.080000000000000016
      vertex 150.19999999999999 -40.120000000000005 0.080000000000000016
    endloop
  endfacet
  facet normal -0.4364357804720449 0.21821789023597762 0.87287156094394314
    outer loop
      vertex 150.16 -40.039999999999999 0.040000000000000036
      vertex 150.19999999999999 -40.120000000000005 0.080000000000000016
      vertex 150.19999999999999 -40 0.050000000000000003
    endloop
  endfacet
  facet normal -0.24253562503637766 0 0.97014250014532077
    outer loop
      vertex 150.16 -40.039999999999999 0.040000000000000036
      vertex 150.19999999999999 -40 0.050000000000000003
      vertex 150.16 -40 0.040000000000000036
    endloop
  endfacet
  facet normal -0.24253562503637766 0 0.97014250014532066
    outer loop
      vertex 150.16 -24.159999999999986 0.040000000000000036
      vertex 150.16 -40 0.040000000000000036
      vertex 150.19999999999999 -40 0.050000000000000003
    endloop
  endfacet
  facet normal -0.24253562503637766 0 0.97014250014532066
    outer loop
      vertex 150.16 -24.159999999999986 0.040000000000000036
      vertex 150.19999999999999 -40 0.050000000000000003
      vertex 150.19999999999999 -20.199999999999999 0.050000000000000003
    endloop
  endfacet
  facet normal -0.24253562503637766 0 0.97014250014532077
    outer loop
      vertex 150.16 -24.159999999999986 0.040000000000000036
      vertex 150.19999999999999 -20.199999999999999 0.050000000000000003
      vertex 150.16 -20.199999999999999 0.040000000000000036
    endloop
  endfacet
  facet normal -0.23570226039547604 -0.23570226039551784 0.94280904158207279
    outer loop
      vertex 150.16 -20.039999999999999 0.080000000000000016
      vertex 150.07999999999998 -20.120000000000001 0.040000000000000036
      vertex 150.16 -20.199999999999999 0.040000000000000036
    endloop
  endfacet
  facet normal -0.23570226039555944 -0.23570226039551295 0.94280904158205314
    outer loop
      vertex 150.16 -20.039999999999999 0.080000000000000016
      vertex 150.16 -20.199999999999999 0.040000000000000036
      vertex 150.19999999999999 -20.199999999999999 0.050000000000000003
    endloop
  endfacet
  facet normal -0.23570226039555378 -0.2357022603955119 0.94280904158205492
    outer loop
      vertex 150.16 -20.039999999999999 0.080000000000000016
      vertex 150.19999999999999 -20.199999999999999 0.050000000000000003
      vertex 150.19999999999999 -20.079999999999998 0.080000000000000016
    endloop
  endfacet
  facet normal -0.44721359549990203 0 0.89442719099994394
    outer loop
      vertex 150.07999999999998 -20.120000000000001 0.040000000000000036
      vertex 150.16 -20.039999999999999 0.080000000000000016
      vertex 150.16 -20 0.080000000000000016
    endloop
  endfacet
  facet normal -0.44721359549990192 0 0.89442719099994394
    outer loop
      vertex 150.07999999999998 -20.120000000000001 0.040000000000000036
      vertex 150.16 -20 0.080000000000000016
      vertex 150.07999999999998 -20 0.040000000000000036
    endloop
  endfacet
  facet normal -0.44721359549990197 0 0.89442719099994394
    outer loop
      vertex 150.16 -12.159999999999998 0.080000000000000016
      vertex 150.07999999999998 -16.079999999999998 0.040000000000000036
      vertex 150.07999999999998 -20 0.040000000000000036
    endloop
  endfacet
  facet normal -0.44721359549990186 0 0.89442719099994383
    outer loop
      vertex 150.16 -12.159999999999998 0.080000000000000016
      vertex 150.07999999999998 -20 0.040000000000000036
      vertex 150.16 -20 0.080000000000000016
    endloop
  endfacet
  facet normal -0.44721359549990186 0 0.89442719099994394
    outer loop
      vertex 150.07999999999998 -16.079999999999995 0.040000000000000036
      vertex 150.16 -12.159999999999998 0.080000000000000016
      vertex 150.16 -10.199999999999999 0.080000000000000016
    endloop
  endfacet
  facet normal -0.44721359549990186 0 0.89442719099994406
    outer loop
      vertex 150.07999999999998 -16.079999999999995 0.040000000000000036
      vertex 150.16 -10.199999999999999 0.080000000000000016
      vertex 150.07999999999998 -10.199999999999999 0.040000000000000036
    endloop
  endfacet
  facet normal -0.43643578047218751 -0.21821789023589755 0.87287156094389184
    outer loop
      vertex 150.10666666666665 -10.093333333333334 0.080000000000000016
      vertex 150.05333333333334 -10.146666666666667 0.040000000000000036
      vertex 150.07999999999998 -10.199999999999999 0.040000000000000036
    endloop
  endfacet
  facet normal -0.43643578047192916 -0.21821789023600091 0.8728715609439951
    outer loop
      vertex 150.10666666666665 -10.093333333333334 0.080000000000000016
      vertex 150.07999999999998 -10.199999999999999 0.040000000000000036
      vertex 150.16 -10.199999999999999 0.080000000000000016
    endloop
  endfacet
  facet normal -0.60000000000014453 0 0.79999999999989169
    outer loop
      vertex 150.05333333333334 -10.146666666666667 0.040000000000000036
      vertex 150.10666666666665 -10.093333333333334 0.080000000000000016
      vertex 150.10666666666665 -10 0.080000000000000016
    endloop
  endfacet
  facet normal -0.60000000000014442 0 0.79999999999989169
    outer loop
      vertex 150.05333333333334 -10.146666666666667 0.040000000000000036
      vertex 150.10666666666665 -10 0.080000000000000016
      vertex 150.05333333333334 -10 0.040000000000000036
    endloop
  endfacet
  facet normal -0.60000000000014442 0 0.79999999999989169
    outer loop
      vertex 150.10666666666665 -4.6666666666666652 0.080000000000000016
      vertex 150.05333333333334 -7.3333333333333304 0.040000000000000036
      vertex 150.05333333333334 -10 0.040000000000000036
    endloop
  endfacet
  facet normal -0.60000000000014442 0 0.79999999999989169
    outer loop
      vertex 150.10666666666665 -4.6666666666666652 0.080000000000000016
      vertex 150.05333333333334 -10 0.040000000000000036
      vertex 150.10666666666665 -10 0.080000000000000016
    endloop
  endfacet
  facet normal -0.60000000000014442 0 0.79999999999989169
    outer loop
      vertex 150.05333333333334 -7.3333333333333304 0.040000000000000036
      vertex 150.10666666666665 -4.6666666666666652 0.080000000000000016
      vertex 150.10666666666665 0 0.080000000000000016
    endloop
  endfacet
  facet normal -0.60000000000014442 0 0.79999999999989169
    outer loop
      vertex 150.05333333333334 -7.3333333333333304 0.040000000000000036
      vertex 150.10666666666665 0 0.080000000000000016
      vertex 150.05333333333334 0 0.040000000000000036
    endloop
  endfacet
  facet normal -0.58834840541432265 0.19611613513792914 0.78446454055297188
    outer loop
      vertex 150.16 0.16000000000000003 0.080000000000000016
      vertex 150.07999999999998 0.080000000000000071 0.040000000000000036
      vertex 150.05333333333334 0 0.040000000000000036
    endloop
  endfacet
  facet normal -0.58834840541468469 0.19611613513825887 0.78446454055261794
    outer loop
      vertex 150.16 0.16000000000000003 0.080000000000000016
      vertex 150.05333333333334 0 0.040000000000000036
      vertex 150.10666666666665 0 0.080000000000000016
    endloop
  endfacet
  facet normal -0.44721359549990181 0 0.89442719099994394
    outer loop
      vertex 150.07999999999998 0.080000000000000071 0.040000000000000036
      vertex 150.16 0.16000000000000003 0.080000000000000016
      vertex 150.16 0.20000000000000001 0.080000000000000016
    endloop
  endfacet
  facet normal -0.44721359549990181 0 0.89442719099994383
    outer loop
      vertex 150.07999999999998 0.080000000000000071 0.040000000000000036
      vertex 150.16 0.20000000000000001 0.080000000000000016
      vertex 150.07999999999998 0.20000000000000001 0.040000000000000036
    endloop
  endfacet
  facet normal -0.44721359549990181 0 0.89442719099994394
    outer loop
      vertex 150.16 8.0400000000000009 0.080000000000000016
      vertex 150.07999999999998 4.1200000000000028 0.040000000000000036
      vertex 150.07999999999998 0.20000000000000001 0.040000000000000036
    endloop
  endfacet
  facet normal -0.44721359549990181 0 0.89442719099994383
    outer loop
      vertex 150.16 8.0400000000000009 0.080000000000000016
      vertex 150.07999999999998 0.20000000000000001 0.040000000000000036
      vertex 150.16 0.20000000000000001 0.080000000000000016
    endloop
  endfacet
  facet normal -0.44721359549990181 0 0.89442719099994383
    outer loop
      vertex 150.07999999999998 4.1200000000000037 0.040000000000000036
      vertex 150.16 8.0400000000000009 0.080000000000000016
      vertex 150.16 10 0.080000000000000016
    endloop
  endfacet
  facet normal -0.44721359549990181 0 0.89442719099994383
    outer loop
      vertex 150.07999999999998 4.1200000000000037 0.040000000000000036
      vertex 150.16 10 0.080000000000000016
      vertex 150.07999999999998 10 0.040000000000000036
    endloop
  endfacet
  facet normal -0.43643578047218751 -0.21821789023589755 0.87287156094389184
    outer loop
      vertex 150.10666666666665 10.106666666666666 0.080000000000000016
      vertex 150.05333333333334 10.053333333333333 0.040000000000000036
      vertex 150.07999999999998 10 0.040000000000000036
    endloop
  endfacet
  facet normal -0.43643578047192916 -0.21821789023600091 0.8728715609439951
    outer loop
      vertex 150.10666666666665 10.106666666666666 0.080000000000000016
      vertex 150.07999999999998 10 0.040000000000000036
      vertex 150.16 10 0.080000000000000016
    endloop
  endfacet
  facet normal -0.60000000000014453 0 0.79999999999989169
    outer loop
      vertex 150.05333333333334 10.053333333333333 0.040000000000000036
      vertex 150.10666666666665 10.106666666666666 0.080000000000000016
      vertex 150.10666666666665 10.199999999999999 0.080000000000000016
    endloop
  endfacet
  facet normal -0.60000000000014442 0 0.79999999999989169
    outer loop
      vertex 150.05333333333334 10.053333333333333 0.040000000000000036
      vertex 150.10666666666665 10.199999999999999 0.080000000000000016
      vertex 150.05333333333334 10.199999999999999 0.040000000000000036
    endloop
  endfacet
  facet normal -0.60000000000014442 0 0.79999999999989169
    outer loop
      vertex 150.10666666666665 15.426666666666668 0.080000000000000016
      vertex 150.05333333333334 12.813333333333336 0.040000000000000036
      vertex 150.05333333333334 10.199999999999999 0.040000000000000036
    endloop
  endfacet
  facet normal -0.60000000000014442 0 0.79999999999989169
    outer loop
      vertex 150.10666666666665 15.426666666666668 0.080000000000000016
      vertex 150.05333333333334 10.199999999999999 0.040000000000000036
      vertex 150.10666666666665 10.199999999999999 0.080000000000000016
    endloop
  endfacet
  facet normal -0.60000000000014442 0 0.79999999999989158
    outer loop
      vertex 150.05333333333334 12.813333333333336 0.040000000000000036
      vertex 150.10666666666665 15.426666666666668 0.080000000000000016
      vertex 150.10666666666665 20 0.080000000000000016
    endloop
  endfacet
  facet normal -0.60000000000014442 0 0.79999999999989169
    outer loop
      vertex 150.05333333333334 12.813333333333336 0.040000000000000036
      vertex 150.10666666666665 20 0.080000000000000016
      vertex 150.05333333333334 20 0.040000000000000036
    endloop
  endfacet
  facet normal -0.58834840541433064 0.19611613513793608 0.78446454055296433
    outer loop
      vertex 150.16 20.16 0.080000000000000016
      vertex 150.07999999999998 20.079999999999998 0.040000000000000036
      vertex 150.05333333333334 20 0.040000000000000036
    endloop
  endfacet
  facet normal -0.58834840541468469 0.19611613513825871 0.78446454055261783
    outer loop
      vertex 150.16 20.16 0.080000000000000016
      vertex 150.05333333333334 20 0.040000000000000036
      vertex 150.10666666666665 20 0.080000000000000016
    endloop
  endfacet
  facet normal -0.44721359549990203 0 0.89442719099994394
    outer loop
      vertex 150.07999999999998 20.079999999999998 0.040000000000000036
      vertex 150.16 20.16 0.080000000000000016
      vertex 150.16 20.199999999999999 0.080000000000000016
    endloop
  endfacet
  facet normal -0.44721359549990192 0 0.89442719099994394
    outer loop
      vertex 150.07999999999998 20.079999999999998 0.040000000000000036
      vertex 150.16 20.199999999999999 0.080000000000000016
      vertex 150.07999999999998 20.199999999999999 0.040000000000000036
    endloop
  endfacet
  facet normal -0.44721359549990181 0 0.89442719099994394
    outer loop
      vertex 150.16 36.039999999999999 0.080000000000000016
      vertex 150.07999999999998 28.120000000000005 0.040000000000000036
      vertex 150.07999999999998 20.199999999999999 0.040000000000000036
    endloop
  endfacet
  facet normal -0.44721359549990186 0 0.89442719099994406
    outer loop
      vertex 150.16 36.039999999999999 0.080000000000000016
      vertex 150.07999999999998 20.199999999999999 0.040000000000000036
      vertex 150.16 20.199999999999999 0.080000000000000016
    endloop
  endfacet
  facet normal -0.44721359549990181 0 0.89442719099994406
    outer loop
      vertex 150.07999999999998 28.120000000000005 0.040000000000000036
      vertex 150.16 36.039999999999999 0.080000000000000016
      vertex 150.16 40 0.080000000000000016
    endloop
  endfacet
  facet normal -0.44721359549990181 0 0.89442719099994394
    outer loop
      vertex 150.07999999999998 28.120000000000005 0.040000000000000036
      vertex 150.16 40 0.080000000000000016
      vertex 150.07999999999998 40 0.040000000000000036
    endloop
  endfacet
  facet normal -0.43643578047192988 0.218217890235994 0.87287156094399665
    outer loop
      vertex 150.16 40.160000000000004 0.040000000000000036
      vertex 150.07999999999998 40 0.040000000000000036
      vertex 150.16 40 0.080000000000000016
    endloop
  endfacet
  facet normal -0.43643578047203962 0.21821789023598107 0.87287156094394491
    outer loop
      vertex 150.16 40.160000000000004 0.040000000000000036
      vertex 150.16 40 0.080000000000000016
      vertex 150.19999999999999 40.079999999999998 0.080000000000000016
    endloop
  endfacet
  facet normal -0.4364357804720449 0.21821789023597762 0.87287156094394314
    outer loop
      vertex 150.16 40.160000000000004 0.040000000000000036
      vertex 150.19999999999999 40.079999999999998 0.080000000000000016
      vertex 150.19999999999999 40.200000000000003 0.050000000000000003
    endloop
  endfacet
  facet normal -0.24253562503637766 0 0.97014250014532077
    outer loop
      vertex 150.16 40.160000000000004 0.040000000000000036
      vertex 150.19999999999999 40.200000000000003 0.050000000000000003
      vertex 150.16 40.200000000000003 0.040000000000000036
    endloop
  endfacet
  facet normal -0.24253562503637766 0 0.97014250014532066
    outer loop
      vertex 150.16 56.040000000000013 0.040000000000000036
      vertex 150.16 40.200000000000003 0.040000000000000036
      vertex 150.19999999999999 40.200000000000003 0.050000000000000003
    endloop
  endfacet
  facet normal -0.24253562503637766 0 0.97014250014532077
    outer loop
      vertex 150.16 56.040000000000013 0.040000000000000036
      vertex 150.19999999999999 40.200000000000003 0.050000000000000003
      vertex 150.19999999999999 60 0.050000000000000003
    endloop
  endfacet
  facet normal -0.24253562503637766 0 0.97014250014532077
    outer loop
      vertex 150.16 56.040000000000013 0.040000000000000036
      vertex 150.19999999999999 60 0.050000000000000003
      vertex 150.16 60 0.040000000000000036
    endloop
  endfacet
  facet normal -0.23570226039547135 -0.23570226039551323 0.94280904158207512
    outer loop
      vertex 150.16 60.160000000000004 0.080000000000000016
      vertex 150.07999999999998 60.079999999999998 0.040000000000000036
      vertex 150.16 60 0.040000000000000036
    endloop
  endfacet
  facet normal -0.23570226039555961 -0.23570226039550801 0.94280904158205436
    outer loop
      vertex 150.16 60.160000000000004 0.080000000000000016
      vertex 150.16 60 0.040000000000000036
      vertex 150.19999999999999 60 0.050000000000000003
    endloop
  endfacet
  facet normal -0.23570226039554754 -0.23570226039550568 0.94280904158205803
    outer loop
      vertex 150.16 60.160000000000004 0.080000000000000016
      vertex 150.19999999999999 60 0.050000000000000003
      vertex 150.19999999999999 60.120000000000005 0.080000000000000016
    endloop
  endfacet
  facet normal -0.44721359549990175 0 0.89442719099994394
    outer loop
      vertex 150.07999999999998 60.079999999999998 0.040000000000000036
      vertex 150.16 60.160000000000004 0.080000000000000016
      vertex 150.16 60.200000000000003 0.080000000000000016
    endloop
  endfacet
  facet normal -0.44721359549990181 0 0.89442719099994383
    outer loop
      vertex 150.07999999999998 60.079999999999998 0.040000000000000036
      vertex 150.16 60.200000000000003 0.080000000000000016
      vertex 150.07999999999998 60.200000000000003 0.040000000000000036
    endloop
  endfacet
  facet normal -0.44721359549990181 0 0.89442719099994383
    outer loop
      vertex 150.16 76.040000000000006 0.080000000000000016
      vertex 150.07999999999998 68.120000000000005 0.040000000000000036
      vertex 150.07999999999998 60.200000000000003 0.040000000000000036
    endloop
  endfacet
  facet normal -0.44721359549990181 0 0.89442719099994383
    outer loop
      vertex 150.16 76.040000000000006 0.080000000000000016
      vertex 150.07999999999998 60.200000000000003 0.040000000000000036
      vertex 150.16 60.200000000000003 0.080000000000000016
    endloop
  endfacet
  facet normal -0.44721359549990169 0 0.89442719099994383
    outer loop
      vertex 150.07999999999998 68.120000000000005 0.040000000000000036
      vertex 150.16 76.040000000000006 0.080000000000000016
      vertex 150.16 80 0.080000000000000016
    endloop
  endfacet
  facet normal -0.44721359549990181 0 0.89442719099994394
    outer loop
      vertex 150.07999999999998 68.120000000000005 0.040000000000000036
      vertex 150.16 80 0.080000000000000016
      vertex 150.07999999999998 80 0.040000000000000036
    endloop
  endfacet
  facet normal -0.40824829046384453 0.40824829046369943 0.81649658092781718
    outer loop
      vertex 150.07999999999998 80 0.040000000000000036
      vertex 150.16 80 0.080000000000000016
      vertex 150.19999999999999 80.040000000000006 0.080000000000000016
    endloop
  endfacet
  facet normal -0.40824829046386868 0.40824829046386868 0.81649658092772037
    outer loop
      vertex 150.07999999999998 80 0.040000000000000036
      vertex 150.19999999999999 80.040000000000006 0.080000000000000016
      vertex 150.19999999999999 80.120000000000005 0.040000000000000036
    endloop
  endfacet
  facet normal 0 0 1
    outer loop
      vertex 150.19999999999999 -100 0.050000000000000003
      vertex 150.40000000000001 -100 0.050000000000000003
      vertex 150.40000000000001 -80.200000000000003 0.050000000000000003
    endloop
  endfacet
  facet normal 0 0 1
    outer loop
      vertex 150.19999999999999 -100 0.050000000000000003
      vertex 150.40000000000001 -80.200000000000003 0.050000000000000003
      vertex 150.19999999999999 -80.200000000000003 0.050000000000000003
    endloop
  endfacet
  facet normal 0 -0.44721359549994449 0.89442719099992252
    outer loop
      vertex 150.25999999999999 -80.140000000000001 0.080000000000000016
      vertex 150.19999999999999 -80.200000000000003 0.050000000000000003
      vertex 150.40000000000001 -80.200000000000003 0.050000000000000003
    endloop
  endfacet
  facet normal 0 -0.44721359549994455 0.89442719099992252
    outer loop
      vertex 150.25999999999999 -80.140000000000001 0.080000000000000016
      vertex 150.40000000000001 -80.200000000000003 0.050000000000000003
      vertex 150.40000000000001 -80.140000000000001 0.080000000000000016
    endloop
  endfacet
  facet normal 0 -0.44721359549994455 0.89442719099992252
    outer loop
      vertex 150.19999999999999 -80.140000000000001 0.080000000000000016
      vertex 150.19999999999999 -80.200000000000003 0.050000000000000003
      vertex 150.25999999999999 -80.140000000000001 0.080000000000000016
    endloop
  endfacet
  facet normal -0 0.24253562503632442 0.9701425001453341
    outer loop
      vertex 150.28 -40.120000000000005 0.080000000000000016
      vertex 150.40000000000001 -40.120000000000005 0.080000000000000016
      vertex 150.40000000000001 -40 0.050000000000000003
    endloop
  endfacet
  facet normal -0 0.24253562503632445 0.97014250014533399
    outer loop
      vertex 150.19999999999999 -40.120000000000005 0.080000000000000016
      vertex 150.28 -40.120000000000005 0.080000000000000016
      vertex 150.40000000000001 -40 0.050000000000000003
    endloop
  endfacet
  facet normal 0 0.24253562503632442 0.9701425001453341
    outer loop
      vertex 150.19999999999999 -40.120000000000005 0.080000000000000016
      vertex 150.40000000000001 -40 0.050000000000000003
      vertex 150.19999999999999 -40 0.050000000000000003
    endloop
  endfacet
  facet normal 0 0 1
    outer loop
      vertex 150.19999999999999 -40 0.050000000000000003
      vertex 150.40000000000001 -40 0.050000000000000003
      vertex 150.40000000000001 -20.199999999999999 0.050000000000000003
    endloop
  endfacet
  facet normal 0 0 1
    outer loop
      vertex 150.19999999999999 -40 0.050000000000000003
      vertex 150.40000000000001 -20.199999999999999 0.050000000000000003
      vertex 150.19999999999999 -20.199999999999999 0.050000000000000003
    endloop
  endfacet
  facet normal 0 -0.24253562503633116 0.97014250014533232
    outer loop
      vertex 150.31999999999999 -20.079999999999998 0.080000000000000016
      vertex 150.19999999999999 -20.199999999999999 0.050000000000000003
      vertex 150.40000000000001 -20.199999999999999 0.050000000000000003
    endloop
  endfacet
  facet normal 0 -0.24253562503633119 0.97014250014533232
    outer loop
      vertex 150.31999999999999 -20.079999999999998 0.080000000000000016
      vertex 150.40000000000001 -20.199999999999999 0.050000000000000003
      vertex 150.40000000000001 -20.079999999999998 0.080000000000000016
    endloop
  endfacet
  facet normal 0 -0.24253562503633114 0.97014250014533232
    outer loop
      vertex 150.19999999999999 -20.079999999999998 0.080000000000000016
      vertex 150.19999999999999 -20.199999999999999 0.050000000000000003
      vertex 150.31999999999999 -20.079999999999998 0.080000000000000016
    endloop
  endfacet
  facet normal -0 0.24253562503632442 0.9701425001453341
    outer loop
      vertex 150.28 40.079999999999998 0.080000000000000016
      vertex 150.40000000000001 40.079999999999998 0.080000000000000016
      vertex 150.40000000000001 40.200000000000003 0.050000000000000003
    endloop
  endfacet
  facet normal -0 0.24253562503632445 0.97014250014533399
    outer loop
      vertex 150.19999999999999 40.079999999999998 0.080000000000000016
      vertex 150.28 40.079999999999998 0.080000000000000016
      vertex 150.40000000000001 40.200000000000003 0.050000000000000003
    endloop
  endfacet
  facet normal 0 0.24253562503632442 0.9701425001453341
    outer loop
      vertex 150.19999999999999 40.079999999999998 0.080000000000000016
      vertex 150.40000000000001 40.200000000000003 0.050000000000000003
      vertex 150.19999999999999 40.200000000000003 0.050000000000000003
    endloop
  endfacet
  facet normal 0 0 1
    outer loop
      vertex 150.19999999999999 40.200000000000003 0.050000000000000003
      vertex 150.40000000000001 40.200000000000003 0.050000000000000003
      vertex 150.40000000000001 60 0.050000000000000003
    endloop
  endfacet
  facet normal 0 0 1
    outer loop
      vertex 150.19999999999999 40.200000000000003 0.050000000000000003
      vertex 150.40000000000001 60 0.050000000000000003
      vertex 150.19999999999999 60 0.050000000000000003
    endloop
  endfacet
  facet normal 0 -0.24253562503632439 0.9701425001453341
    outer loop
      vertex 150.31999999999999 60.120000000000005 0.080000000000000016
      vertex 150.19999999999999 60 0.050000000000000003
      vertex 150.40000000000001 60 0.050000000000000003
    endloop
  endfacet
  facet normal 0 -0.24253562503632445 0.97014250014533399
    outer loop
      vertex 150.31999999999999 60.120000000000005 0.080000000000000016
      vertex 150.40000000000001 60 0.050000000000000003
      vertex 150.40000000000001 60.120000000000005 0.080000000000000016
    endloop
  endfacet
  facet normal 0 -0.24253562503632442 0.9701425001453341
    outer loop
      vertex 150.19999999999999 60.120000000000005 0.080000000000000016
      vertex 150.19999999999999 60 0.050000000000000003
      vertex 150.31999999999999 60.120000000000005 0.080000000000000016
    endloop
  endfacet
  facet normal 0 0.44721359549996537 0.89442719099991219
    outer loop
      vertex 150.31999999999999 80.120000000000005 0.040000000000000036
      vertex 150.23999999999998 80.040000000000006 0.080000000000000016
      vertex 150.40000000000001 80.040000000000006 0.080000000000000016
    endloop
  endfacet
  facet normal -0 0.44721359549996537 0.89442719099991219
    outer loop
      vertex 150.31999999999999 80.120000000000005 0.040000000000000036
      vertex 150.40000000000001 80.040000000000006 0.080000000000000016
      vertex 150.40000000000001 80.120000000000005 0.040000000000000036
    endloop
  endfacet
  facet normal 0 0.44721359549996537 0.89442719099991208
    outer loop
      vertex 150.19999999999999 80.120000000000005 0.040000000000000036
      vertex 150.19999999999999 80.040000000000006 0.080000000000000016
      vertex 150.23999999999998 80.040000000000006 0.080000000000000016
    endloop
  endfacet
  facet normal -0 0.44721359549996542 0.89442719099991219
    outer loop
      vertex 150.19999999999999 80.120000000000005 0.040000000000000036
      vertex 150.23999999999998 80.040000000000006 0.080000000000000016
      vertex 150.31999999999999 80.120000000000005 0.040000000000000036
    endloop
  endfacet
  facet normal 0 0 1
    outer loop
      vertex 150.40000000000001 -100 0.050000000000000003
      vertex 155.40000000000001 -100 0.050000000000000003
      vertex 155.40000000000001 -80.200000000000003 0.050000000000000003
    endloop
  endfacet
  facet normal 0 0 1
    outer loop
      vertex 150.40000000000001 -100 0.050000000000000003
      vertex 155.40000000000001 -80.200000000000003 0.050000000000000003
      vertex 150.40000000000001 -80.200000000000003 0.050000000000000003
    endloop
  endfacet
  facet normal 0 -0.44721359549994444 0.89442719099992252
    outer loop
      vertex 151.90000000000001 -80.140000000000001 0.080000000000000016
      vertex 150.40000000000001 -80.200000000000003 0.050000000000000003
      vertex 155.40000000000001 -80.200000000000003 0.050000000000000003
    endloop
  endfacet
  facet normal 0 -0.44721359549994455 0.89442719099992263
    outer loop
      vertex 151.90000000000001 -80.140000000000001 0.080000000000000016
      vertex 155.40000000000001 -80.200000000000003 0.050000000000000003
      vertex 155.40000000000001 -80.140000000000001 0.080000000000000016
    endloop
  endfacet
  facet normal 0 -0.44721359549994449 0.89442719099992252
    outer loop
      vertex 150.40000000000001 -80.140000000000001 0.080000000000000016
      vertex 150.40000000000001 -80.200000000000003 0.050000000000000003
      vertex 151.90000000000001 -80.140000000000001 0.080000000000000016
    endloop
  endfacet
  facet normal -0 0.24253562503632445 0.9701425001453341
    outer loop
      vertex 152.40000000000001 -40.120000000000005 0.080000000000000016
      vertex 155.40000000000001 -40.120000000000005 0.080000000000000016
      vertex 155.40000000000001 -40 0.050000000000000003
    endloop
  endfacet
  facet normal -0 0.24253562503632442 0.9701425001453341
    outer loop
      vertex 150.40000000000001 -40.120000000000005 0.080000000000000016
      vertex 152.40000000000001 -40.120000000000005 0.080000000000000016
      vertex 155.40000000000001 -40 0.050000000000000003
    endloop
  endfacet
  facet normal 0 0.24253562503632445 0.9701425001453341
    outer loop
      vertex 150.40000000000001 -40.120000000000005 0.080000000000000016
      vertex 155.40000000000001 -40 0.050000000000000003
      vertex 150.40000000000001 -40 0.050000000000000003
    endloop
  endfacet
  facet normal 0 0 1
    outer loop
      vertex 150.40000000000001 -40 0.050000000000000003
      vertex 155.40000000000001 -40 0.050000000000000003
      vertex 155.40000000000001 -20.199999999999999 0.050000000000000003
    endloop
  endfacet
  facet normal 0 0 1
    outer loop
      vertex 150.40000000000001 -40 0.050000000000000003
      vertex 155.40000000000001 -20.199999999999999 0.050000000000000003
      vertex 150.40000000000001 -20.199999999999999 0.050000000000000003
    endloop
  endfacet
  facet normal 0 -0.4472135954999657 0.89442719099991208
    outer loop
      vertex 151.90000000000001 -20.140000000000001 0.080000000000000016
      vertex 150.40000000000001 -20.199999999999999 0.050000000000000003
      vertex 155.40000000000001 -20.199999999999999 0.050000000000000003
    endloop
  endfacet
  facet normal 0 -0.4472135954999657 0.89442719099991197
    outer loop
      vertex 151.90000000000001 -20.140000000000001 0.080000000000000016
      vertex 155.40000000000001 -20.199999999999999 0.050000000000000003
      vertex 155.40000000000001 -20.140000000000001 0.080000000000000016
    endloop
  endfacet
  facet normal -0.0097009684960301466 -0.24252421240074448 0.97009684960298548
    outer loop
      vertex 150.40000000000001 -20.079999999999998 0.080000000000000016
      vertex 150.40000000000001 -20.199999999999999 0.050000000000000003
      vertex 151.90000000000001 -20.140000000000001 0.080000000000000016
    endloop
  endfacet
  facet normal -0 0.24253562503632445 0.9701425001453341
    outer loop
      vertex 152.40000000000001 40.079999999999998 0.080000000000000016
      vertex 155.40000000000001 40.079999999999998 0.080000000000000016
      vertex 155.40000000000001 40.200000000000003 0.050000000000000003
    endloop
  endfacet
  facet normal -0 0.24253562503632442 0.9701425001453341
    outer loop
      vertex 150.40000000000001 40.079999999999998 0.080000000000000016
      vertex 152.40000000000001 40.079999999999998 0.080000000000000016
      vertex 155.40000000000001 40.200000000000003 0.050000000000000003
    endloop
  endfacet
  facet normal 0 0.24253562503632445 0.9701425001453341
    outer loop
      vertex 150.40000000000001 40.079999999999998 0.080000000000000016
      vertex 155.40000000000001 40.200000000000003 0.050000000000000003
      vertex 150.40000000000001 40.200000000000003 0.050000000000000003
    endloop
  endfacet
  facet normal 0 0 1
    outer loop
      vertex 150.40000000000001 40.200000000000003 0.050000000000000003
      vertex 155.40000000000001 40.200000000000003 0.050000000000000003
      vertex 155.40000000000001 60 0.050000000000000003
    endloop
  endfacet
  facet normal 0 0 1
    outer loop
      vertex 150.40000000000001 40.200000000000003 0.050000000000000003
      vertex 155.40000000000001 60 0.050000000000000003
      vertex 150.40000000000001 60 0.050000000000000003
    endloop
  endfacet
  facet normal 0 -0.24253562503632445 0.9701425001453341
    outer loop
      vertex 153.40000000000001 60.120000000000005 0.080000000000000016
      vertex 150.40000000000001 60 0.050000000000000003
      vertex 155.40000000000001 60 0.050000000000000003
    endloop
  endfacet
  facet normal 0 -0.24253562503632442 0.9701425001453341
    outer loop
      vertex 153.40000000000001 60.120000000000005 0.080000000000000016
      vertex 155.40000000000001 60 0.050000000000000003
      vertex 155.40000000000001 60.120000000000005 0.080000000000000016
    endloop
  endfacet
  facet normal 0 -0.24253562503632445 0.9701425001453341
    outer loop
      vertex 150.40000000000001 60.120000000000005 0.080000000000000016
      vertex 150.40000000000001 60 0.050000000000000003
      vertex 153.40000000000001 60.120000000000005 0.080000000000000016
    endloop
  endfacet
  facet normal 0 0.44721359549996537 0.89442719099991208
    outer loop
      vertex 153.40000000000001 80.120000000000005 0.040000000000000036
      vertex 151.40000000000001 80.040000000000006 0.080000000000000016
      vertex 155.40000000000001 80.040000000000006 0.080000000000000016
    endloop
  endfacet
  facet normal -0 0.44721359549996537 0.89442719099991208
    outer loop
      vertex 153.40000000000001 80.120000000000005 0.040000000000000036
      vertex 155.40000000000001 80.040000000000006 0.080000000000000016
      vertex 155.40000000000001 80.120000000000005 0.040000000000000036
    endloop
  endfacet
  facet normal 0 0.44721359549996537 0.89442719099991208
    outer loop
      vertex 150.40000000000001 80.120000000000005 0.040000000000000036
      vertex 150.40000000000001 80.040000000000006 0.080000000000000016
      vertex 151.40000000000001 80.040000000000006 0.080000000000000016
    endloop
  endfacet
  facet normal -0 0.44721359549996537 0.89442719099991208
    outer loop
      vertex 150.40000000000001 80.120000000000005 0.040000000000000036
      vertex 151.40000000000001 80.040000000000006 0.080000000000000016
      vertex 153.40000000000001 80.120000000000005 0.040000000000000036
    endloop
  endfacet
  facet normal 0 0 1
    outer loop
      vertex 155.40000000000001 -100 0.050000000000000003
      vertex 155.59999999999999 -100 0.050000000000000003
      vertex 155.59999999999999 -80.200000000000003 0.050000000000000003
    endloop
  endfacet
  facet normal 0 0 1
    outer loop
      vertex 155.40000000000001 -100 0.050000000000000003
      vertex 155.59999999999999 -80.200000000000003 0.050000000000000003
      vertex 155.40000000000001 -80.200000000000003 0.050000000000000003
    endloop
  endfacet
  facet normal 0 -0.44721359549994455 0.89442719099992263
    outer loop
      vertex 155.46000000000001 -80.140000000000001 0.080000000000000016
      vertex 155.40000000000001 -80.200000000000003 0.050000000000000003
      vertex 155.59999999999999 -80.200000000000003 0.050000000000000003
    endloop
  endfacet
  facet normal 0 -0.44721359549994449 0.89442719099992252
    outer loop
      vertex 155.46000000000001 -80.140000000000001 0.080000000000000016
      vertex 155.59999999999999 -80.200000000000003 0.050000000000000003
      vertex 155.59999999999999 -80.140000000000001 0.080000000000000016
    endloop
  endfacet
  facet normal 0 -0.44721359549994455 0.89442719099992252
    outer loop
      vertex 155.40000000000001 -80.140000000000001 0.080000000000000016
      vertex 155.40000000000001 -80.200000000000003 0.050000000000000003
      vertex 155.46000000000001 -80.140000000000001 0.080000000000000016
    endloop
  endfacet
  facet normal -0 0.24253562503632442 0.9701425001453341
    outer loop
      vertex 155.47999999999999 -40.120000000000005 0.080000000000000016
      vertex 155.59999999999999 -40.120000000000005 0.080000000000000016
      vertex 155.59999999999999 -40 0.050000000000000003
    endloop
  endfacet
  facet normal -0 0.24253562503632445 0.9701425001453341
    outer loop
      vertex 155.40000000000001 -40.120000000000005 0.080000000000000016
      vertex 155.47999999999999 -40.120000000000005 0.080000000000000016
      vertex 155.59999999999999 -40 0.050000000000000003
    endloop
  endfacet
  facet normal 0 0.24253562503632442 0.97014250014533399
    outer loop
      vertex 155.40000000000001 -40.120000000000005 0.080000000000000016
      vertex 155.59999999999999 -40 0.050000000000000003
      vertex 155.40000000000001 -40 0.050000000000000003
    endloop
  endfacet
  facet normal 0 0 1
    outer loop
      vertex 155.40000000000001 -40 0.050000000000000003
      vertex 155.59999999999999 -40 0.050000000000000003
      vertex 155.59999999999999 -20.199999999999999 0.050000000000000003
    endloop
  endfacet
  facet normal 0 0 1
    outer loop
      vertex 155.40000000000001 -40 0.050000000000000003
      vertex 155.59999999999999 -20.199999999999999 0.050000000000000003
      vertex 155.40000000000001 -20.199999999999999 0.050000000000000003
    endloop
  endfacet
  facet normal 0 -0.44721359549996575 0.89442719099991197
    outer loop
      vertex 155.46000000000001 -20.140000000000001 0.080000000000000016
      vertex 155.40000000000001 -20.199999999999999 0.050000000000000003
      vertex 155.59999999999999 -20.199999999999999 0.050000000000000003
    endloop
  endfacet
  facet normal 0 -0.44721359549996575 0.89442719099991197
    outer loop
      vertex 155.46000000000001 -20.140000000000001 0.080000000000000016
      vertex 155.59999999999999 -20.199999999999999 0.050000000000000003
      vertex 155.59999999999999 -20.140000000000001 0.080000000000000016
    endloop
  endfacet
  facet normal 0 -0.44721359549996575 0.89442719099991208
    outer loop
      vertex 155.40000000000001 -20.140000000000001 0.080000000000000016
      vertex 155.40000000000001 -20.199999999999999 0.050000000000000003
      vertex 155.46000000000001 -20.140000000000001 0.080000000000000016
    endloop
  endfacet
  facet normal -0 0.24253562503632442 0.9701425001453341
    outer loop
      vertex 155.47999999999999 40.079999999999998 0.080000000000000016
      vertex 155.59999999999999 40.079999999999998 0.080000000000000016
      vertex 155.59999999999999 40.200000000000003 0.050000000000000003
    endloop
  endfacet
  facet normal -0 0.24253562503632445 0.9701425001453341
    outer loop
      vertex 155.40000000000001 40.079999999999998 0.080000000000000016
      vertex 155.47999999999999 40.079999999999998 0.080000000000000016
      vertex 155.59999999999999 40.200000000000003 0.050000000000000003
    endloop
  endfacet
  facet normal 0 0.24253562503632442 0.97014250014533399
    outer loop
      vertex 155.40000000000001 40.079999999999998 0.080000000000000016
      vertex 155.59999999999999 40.200000000000003 0.050000000000000003
      vertex 155.40000000000001 40.200000000000003 0.050000000000000003
    endloop
  endfacet
  facet normal 0 0 1
    outer loop
      vertex 155.40000000000001 40.200000000000003 0.050000000000000003
      vertex 155.59999999999999 40.200000000000003 0.050000000000000003
      vertex 155.59999999999999 60 0.050000000000000003
    endloop
  endfacet
  facet normal 0 0 1
    outer loop
      vertex 155.40000000000001 40.200000000000003 0.050000000000000003
      vertex 155.59999999999999 60 0.050000000000000003
      vertex 155.40000000000001 60 0.050000000000000003
    endloop
  endfacet
  facet normal 0 -0.2425356250363245 0.9701425001453341
    outer loop
      vertex 155.52000000000001 60.120000000000005 0.080000000000000016
      vertex 155.40000000000001 60 0.050000000000000003
      vertex 155.59999999999999 60 0.050000000000000003
    endloop
  endfacet
  facet normal 0 -0.24253562503632445 0.9701425001453341
    outer loop
      vertex 155.52000000000001 60.120000000000005 0.080000000000000016
      vertex 155.59999999999999 60 0.050000000000000003
      vertex 155.59999999999999 60.120000000000005 0.080000000000000016
    endloop
  endfacet
  facet normal 0 -0.24253562503632442 0.9701425001453341
    outer loop
      vertex 155.40000000000001 60.120000000000005 0.080000000000000016
      vertex 155.40000000000001 60 0.050000000000000003
      vertex 155.52000000000001 60.120000000000005 0.080000000000000016
    endloop
  endfacet
  facet normal 0 0.44721359549996542 0.89442719099991219
    outer loop
      vertex 155.52000000000001 80.120000000000005 0.040000000000000036
      vertex 155.44 80.040000000000006 0.080000000000000016
      vertex 155.59999999999999 80.040000000000006 0.080000000000000016
    endloop
  endfacet
  facet normal -0 0.44721359549996537 0.89442719099991208
    outer loop
      vertex 155.52000000000001 80.120000000000005 0.040000000000000036
      vertex 155.59999999999999 80.040000000000006 0.080000000000000016
      vertex 155.59999999999999 80.120000000000005 0.040000000000000036
    endloop
  endfacet
  facet normal 0 0.44721359549996537 0.89442719099991208
    outer loop
      vertex 155.40000000000001 80.120000000000005 0.040000000000000036
      vertex 155.40000000000001 80.040000000000006 0.080000000000000016
      vertex 155.44 80.040000000000006 0.080000000000000016
    endloop
  endfacet
  facet normal -0 0.44721359549996542 0.89442719099991219
    outer loop
      vertex 155.40000000000001 80.120000000000005 0.040000000000000036
      vertex 155.44 80.040000000000006 0.080000000000000016
      vertex 155.52000000000001 80.120000000000005 0.040000000000000036
    endloop
  endfacet
  facet normal 0.2425356250363776 0 0.97014250014532066
    outer loop
      vertex 155.63999999999999 -96.04000000000002 0.040000000000000036
      vertex 155.59999999999999 -100 0.050000000000000003
      vertex 155.63999999999999 -100 0.040000000000000036
    endloop
  endfacet
  facet normal 0.24253562503637766 0 0.97014250014532077
    outer loop
      vertex 155.59999999999999 -100 0.050000000000000003
      vertex 155.63999999999999 -96.04000000000002 0.040000000000000036
      vertex 155.63999999999999 -80.200000000000003 0.040000000000000036
    endloop
  endfacet
  facet normal 0.24253562503637766 -0 0.97014250014532077
    outer loop
      vertex 155.59999999999999 -100 0.050000000000000003
      vertex 155.63999999999999 -80.200000000000003 0.040000000000000036
      vertex 155.59999999999999 -80.200000000000003 0.050000000000000003
    endloop
  endfacet
  facet normal 0.24253562503637766 0 0.97014250014532077
    outer loop
      vertex 155.63999999999999 -80.159999999999997 0.040000000000000036
      vertex 155.59999999999999 -80.200000000000003 0.050000000000000003
      vertex 155.63999999999999 -80.200000000000003 0.040000000000000036
    endloop
  endfacet
  facet normal 0.55708601453126483 -0.37139067635405981 0.74278135270814738
    outer loop
      vertex 155.59999999999999 -80.140000000000001 0.080000000000000016
      vertex 155.59999999999999 -80.200000000000003 0.050000000000000003
      vertex 155.63999999999999 -80.159999999999997 0.040000000000000036
    endloop
  endfacet
  facet normal 0.55708601453118922 -0.37139067635419221 0.74278135270813794
    outer loop
      vertex 155.59999999999999 -80.140000000000001 0.080000000000000016
      vertex 155.63999999999999 -80.159999999999997 0.040000000000000036
      vertex 155.74666666666667 -80 0.040000000000000036
    endloop
  endfacet
  facet normal 0.5570860145311074 -0.37139067635407164 0.74278135270825973
    outer loop
      vertex 155.59999999999999 -80.140000000000001 0.080000000000000016
      vertex 155.74666666666667 -80 0.040000000000000036
      vertex 155.69333333333333 -80 0.080000000000000016
    endloop
  endfacet
  facet normal 0.5999999999999398 0 0.80000000000004523
    outer loop
      vertex 155.74666666666667 -65.480000000000004 0.040000000000000036
      vertex 155.69333333333333 -70.760000000000005 0.080000000000000016
      vertex 155.69333333333333 -80 0.080000000000000016
    endloop
  endfacet
  facet normal 0.5999999999999398 0 0.80000000000004523
    outer loop
      vertex 155.74666666666667 -65.480000000000004 0.040000000000000036
      vertex 155.69333333333333 -80 0.080000000000000016
      vertex 155.74666666666667 -80 0.040000000000000036
    endloop
  endfacet
  facet normal 0.5999999999999398 0 0.80000000000004523
    outer loop
      vertex 155.69333333333333 -70.760000000000005 0.080000000000000016
      vertex 155.74666666666667 -65.480000000000004 0.040000000000000036
      vertex 155.74666666666667 -60.200000000000003 0.040000000000000036
    endloop
  endfacet
  facet normal 0.5999999999999398 -0 0.80000000000004523
    outer loop
      vertex 155.69333333333333 -70.760000000000005 0.080000000000000016
      vertex 155.74666666666667 -60.200000000000003 0.040000000000000036
      vertex 155.69333333333333 -60.200000000000003 0.080000000000000016
    endloop
  endfacet
  facet normal 0.59999999999993969 0 0.80000000000004512
    outer loop
      vertex 155.74666666666667 -60.053333333333335 0.040000000000000036
      vertex 155.69333333333333 -60.106666666666669 0.080000000000000016
      vertex 155.69333333333333 -60.200000000000003 0.080000000000000016
    endloop
  endfacet
  facet normal 0.5999999999999398 0 0.80000000000004523
    outer loop
      vertex 155.74666666666667 -60.053333333333335 0.040000000000000036
      vertex 155.69333333333333 -60.200000000000003 0.080000000000000016
      vertex 155.74666666666667 -60.200000000000003 0.040000000000000036
    endloop
  endfacet
  facet normal 0.43643578047192993 0.21821789023599403 0.87287156094399665
    outer loop
      vertex 155.69333333333333 -60.106666666666669 0.080000000000000016
      vertex 155.74666666666667 -60.053333333333335 0.040000000000000036
      vertex 155.72 -60 0.040000000000000036
    endloop
  endfacet
  facet normal 0.43643578047192993 0.21821789023599403 0.87287156094399665
    outer loop
      vertex 155.69333333333333 -60.106666666666669 0.080000000000000016
      vertex 155.72 -60 0.040000000000000036
      vertex 155.63999999999999 -60 0.080000000000000016
    endloop
  endfacet
  facet normal 0.44721359549990169 0 0.89442719099994383
    outer loop
      vertex 155.72 -48.120000000000012 0.040000000000000036
      vertex 155.63999999999999 -56.040000000000006 0.080000000000000016
      vertex 155.63999999999999 -60 0.080000000000000016
    endloop
  endfacet
  facet normal 0.44721359549990181 0 0.89442719099994394
    outer loop
      vertex 155.72 -48.120000000000012 0.040000000000000036
      vertex 155.63999999999999 -60 0.080000000000000016
      vertex 155.72 -60 0.040000000000000036
    endloop
  endfacet
  facet normal 0.44721359549990186 0 0.89442719099994406
    outer loop
      vertex 155.63999999999999 -56.039999999999999 0.080000000000000016
      vertex 155.72 -48.120000000000005 0.040000000000000036
      vertex 155.72 -40.200000000000003 0.040000000000000036
    endloop
  endfacet
  facet normal 0.44721359549990186 -0 0.89442719099994394
    outer loop
      vertex 155.63999999999999 -56.039999999999999 0.080000000000000016
      vertex 155.72 -40.200000000000003 0.040000000000000036
      vertex 155.63999999999999 -40.200000000000003 0.080000000000000016
    endloop
  endfacet
  facet normal 0.44721359549990175 0 0.89442719099994394
    outer loop
      vertex 155.72 -40.079999999999998 0.040000000000000036
      vertex 155.63999999999999 -40.160000000000004 0.080000000000000016
      vertex 155.63999999999999 -40.200000000000003 0.080000000000000016
    endloop
  endfacet
  facet normal 0.44721359549990181 0 0.89442719099994383
    outer loop
      vertex 155.72 -40.079999999999998 0.040000000000000036
      vertex 155.63999999999999 -40.200000000000003 0.080000000000000016
      vertex 155.72 -40.200000000000003 0.040000000000000036
    endloop
  endfacet
  facet normal 0.23570226039551323 0.23570226039547135 0.94280904158207512
    outer loop
      vertex 155.59999999999999 -40.120000000000005 0.080000000000000016
      vertex 155.63999999999999 -40.160000000000004 0.080000000000000016
      vertex 155.72 -40.079999999999998 0.040000000000000036
    endloop
  endfacet
  facet normal 0.23570226039548997 0.23570226039553185 0.94280904158206591
    outer loop
      vertex 155.59999999999999 -40.120000000000005 0.080000000000000016
      vertex 155.72 -40.079999999999998 0.040000000000000036
      vertex 155.63999999999999 -40 0.040000000000000036
    endloop
  endfacet
  facet normal 0.23570226039555986 0.23570226039550496 0.94280904158205503
    outer loop
      vertex 155.59999999999999 -40.120000000000005 0.080000000000000016
      vertex 155.63999999999999 -40 0.040000000000000036
      vertex 155.59999999999999 -40 0.050000000000000003
    endloop
  endfacet
  facet normal 0.24253562503637766 0 0.97014250014532077
    outer loop
      vertex 155.63999999999999 -36.040000000000013 0.040000000000000036
      vertex 155.59999999999999 -40 0.050000000000000003
      vertex 155.63999999999999 -40 0.040000000000000036
    endloop
  endfacet
  facet normal 0.24253562503637766 0 0.97014250014532066
    outer loop
      vertex 155.59999999999999 -40 0.050000000000000003
      vertex 155.63999999999999 -36.040000000000013 0.040000000000000036
      vertex 155.63999999999999 -20.199999999999999 0.040000000000000036
    endloop
  endfacet
  facet normal 0.24253562503637766 -0 0.97014250014532077
    outer loop
      vertex 155.59999999999999 -40 0.050000000000000003
      vertex 155.63999999999999 -20.199999999999999 0.040000000000000036
      vertex 155.59999999999999 -20.199999999999999 0.050000000000000003
    endloop
  endfacet
  facet normal 0.24253562503637766 0 0.97014250014532077
    outer loop
      vertex 155.63999999999999 -20.16 0.040000000000000036
      vertex 155.59999999999999 -20.199999999999999 0.050000000000000003
      vertex 155.63999999999999 -20.199999999999999 0.040000000000000036
    endloop
  endfacet
  facet normal 0.55708601453123008 -0.37139067635408785 0.74278135270815959
    outer loop
      vertex 155.59999999999999 -20.140000000000001 0.080000000000000016
      vertex 155.59999999999999 -20.199999999999999 0.050000000000000003
      vertex 155.63999999999999 -20.16 0.040000000000000036
    endloop
  endfacet
  facet normal 0.55708601453117901 -0.37139067635417711 0.74278135270815304
    outer loop
      vertex 155.59999999999999 -20.140000000000001 0.080000000000000016
      vertex 155.63999999999999 -20.16 0.040000000000000036
      vertex 155.74666666666667 -20 0.040000000000000036
    endloop
  endfacet
  facet normal 0.5570860145311074 -0.37139067635407164 0.74278135270825973
    outer loop
      vertex 155.59999999999999 -20.140000000000001 0.080000000000000016
      vertex 155.74666666666667 -20 0.040000000000000036
      vertex 155.69333333333333 -20 0.080000000000000016
    endloop
  endfacet
  facet normal 0.5999999999999398 0 0.80000000000004501
    outer loop
      vertex 155.74666666666667 -12.813333333333336 0.040000000000000036
      vertex 155.69333333333333 -15.426666666666668 0.080000000000000016
      vertex 155.69333333333333 -20 0.080000000000000016
    endloop
  endfacet
  facet normal 0.5999999999999398 0 0.80000000000004512
    outer loop
      vertex 155.74666666666667 -12.813333333333336 0.040000000000000036
      vertex 155.69333333333333 -20 0.080000000000000016
      vertex 155.74666666666667 -20 0.040000000000000036
    endloop
  endfacet
  facet normal 0.59999999999993969 0 0.80000000000004523
    outer loop
      vertex 155.69333333333333 -15.426666666666668 0.080000000000000016
      vertex 155.74666666666667 -12.813333333333336 0.040000000000000036
      vertex 155.74666666666667 -10.199999999999999 0.040000000000000036
    endloop
  endfacet
  facet normal 0.5999999999999398 -0 0.80000000000004512
    outer loop
      vertex 155.69333333333333 -15.426666666666668 0.080000000000000016
      vertex 155.74666666666667 -10.199999999999999 0.040000000000000036
      vertex 155.69333333333333 -10.199999999999999 0.080000000000000016
    endloop
  endfacet
  facet normal 0.5999999999999398 0 0.80000000000004512
    outer loop
      vertex 155.74666666666667 -10.053333333333333 0.040000000000000036
      vertex 155.69333333333333 -10.106666666666666 0.080000000000000016
      vertex 155.69333333333333 -10.199999999999999 0.080000000000000016
    endloop
  endfacet
  facet normal 0.5999999999999398 0 0.80000000000004512
    outer loop
      vertex 155.74666666666667 -10.053333333333333 0.040000000000000036
      vertex 155.69333333333333 -10.199999999999999 0.080000000000000016
      vertex 155.74666666666667 -10.199999999999999 0.040000000000000036
    endloop
  endfacet
  facet normal 0.69631062382283238 -0.17407765595592264 0.69631062382269415
    outer loop
      vertex 155.69333333333333 -10.106666666666666 0.080000000000000016
      vertex 155.74666666666667 -10.053333333333333 0.040000000000000036
      vertex 155.76000000000002 -10 0.040000000000000036
    endloop
  endfacet
  facet normal 0.69631062382283238 -0.17407765595592262 0.69631062382269415
    outer loop
      vertex 155.69333333333333 -10.106666666666666 0.080000000000000016
      vertex 155.76000000000002 -10 0.040000000000000036
      vertex 155.72000000000003 -10 0.080000000000000016
    endloop
  endfacet
  facet normal 0.70710678118661763 0 0.7071067811864773
    outer loop
      vertex 155.76000000000002 -2.0000000000000018 0.040000000000000036
      vertex 155.72000000000003 -4.0000000000000009 0.080000000000000016
      vertex 155.72000000000003 -10 0.080000000000000016
    endloop
  endfacet
  facet normal 0.70710678118661774 0 0.70710678118647741
    outer loop
      vertex 155.76000000000002 -2.0000000000000018 0.040000000000000036
      vertex 155.72000000000003 -10 0.080000000000000016
      vertex 155.76000000000002 -10 0.040000000000000036
    endloop
  endfacet
  facet normal 0.70710678118661774 0 0.70710678118647741
    outer loop
      vertex 155.72000000000003 -4.0000000000000009 0.080000000000000016
      vertex 155.76000000000002 -2.0000000000000018 0.040000000000000036
      vertex 155.76000000000002 0 0.040000000000000036
    endloop
  endfacet
  facet normal 0.70710678118661763 -0 0.7071067811864773
    outer loop
      vertex 155.72000000000003 -4.0000000000000009 0.080000000000000016
      vertex 155.76000000000002 0 0.040000000000000036
      vertex 155.72000000000003 0 0.080000000000000016
    endloop
  endfacet
  facet normal 0.70710678118661763 0 0.7071067811864773
    outer loop
      vertex 155.76000000000002 0.15999999999999998 0.040000000000000036
      vertex 155.72000000000003 0.12 0.080000000000000016
      vertex 155.72000000000003 0 0.080000000000000016
    endloop
  endfacet
  facet normal 0.70710678118661763 0 0.70710678118647741
    outer loop
      vertex 155.76000000000002 0.15999999999999998 0.040000000000000036
      vertex 155.72000000000003 0 0.080000000000000016
      vertex 155.76000000000002 0 0.040000000000000036
    endloop
  endfacet
  facet normal 0.40824829046378575 0.4082482904639943 0.81649658092769895
    outer loop
      vertex 155.72000000000003 0.12 0.080000000000000016
      vertex 155.76000000000002 0.15999999999999998 0.040000000000000036
      vertex 155.72 0.20000000000000001 0.040000000000000036
    endloop
  endfacet
  facet normal 0.40824829046378547 0.4082482904639943 0.81649658092769906
    outer loop
      vertex 155.72000000000003 0.12 0.080000000000000016
      vertex 155.72 0.20000000000000001 0.040000000000000036
      vertex 155.63999999999999 0.20000000000000001 0.080000000000000016
    endloop
  endfacet
  facet normal 0.44721359549990181 0 0.89442719099994383
    outer loop
      vertex 155.72 6.0799999999999965 0.040000000000000036
      vertex 155.63999999999999 2.1599999999999993 0.080000000000000016
      vertex 155.63999999999999 0.20000000000000001 0.080000000000000016
    endloop
  endfacet
  facet normal 0.44721359549990181 0 0.89442719099994383
    outer loop
      vertex 155.72 6.0799999999999965 0.040000000000000036
      vertex 155.63999999999999 0.20000000000000001 0.080000000000000016
      vertex 155.72 0.20000000000000001 0.040000000000000036
    endloop
  endfacet
  facet normal 0.44721359549990181 0 0.89442719099994394
    outer loop
      vertex 155.63999999999999 2.1599999999999993 0.080000000000000016
      vertex 155.72 6.0799999999999974 0.040000000000000036
      vertex 155.72 10 0.040000000000000036
    endloop
  endfacet
  facet normal 0.44721359549990181 -0 0.89442719099994383
    outer loop
      vertex 155.63999999999999 2.1599999999999993 0.080000000000000016
      vertex 155.72 10 0.040000000000000036
      vertex 155.63999999999999 10 0.080000000000000016
    endloop
  endfacet
  facet normal 0.44721359549990181 0 0.89442719099994394
    outer loop
      vertex 155.72 10.119999999999999 0.040000000000000036
      vertex 155.63999999999999 10.039999999999999 0.080000000000000016
      vertex 155.63999999999999 10 0.080000000000000016
    endloop
  endfacet
  facet normal 0.44721359549990181 0 0.89442719099994383
    outer loop
      vertex 155.72 10.119999999999999 0.040000000000000036
      vertex 155.63999999999999 10 0.080000000000000016
      vertex 155.72 10 0.040000000000000036
    endloop
  endfacet
  facet normal 0.58834840541449174 -0.19611613513819437 0.78446454055277881
    outer loop
      vertex 155.63999999999999 10.039999999999999 0.080000000000000016
      vertex 155.72 10.119999999999999 0.040000000000000036
      vertex 155.74666666666667 10.199999999999999 0.040000000000000036
    endloop
  endfacet
  facet normal 0.58834840541449185 -0.1961161351381944 0.7844645405527787
    outer loop
      vertex 155.63999999999999 10.039999999999999 0.080000000000000016
      vertex 155.74666666666667 10.199999999999999 0.040000000000000036
      vertex 155.69333333333333 10.199999999999999 0.080000000000000016
    endloop
  endfacet
  facet normal 0.5999999999999398 0 0.80000000000004501
    outer loop
      vertex 155.74666666666667 17.386666666666663 0.040000000000000036
      vertex 155.69333333333333 14.773333333333332 0.080000000000000016
      vertex 155.69333333333333 10.199999999999999 0.080000000000000016
    endloop
  endfacet
  facet normal 0.5999999999999398 0 0.80000000000004512
    outer loop
      vertex 155.74666666666667 17.386666666666663 0.040000000000000036
      vertex 155.69333333333333 10.199999999999999 0.080000000000000016
      vertex 155.74666666666667 10.199999999999999 0.040000000000000036
    endloop
  endfacet
  facet normal 0.59999999999993969 0 0.80000000000004523
    outer loop
      vertex 155.69333333333333 14.773333333333332 0.080000000000000016
      vertex 155.74666666666667 17.386666666666663 0.040000000000000036
      vertex 155.74666666666667 20 0.040000000000000036
    endloop
  endfacet
  facet normal 0.5999999999999398 -0 0.80000000000004512
    outer loop
      vertex 155.69333333333333 14.773333333333332 0.080000000000000016
      vertex 155.74666666666667 20 0.040000000000000036
      vertex 155.69333333333333 20 0.080000000000000016
    endloop
  endfacet
  facet normal 0.59999999999993991 0 0.80000000000004512
    outer loop
      vertex 155.74666666666667 20.146666666666665 0.040000000000000036
      vertex 155.69333333333333 20.093333333333334 0.080000000000000016
      vertex 155.69333333333333 20 0.080000000000000016
    endloop
  endfacet
  facet normal 0.5999999999999398 0 0.80000000000004512
    outer loop
      vertex 155.74666666666667 20.146666666666665 0.040000000000000036
      vertex 155.69333333333333 20 0.080000000000000016
      vertex 155.74666666666667 20 0.040000000000000036
    endloop
  endfacet
  facet normal 0.43643578047193726 0.21821789023599769 0.87287156094399199
    outer loop
      vertex 155.69333333333333 20.093333333333334 0.080000000000000016
      vertex 155.74666666666667 20.146666666666665 0.040000000000000036
      vertex 155.72 20.199999999999999 0.040000000000000036
    endloop
  endfacet
  facet normal 0.43643578047192916 0.21821789023600091 0.8728715609439951
    outer loop
      vertex 155.69333333333333 20.093333333333334 0.080000000000000016
      vertex 155.72 20.199999999999999 0.040000000000000036
      vertex 155.63999999999999 20.199999999999999 0.080000000000000016
    endloop
  endfacet
  facet normal 0.44721359549990181 0 0.89442719099994372
    outer loop
      vertex 155.72 32.079999999999991 0.040000000000000036
      vertex 155.63999999999999 24.159999999999997 0.080000000000000016
      vertex 155.63999999999999 20.199999999999999 0.080000000000000016
    endloop
  endfacet
  facet normal 0.44721359549990186 0 0.89442719099994394
    outer loop
      vertex 155.72 32.079999999999991 0.040000000000000036
      vertex 155.63999999999999 20.199999999999999 0.080000000000000016
      vertex 155.72 20.199999999999999 0.040000000000000036
    endloop
  endfacet
  facet normal 0.44721359549990175 0 0.89442719099994383
    outer loop
      vertex 155.63999999999999 24.159999999999997 0.080000000000000016
      vertex 155.72 32.079999999999991 0.040000000000000036
      vertex 155.72 40 0.040000000000000036
    endloop
  endfacet
  facet normal 0.44721359549990181 -0 0.89442719099994383
    outer loop
      vertex 155.63999999999999 24.159999999999997 0.080000000000000016
      vertex 155.72 40 0.040000000000000036
      vertex 155.63999999999999 40 0.080000000000000016
    endloop
  endfacet
  facet normal 0.44721359549990175 0 0.89442719099994394
    outer loop
      vertex 155.72 40.120000000000005 0.040000000000000036
      vertex 155.63999999999999 40.039999999999999 0.080000000000000016
      vertex 155.63999999999999 40 0.080000000000000016
    endloop
  endfacet
  facet normal 0.44721359549990181 0 0.89442719099994383
    outer loop
      vertex 155.72 40.120000000000005 0.040000000000000036
      vertex 155.63999999999999 40 0.080000000000000016
      vertex 155.72 40 0.040000000000000036
    endloop
  endfacet
  facet normal 0.23570226039551323 0.23570226039547135 0.94280904158207512
    outer loop
      vertex 155.59999999999999 40.079999999999998 0.080000000000000016
      vertex 155.63999999999999 40.039999999999999 0.080000000000000016
      vertex 155.72 40.120000000000005 0.040000000000000036
    endloop
  endfacet
  facet normal 0.23570226039548997 0.23570226039553185 0.94280904158206591
    outer loop
      vertex 155.59999999999999 40.079999999999998 0.080000000000000016
      vertex 155.72 40.120000000000005 0.040000000000000036
      vertex 155.63999999999999 40.200000000000003 0.040000000000000036
    endloop
  endfacet
  facet normal 0.23570226039555986 0.23570226039550496 0.94280904158205503
    outer loop
      vertex 155.59999999999999 40.079999999999998 0.080000000000000016
      vertex 155.63999999999999 40.200000000000003 0.040000000000000036
      vertex 155.59999999999999 40.200000000000003 0.050000000000000003
    endloop
  endfacet
  facet normal 0.24253562503637766 0 0.97014250014532077
    outer loop
      vertex 155.63999999999999 44.159999999999989 0.040000000000000036
      vertex 155.59999999999999 40.200000000000003 0.050000000000000003
      vertex 155.63999999999999 40.200000000000003 0.040000000000000036
    endloop
  endfacet
  facet normal 0.24253562503637766 0 0.97014250014532066
    outer loop
      vertex 155.59999999999999 40.200000000000003 0.050000000000000003
      vertex 155.63999999999999 44.159999999999989 0.040000000000000036
      vertex 155.63999999999999 60 0.040000000000000036
    endloop
  endfacet
  facet normal 0.24253562503637766 -0 0.97014250014532077
    outer loop
      vertex 155.59999999999999 40.200000000000003 0.050000000000000003
      vertex 155.63999999999999 60 0.040000000000000036
      vertex 155.59999999999999 60 0.050000000000000003
    endloop
  endfacet
  facet normal 0.24253562503637766 0 0.97014250014532077
    outer loop
      vertex 155.63999999999999 60.039999999999999 0.040000000000000036
      vertex 155.59999999999999 60 0.050000000000000003
      vertex 155.63999999999999 60 0.040000000000000036
    endloop
  endfacet
  facet normal 0.4364357804720449 -0.21821789023597765 0.87287156094394325
    outer loop
      vertex 155.59999999999999 60.120000000000005 0.080000000000000016
      vertex 155.59999999999999 60 0.050000000000000003
      vertex 155.63999999999999 60.039999999999999 0.040000000000000036
    endloop
  endfacet
  facet normal 0.43643578047198156 -0.21821789023601981 0.87287156094396434
    outer loop
      vertex 155.59999999999999 60.120000000000005 0.080000000000000016
      vertex 155.63999999999999 60.039999999999999 0.040000000000000036
      vertex 155.72 60.200000000000003 0.040000000000000036
    endloop
  endfacet
  facet normal 0.43643578047193632 -0.21821789023592941 0.87287156094400942
    outer loop
      vertex 155.59999999999999 60.120000000000005 0.080000000000000016
      vertex 155.72 60.200000000000003 0.040000000000000036
      vertex 155.63999999999999 60.200000000000003 0.080000000000000016
    endloop
  endfacet
  facet normal 0.44721359549990169 0 0.89442719099994383
    outer loop
      vertex 155.72 72.079999999999998 0.040000000000000036
      vertex 155.63999999999999 64.159999999999997 0.080000000000000016
      vertex 155.63999999999999 60.200000000000003 0.080000000000000016
    endloop
  endfacet
  facet normal 0.44721359549990181 0 0.89442719099994394
    outer loop
      vertex 155.72 72.079999999999998 0.040000000000000036
      vertex 155.63999999999999 60.200000000000003 0.080000000000000016
      vertex 155.72 60.200000000000003 0.040000000000000036
    endloop
  endfacet
  facet normal 0.44721359549990181 0 0.89442719099994383
    outer loop
      vertex 155.63999999999999 64.159999999999997 0.080000000000000016
      vertex 155.72 72.079999999999998 0.040000000000000036
      vertex 155.72 80 0.040000000000000036
    endloop
  endfacet
  facet normal 0.44721359549990181 -0 0.89442719099994383
    outer loop
      vertex 155.63999999999999 64.159999999999997 0.080000000000000016
      vertex 155.72 80 0.040000000000000036
      vertex 155.63999999999999 80 0.080000000000000016
    endloop
  endfacet
  facet normal 0.44721359549990175 0 0.89442719099994383
    outer loop
      vertex 155.72 80.120000000000005 0.040000000000000036
      vertex 155.63999999999999 80.040000000000006 0.080000000000000016
      vertex 155.63999999999999 80 0.080000000000000016
    endloop
  endfacet
  facet normal 0.44721359549990181 0 0.89442719099994383
    outer loop
      vertex 155.72 80.120000000000005 0.040000000000000036
      vertex 155.63999999999999 80 0.080000000000000016
      vertex 155.72 80 0.040000000000000036
    endloop
  endfacet
  facet normal 0 0.44721359549996537 0.89442719099991208
    outer loop
      vertex 155.59999999999999 80.120000000000005 0.040000000000000036
      vertex 155.59999999999999 80.040000000000006 0.080000000000000016
      vertex 155.63999999999999 80.040000000000006 0.080000000000000016
    endloop
  endfacet
  facet normal -0 0.44721359549996542 0.89442719099991219
    outer loop
      vertex 155.59999999999999 80.120000000000005 0.040000000000000036
      vertex 155.63999999999999 80.040000000000006 0.080000000000000016
      vertex 155.72 80.120000000000005 0.040000000000000036
    endloop
  endfacet
  facet normal 0 -0.24253562503633297 0.97014250014533188
    outer loop
      vertex 171.96000000000001 0.16000000000000014 0.040000000000000036
      vertex 172 0.16000000000000014 0.040000000000000036
      vertex 172 0.20000000000000001 0.050000000000000003
    endloop
  endfacet
  facet normal -0.24253562503637766 0 0.97014250014532077
    outer loop
      vertex 171.96000000000001 0.16000000000000014 0.040000000000000036
      vertex 172 0.20000000000000001 0.050000000000000003
      vertex 171.96000000000001 0.20000000000000001 0.040000000000000036
    endloop
  endfacet
  facet normal -0.24253562503637763 0 0.97014250014532077
    outer loop
      vertex 171.96000000000001 8.0400000000000063 0.040000000000000036
      vertex 171.96000000000001 0.20000000000000001 0.040000000000000036
      vertex 172 0.20000000000000001 0.050000000000000003
    endloop
  endfacet
  facet normal -0.2425356250363776 0 0.97014250014532066
    outer loop
      vertex 171.96000000000001 8.0400000000000063 0.040000000000000036
      vertex 172 0.20000000000000001 0.050000000000000003
      vertex 172 10 0.050000000000000003
    endloop
  endfacet
  facet normal -0.24253562503637768 0 0.97014250014532077
    outer loop
      vertex 171.96000000000001 8.040000000000008 0.040000000000000036
      vertex 172 10 0.050000000000000003
      vertex 171.96000000000001 10 0.040000000000000036
    endloop
  endfacet
  facet normal -0.23570226039548095 -0.23570226039551756 0.94280904158207168
    outer loop
      vertex 171.96000000000001 10.16 0.080000000000000016
      vertex 171.88 10.08 0.040000000000000036
      vertex 171.96000000000001 10 0.040000000000000036
    endloop
  endfacet
  facet normal -0.23570226039555944 -0.23570226039551295 0.94280904158205314
    outer loop
      vertex 171.96000000000001 10.16 0.080000000000000016
      vertex 171.96000000000001 10 0.040000000000000036
      vertex 172 10 0.050000000000000003
    endloop
  endfacet
  facet normal -0.23570226039556674 -0.2357022603955144 0.94280904158205092
    outer loop
      vertex 171.96000000000001 10.16 0.080000000000000016
      vertex 172 10 0.050000000000000003
      vertex 172 10.119999999999999 0.080000000000000016
    endloop
  endfacet
  facet normal -0.44721359549990181 0 0.89442719099994394
    outer loop
      vertex 171.88 10.08 0.040000000000000036
      vertex 171.96000000000001 10.16 0.080000000000000016
      vertex 171.96000000000001 10.199999999999999 0.080000000000000016
    endloop
  endfacet
  facet normal -0.44721359549990181 0 0.89442719099994383
    outer loop
      vertex 171.88 10.08 0.040000000000000036
      vertex 171.96000000000001 10.199999999999999 0.080000000000000016
      vertex 171.88 10.199999999999999 0.040000000000000036
    endloop
  endfacet
  facet normal -0.44721359549990186 0 0.89442719099994394
    outer loop
      vertex 171.96000000000001 18.039999999999999 0.080000000000000016
      vertex 171.88 14.120000000000003 0.040000000000000036
      vertex 171.88 10.199999999999999 0.040000000000000036
    endloop
  endfacet
  facet normal -0.44721359549990186 0 0.89442719099994406
    outer loop
      vertex 171.96000000000001 18.039999999999999 0.080000000000000016
      vertex 171.88 10.199999999999999 0.040000000000000036
      vertex 171.96000000000001 10.199999999999999 0.080000000000000016
    endloop
  endfacet
  facet normal -0.44721359549990181 0 0.89442719099994394
    outer loop
      vertex 171.88 14.120000000000003 0.040000000000000036
      vertex 171.96000000000001 18.039999999999999 0.080000000000000016
      vertex 171.96000000000001 20 0.080000000000000016
    endloop
  endfacet
  facet normal -0.44721359549990186 0 0.89442719099994394
    outer loop
      vertex 171.88 14.120000000000003 0.040000000000000036
      vertex 171.96000000000001 20 0.080000000000000016
      vertex 171.88 20 0.040000000000000036
    endloop
  endfacet
  facet normal -0.43643578047192944 0.21821789023599861 0.87287156094399565
    outer loop
      vertex 171.96000000000001 20.16 0.040000000000000036
      vertex 171.88 20 0.040000000000000036
      vertex 171.96000000000001 20 0.080000000000000016
    endloop
  endfacet
  facet normal -0.43643578047204712 0.21821789023598476 0.87287156094394025
    outer loop
      vertex 171.96000000000001 20.16 0.040000000000000036
      vertex 171.96000000000001 20 0.080000000000000016
      vertex 172 20.079999999999998 0.080000000000000016
    endloop
  endfacet
  facet normal -0.43643578047204951 0.21821789023598315 0.87287156094393936
    outer loop
      vertex 171.96000000000001 20.16 0.040000000000000036
      vertex 172 20.079999999999998 0.080000000000000016
      vertex 172 20.199999999999999 0.050000000000000003
    endloop
  endfacet
  facet normal -0.24253562503637766 0 0.97014250014532077
    outer loop
      vertex 171.96000000000001 20.16 0.040000000000000036
      vertex 172 20.199999999999999 0.050000000000000003
      vertex 171.96000000000001 20.199999999999999 0.040000000000000036
    endloop
  endfacet
  facet normal -0.24253562503637766 0 0.97014250014532066
    outer loop
      vertex 171.96000000000001 36.040000000000013 0.040000000000000036
      vertex 171.96000000000001 20.199999999999999 0.040000000000000036
      vertex 172 20.199999999999999 0.050000000000000003
    endloop
  endfacet
  facet normal -0.24253562503637766 0 0.97014250014532066
    outer loop
      vertex 171.96000000000001 36.040000000000013 0.040000000000000036
      vertex 172 20.199999999999999 0.050000000000000003
      vertex 172 40 0.050000000000000003
    endloop
  endfacet
  facet normal -0.24253562503637766 0 0.97014250014532077
    outer loop
      vertex 171.96000000000001 36.040000000000013 0.040000000000000036
      vertex 172 40 0.050000000000000003
      vertex 171.96000000000001 40 0.040000000000000036
    endloop
  endfacet
  facet normal -0.21821789023603094 -0.43643578047200376 0.87287156094395046
    outer loop
      vertex 171.90666666666667 40.106666666666669 0.080000000000000016
      vertex 171.85333333333335 40.053333333333335 0.040000000000000036
      vertex 171.96000000000001 40 0.040000000000000036
    endloop
  endfacet
  facet normal -0.21821789023603036 -0.43643578047200343 0.8728715609439508
    outer loop
      vertex 171.90666666666667 40.106666666666669 0.080000000000000016
      vertex 171.96000000000001 40 0.040000000000000036
      vertex 172 40 0.050000000000000003
    endloop
  endfacet
  facet normal -0.21821789023598612 -0.43643578047197223 0.87287156094397733
    outer loop
      vertex 171.90666666666667 40.106666666666669 0.080000000000000016
      vertex 172 40 0.050000000000000003
      vertex 172 40.060000000000002 0.080000000000000016
    endloop
  endfacet
  facet normal -0.60000000000014442 0 0.7999999999998918
    outer loop
      vertex 171.85333333333335 40.053333333333335 0.040000000000000036
      vertex 171.90666666666667 40.106666666666669 0.080000000000000016
      vertex 171.90666666666667 40.200000000000003 0.080000000000000016
    endloop
  endfacet
  facet normal -0.60000000000014442 0 0.79999999999989169
    outer loop
      vertex 171.85333333333335 40.053333333333335 0.040000000000000036
      vertex 171.90666666666667 40.200000000000003 0.080000000000000016
      vertex 171.85333333333335 40.200000000000003 0.040000000000000036
    endloop
  endfacet
  facet normal -0.60000000000014442 0 0.79999999999989169
    outer loop
      vertex 171.90666666666667 50.760000000000005 0.080000000000000016
      vertex 171.85333333333335 45.480000000000004 0.040000000000000036
      vertex 171.85333333333335 40.200000000000003 0.040000000000000036
    endloop
  endfacet
  facet normal -0.60000000000014442 0 0.79999999999989169
    outer loop
      vertex 171.90666666666667 50.760000000000005 0.080000000000000016
      vertex 171.85333333333335 40.200000000000003 0.040000000000000036
      vertex 171.90666666666667 40.200000000000003 0.080000000000000016
    endloop
  endfacet
  facet normal -0.60000000000014442 0 0.7999999999998918
    outer loop
      vertex 171.85333333333335 45.480000000000004 0.040000000000000036
      vertex 171.90666666666667 50.760000000000005 0.080000000000000016
      vertex 171.90666666666667 60 0.080000000000000016
    endloop
  endfacet
  facet normal -0.60000000000014442 0 0.79999999999989169
    outer loop
      vertex 171.85333333333335 45.480000000000004 0.040000000000000036
      vertex 171.90666666666667 60 0.080000000000000016
      vertex 171.85333333333335 60 0.040000000000000036
    endloop
  endfacet
  facet normal -0.55708601453128137 0.37139067635413814 0.74278135270809598
    outer loop
      vertex 171.96000000000001 60.160000000000004 0.040000000000000036
      vertex 171.85333333333335 60 0.040000000000000036
      vertex 171.90666666666667 60 0.080000000000000016
    endloop
  endfacet
  facet normal -0.55708601453118933 0.37139067635412615 0.74278135270817103
    outer loop
      vertex 171.96000000000001 60.160000000000004 0.040000000000000036
      vertex 171.90666666666667 60 0.080000000000000016
      vertex 172 60.140000000000001 0.080000000000000016
    endloop
  endfacet
  facet normal -0.55708601453121953 0.37139067635407347 0.74278135270817469
    outer loop
      vertex 171.96000000000001 60.160000000000004 0.040000000000000036
      vertex 172 60.140000000000001 0.080000000000000016
      vertex 172 60.200000000000003 0.050000000000000003
    endloop
  endfacet
  facet normal -0.24253562503637766 0 0.97014250014532077
    outer loop
      vertex 171.96000000000001 60.160000000000004 0.040000000000000036
      vertex 172 60.200000000000003 0.050000000000000003
      vertex 171.96000000000001 60.200000000000003 0.040000000000000036
    endloop
  endfacet
  facet normal -0.24253562503637766 0 0.97014250014532077
    outer loop
      vertex 171.96000000000001 76.04000000000002 0.040000000000000036
      vertex 171.96000000000001 60.200000000000003 0.040000000000000036
      vertex 172 60.200000000000003 0.050000000000000003
    endloop
  endfacet
  facet normal -0.24253562503637766 0 0.97014250014532077
    outer loop
      vertex 171.96000000000001 76.04000000000002 0.040000000000000036
      vertex 172 60.200000000000003 0.050000000000000003
      vertex 172 80 0.050000000000000003
    endloop
  endfacet
  facet normal -0.2425356250363776 0 0.97014250014532066
    outer loop
      vertex 171.96000000000001 76.04000000000002 0.040000000000000036
      vertex 172 80 0.050000000000000003
      vertex 171.96000000000001 80 0.040000000000000036
    endloop
  endfacet
  facet normal -0.24253562503637766 0 0.97014250014532077
    outer loop
      vertex 171.96000000000001 80.159999999999997 0.040000000000000036
      vertex 171.96000000000001 80 0.040000000000000036
      vertex 172 80 0.050000000000000003
    endloop
  endfacet
  facet normal -0.24253562503637763 0 0.97014250014532066
    outer loop
      vertex 171.96000000000001 80.159999999999997 0.040000000000000036
      vertex 172 80 0.050000000000000003
      vertex 172 80.200000000000003 0.050000000000000003
    endloop
  endfacet
  facet normal -0.24253562503637766 0 0.97014250014532077
    outer loop
      vertex 171.96000000000001 80.159999999999997 0.040000000000000036
      vertex 172 80.200000000000003 0.050000000000000003
      vertex 171.96000000000001 80.200000000000003 0.040000000000000036
    endloop
  endfacet
  facet normal -0.24253562503637766 0 0.97014250014532077
    outer loop
      vertex 171.96000000000001 96.04000000000002 0.040000000000000036
      vertex 171.96000000000001 80.200000000000003 0.040000000000000036
      vertex 172 80.200000000000003 0.050000000000000003
    endloop
  endfacet
  facet normal -0.24253562503637766 0 0.97014250014532077
    outer loop
      vertex 171.96000000000001 96.04000000000002 0.040000000000000036
      vertex 172 80.200000000000003 0.050000000000000003
      vertex 172 100 0.050000000000000003
    endloop
  endfacet
  facet normal -0.2425356250363776 0 0.97014250014532066
    outer loop
      vertex 171.96000000000001 96.04000000000002 0.040000000000000036
      vertex 172 100 0.050000000000000003
      vertex 171.96000000000001 100 0.040000000000000036
    endloop
  endfacet
  facet normal 0 -0.24253562503633297 0.97014250014533188
    outer loop
      vertex 172.16 0.16000000000000014 0.040000000000000036
      vertex 172.19999999999999 0.16000000000000014 0.040000000000000036
      vertex 172.19999999999999 0.20000000000000001 0.050000000000000003
    endloop
  endfacet
  facet normal 0 -0.24253562503633297 0.97014250014533188
    outer loop
      vertex 172 0.16000000000000014 0.040000000000000036
      vertex 172.16 0.16000000000000014 0.040000000000000036
      vertex 172.19999999999999 0.20000000000000001 0.050000000000000003
    endloop
  endfacet
  facet normal 0 -0.24253562503633297 0.97014250014533188
    outer loop
      vertex 172 0.16000000000000014 0.040000000000000036
      vertex 172.19999999999999 0.20000000000000001 0.050000000000000003
      vertex 172 0.20000000000000001 0.050000000000000003
    endloop
  endfacet
  facet normal 0 0 1
    outer loop
      vertex 172 0.20000000000000001 0.050000000000000003
      vertex 172.19999999999999 0.20000000000000001 0.050000000000000003
      vertex 172.19999999999999 10 0.050000000000000003
    endloop
  endfacet
  facet normal 0 0 1
    outer loop
      vertex 172 0.20000000000000001 0.050000000000000003
      vertex 172.19999999999999 10 0.050000000000000003
      vertex 172 10 0.050000000000000003
    endloop
  endfacet
  facet normal 0 -0.24253562503633455 0.97014250014533154
    outer loop
      vertex 172.12 10.119999999999999 0.080000000000000016
      vertex 172 10 0.050000000000000003
      vertex 172.19999999999999 10 0.050000000000000003
    endloop
  endfacet
  facet normal 0 -0.24253562503633458 0.97014250014533143
    outer loop
      vertex 172.12 10.119999999999999 0.080000000000000016
      vertex 172.19999999999999 10 0.050000000000000003
      vertex 172.19999999999999 10.119999999999999 0.080000000000000016
    endloop
  endfacet
  facet normal 0 -0.24253562503633455 0.97014250014533154
    outer loop
      vertex 172 10.119999999999999 0.080000000000000016
      vertex 172 10 0.050000000000000003
      vertex 172.12 10.119999999999999 0.080000000000000016
    endloop
  endfacet
  facet normal -0 0.24253562503633114 0.97014250014533232
    outer loop
      vertex 172.07999999999998 20.079999999999998 0.080000000000000016
      vertex 172.19999999999999 20.079999999999998 0.080000000000000016
      vertex 172.19999999999999 20.199999999999999 0.050000000000000003
    endloop
  endfacet
  facet normal -0 0.24253562503633122 0.97014250014533243
    outer loop
      vertex 172 20.079999999999998 0.080000000000000016
      vertex 172.07999999999998 20.079999999999998 0.080000000000000016
      vertex 172.19999999999999 20.199999999999999 0.050000000000000003
    endloop
  endfacet
  facet normal 0 0.24253562503633119 0.97014250014533232
    outer loop
      vertex 172 20.079999999999998 0.080000000000000016
      vertex 172.19999999999999 20.199999999999999 0.050000000000000003
      vertex 172 20.199999999999999 0.050000000000000003
    endloop
  endfacet
  facet normal 0 0 1
    outer loop
      vertex 172 20.199999999999999 0.050000000000000003
      vertex 172.19999999999999 20.199999999999999 0.050000000000000003
      vertex 172.19999999999999 40 0.050000000000000003
    endloop
  endfacet
  facet normal 0 0 1
    outer loop
      vertex 172 20.199999999999999 0.050000000000000003
      vertex 172.19999999999999 40 0.050000000000000003
      vertex 172 40 0.050000000000000003
    endloop
  endfacet
  facet normal 0 -0.44721359549994455 0.89442719099992263
    outer loop
      vertex 172.06 40.060000000000002 0.080000000000000016
      vertex 172 40 0.050000000000000003
      vertex 172.19999999999999 40 0.050000000000000003
    endloop
  endfacet
  facet normal 0 -0.44721359549994449 0.89442719099992252
    outer loop
      vertex 172.06 40.060000000000002 0.080000000000000016
      vertex 172.19999999999999 40 0.050000000000000003
      vertex 172.19999999999999 40.060000000000002 0.080000000000000016
    endloop
  endfacet
  facet normal 0 -0.44721359549994455 0.89442719099992252
    outer loop
      vertex 172 40.060000000000002 0.080000000000000016
      vertex 172 40 0.050000000000000003
      vertex 172.06 40.060000000000002 0.080000000000000016
    endloop
  endfacet
  facet normal -0 0.44721359549994455 0.89442719099992252
    outer loop
      vertex 172.13999999999999 60.140000000000001 0.080000000000000016
      vertex 172.19999999999999 60.140000000000001 0.080000000000000016
      vertex 172.19999999999999 60.200000000000003 0.050000000000000003
    endloop
  endfacet
  facet normal -0 0.44721359549994449 0.89442719099992252
    outer loop
      vertex 172 60.140000000000001 0.080000000000000016
      vertex 172.13999999999999 60.140000000000001 0.080000000000000016
      vertex 172.19999999999999 60.200000000000003 0.050000000000000003
    endloop
  endfacet
  facet normal 0 0.44721359549994455 0.89442719099992263
    outer loop
      vertex 172 60.140000000000001 0.080000000000000016
      vertex 172.19999999999999 60.200000000000003 0.050000000000000003
      vertex 172 60.200000000000003 0.050000000000000003
    endloop
  endfacet
  facet normal 0 0 1
    outer loop
      vertex 172 60.200000000000003 0.050000000000000003
      vertex 172.19999999999999 60.200000000000003 0.050000000000000003
      vertex 172.19999999999999 80 0.050000000000000003
    endloop
  endfacet
  facet normal 0 0 1
    outer loop
      vertex 172 60.200000000000003 0.050000000000000003
      vertex 172.19999999999999 80 0.050000000000000003
      vertex 172 80 0.050000000000000003
    endloop
  endfacet
  facet normal 0 0 1
    outer loop
      vertex 172 80 0.050000000000000003
      vertex 172.19999999999999 80 0.050000000000000003
      vertex 172.19999999999999 80.200000000000003 0.050000000000000003
    endloop
  endfacet
  facet normal 0 0 1
    outer loop
      vertex 172 80 0.050000000000000003
      vertex 172.19999999999999 80.200000000000003 0.050000000000000003
      vertex 172 80.200000000000003 0.050000000000000003
    endloop
  endfacet
  facet normal 0 0 1
    outer loop
      vertex 172 80.200000000000003 0.050000000000000003
      vertex 172.19999999999999 80.200000000000003 0.050000000000000003
      vertex 172.19999999999999 100 0.050000000000000003
    endloop
  endfacet
  facet normal 0 0 1
    outer loop
      vertex 172 80.200000000000003 0.050000000000000003
      vertex 172.19999999999999 100 0.050000000000000003
      vertex 172 100 0.050000000000000003
    endloop
  endfacet
  facet normal 0.23570226039555942 -0.23570226039551329 0.94280904158205314
    outer loop
      vertex 172.19999999999999 0.16000000000000014 0.040000000000000036
      vertex 172.23999999999998 0.20000000000000001 0.040000000000000036
      vertex 172.19999999999999 0.20000000000000001 0.050000000000000003
    endloop
  endfacet
  facet normal 0.24253562503637763 0 0.97014250014532077
    outer loop
      vertex 172.23999999999998 2.1599999999999921 0.040000000000000036
      vertex 172.19999999999999 0.20000000000000001 0.050000000000000003
      vertex 172.23999999999998 0.20000000000000001 0.040000000000000036
    endloop
  endfacet
  facet normal 0.24253562503637763 0 0.97014250014532077
    outer loop
      vertex 172.19999999999999 0.20000000000000001 0.050000000000000003
      vertex 172.23999999999998 2.1599999999999939 0.040000000000000036
      vertex 172.23999999999998 10 0.040000000000000036
    endloop
  endfacet
  facet normal 0.24253562503637763 -0 0.97014250014532066
    outer loop
      vertex 172.19999999999999 0.20000000000000001 0.050000000000000003
      vertex 172.23999999999998 10 0.040000000000000036
      vertex 172.19999999999999 10 0.050000000000000003
    endloop
  endfacet
  facet normal 0.24253562503637766 0 0.97014250014532077
    outer loop
      vertex 172.23999999999998 10.039999999999999 0.040000000000000036
      vertex 172.19999999999999 10 0.050000000000000003
      vertex 172.23999999999998 10 0.040000000000000036
    endloop
  endfacet
  facet normal 0.43643578047205184 -0.21821789023598595 0.87287156094393759
    outer loop
      vertex 172.19999999999999 10.119999999999999 0.080000000000000016
      vertex 172.19999999999999 10 0.050000000000000003
      vertex 172.23999999999998 10.039999999999999 0.040000000000000036
    endloop
  endfacet
  facet normal 0.4364357804719885 -0.21821789023602814 0.87287156094395879
    outer loop
      vertex 172.19999999999999 10.119999999999999 0.080000000000000016
      vertex 172.23999999999998 10.039999999999999 0.040000000000000036
      vertex 172.31999999999999 10.199999999999999 0.040000000000000036
    endloop
  endfacet
  facet normal 0.43643578047193682 -0.21821789023592478 0.87287156094401031
    outer loop
      vertex 172.19999999999999 10.119999999999999 0.080000000000000016
      vertex 172.31999999999999 10.199999999999999 0.040000000000000036
      vertex 172.23999999999998 10.199999999999999 0.080000000000000016
    endloop
  endfacet
  facet normal 0.44721359549990186 0 0.89442719099994394
    outer loop
      vertex 172.31999999999999 16.079999999999995 0.040000000000000036
      vertex 172.23999999999998 12.159999999999998 0.080000000000000016
      vertex 172.23999999999998 10.199999999999999 0.080000000000000016
    endloop
  endfacet
  facet normal 0.44721359549990186 0 0.89442719099994406
    outer loop
      vertex 172.31999999999999 16.079999999999995 0.040000000000000036
      vertex 172.23999999999998 10.199999999999999 0.080000000000000016
      vertex 172.31999999999999 10.199999999999999 0.040000000000000036
    endloop
  endfacet
  facet normal 0.44721359549990197 0 0.89442719099994394
    outer loop
      vertex 172.23999999999998 12.159999999999998 0.080000000000000016
      vertex 172.31999999999999 16.079999999999998 0.040000000000000036
      vertex 172.31999999999999 20 0.040000000000000036
    endloop
  endfacet
  facet normal 0.44721359549990186 -0 0.89442719099994383
    outer loop
      vertex 172.23999999999998 12.159999999999998 0.080000000000000016
      vertex 172.31999999999999 20 0.040000000000000036
      vertex 172.23999999999998 20 0.080000000000000016
    endloop
  endfacet
  facet normal 0.44721359549990203 0 0.89442719099994394
    outer loop
      vertex 172.31999999999999 20.120000000000001 0.040000000000000036
      vertex 172.23999999999998 20.039999999999999 0.080000000000000016
      vertex 172.23999999999998 20 0.080000000000000016
    endloop
  endfacet
  facet normal 0.44721359549990192 0 0.89442719099994394
    outer loop
      vertex 172.31999999999999 20.120000000000001 0.040000000000000036
      vertex 172.23999999999998 20 0.080000000000000016
      vertex 172.31999999999999 20 0.040000000000000036
    endloop
  endfacet
  facet normal 0.23570226039551789 0.23570226039547601 0.94280904158207279
    outer loop
      vertex 172.19999999999999 20.079999999999998 0.080000000000000016
      vertex 172.23999999999998 20.039999999999999 0.080000000000000016
      vertex 172.31999999999999 20.120000000000001 0.040000000000000036
    endloop
  endfacet
  facet normal 0.23570226039549461 0.23570226039553646 0.94280904158206358
    outer loop
      vertex 172.19999999999999 20.079999999999998 0.080000000000000016
      vertex 172.31999999999999 20.120000000000001 0.040000000000000036
      vertex 172.23999999999998 20.199999999999999 0.040000000000000036
    endloop
  endfacet
  facet normal 0.23570226039555955 0.23570226039551154 0.94280904158205348
    outer loop
      vertex 172.19999999999999 20.079999999999998 0.080000000000000016
      vertex 172.23999999999998 20.199999999999999 0.040000000000000036
      vertex 172.19999999999999 20.199999999999999 0.050000000000000003
    endloop
  endfacet
  facet normal 0.24253562503637766 0 0.97014250014532077
    outer loop
      vertex 172.23999999999998 24.159999999999986 0.040000000000000036
      vertex 172.19999999999999 20.199999999999999 0.050000000000000003
      vertex 172.23999999999998 20.199999999999999 0.040000000000000036
    endloop
  endfacet
  facet normal 0.24253562503637766 0 0.97014250014532066
    outer loop
      vertex 172.19999999999999 20.199999999999999 0.050000000000000003
      vertex 172.23999999999998 24.159999999999986 0.040000000000000036
      vertex 172.23999999999998 40 0.040000000000000036
    endloop
  endfacet
  facet normal 0.24253562503637766 -0 0.97014250014532077
    outer loop
      vertex 172.19999999999999 20.199999999999999 0.050000000000000003
      vertex 172.23999999999998 40 0.040000000000000036
      vertex 172.19999999999999 40 0.050000000000000003
    endloop
  endfacet
  facet normal 0.24253562503637766 0 0.97014250014532077
    outer loop
      vertex 172.23999999999998 40.039999999999999 0.040000000000000036
      vertex 172.19999999999999 40 0.050000000000000003
      vertex 172.23999999999998 40 0.040000000000000036
    endloop
  endfacet
  facet normal 0.55708601453121942 -0.37139067635407347 0.74278135270817469
    outer loop
      vertex 172.19999999999999 40.060000000000002 0.080000000000000016
      vertex 172.19999999999999 40 0.050000000000000003
      vertex 172.23999999999998 40.039999999999999 0.040000000000000036
    endloop
  endfacet
  facet normal 0.55708601453116879 -0.37139067635416206 0.74278135270816847
    outer loop
      vertex 172.19999999999999 40.060000000000002 0.080000000000000016
      vertex 172.23999999999998 40.039999999999999 0.040000000000000036
      vertex 172.34666666666666 40.200000000000003 0.040000000000000036
    endloop
  endfacet
  facet normal 0.5570860145311074 -0.37139067635407164 0.74278135270825973
    outer loop
      vertex 172.19999999999999 40.060000000000002 0.080000000000000016
      vertex 172.34666666666666 40.200000000000003 0.040000000000000036
      vertex 172.29333333333332 40.200000000000003 0.080000000000000016
    endloop
  endfacet
  facet normal 0.5999999999999398 0 0.80000000000004523
    outer loop
      vertex 172.34666666666666 54.719999999999999 0.040000000000000036
      vertex 172.29333333333332 49.439999999999998 0.080000000000000016
      vertex 172.29333333333332 40.200000000000003 0.080000000000000016
    endloop
  endfacet
  facet normal 0.5999999999999398 0 0.80000000000004523
    outer loop
      vertex 172.34666666666666 54.719999999999999 0.040000000000000036
      vertex 172.29333333333332 40.200000000000003 0.080000000000000016
      vertex 172.34666666666666 40.200000000000003 0.040000000000000036
    endloop
  endfacet
  facet normal 0.5999999999999398 0 0.80000000000004523
    outer loop
      vertex 172.29333333333332 49.439999999999998 0.080000000000000016
      vertex 172.34666666666666 54.719999999999999 0.040000000000000036
      vertex 172.34666666666666 60 0.040000000000000036
    endloop
  endfacet
  facet normal 0.5999999999999398 -0 0.80000000000004523
    outer loop
      vertex 172.29333333333332 49.439999999999998 0.080000000000000016
      vertex 172.34666666666666 60 0.040000000000000036
      vertex 172.29333333333332 60 0.080000000000000016
    endloop
  endfacet
  facet normal 0.59999999999993969 0 0.80000000000004512
    outer loop
      vertex 172.34666666666666 60.146666666666668 0.040000000000000036
      vertex 172.29333333333332 60.093333333333334 0.080000000000000016
      vertex 172.29333333333332 60 0.080000000000000016
    endloop
  endfacet
  facet normal 0.5999999999999398 0 0.80000000000004523
    outer loop
      vertex 172.34666666666666 60.146666666666668 0.040000000000000036
      vertex 172.29333333333332 60 0.080000000000000016
      vertex 172.34666666666666 60 0.040000000000000036
    endloop
  endfacet
  facet normal 0.21821789023598107 0.43643578047196213 0.87287156094398355
    outer loop
      vertex 172.19999999999999 60.140000000000001 0.080000000000000016
      vertex 172.29333333333332 60.093333333333334 0.080000000000000016
      vertex 172.34666666666666 60.146666666666668 0.040000000000000036
    endloop
  endfacet
  facet normal 0.21821789023597363 0.43643578047200554 0.87287156094396368
    outer loop
      vertex 172.19999999999999 60.140000000000001 0.080000000000000016
      vertex 172.34666666666666 60.146666666666668 0.040000000000000036
      vertex 172.23999999999998 60.200000000000003 0.040000000000000036
    endloop
  endfacet
  facet normal 0.21821789023603458 0.43643578047196746 0.87287156094396756
    outer loop
      vertex 172.19999999999999 60.140000000000001 0.080000000000000016
      vertex 172.23999999999998 60.200000000000003 0.040000000000000036
      vertex 172.19999999999999 60.200000000000003 0.050000000000000003
    endloop
  endfacet
  facet normal 0.2425356250363776 0 0.97014250014532066
    outer loop
      vertex 172.23999999999998 64.159999999999982 0.040000000000000036
      vertex 172.19999999999999 60.200000000000003 0.050000000000000003
      vertex 172.23999999999998 60.200000000000003 0.040000000000000036
    endloop
  endfacet
  facet normal 0.24253562503637766 0 0.97014250014532066
    outer loop
      vertex 172.19999999999999 60.200000000000003 0.050000000000000003
      vertex 172.23999999999998 64.159999999999997 0.040000000000000036
      vertex 172.23999999999998 80 0.040000000000000036
    endloop
  endfacet
  facet normal 0.24253562503637766 -0 0.97014250014532077
    outer loop
      vertex 172.19999999999999 60.200000000000003 0.050000000000000003
      vertex 172.23999999999998 80 0.040000000000000036
      vertex 172.19999999999999 80 0.050000000000000003
    endloop
  endfacet
  facet normal 0.24253562503637766 0 0.97014250014532077
    outer loop
      vertex 172.23999999999998 80.040000000000006 0.040000000000000036
      vertex 172.19999999999999 80 0.050000000000000003
      vertex 172.23999999999998 80 0.040000000000000036
    endloop
  endfacet
  facet normal 0.2425356250363776 0 0.97014250014532077
    outer loop
      vertex 172.19999999999999 80 0.050000000000000003
      vertex 172.23999999999998 80.040000000000006 0.040000000000000036
      vertex 172.23999999999998 80.200000000000003 0.040000000000000036
    endloop
  endfacet
  facet normal 0.24253562503637763 -0 0.97014250014532066
    outer loop
      vertex 172.19999999999999 80 0.050000000000000003
      vertex 172.23999999999998 80.200000000000003 0.040000000000000036
      vertex 172.19999999999999 80.200000000000003 0.050000000000000003
    endloop
  endfacet
  facet normal 0.2425356250363776 0 0.97014250014532066
    outer loop
      vertex 172.23999999999998 84.159999999999982 0.040000000000000036
      vertex 172.19999999999999 80.200000000000003 0.050000000000000003
      vertex 172.23999999999998 80.200000000000003 0.040000000000000036
    endloop
  endfacet
  facet normal 0.24253562503637766 0 0.97014250014532066
    outer loop
      vertex 172.19999999999999 80.200000000000003 0.050000000000000003
      vertex 172.23999999999998 84.159999999999997 0.040000000000000036
      vertex 172.23999999999998 100 0.040000000000000036
    endloop
  endfacet
  facet normal 0.24253562503637766 -0 0.97014250014532077
    outer loop
      vertex 172.19999999999999 80.200000000000003 0.050000000000000003
      vertex 172.23999999999998 100 0.040000000000000036
      vertex 172.19999999999999 100 0.050000000000000003
    endloop
  endfacet
  facet normal 0.0079997440122891571 -0.59998080092159289 0.79997440122870289
    outer loop
      vertex 176.40000000000001 -80.040000000000006 0.080000000000000016
      vertex 174.40000000000001 -80.120000000000005 0.040000000000000036
      vertex 177.40000000000001 -80.079999999999998 0.040000000000000036
    endloop
  endfacet
  facet normal 0.0079997440122891571 -0.599980800921593 0.799974401228703
    outer loop
      vertex 176.40000000000001 -80.040000000000006 0.080000000000000016
      vertex 177.40000000000001 -80.079999999999998 0.040000000000000036
      vertex 177.40000000000001 -80.026666666666671 0.080000000000000016
    endloop
  endfacet
  facet normal -0.019996001199600124 0 0.99980005998000698
    outer loop
      vertex 174.40000000000001 -80.120000000000005 0.040000000000000036
      vertex 176.40000000000001 -80.040000000000006 0.080000000000000016
      vertex 176.40000000000001 -80 0.080000000000000016
    endloop
  endfacet
  facet normal -0.019996001199600131 0 0.99980005998000709
    outer loop
      vertex 174.40000000000001 -80.120000000000005 0.040000000000000036
      vertex 176.40000000000001 -80 0.080000000000000016
      vertex 174.40000000000001 -80 0.040000000000000036
    endloop
  endfacet
  facet normal -0.019996001199600131 0 0.99980005998000698
    outer loop
      vertex 176.40000000000001 -64.159999999999997 0.080000000000000016
      vertex 174.40000000000001 -72.079999999999998 0.040000000000000036
      vertex 174.40000000000001 -80 0.040000000000000036
    endloop
  endfacet
  facet normal -0.019996001199600131 0 0.99980005998000698
    outer loop
      vertex 176.40000000000001 -64.159999999999997 0.080000000000000016
      vertex 174.40000000000001 -80 0.040000000000000036
      vertex 176.40000000000001 -80 0.080000000000000016
    endloop
  endfacet
  facet normal -0.019996001199600127 0 0.99980005998000698
    outer loop
      vertex 174.40000000000001 -72.079999999999998 0.040000000000000036
      vertex 176.40000000000001 -64.159999999999997 0.080000000000000016
      vertex 176.40000000000001 -60.200000000000003 0.080000000000000016
    endloop
  endfacet
  facet normal -0.019996001199600127 0 0.99980005998000698
    outer loop
      vertex 174.40000000000001 -72.079999999999998 0.040000000000000036
      vertex 176.40000000000001 -60.200000000000003 0.080000000000000016
      vertex 174.40000000000001 -60.200000000000003 0.040000000000000036
    endloop
  endfacet
  facet normal -0.019399198732644195 0.24248998415804687 0.96995993663221036
    outer loop
      vertex 176.40000000000001 -60.039999999999999 0.040000000000000036
      vertex 174.40000000000001 -60.200000000000003 0.040000000000000036
      vertex 176.40000000000001 -60.200000000000003 0.080000000000000016
    endloop
  endfacet
  facet normal -0.019399198732643334 0.24248998415804687 0.96995993663221036
    outer loop
      vertex 176.40000000000001 -60.039999999999999 0.040000000000000036
      vertex 176.40000000000001 -60.200000000000003 0.080000000000000016
      vertex 177.40000000000001 -60.120000000000005 0.080000000000000016
    endloop
  endfacet
  facet normal -0.019399198732643622 0.24248998415804371 0.96995993663221114
    outer loop
      vertex 176.40000000000001 -60.039999999999999 0.040000000000000036
      vertex 177.40000000000001 -60.120000000000005 0.080000000000000016
      vertex 177.40000000000001 -60 0.050000000000000003
    endloop
  endfacet
  facet normal -0.0099995000374968439 0 0.99995000374968768
    outer loop
      vertex 176.40000000000001 -60.039999999999999 0.040000000000000036
      vertex 177.40000000000001 -60 0.050000000000000003
      vertex 176.40000000000001 -60 0.040000000000000036
    endloop
  endfacet
  facet normal -0.0099995000374968439 0 0.99995000374968757
    outer loop
      vertex 176.40000000000001 -44.159999999999989 0.040000000000000036
      vertex 176.40000000000001 -60 0.040000000000000036
      vertex 177.40000000000001 -60 0.050000000000000003
    endloop
  endfacet
  facet normal -0.0099995000374968439 0 0.99995000374968757
    outer loop
      vertex 176.40000000000001 -44.159999999999989 0.040000000000000036
      vertex 177.40000000000001 -60 0.050000000000000003
      vertex 177.40000000000001 -40.200000000000003 0.050000000000000003
    endloop
  endfacet
  facet normal -0.0099995000374968439 0 0.99995000374968757
    outer loop
      vertex 176.40000000000001 -44.159999999999989 0.040000000000000036
      vertex 177.40000000000001 -40.200000000000003 0.050000000000000003
      vertex 176.40000000000001 -40.200000000000003 0.040000000000000036
    endloop
  endfacet
  facet normal -0.0097009684960294284 -0.24252421240074087 0.97009684960298648
    outer loop
      vertex 176.40000000000001 -40.039999999999999 0.080000000000000016
      vertex 174.40000000000001 -40.120000000000005 0.040000000000000036
      vertex 176.40000000000001 -40.200000000000003 0.040000000000000036
    endloop
  endfacet
  facet normal -0.0097009684960298291 -0.24252421240074087 0.97009684960298648
    outer loop
      vertex 176.40000000000001 -40.039999999999999 0.080000000000000016
      vertex 176.40000000000001 -40.200000000000003 0.040000000000000036
      vertex 177.40000000000001 -40.200000000000003 0.050000000000000003
    endloop
  endfacet
  facet normal -0.0097009684960293035 -0.24252421240073774 0.97009684960298737
    outer loop
      vertex 176.40000000000001 -40.039999999999999 0.080000000000000016
      vertex 177.40000000000001 -40.200000000000003 0.050000000000000003
      vertex 177.40000000000001 -40.079999999999998 0.080000000000000016
    endloop
  endfacet
  facet normal -0.019996001199600124 0 0.99980005998000698
    outer loop
      vertex 174.40000000000001 -40.120000000000005 0.040000000000000036
      vertex 176.40000000000001 -40.039999999999999 0.080000000000000016
      vertex 176.40000000000001 -40 0.080000000000000016
    endloop
  endfacet
  facet normal -0.019996001199600131 0 0.99980005998000709
    outer loop
      vertex 174.40000000000001 -40.120000000000005 0.040000000000000036
      vertex 176.40000000000001 -40 0.080000000000000016
      vertex 174.40000000000001 -40 0.040000000000000036
    endloop
  endfacet
  facet normal -0.019996001199600131 0 0.99980005998000698
    outer loop
      vertex 176.40000000000001 -24.159999999999997 0.080000000000000016
      vertex 174.40000000000001 -32.079999999999991 0.040000000000000036
      vertex 174.40000000000001 -40 0.040000000000000036
    endloop
  endfacet
  facet normal -0.019996001199600131 0 0.99980005998000698
    outer loop
      vertex 176.40000000000001 -24.159999999999997 0.080000000000000016
      vertex 174.40000000000001 -40 0.040000000000000036
      vertex 176.40000000000001 -40 0.080000000000000016
    endloop
  endfacet
  facet normal -0.019996001199600131 0 0.99980005998000698
    outer loop
      vertex 174.40000000000001 -32.079999999999991 0.040000000000000036
      vertex 176.40000000000001 -24.159999999999997 0.080000000000000016
      vertex 176.40000000000001 -20.199999999999999 0.080000000000000016
    endloop
  endfacet
  facet normal -0.019996001199600131 0 0.99980005998000698
    outer loop
      vertex 174.40000000000001 -32.079999999999991 0.040000000000000036
      vertex 176.40000000000001 -20.199999999999999 0.080000000000000016
      vertex 174.40000000000001 -20.199999999999999 0.040000000000000036
    endloop
  endfacet
  facet normal -0.01939919873264417 0.24248998415805192 0.96995993663220903
    outer loop
      vertex 176.40000000000001 -20.039999999999999 0.040000000000000036
      vertex 174.40000000000001 -20.199999999999999 0.040000000000000036
      vertex 176.40000000000001 -20.199999999999999 0.080000000000000016
    endloop
  endfacet
  facet normal -0.019399198732643744 0.24248998415805192 0.96995993663220903
    outer loop
      vertex 176.40000000000001 -20.039999999999999 0.040000000000000036
      vertex 176.40000000000001 -20.199999999999999 0.080000000000000016
      vertex 177.40000000000001 -20.120000000000001 0.080000000000000016
    endloop
  endfacet
  facet normal -0.019399198732643876 0.24248998415805045 0.96995993663220947
    outer loop
      vertex 176.40000000000001 -20.039999999999999 0.040000000000000036
      vertex 177.40000000000001 -20.120000000000001 0.080000000000000016
      vertex 177.40000000000001 -20 0.050000000000000003
    endloop
  endfacet
  facet normal -0.0099995000374968439 0 0.99995000374968768
    outer loop
      vertex 176.40000000000001 -20.039999999999999 0.040000000000000036
      vertex 177.40000000000001 -20 0.050000000000000003
      vertex 176.40000000000001 -20 0.040000000000000036
    endloop
  endfacet
  facet normal -0.0099995000374968421 0 0.99995000374968757
    outer loop
      vertex 176.40000000000001 -12.159999999999993 0.040000000000000036
      vertex 176.40000000000001 -20 0.040000000000000036
      vertex 177.40000000000001 -20 0.050000000000000003
    endloop
  endfacet
  facet normal -0.0099995000374968439 0 0.99995000374968757
    outer loop
      vertex 176.40000000000001 -12.159999999999993 0.040000000000000036
      vertex 177.40000000000001 -20 0.050000000000000003
      vertex 177.40000000000001 -10.199999999999999 0.050000000000000003
    endloop
  endfacet
  facet normal -0.0099995000374968421 0 0.99995000374968757
    outer loop
      vertex 176.40000000000001 -12.159999999999993 0.040000000000000036
      vertex 177.40000000000001 -10.199999999999999 0.050000000000000003
      vertex 176.40000000000001 -10.199999999999999 0.040000000000000036
    endloop
  endfacet
  facet normal -0.0097009684960298465 -0.24252421240074595 0.97009684960298515
    outer loop
      vertex 176.40000000000001 -10.039999999999999 0.080000000000000016
      vertex 174.40000000000001 -10.119999999999999 0.040000000000000036
      vertex 176.40000000000001 -10.199999999999999 0.040000000000000036
    endloop
  endfacet
  facet normal -0.0097009684960298204 -0.24252421240074595 0.97009684960298515
    outer loop
      vertex 176.40000000000001 -10.039999999999999 0.080000000000000016
      vertex 176.40000000000001 -10.199999999999999 0.040000000000000036
      vertex 177.40000000000001 -10.199999999999999 0.050000000000000003
    endloop
  endfacet
  facet normal -0.0097009684960301396 -0.24252421240074787 0.9700968496029847
    outer loop
      vertex 176.40000000000001 -10.039999999999999 0.080000000000000016
      vertex 177.40000000000001 -10.199999999999999 0.050000000000000003
      vertex 177.40000000000001 -10.08 0.080000000000000016
    endloop
  endfacet
  facet normal -0.019996001199600131 0 0.99980005998000698
    outer loop
      vertex 174.40000000000001 -10.119999999999999 0.040000000000000036
      vertex 176.40000000000001 -10.039999999999999 0.080000000000000016
      vertex 176.40000000000001 -10 0.080000000000000016
    endloop
  endfacet
  facet normal -0.019996001199600131 0 0.99980005998000698
    outer loop
      vertex 174.40000000000001 -10.119999999999999 0.040000000000000036
      vertex 176.40000000000001 -10 0.080000000000000016
      vertex 174.40000000000001 -10 0.040000000000000036
    endloop
  endfacet
  facet normal -0.019996001199600131 0 0.99980005998000709
    outer loop
      vertex 176.40000000000001 -1.9999999999999987 0.080000000000000016
      vertex 174.40000000000001 -5.9999999999999964 0.040000000000000036
      vertex 174.40000000000001 -10 0.040000000000000036
    endloop
  endfacet
  facet normal -0.019996001199600131 0 0.99980005998000709
    outer loop
      vertex 176.40000000000001 -1.9999999999999987 0.080000000000000016
      vertex 174.40000000000001 -10 0.040000000000000036
      vertex 176.40000000000001 -10 0.080000000000000016
    endloop
  endfacet
  facet normal -0.019996001199600134 0 0.99980005998000709
    outer loop
      vertex 174.40000000000001 -5.9999999999999964 0.040000000000000036
      vertex 176.40000000000001 -1.9999999999999991 0.080000000000000016
      vertex 176.40000000000001 0 0.080000000000000016
    endloop
  endfacet
  facet normal -0.019996001199600131 0 0.99980005998000698
    outer loop
      vertex 174.40000000000001 -5.9999999999999964 0.040000000000000036
      vertex 176.40000000000001 0 0.080000000000000016
      vertex 174.40000000000001 0 0.040000000000000036
    endloop
  endfacet
  facet normal -0.017885682339724065 0.44714205849310185 0.89428411698620369
    outer loop
      vertex 174.40000000000001 0 0.040000000000000036
      vertex 176.40000000000001 0 0.080000000000000016
      vertex 177.40000000000001 0.03999999999999998 0.080000000000000016
    endloop
  endfacet
  facet normal -0.017885682339724065 0.44714205849310185 0.89428411698620369
    outer loop
      vertex 174.40000000000001 0 0.040000000000000036
      vertex 177.40000000000001 0.03999999999999998 0.080000000000000016
      vertex 177.40000000000001 0.11999999999999994 0.040000000000000036
    endloop
  endfacet
  facet normal 0 -0.60000000000004217 0.7999999999999684
    outer loop
      vertex 177.57333333333332 -80.026666666666671 0.080000000000000016
      vertex 177.52000000000001 -80.079999999999998 0.040000000000000036
      vertex 177.59999999999999 -80.079999999999998 0.040000000000000036
    endloop
  endfacet
  facet normal 0 -0.60000000000004206 0.7999999999999684
    outer loop
      vertex 177.57333333333332 -80.026666666666671 0.080000000000000016
      vertex 177.59999999999999 -80.079999999999998 0.040000000000000036
      vertex 177.59999999999999 -80.026666666666671 0.080000000000000016
    endloop
  endfacet
  facet normal 0 -0.60000000000004206 0.7999999999999684
    outer loop
      vertex 177.40000000000001 -80.026666666666671 0.080000000000000016
      vertex 177.40000000000001 -80.079999999999998 0.040000000000000036
      vertex 177.52000000000001 -80.079999999999998 0.040000000000000036
    endloop
  endfacet
  facet normal 0 -0.60000000000004206 0.7999999999999684
    outer loop
      vertex 177.40000000000001 -80.026666666666671 0.080000000000000016
      vertex 177.52000000000001 -80.079999999999998 0.040000000000000036
      vertex 177.57333333333332 -80.026666666666671 0.080000000000000016
    endloop
  endfacet
  facet normal -0 0.24253562503632442 0.9701425001453341
    outer loop
      vertex 177.47999999999999 -60.120000000000005 0.080000000000000016
      vertex 177.59999999999999 -60.120000000000005 0.080000000000000016
      vertex 177.59999999999999 -60 0.050000000000000003
    endloop
  endfacet
  facet normal -0 0.24253562503632445 0.9701425001453341
    outer loop
      vertex 177.40000000000001 -60.120000000000005 0.080000000000000016
      vertex 177.47999999999999 -60.120000000000005 0.080000000000000016
      vertex 177.59999999999999 -60 0.050000000000000003
    endloop
  endfacet
  facet normal 0 0.24253562503632442 0.97014250014533399
    outer loop
      vertex 177.40000000000001 -60.120000000000005 0.080000000000000016
      vertex 177.59999999999999 -60 0.050000000000000003
      vertex 177.40000000000001 -60 0.050000000000000003
    endloop
  endfacet
  facet normal 0 0 1
    outer loop
      vertex 177.40000000000001 -60 0.050000000000000003
      vertex 177.59999999999999 -60 0.050000000000000003
      vertex 177.59999999999999 -40.200000000000003 0.050000000000000003
    endloop
  endfacet
  facet normal 0 0 1
    outer loop
      vertex 177.40000000000001 -60 0.050000000000000003
      vertex 177.59999999999999 -40.200000000000003 0.050000000000000003
      vertex 177.40000000000001 -40.200000000000003 0.050000000000000003
    endloop
  endfacet
  facet normal 0 -0.2425356250363245 0.9701425001453341
    outer loop
      vertex 177.52000000000001 -40.079999999999998 0.080000000000000016
      vertex 177.40000000000001 -40.200000000000003 0.050000000000000003
      vertex 177.59999999999999 -40.200000000000003 0.050000000000000003
    endloop
  endfacet
  facet normal 0 -0.24253562503632445 0.9701425001453341
    outer loop
      vertex 177.52000000000001 -40.079999999999998 0.080000000000000016
      vertex 177.59999999999999 -40.200000000000003 0.050000000000000003
      vertex 177.59999999999999 -40.079999999999998 0.080000000000000016
    endloop
  endfacet
  facet normal 0 -0.24253562503632442 0.9701425001453341
    outer loop
      vertex 177.40000000000001 -40.079999999999998 0.080000000000000016
      vertex 177.40000000000001 -40.200000000000003 0.050000000000000003
      vertex 177.52000000000001 -40.079999999999998 0.080000000000000016
    endloop
  endfacet
  facet normal -0 0.24253562503633114 0.97014250014533232
    outer loop
      vertex 177.47999999999999 -20.120000000000001 0.080000000000000016
      vertex 177.59999999999999 -20.120000000000001 0.080000000000000016
      vertex 177.59999999999999 -20 0.050000000000000003
    endloop
  endfacet
  facet normal -0 0.24253562503633122 0.97014250014533243
    outer loop
      vertex 177.40000000000001 -20.120000000000001 0.080000000000000016
      vertex 177.47999999999999 -20.120000000000001 0.080000000000000016
      vertex 177.59999999999999 -20 0.050000000000000003
    endloop
  endfacet
  facet normal 0 0.24253562503633119 0.97014250014533232
    outer loop
      vertex 177.40000000000001 -20.120000000000001 0.080000000000000016
      vertex 177.59999999999999 -20 0.050000000000000003
      vertex 177.40000000000001 -20 0.050000000000000003
    endloop
  endfacet
  facet normal 0 0 1
    outer loop
      vertex 177.40000000000001 -20 0.050000000000000003
      vertex 177.59999999999999 -20 0.050000000000000003
      vertex 177.59999999999999 -10.199999999999999 0.050000000000000003
    endloop
  endfacet
  facet normal 0 0 1
    outer loop
      vertex 177.40000000000001 -20 0.050000000000000003
      vertex 177.59999999999999 -10.199999999999999 0.050000000000000003
      vertex 177.40000000000001 -10.199999999999999 0.050000000000000003
    endloop
  endfacet
  facet normal 0 -0.24253562503633455 0.97014250014533154
    outer loop
      vertex 177.52000000000001 -10.08 0.080000000000000016
      vertex 177.40000000000001 -10.199999999999999 0.050000000000000003
      vertex 177.59999999999999 -10.199999999999999 0.050000000000000003
    endloop
  endfacet
  facet normal 0 -0.24253562503633458 0.97014250014533143
    outer loop
      vertex 177.52000000000001 -10.08 0.080000000000000016
      vertex 177.59999999999999 -10.199999999999999 0.050000000000000003
      vertex 177.59999999999999 -10.08 0.080000000000000016
    endloop
  endfacet
  facet normal 0 -0.24253562503633455 0.97014250014533154
    outer loop
      vertex 177.40000000000001 -10.08 0.080000000000000016
      vertex 177.40000000000001 -10.199999999999999 0.050000000000000003
      vertex 177.52000000000001 -10.08 0.080000000000000016
    endloop
  endfacet
  facet normal 0 0.44721359549995793 0.89442719099991586
    outer loop
      vertex 177.52000000000001 0.11999999999999994 0.040000000000000036
      vertex 177.44 0.03999999999999998 0.080000000000000016
      vertex 177.59999999999999 0.03999999999999998 0.080000000000000016
    endloop
  endfacet
  facet normal -0 0.44721359549995793 0.89442719099991586
    outer loop
      vertex 177.52000000000001 0.11999999999999994 0.040000000000000036
      vertex 177.59999999999999 0.03999999999999998 0.080000000000000016
      vertex 177.59999999999999 0.11999999999999994 0.040000000000000036
    endloop
  endfacet
  facet normal 0 0.44721359549995793 0.89442719099991586
    outer loop
      vertex 177.40000000000001 0.11999999999999994 0.040000000000000036
      vertex 177.40000000000001 0.03999999999999998 0.080000000000000016
      vertex 177.44 0.03999999999999998 0.080000000000000016
    endloop
  endfacet
  facet normal -0 0.44721359549995793 0.89442719099991586
    outer loop
      vertex 177.40000000000001 0.11999999999999994 0.040000000000000036
      vertex 177.44 0.03999999999999998 0.080000000000000016
      vertex 177.52000000000001 0.11999999999999994 0.040000000000000036
    endloop
  endfacet
  facet normal 0 -0.60000000000004206 0.79999999999996851
    outer loop
      vertex 179.33333333333331 -80.026666666666671 0.080000000000000016
      vertex 178.79999999999998 -80.079999999999998 0.040000000000000036
      vertex 179.59999999999999 -80.079999999999998 0.040000000000000036
    endloop
  endfacet
  facet normal 0 -0.60000000000004206 0.79999999999996829
    outer loop
      vertex 179.33333333333331 -80.026666666666671 0.080000000000000016
      vertex 179.59999999999999 -80.079999999999998 0.040000000000000036
      vertex 179.59999999999999 -80.026666666666671 0.080000000000000016
    endloop
  endfacet
  facet normal 0 -0.60000000000004206 0.7999999999999684
    outer loop
      vertex 177.59999999999999 -80.026666666666671 0.080000000000000016
      vertex 177.59999999999999 -80.079999999999998 0.040000000000000036
      vertex 178.79999999999998 -80.079999999999998 0.040000000000000036
    endloop
  endfacet
  facet normal 0 -0.60000000000004206 0.7999999999999684
    outer loop
      vertex 177.59999999999999 -80.026666666666671 0.080000000000000016
      vertex 178.79999999999998 -80.079999999999998 0.040000000000000036
      vertex 179.33333333333331 -80.026666666666671 0.080000000000000016
    endloop
  endfacet
  facet normal -0 0.24253562503632439 0.9701425001453341
    outer loop
      vertex 178.40000000000001 -60.120000000000005 0.080000000000000016
      vertex 179.59999999999999 -60.120000000000005 0.080000000000000016
      vertex 179.59999999999999 -60 0.050000000000000003
    endloop
  endfacet
  facet normal -0 0.24253562503632442 0.97014250014533399
    outer loop
      vertex 177.59999999999999 -60.120000000000005 0.080000000000000016
      vertex 178.40000000000001 -60.120000000000005 0.080000000000000016
      vertex 179.59999999999999 -60 0.050000000000000003
    endloop
  endfacet
  facet normal 0 0.24253562503632442 0.9701425001453341
    outer loop
      vertex 177.59999999999999 -60.120000000000005 0.080000000000000016
      vertex 179.59999999999999 -60 0.050000000000000003
      vertex 177.59999999999999 -60 0.050000000000000003
    endloop
  endfacet
  facet normal 0 0 1
    outer loop
      vertex 177.59999999999999 -60 0.050000000000000003
      vertex 179.59999999999999 -60 0.050000000000000003
      vertex 179.59999999999999 -40.200000000000003 0.050000000000000003
    endloop
  endfacet
  facet normal 0 0 1
    outer loop
      vertex 177.59999999999999 -60 0.050000000000000003
      vertex 179.59999999999999 -40.200000000000003 0.050000000000000003
      vertex 177.59999999999999 -40.200000000000003 0.050000000000000003
    endloop
  endfacet
  facet normal 0 -0.24253562503632442 0.9701425001453341
    outer loop
      vertex 178.79999999999998 -40.079999999999998 0.080000000000000016
      vertex 177.59999999999999 -40.200000000000003 0.050000000000000003
      vertex 179.59999999999999 -40.200000000000003 0.050000000000000003
    endloop
  endfacet
  facet normal 0 -0.24253562503632442 0.97014250014533399
    outer loop
      vertex 178.79999999999998 -40.079999999999998 0.080000000000000016
      vertex 179.59999999999999 -40.200000000000003 0.050000000000000003
      vertex 179.59999999999999 -40.079999999999998 0.080000000000000016
    endloop
  endfacet
  facet normal 0 -0.24253562503632439 0.9701425001453341
    outer loop
      vertex 177.59999999999999 -40.079999999999998 0.080000000000000016
      vertex 177.59999999999999 -40.200000000000003 0.050000000000000003
      vertex 178.79999999999998 -40.079999999999998 0.080000000000000016
    endloop
  endfacet
  facet normal -0 0.24253562503633116 0.97014250014533232
    outer loop
      vertex 178.40000000000001 -20.120000000000001 0.080000000000000016
      vertex 179.59999999999999 -20.120000000000001 0.080000000000000016
      vertex 179.59999999999999 -20 0.050000000000000003
    endloop
  endfacet
  facet normal -0 0.24253562503633116 0.97014250014533232
    outer loop
      vertex 177.59999999999999 -20.120000000000001 0.080000000000000016
      vertex 178.40000000000001 -20.120000000000001 0.080000000000000016
      vertex 179.59999999999999 -20 0.050000000000000003
    endloop
  endfacet
  facet normal 0 0.24253562503633116 0.97014250014533232
    outer loop
      vertex 177.59999999999999 -20.120000000000001 0.080000000000000016
      vertex 179.59999999999999 -20 0.050000000000000003
      vertex 177.59999999999999 -20 0.050000000000000003
    endloop
  endfacet
  facet normal 0 0 1
    outer loop
      vertex 177.59999999999999 -20 0.050000000000000003
      vertex 179.59999999999999 -20 0.050000000000000003
      vertex 179.59999999999999 -10.199999999999999 0.050000000000000003
    endloop
  endfacet
  facet normal 0 0 1
    outer loop
      vertex 177.59999999999999 -20 0.050000000000000003
      vertex 179.59999999999999 -10.199999999999999 0.050000000000000003
      vertex 177.59999999999999 -10.199999999999999 0.050000000000000003
    endloop
  endfacet
  facet normal 0 -0.24253562503633455 0.97014250014533143
    outer loop
      vertex 178.79999999999998 -10.08 0.080000000000000016
      vertex 177.59999999999999 -10.199999999999999 0.050000000000000003
      vertex 179.59999999999999 -10.199999999999999 0.050000000000000003
    endloop
  endfacet
  facet normal 0 -0.24253562503633455 0.97014250014533154
    outer loop
      vertex 178.79999999999998 -10.08 0.080000000000000016
      vertex 179.59999999999999 -10.199999999999999 0.050000000000000003
      vertex 179.59999999999999 -10.08 0.080000000000000016
    endloop
  endfacet
  facet normal 0 -0.24253562503633455 0.97014250014533154
    outer loop
      vertex 177.59999999999999 -10.08 0.080000000000000016
      vertex 177.59999999999999 -10.199999999999999 0.050000000000000003
      vertex 178.79999999999998 -10.08 0.080000000000000016
    endloop
  endfacet
  facet normal 0 0.44721359549995798 0.89442719099991597
    outer loop
      vertex 178.79999999999998 0.11999999999999994 0.040000000000000036
      vertex 178 0.03999999999999998 0.080000000000000016
      vertex 179.59999999999999 0.03999999999999998 0.080000000000000016
    endloop
  endfacet
  facet normal -0 0.44721359549995793 0.89442719099991586
    outer loop
      vertex 178.79999999999998 0.11999999999999994 0.040000000000000036
      vertex 179.59999999999999 0.03999999999999998 0.080000000000000016
      vertex 179.59999999999999 0.11999999999999994 0.040000000000000036
    endloop
  endfacet
  facet normal 0 0.44721359549995793 0.89442719099991586
    outer loop
      vertex 177.59999999999999 0.11999999999999994 0.040000000000000036
      vertex 177.59999999999999 0.03999999999999998 0.080000000000000016
      vertex 178 0.03999999999999998 0.080000000000000016
    endloop
  endfacet
  facet normal -0 0.44721359549995798 0.89442719099991597
    outer loop
      vertex 177.59999999999999 0.11999999999999994 0.040000000000000036
      vertex 178 0.03999999999999998 0.080000000000000016
      vertex 178.79999999999998 0.11999999999999994 0.040000000000000036
    endloop
  endfacet
  facet normal 0 -0.60000000000004206 0.7999999999999684
    outer loop
      vertex 179.77333333333334 -80.026666666666671 0.080000000000000016
      vertex 179.72 -80.079999999999998 0.040000000000000036
      vertex 179.80000000000001 -80.079999999999998 0.040000000000000036
    endloop
  endfacet
  facet normal 0 -0.60000000000004206 0.7999999999999684
    outer loop
      vertex 179.77333333333334 -80.026666666666671 0.080000000000000016
      vertex 179.80000000000001 -80.079999999999998 0.040000000000000036
      vertex 179.80000000000001 -80.026666666666671 0.080000000000000016
    endloop
  endfacet
  facet normal 0 -0.60000000000004206 0.7999999999999684
    outer loop
      vertex 179.59999999999999 -80.026666666666671 0.080000000000000016
      vertex 179.59999999999999 -80.079999999999998 0.040000000000000036
      vertex 179.72 -80.079999999999998 0.040000000000000036
    endloop
  endfacet
  facet normal 0 -0.60000000000004217 0.7999999999999684
    outer loop
      vertex 179.59999999999999 -80.026666666666671 0.080000000000000016
      vertex 179.72 -80.079999999999998 0.040000000000000036
      vertex 179.77333333333334 -80.026666666666671 0.080000000000000016
    endloop
  endfacet
  facet normal -0 0.24253562503632442 0.9701425001453341
    outer loop
      vertex 179.68000000000001 -60.120000000000005 0.080000000000000016
      vertex 179.80000000000001 -60.120000000000005 0.080000000000000016
      vertex 179.80000000000001 -60 0.050000000000000003
    endloop
  endfacet
  facet normal -0 0.24253562503632445 0.97014250014533399
    outer loop
      vertex 179.59999999999999 -60.120000000000005 0.080000000000000016
      vertex 179.68000000000001 -60.120000000000005 0.080000000000000016
      vertex 179.80000000000001 -60 0.050000000000000003
    endloop
  endfacet
  facet normal 0 0.24253562503632442 0.9701425001453341
    outer loop
      vertex 179.59999999999999 -60.120000000000005 0.080000000000000016
      vertex 179.80000000000001 -60 0.050000000000000003
      vertex 179.59999999999999 -60 0.050000000000000003
    endloop
  endfacet
  facet normal 0 0 1
    outer loop
      vertex 179.59999999999999 -60 0.050000000000000003
      vertex 179.80000000000001 -60 0.050000000000000003
      vertex 179.80000000000001 -40.200000000000003 0.050000000000000003
    endloop
  endfacet
  facet normal 0 0 1
    outer loop
      vertex 179.59999999999999 -60 0.050000000000000003
      vertex 179.80000000000001 -40.200000000000003 0.050000000000000003
      vertex 179.59999999999999 -40.200000000000003 0.050000000000000003
    endloop
  endfacet
  facet normal 0 -0.24253562503632439 0.9701425001453341
    outer loop
      vertex 179.72 -40.079999999999998 0.080000000000000016
      vertex 179.59999999999999 -40.200000000000003 0.050000000000000003
      vertex 179.80000000000001 -40.200000000000003 0.050000000000000003
    endloop
  endfacet
  facet normal 0 -0.24253562503632445 0.97014250014533399
    outer loop
      vertex 179.72 -40.079999999999998 0.080000000000000016
      vertex 179.80000000000001 -40.200000000000003 0.050000000000000003
      vertex 179.80000000000001 -40.079999999999998 0.080000000000000016
    endloop
  endfacet
  facet normal 0 -0.24253562503632442 0.9701425001453341
    outer loop
      vertex 179.59999999999999 -40.079999999999998 0.080000000000000016
      vertex 179.59999999999999 -40.200000000000003 0.050000000000000003
      vertex 179.72 -40.079999999999998 0.080000000000000016
    endloop
  endfacet
  facet normal -0 0.24253562503633114 0.97014250014533232
    outer loop
      vertex 179.68000000000001 -20.120000000000001 0.080000000000000016
      vertex 179.80000000000001 -20.120000000000001 0.080000000000000016
      vertex 179.80000000000001 -20 0.050000000000000003
    endloop
  endfacet
  facet normal -0 0.24253562503633119 0.97014250014533232
    outer loop
      vertex 179.59999999999999 -20.120000000000001 0.080000000000000016
      vertex 179.68000000000001 -20.120000000000001 0.080000000000000016
      vertex 179.80000000000001 -20 0.050000000000000003
    endloop
  endfacet
  facet normal 0 0.24253562503633119 0.97014250014533232
    outer loop
      vertex 179.59999999999999 -20.120000000000001 0.080000000000000016
      vertex 179.80000000000001 -20 0.050000000000000003
      vertex 179.59999999999999 -20 0.050000000000000003
    endloop
  endfacet
  facet normal 0 0 1
    outer loop
      vertex 179.59999999999999 -20 0.050000000000000003
      vertex 179.80000000000001 -20 0.050000000000000003
      vertex 179.80000000000001 -10.199999999999999 0.050000000000000003
    endloop
  endfacet
  facet normal 0 0 1
    outer loop
      vertex 179.59999999999999 -20 0.050000000000000003
      vertex 179.80000000000001 -10.199999999999999 0.050000000000000003
      vertex 179.59999999999999 -10.199999999999999 0.050000000000000003
    endloop
  endfacet
  facet normal 0 -0.24253562503633452 0.97014250014533154
    outer loop
      vertex 179.72 -10.08 0.080000000000000016
      vertex 179.59999999999999 -10.199999999999999 0.050000000000000003
      vertex 179.80000000000001 -10.199999999999999 0.050000000000000003
    endloop
  endfacet
  facet normal 0 -0.24253562503633455 0.97014250014533154
    outer loop
      vertex 179.72 -10.08 0.080000000000000016
      vertex 179.80000000000001 -10.199999999999999 0.050000000000000003
      vertex 179.80000000000001 -10.08 0.080000000000000016
    endloop
  endfacet
  facet normal 0 -0.24253562503633455 0.97014250014533154
    outer loop
      vertex 179.59999999999999 -10.08 0.080000000000000016
      vertex 179.59999999999999 -10.199999999999999 0.050000000000000003
      vertex 179.72 -10.08 0.080000000000000016
    endloop
  endfacet
  facet normal 0 0.44721359549995793 0.89442719099991586
    outer loop
      vertex 179.72 0.11999999999999994 0.040000000000000036
      vertex 179.63999999999999 0.03999999999999998 0.080000000000000016
      vertex 179.80000000000001 0.03999999999999998 0.080000000000000016
    endloop
  endfacet
  facet normal -0 0.44721359549995793 0.89442719099991586
    outer loop
      vertex 179.72 0.11999999999999994 0.040000000000000036
      vertex 179.80000000000001 0.03999999999999998 0.080000000000000016
      vertex 179.80000000000001 0.11999999999999994 0.040000000000000036
    endloop
  endfacet
  facet normal 0 0.44721359549995793 0.89442719099991586
    outer loop
      vertex 179.59999999999999 0.11999999999999994 0.040000000000000036
      vertex 179.59999999999999 0.03999999999999998 0.080000000000000016
      vertex 179.63999999999999 0.03999999999999998 0.080000000000000016
    endloop
  endfacet
  facet normal -0 0.44721359549995793 0.89442719099991586
    outer loop
      vertex 179.59999999999999 0.11999999999999994 0.040000000000000036
      vertex 179.63999999999999 0.03999999999999998 0.080000000000000016
      vertex 179.72 0.11999999999999994 0.040000000000000036
    endloop
  endfacet
  facet normal 0.37139067635410727 -0.55708601453119388 0.74278135270817713
    outer loop
      vertex 179.80000000000001 -80.026666666666671 0.080000000000000016
      vertex 179.80000000000001 -80.079999999999998 0.040000000000000036
      vertex 179.92000000000002 -80 0.040000000000000036
    endloop
  endfacet
  facet normal 0.37139067635411255 -0.55708601453097095 0.74278135270834167
    outer loop
      vertex 179.80000000000001 -80.026666666666671 0.080000000000000016
      vertex 179.92000000000002 -80 0.040000000000000036
      vertex 179.84 -80 0.080000000000000016
    endloop
  endfacet
  facet normal 0.44721359549990169 0 0.89442719099994383
    outer loop
      vertex 179.92000000000002 -68.120000000000005 0.040000000000000036
      vertex 179.84 -76.040000000000006 0.080000000000000016
      vertex 179.84 -80 0.080000000000000016
    endloop
  endfacet
  facet normal 0.44721359549990181 0 0.89442719099994394
    outer loop
      vertex 179.92000000000002 -68.120000000000005 0.040000000000000036
      vertex 179.84 -80 0.080000000000000016
      vertex 179.92000000000002 -80 0.040000000000000036
    endloop
  endfacet
  facet normal 0.44721359549990181 0 0.89442719099994383
    outer loop
      vertex 179.84 -76.040000000000006 0.080000000000000016
      vertex 179.92000000000002 -68.120000000000005 0.040000000000000036
      vertex 179.92000000000002 -60.200000000000003 0.040000000000000036
    endloop
  endfacet
  facet normal 0.44721359549990181 -0 0.89442719099994383
    outer loop
      vertex 179.84 -76.040000000000006 0.080000000000000016
      vertex 179.92000000000002 -60.200000000000003 0.040000000000000036
      vertex 179.84 -60.200000000000003 0.080000000000000016
    endloop
  endfacet
  facet normal 0.44721359549990175 0 0.89442719099994394
    outer loop
      vertex 179.92000000000002 -60.079999999999998 0.040000000000000036
      vertex 179.84 -60.160000000000004 0.080000000000000016
      vertex 179.84 -60.200000000000003 0.080000000000000016
    endloop
  endfacet
  facet normal 0.44721359549990181 0 0.89442719099994383
    outer loop
      vertex 179.92000000000002 -60.079999999999998 0.040000000000000036
      vertex 179.84 -60.200000000000003 0.080000000000000016
      vertex 179.92000000000002 -60.200000000000003 0.040000000000000036
    endloop
  endfacet
  facet normal 0.23570226039551323 0.23570226039547135 0.94280904158207512
    outer loop
      vertex 179.80000000000001 -60.120000000000005 0.080000000000000016
      vertex 179.84 -60.160000000000004 0.080000000000000016
      vertex 179.92000000000002 -60.079999999999998 0.040000000000000036
    endloop
  endfacet
  facet normal 0.23570226039548997 0.23570226039553185 0.94280904158206591
    outer loop
      vertex 179.80000000000001 -60.120000000000005 0.080000000000000016
      vertex 179.92000000000002 -60.079999999999998 0.040000000000000036
      vertex 179.84 -60 0.040000000000000036
    endloop
  endfacet
  facet normal 0.23570226039555986 0.23570226039550496 0.94280904158205503
    outer loop
      vertex 179.80000000000001 -60.120000000000005 0.080000000000000016
      vertex 179.84 -60 0.040000000000000036
      vertex 179.80000000000001 -60 0.050000000000000003
    endloop
  endfacet
  facet normal 0.24253562503637766 0 0.97014250014532077
    outer loop
      vertex 179.84 -56.040000000000013 0.040000000000000036
      vertex 179.80000000000001 -60 0.050000000000000003
      vertex 179.84 -60 0.040000000000000036
    endloop
  endfacet
  facet normal 0.24253562503637766 0 0.97014250014532066
    outer loop
      vertex 179.80000000000001 -60 0.050000000000000003
      vertex 179.84 -56.040000000000013 0.040000000000000036
      vertex 179.84 -40.200000000000003 0.040000000000000036
    endloop
  endfacet
  facet normal 0.24253562503637766 -0 0.97014250014532077
    outer loop
      vertex 179.80000000000001 -60 0.050000000000000003
      vertex 179.84 -40.200000000000003 0.040000000000000036
      vertex 179.80000000000001 -40.200000000000003 0.050000000000000003
    endloop
  endfacet
  facet normal 0.24253562503637766 0 0.97014250014532077
    outer loop
      vertex 179.84 -40.160000000000004 0.040000000000000036
      vertex 179.80000000000001 -40.200000000000003 0.050000000000000003
      vertex 179.84 -40.200000000000003 0.040000000000000036
    endloop
  endfacet
  facet normal 0.4364357804720449 -0.21821789023597765 0.87287156094394325
    outer loop
      vertex 179.80000000000001 -40.079999999999998 0.080000000000000016
      vertex 179.80000000000001 -40.200000000000003 0.050000000000000003
      vertex 179.84 -40.160000000000004 0.040000000000000036
    endloop
  endfacet
  facet normal 0.43643578047198156 -0.21821789023601981 0.87287156094396434
    outer loop
      vertex 179.80000000000001 -40.079999999999998 0.080000000000000016
      vertex 179.84 -40.160000000000004 0.040000000000000036
      vertex 179.92000000000002 -40 0.040000000000000036
    endloop
  endfacet
  facet normal 0.43643578047193632 -0.21821789023592941 0.87287156094400942
    outer loop
      vertex 179.80000000000001 -40.079999999999998 0.080000000000000016
      vertex 179.92000000000002 -40 0.040000000000000036
      vertex 179.84 -40 0.080000000000000016
    endloop
  endfacet
  facet normal 0.44721359549990181 0 0.89442719099994406
    outer loop
      vertex 179.92000000000002 -28.120000000000005 0.040000000000000036
      vertex 179.84 -36.039999999999999 0.080000000000000016
      vertex 179.84 -40 0.080000000000000016
    endloop
  endfacet
  facet normal 0.44721359549990181 0 0.89442719099994394
    outer loop
      vertex 179.92000000000002 -28.120000000000005 0.040000000000000036
      vertex 179.84 -40 0.080000000000000016
      vertex 179.92000000000002 -40 0.040000000000000036
    endloop
  endfacet
  facet normal 0.44721359549990181 0 0.89442719099994394
    outer loop
      vertex 179.84 -36.039999999999999 0.080000000000000016
      vertex 179.92000000000002 -28.120000000000005 0.040000000000000036
      vertex 179.92000000000002 -20.199999999999999 0.040000000000000036
    endloop
  endfacet
  facet normal 0.44721359549990186 -0 0.89442719099994406
    outer loop
      vertex 179.84 -36.039999999999999 0.080000000000000016
      vertex 179.92000000000002 -20.199999999999999 0.040000000000000036
      vertex 179.84 -20.199999999999999 0.080000000000000016
    endloop
  endfacet
  facet normal 0.44721359549990203 0 0.89442719099994394
    outer loop
      vertex 179.92000000000002 -20.079999999999998 0.040000000000000036
      vertex 179.84 -20.16 0.080000000000000016
      vertex 179.84 -20.199999999999999 0.080000000000000016
    endloop
  endfacet
  facet normal 0.44721359549990192 0 0.89442719099994394
    outer loop
      vertex 179.92000000000002 -20.079999999999998 0.040000000000000036
      vertex 179.84 -20.199999999999999 0.080000000000000016
      vertex 179.92000000000002 -20.199999999999999 0.040000000000000036
    endloop
  endfacet
  facet normal 0.23570226039551789 0.23570226039547601 0.94280904158207279
    outer loop
      vertex 179.80000000000001 -20.120000000000001 0.080000000000000016
      vertex 179.84 -20.16 0.080000000000000016
      vertex 179.92000000000002 -20.079999999999998 0.040000000000000036
    endloop
  endfacet
  facet normal 0.23570226039549461 0.23570226039553646 0.94280904158206358
    outer loop
      vertex 179.80000000000001 -20.120000000000001 0.080000000000000016
      vertex 179.92000000000002 -20.079999999999998 0.040000000000000036
      vertex 179.84 -20 0.040000000000000036
    endloop
  endfacet
  facet normal 0.23570226039555955 0.23570226039551154 0.94280904158205348
    outer loop
      vertex 179.80000000000001 -20.120000000000001 0.080000000000000016
      vertex 179.84 -20 0.040000000000000036
      vertex 179.80000000000001 -20 0.050000000000000003
    endloop
  endfacet
  facet normal 0.24253562503637763 0 0.97014250014532066
    outer loop
      vertex 179.84 -18.040000000000006 0.040000000000000036
      vertex 179.80000000000001 -20 0.050000000000000003
      vertex 179.84 -20 0.040000000000000036
    endloop
  endfacet
  facet normal 0.24253562503637763 0 0.97014250014532077
    outer loop
      vertex 179.80000000000001 -20 0.050000000000000003
      vertex 179.84 -18.040000000000006 0.040000000000000036
      vertex 179.84 -10.199999999999999 0.040000000000000036
    endloop
  endfacet
  facet normal 0.24253562503637763 -0 0.97014250014532066
    outer loop
      vertex 179.80000000000001 -20 0.050000000000000003
      vertex 179.84 -10.199999999999999 0.040000000000000036
      vertex 179.80000000000001 -10.199999999999999 0.050000000000000003
    endloop
  endfacet
  facet normal 0.24253562503637766 0 0.97014250014532077
    outer loop
      vertex 179.84 -10.16 0.040000000000000036
      vertex 179.80000000000001 -10.199999999999999 0.050000000000000003
      vertex 179.84 -10.199999999999999 0.040000000000000036
    endloop
  endfacet
  facet normal 0.43643578047205184 -0.21821789023598595 0.87287156094393759
    outer loop
      vertex 179.80000000000001 -10.08 0.080000000000000016
      vertex 179.80000000000001 -10.199999999999999 0.050000000000000003
      vertex 179.84 -10.16 0.040000000000000036
    endloop
  endfacet
  facet normal 0.4364357804719885 -0.21821789023602814 0.87287156094395879
    outer loop
      vertex 179.80000000000001 -10.08 0.080000000000000016
      vertex 179.84 -10.16 0.040000000000000036
      vertex 179.92000000000002 -10 0.040000000000000036
    endloop
  endfacet
  facet normal 0.43643578047193682 -0.21821789023592478 0.87287156094401031
    outer loop
      vertex 179.80000000000001 -10.08 0.080000000000000016
      vertex 179.92000000000002 -10 0.040000000000000036
      vertex 179.84 -10 0.080000000000000016
    endloop
  endfacet
  facet normal 0.44721359549990181 0 0.89442719099994383
    outer loop
      vertex 179.92000000000002 -4.0000000000000036 0.040000000000000036
      vertex 179.84 -8 0.080000000000000016
      vertex 179.84 -10 0.080000000000000016
    endloop
  endfacet
  facet normal 0.44721359549990181 0 0.89442719099994394
    outer loop
      vertex 179.92000000000002 -4.0000000000000036 0.040000000000000036
      vertex 179.84 -10 0.080000000000000016
      vertex 179.92000000000002 -10 0.040000000000000036
    endloop
  endfacet
  facet normal 0.44721359549990181 0 0.89442719099994394
    outer loop
      vertex 179.84 -8.0000000000000018 0.080000000000000016
      vertex 179.92000000000002 -4.0000000000000036 0.040000000000000036
      vertex 179.92000000000002 0 0.040000000000000036
    endloop
  endfacet
  facet normal 0.44721359549990186 -0 0.89442719099994394
    outer loop
      vertex 179.84 -8.0000000000000018 0.080000000000000016
      vertex 179.92000000000002 0 0.040000000000000036
      vertex 179.84 0 0.080000000000000016
    endloop
  endfacet
  facet normal 0.44721359549990181 0 0.89442719099994394
    outer loop
      vertex 179.92000000000002 0.11999999999999994 0.040000000000000036
      vertex 179.84 0.03999999999999998 0.080000000000000016
      vertex 179.84 0 0.080000000000000016
    endloop
  endfacet
  facet normal 0.44721359549990181 0 0.89442719099994383
    outer loop
      vertex 179.92000000000002 0.11999999999999994 0.040000000000000036
      vertex 179.84 0 0.080000000000000016
      vertex 179.92000000000002 0 0.040000000000000036
    endloop
  endfacet
  facet normal 0 0.44721359549995793 0.89442719099991586
    outer loop
      vertex 179.80000000000001 0.11999999999999994 0.040000000000000036
      vertex 179.80000000000001 0.03999999999999998 0.080000000000000016
      vertex 179.84 0.03999999999999998 0.080000000000000016
    endloop
  endfacet
  facet normal -0 0.44721359549995793 0.89442719099991586
    outer loop
      vertex 179.80000000000001 0.11999999999999994 0.040000000000000036
      vertex 179.84 0.03999999999999998 0.080000000000000016
      vertex 179.92000000000002 0.11999999999999994 0.040000000000000036
    endloop
  endfacet
  facet normal 0 -0.44721359549995793 0.89442719099991586
    outer loop
      vertex 190.96000000000001 0.16000000000000003 0.080000000000000016
      vertex 190.88 0.080000000000000071 0.040000000000000036
      vertex 191 0.080000000000000071 0.040000000000000036
    endloop
  endfacet
  facet normal 0 -0.44721359549995793 0.89442719099991586
    outer loop
      vertex 190.96000000000001 0.16000000000000003 0.080000000000000016
      vertex 191 0.080000000000000071 0.040000000000000036
      vertex 191 0.16000000000000003 0.080000000000000016
    endloop
  endfacet
  facet normal -0.44721359549990181 0 0.89442719099994394
    outer loop
      vertex 190.88 0.080000000000000071 0.040000000000000036
      vertex 190.96000000000001 0.16000000000000003 0.080000000000000016
      vertex 190.96000000000001 0.20000000000000001 0.080000000000000016
    endloop
  endfacet
  facet normal -0.44721359549990181 0 0.89442719099994383
    outer loop
      vertex 190.88 0.080000000000000071 0.040000000000000036
      vertex 190.96000000000001 0.20000000000000001 0.080000000000000016
      vertex 190.88 0.20000000000000001 0.040000000000000036
    endloop
  endfacet
  facet normal -0.44721359549990181 0 0.89442719099994394
    outer loop
      vertex 190.96000000000001 8.0400000000000009 0.080000000000000016
      vertex 190.88 4.1200000000000028 0.040000000000000036
      vertex 190.88 0.20000000000000001 0.040000000000000036
    endloop
  endfacet
  facet normal -0.44721359549990181 0 0.89442719099994383
    outer loop
      vertex 190.96000000000001 8.0400000000000009 0.080000000000000016
      vertex 190.88 0.20000000000000001 0.040000000000000036
      vertex 190.96000000000001 0.20000000000000001 0.080000000000000016
    endloop
  endfacet
  facet normal -0.44721359549990181 0 0.89442719099994383
    outer loop
      vertex 190.88 4.1200000000000037 0.040000000000000036
      vertex 190.96000000000001 8.0400000000000009 0.080000000000000016
      vertex 190.96000000000001 10 0.080000000000000016
    endloop
  endfacet
  facet normal -0.44721359549990181 0 0.89442719099994383
    outer loop
      vertex 190.88 4.1200000000000037 0.040000000000000036
      vertex 190.96000000000001 10 0.080000000000000016
      vertex 190.88 10 0.040000000000000036
    endloop
  endfacet
  facet normal -0.43643578047192944 0.21821789023599861 0.87287156094399565
    outer loop
      vertex 190.96000000000001 10.16 0.040000000000000036
      vertex 190.88 10 0.040000000000000036
      vertex 190.96000000000001 10 0.080000000000000016
    endloop
  endfacet
  facet normal -0.43643578047205495 0.21821789023598384 0.87287156094393659
    outer loop
      vertex 190.96000000000001 10.16 0.040000000000000036
      vertex 190.96000000000001 10 0.080000000000000016
      vertex 191 10.08 0.080000000000000016
    endloop
  endfacet
  facet normal -0.43643578047205184 0.21821789023598595 0.87287156094393759
    outer loop
      vertex 190.96000000000001 10.16 0.040000000000000036
      vertex 191 10.08 0.080000000000000016
      vertex 191 10.199999999999999 0.050000000000000003
    endloop
  endfacet
  facet normal -0.24253562503637766 0 0.97014250014532077
    outer loop
      vertex 190.96000000000001 10.16 0.040000000000000036
      vertex 191 10.199999999999999 0.050000000000000003
      vertex 190.96000000000001 10.199999999999999 0.040000000000000036
    endloop
  endfacet
  facet normal -0.24253562503637766 0 0.97014250014532077
    outer loop
      vertex 190.96000000000001 18.040000000000006 0.040000000000000036
      vertex 190.96000000000001 10.199999999999999 0.040000000000000036
      vertex 191 10.199999999999999 0.050000000000000003
    endloop
  endfacet
  facet normal -0.24253562503637766 0 0.97014250014532066
    outer loop
      vertex 190.96000000000001 18.040000000000006 0.040000000000000036
      vertex 191 10.199999999999999 0.050000000000000003
      vertex 191 20 0.050000000000000003
    endloop
  endfacet
  facet normal -0.24253562503637763 0 0.97014250014532066
    outer loop
      vertex 190.96000000000001 18.040000000000006 0.040000000000000036
      vertex 191 20 0.050000000000000003
      vertex 190.96000000000001 20 0.040000000000000036
    endloop
  endfacet
  facet normal -0.23570226039547604 -0.23570226039551784 0.94280904158207279
    outer loop
      vertex 190.96000000000001 20.16 0.080000000000000016
      vertex 190.88 20.079999999999998 0.040000000000000036
      vertex 190.96000000000001 20 0.040000000000000036
    endloop
  endfacet
  facet normal -0.23570226039555944 -0.23570226039551295 0.94280904158205314
    outer loop
      vertex 190.96000000000001 20.16 0.080000000000000016
      vertex 190.96000000000001 20 0.040000000000000036
      vertex 191 20 0.050000000000000003
    endloop
  endfacet
  facet normal -0.23570226039555378 -0.2357022603955119 0.94280904158205492
    outer loop
      vertex 190.96000000000001 20.16 0.080000000000000016
      vertex 191 20 0.050000000000000003
      vertex 191 20.120000000000001 0.080000000000000016
    endloop
  endfacet
  facet normal -0.44721359549990203 0 0.89442719099994394
    outer loop
      vertex 190.88 20.079999999999998 0.040000000000000036
      vertex 190.96000000000001 20.16 0.080000000000000016
      vertex 190.96000000000001 20.199999999999999 0.080000000000000016
    endloop
  endfacet
  facet normal -0.44721359549990192 0 0.89442719099994394
    outer loop
      vertex 190.88 20.079999999999998 0.040000000000000036
      vertex 190.96000000000001 20.199999999999999 0.080000000000000016
      vertex 190.88 20.199999999999999 0.040000000000000036
    endloop
  endfacet
  facet normal -0.44721359549990181 0 0.89442719099994394
    outer loop
      vertex 190.96000000000001 36.039999999999999 0.080000000000000016
      vertex 190.88 28.120000000000005 0.040000000000000036
      vertex 190.88 20.199999999999999 0.040000000000000036
    endloop
  endfacet
  facet normal -0.44721359549990186 0 0.89442719099994406
    outer loop
      vertex 190.96000000000001 36.039999999999999 0.080000000000000016
      vertex 190.88 20.199999999999999 0.040000000000000036
      vertex 190.96000000000001 20.199999999999999 0.080000000000000016
    endloop
  endfacet
  facet normal -0.44721359549990181 0 0.89442719099994406
    outer loop
      vertex 190.88 28.120000000000005 0.040000000000000036
      vertex 190.96000000000001 36.039999999999999 0.080000000000000016
      vertex 190.96000000000001 40 0.080000000000000016
    endloop
  endfacet
  facet normal -0.44721359549990181 0 0.89442719099994394
    outer loop
      vertex 190.88 28.120000000000005 0.040000000000000036
      vertex 190.96000000000001 40 0.080000000000000016
      vertex 190.88 40 0.040000000000000036
    endloop
  endfacet
  facet normal -0.44721359549990181 0 0.89442719099994394
    outer loop
      vertex 190.96000000000001 40.160000000000004 0.080000000000000016
      vertex 190.88 40.079999999999998 0.040000000000000036
      vertex 190.88 40 0.040000000000000036
    endloop
  endfacet
  facet normal -0.44721359549990186 0 0.89442719099994394
    outer loop
      vertex 190.96000000000001 40.160000000000004 0.080000000000000016
      vertex 190.88 40 0.040000000000000036
      vertex 190.96000000000001 40 0.080000000000000016
    endloop
  endfacet
  facet normal -0.44721359549990175 0 0.89442719099994394
    outer loop
      vertex 190.88 40.079999999999998 0.040000000000000036
      vertex 190.96000000000001 40.160000000000004 0.080000000000000016
      vertex 190.96000000000001 40.200000000000003 0.080000000000000016
    endloop
  endfacet
  facet normal -0.44721359549990181 0 0.89442719099994383
    outer loop
      vertex 190.88 40.079999999999998 0.040000000000000036
      vertex 190.96000000000001 40.200000000000003 0.080000000000000016
      vertex 190.88 40.200000000000003 0.040000000000000036
    endloop
  endfacet
  facet normal -0.44721245476965898 0.0022586487614632755 0.89442490953945819
    outer loop
      vertex 190.96000000000001 56.040000000000013 0.040000000000000036
      vertex 190.88 40.200000000000003 0.040000000000000036
      vertex 190.96000000000001 40.200000000000003 0.080000000000000016
    endloop
  endfacet
  facet normal -0.44721245476978555 0.0022586487614631159 0.89442490953939491
    outer loop
      vertex 190.96000000000001 56.040000000000013 0.040000000000000036
      vertex 190.96000000000001 40.200000000000003 0.080000000000000016
      vertex 191 48.119999999999997 0.080000000000000016
    endloop
  endfacet
  facet normal -0.44721245476978511 0.0022586487614631198 0.89442490953939524
    outer loop
      vertex 190.96000000000001 56.040000000000013 0.040000000000000036
      vertex 191 48.119999999999997 0.080000000000000016
      vertex 191 60 0.050000000000000003
    endloop
  endfacet
  facet normal -0.24253562503637766 0 0.97014250014532077
    outer loop
      vertex 190.96000000000001 56.040000000000013 0.040000000000000036
      vertex 191 60 0.050000000000000003
      vertex 190.96000000000001 60 0.040000000000000036
    endloop
  endfacet
  facet normal -0.24253562503637763 0 0.97014250014532066
    outer loop
      vertex 190.96000000000001 60.160000000000004 0.040000000000000036
      vertex 190.96000000000001 60 0.040000000000000036
      vertex 191 60 0.050000000000000003
    endloop
  endfacet
  facet normal -0.24253562503637763 0 0.97014250014532066
    outer loop
      vertex 190.96000000000001 60.160000000000004 0.040000000000000036
      vertex 191 60 0.050000000000000003
      vertex 191 60.200000000000003 0.050000000000000003
    endloop
  endfacet
  facet normal -0.24253562503637766 0 0.97014250014532077
    outer loop
      vertex 190.96000000000001 60.160000000000004 0.040000000000000036
      vertex 191 60.200000000000003 0.050000000000000003
      vertex 190.96000000000001 60.200000000000003 0.040000000000000036
    endloop
  endfacet
  facet normal -0.24253489721580676 -0.0024498474466246927 0.97013958886337914
    outer loop
      vertex 190.96000000000001 76.040000000000006 0.080000000000000016
      vertex 190.88 68.120000000000005 0.040000000000000036
      vertex 190.96000000000001 60.200000000000003 0.040000000000000036
    endloop
  endfacet
  facet normal -0.24253489721588725 -0.002449847446624642 0.97013958886335894
    outer loop
      vertex 190.96000000000001 76.040000000000006 0.080000000000000016
      vertex 190.96000000000001 60.200000000000003 0.040000000000000036
      vertex 191 60.200000000000003 0.050000000000000003
    endloop
  endfacet
  facet normal -0.24253489721588753 -0.0024498474466246429 0.97013958886335894
    outer loop
      vertex 190.96000000000001 76.040000000000006 0.080000000000000016
      vertex 191 60.200000000000003 0.050000000000000003
      vertex 191 72.080000000000013 0.080000000000000016
    endloop
  endfacet
  facet normal -0.44721359549990169 0 0.89442719099994383
    outer loop
      vertex 190.88 68.120000000000005 0.040000000000000036
      vertex 190.96000000000001 76.040000000000006 0.080000000000000016
      vertex 190.96000000000001 80 0.080000000000000016
    endloop
  endfacet
  facet normal -0.44721359549990181 0 0.89442719099994394
    outer loop
      vertex 190.88 68.120000000000005 0.040000000000000036
      vertex 190.96000000000001 80 0.080000000000000016
      vertex 190.88 80 0.040000000000000036
    endloop
  endfacet
  facet normal -0.44721359549990186 0 0.89442719099994394
    outer loop
      vertex 190.96000000000001 80.159999999999997 0.080000000000000016
      vertex 190.88 80.079999999999998 0.040000000000000036
      vertex 190.88 80 0.040000000000000036
    endloop
  endfacet
  facet normal -0.44721359549990186 0 0.89442719099994394
    outer loop
      vertex 190.96000000000001 80.159999999999997 0.080000000000000016
      vertex 190.88 80 0.040000000000000036
      vertex 190.96000000000001 80 0.080000000000000016
    endloop
  endfacet
  facet normal -0.44721359549990175 0 0.89442719099994383
    outer loop
      vertex 190.88 80.079999999999998 0.040000000000000036
      vertex 190.96000000000001 80.159999999999997 0.080000000000000016
      vertex 190.96000000000001 80.200000000000003 0.080000000000000016
    endloop
  endfacet
  facet normal -0.44721359549990181 0 0.89442719099994383
    outer loop
      vertex 190.88 80.079999999999998 0.040000000000000036
      vertex 190.96000000000001 80.200000000000003 0.080000000000000016
      vertex 190.88 80.200000000000003 0.040000000000000036
    endloop
  endfacet
  facet normal -0.44721359549990181 0 0.89442719099994383
    outer loop
      vertex 190.96000000000001 96.040000000000006 0.080000000000000016
      vertex 190.88 88.120000000000005 0.040000000000000036
      vertex 190.88 80.200000000000003 0.040000000000000036
    endloop
  endfacet
  facet normal -0.44721359549990181 0 0.89442719099994383
    outer loop
      vertex 190.96000000000001 96.040000000000006 0.080000000000000016
      vertex 190.88 80.200000000000003 0.040000000000000036
      vertex 190.96000000000001 80.200000000000003 0.080000000000000016
    endloop
  endfacet
  facet normal -0.44721359549990169 0 0.89442719099994383
    outer loop
      vertex 190.88 88.120000000000005 0.040000000000000036
      vertex 190.96000000000001 96.040000000000006 0.080000000000000016
      vertex 190.96000000000001 100 0.080000000000000016
    endloop
  endfacet
  facet normal -0.44721359549990181 0 0.89442719099994394
    outer loop
      vertex 190.88 88.120000000000005 0.040000000000000036
      vertex 190.96000000000001 100 0.080000000000000016
      vertex 190.88 100 0.040000000000000036
    endloop
  endfacet
  facet normal 0 -0.44721359549995793 0.89442719099991586
    outer loop
      vertex 191.16 0.16000000000000003 0.080000000000000016
      vertex 191.07999999999998 0.080000000000000071 0.040000000000000036
      vertex 191.19999999999999 0.080000000000000071 0.040000000000000036
    endloop
  endfacet
  facet normal 0 -0.44721359549995793 0.89442719099991586
    outer loop
      vertex 191.16 0.16000000000000003 0.080000000000000016
      vertex 191.19999999999999 0.080000000000000071 0.040000000000000036
      vertex 191.19999999999999 0.16000000000000003 0.080000000000000016
    endloop
  endfacet
  facet normal 0 -0.44721359549995793 0.89442719099991586
    outer loop
      vertex 191 0.16000000000000003 0.080000000000000016
      vertex 191 0.080000000000000071 0.040000000000000036
      vertex 191.07999999999998 0.080000000000000071 0.040000000000000036
    endloop
  endfacet
  facet normal 0 -0.44721359549995793 0.89442719099991586
    outer loop
      vertex 191 0.16000000000000003 0.080000000000000016
      vertex 191.07999999999998 0.080000000000000071 0.040000000000000036
      vertex 191.16 0.16000000000000003 0.080000000000000016
    endloop
  endfacet
  facet normal -0 0.24253562503633455 0.97014250014533154
    outer loop
      vertex 191.07999999999998 10.08 0.080000000000000016
      vertex 191.19999999999999 10.08 0.080000000000000016
      vertex 191.19999999999999 10.199999999999999 0.050000000000000003
    endloop
  endfacet
  facet normal -0 0.24253562503633458 0.97014250014533143
    outer loop
      vertex 191 10.08 0.080000000000000016
      vertex 191.07999999999998 10.08 0.080000000000000016
      vertex 191.19999999999999 10.199999999999999 0.050000000000000003
    endloop
  endfacet
  facet normal 0 0.24253562503633455 0.97014250014533154
    outer loop
      vertex 191 10.08 0.080000000000000016
      vertex 191.19999999999999 10.199999999999999 0.050000000000000003
      vertex 191 10.199999999999999 0.050000000000000003
    endloop
  endfacet
  facet normal 0 0 1
    outer loop
      vertex 191 10.199999999999999 0.050000000000000003
      vertex 191.19999999999999 10.199999999999999 0.050000000000000003
      vertex 191.19999999999999 20 0.050000000000000003
    endloop
  endfacet
  facet normal 0 0 1
    outer loop
      vertex 191 10.199999999999999 0.050000000000000003
      vertex 191.19999999999999 20 0.050000000000000003
      vertex 191 20 0.050000000000000003
    endloop
  endfacet
  facet normal 0 -0.24253562503633119 0.97014250014533232
    outer loop
      vertex 191.12 20.120000000000001 0.080000000000000016
      vertex 191 20 0.050000000000000003
      vertex 191.19999999999999 20 0.050000000000000003
    endloop
  endfacet
  facet normal 0 -0.24253562503633122 0.97014250014533243
    outer loop
      vertex 191.12 20.120000000000001 0.080000000000000016
      vertex 191.19999999999999 20 0.050000000000000003
      vertex 191.19999999999999 20.120000000000001 0.080000000000000016
    endloop
  endfacet
  facet normal 0 -0.24253562503633114 0.97014250014533232
    outer loop
      vertex 191 20.120000000000001 0.080000000000000016
      vertex 191 20 0.050000000000000003
      vertex 191.12 20.120000000000001 0.080000000000000016
    endloop
  endfacet
  facet normal -0 0.0025252444736492204 0.99999681156509113
    outer loop
      vertex 191.07999999999998 48.119999999999997 0.080000000000000016
      vertex 191.19999999999999 48.119999999999997 0.080000000000000016
      vertex 191.19999999999999 60 0.050000000000000003
    endloop
  endfacet
  facet normal -0 0.0025252444736492208 0.99999681156509113
    outer loop
      vertex 191 48.119999999999997 0.080000000000000016
      vertex 191.07999999999998 48.119999999999997 0.080000000000000016
      vertex 191.19999999999999 60 0.050000000000000003
    endloop
  endfacet
  facet normal 0 0.0025252444736492204 0.99999681156509101
    outer loop
      vertex 191 48.119999999999997 0.080000000000000016
      vertex 191.19999999999999 60 0.050000000000000003
      vertex 191 60 0.050000000000000003
    endloop
  endfacet
  facet normal 0 0 1
    outer loop
      vertex 191 60 0.050000000000000003
      vertex 191.19999999999999 60 0.050000000000000003
      vertex 191.19999999999999 60.200000000000003 0.050000000000000003
    endloop
  endfacet
  facet normal 0 0 1
    outer loop
      vertex 191 60 0.050000000000000003
      vertex 191.19999999999999 60.200000000000003 0.050000000000000003
      vertex 191 60.200000000000003 0.050000000000000003
    endloop
  endfacet
  facet normal 0 -0.0025252444736492191 0.99999681156509124
    outer loop
      vertex 191.12 72.080000000000013 0.080000000000000016
      vertex 191 60.200000000000003 0.050000000000000003
      vertex 191.19999999999999 60.200000000000003 0.050000000000000003
    endloop
  endfacet
  facet normal 0 -0.0025252444736492186 0.99999681156509101
    outer loop
      vertex 191.12 72.080000000000013 0.080000000000000016
      vertex 191.19999999999999 60.200000000000003 0.050000000000000003
      vertex 191.19999999999999 72.080000000000013 0.080000000000000016
    endloop
  endfacet
  facet normal 0 -0.0025252444736492186 0.99999681156509113
    outer loop
      vertex 191 72.080000000000013 0.080000000000000016
      vertex 191 60.200000000000003 0.050000000000000003
      vertex 191.12 72.080000000000013 0.080000000000000016
    endloop
  endfacet
  facet normal 0 -0.44721359549995793 0.89442719099991586
    outer loop
      vertex 191.36000000000001 0.16000000000000003 0.080000000000000016
      vertex 191.28 0.080000000000000071 0.040000000000000036
      vertex 191.40000000000001 0.080000000000000071 0.040000000000000036
    endloop
  endfacet
  facet normal 0 -0.44721359549995793 0.89442719099991586
    outer loop
      vertex 191.36000000000001 0.16000000000000003 0.080000000000000016
      vertex 191.40000000000001 0.080000000000000071 0.040000000000000036
      vertex 191.40000000000001 0.16000000000000003 0.080000000000000016
    endloop
  endfacet
  facet normal 0 -0.44721359549995793 0.89442719099991586
    outer loop
      vertex 191.19999999999999 0.16000000000000003 0.080000000000000016
      vertex 191.19999999999999 0.080000000000000071 0.040000000000000036
      vertex 191.28 0.080000000000000071 0.040000000000000036
    endloop
  endfacet
  facet normal 0 -0.44721359549995793 0.89442719099991586
    outer loop
      vertex 191.19999999999999 0.16000000000000003 0.080000000000000016
      vertex 191.28 0.080000000000000071 0.040000000000000036
      vertex 191.36000000000001 0.16000000000000003 0.080000000000000016
    endloop
  endfacet
  facet normal -0 0.24253562503633455 0.97014250014533154
    outer loop
      vertex 191.28 10.08 0.080000000000000016
      vertex 191.40000000000001 10.08 0.080000000000000016
      vertex 191.40000000000001 10.199999999999999 0.050000000000000003
    endloop
  endfacet
  facet normal -0 0.24253562503633455 0.97014250014533154
    outer loop
      vertex 191.19999999999999 10.08 0.080000000000000016
      vertex 191.28 10.08 0.080000000000000016
      vertex 191.40000000000001 10.199999999999999 0.050000000000000003
    endloop
  endfacet
  facet normal 0 0.24253562503633458 0.97014250014533154
    outer loop
      vertex 191.19999999999999 10.08 0.080000000000000016
      vertex 191.40000000000001 10.199999999999999 0.050000000000000003
      vertex 191.19999999999999 10.199999999999999 0.050000000000000003
    endloop
  endfacet
  facet normal 0 0 1
    outer loop
      vertex 191.19999999999999 10.199999999999999 0.050000000000000003
      vertex 191.40000000000001 10.199999999999999 0.050000000000000003
      vertex 191.40000000000001 20 0.050000000000000003
    endloop
  endfacet
  facet normal 0 0 1
    outer loop
      vertex 191.19999999999999 10.199999999999999 0.050000000000000003
      vertex 191.40000000000001 20 0.050000000000000003
      vertex 191.19999999999999 20 0.050000000000000003
    endloop
  endfacet
  facet normal 0 -0.24253562503633116 0.97014250014533232
    outer loop
      vertex 191.31999999999999 20.120000000000001 0.080000000000000016
      vertex 191.19999999999999 20 0.050000000000000003
      vertex 191.40000000000001 20 0.050000000000000003
    endloop
  endfacet
  facet normal 0 -0.24253562503633119 0.97014250014533232
    outer loop
      vertex 191.31999999999999 20.120000000000001 0.080000000000000016
      vertex 191.40000000000001 20 0.050000000000000003
      vertex 191.40000000000001 20.120000000000001 0.080000000000000016
    endloop
  endfacet
  facet normal 0 -0.24253562503633114 0.97014250014533232
    outer loop
      vertex 191.19999999999999 20.120000000000001 0.080000000000000016
      vertex 191.19999999999999 20 0.050000000000000003
      vertex 191.31999999999999 20.120000000000001 0.080000000000000016
    endloop
  endfacet
  facet normal -0 0.0025252444736492204 0.99999681156509113
    outer loop
      vertex 191.28 48.119999999999997 0.080000000000000016
      vertex 191.40000000000001 48.119999999999997 0.080000000000000016
      vertex 191.40000000000001 60 0.050000000000000003
    endloop
  endfacet
  facet normal -0 0.0025252444736492204 0.99999681156509101
    outer loop
      vertex 191.19999999999999 48.119999999999997 0.080000000000000016
      vertex 191.28 48.119999999999997 0.080000000000000016
      vertex 191.40000000000001 60 0.050000000000000003
    endloop
  endfacet
  facet normal 0 0.0025252444736492204 0.99999681156509101
    outer loop
      vertex 191.19999999999999 48.119999999999997 0.080000000000000016
      vertex 191.40000000000001 60 0.050000000000000003
      vertex 191.19999999999999 60 0.050000000000000003
    endloop
  endfacet
  facet normal 0 0 1
    outer loop
      vertex 191.19999999999999 60 0.050000000000000003
      vertex 191.40000000000001 60 0.050000000000000003
      vertex 191.40000000000001 60.200000000000003 0.050000000000000003
    endloop
  endfacet
  facet normal 0 0 1
    outer loop
      vertex 191.19999999999999 60 0.050000000000000003
      vertex 191.40000000000001 60.200000000000003 0.050000000000000003
      vertex 191.19999999999999 60.200000000000003 0.050000000000000003
    endloop
  endfacet
  facet normal 0 -0.0025252444736492186 0.99999681156509101
    outer loop
      vertex 191.31999999999999 72.080000000000013 0.080000000000000016
      vertex 191.19999999999999 60.200000000000003 0.050000000000000003
      vertex 191.40000000000001 60.200000000000003 0.050000000000000003
    endloop
  endfacet
  facet normal 0 -0.0025252444736492191 0.99999681156509113
    outer loop
      vertex 191.31999999999999 72.080000000000013 0.080000000000000016
      vertex 191.40000000000001 60.200000000000003 0.050000000000000003
      vertex 191.40000000000001 72.080000000000013 0.080000000000000016
    endloop
  endfacet
  facet normal 0 -0.0025252444736492186 0.99999681156509113
    outer loop
      vertex 191.19999999999999 72.080000000000013 0.080000000000000016
      vertex 191.19999999999999 60.200000000000003 0.050000000000000003
      vertex 191.31999999999999 72.080000000000013 0.080000000000000016
    endloop
  endfacet
  facet normal 0 -0.44721359549995793 0.89442719099991586
    outer loop
      vertex 191.56 0.16000000000000003 0.080000000000000016
      vertex 191.47999999999999 0.080000000000000071 0.040000000000000036
      vertex 191.59999999999999 0.080000000000000071 0.040000000000000036
    endloop
  endfacet
  facet normal 0 -0.44721359549995793 0.89442719099991586
    outer loop
      vertex 191.56 0.16000000000000003 0.080000000000000016
      vertex 191.59999999999999 0.080000000000000071 0.040000000000000036
      vertex 191.59999999999999 0.16000000000000003 0.080000000000000016
    endloop
  endfacet
  facet normal 0 -0.44721359549995793 0.89442719099991586
    outer loop
      vertex 191.40000000000001 0.16000000000000003 0.080000000000000016
      vertex 191.40000000000001 0.080000000000000071 0.040000000000000036
      vertex 191.47999999999999 0.080000000000000071 0.040000000000000036
    endloop
  endfacet
  facet normal 0 -0.44721359549995793 0.89442719099991586
    outer loop
      vertex 191.40000000000001 0.16000000000000003 0.080000000000000016
      vertex 191.47999999999999 0.080000000000000071 0.040000000000000036
      vertex 191.56 0.16000000000000003 0.080000000000000016
    endloop
  endfacet
  facet normal -0 0.24253562503633455 0.97014250014533154
    outer loop
      vertex 191.47999999999999 10.08 0.080000000000000016
      vertex 191.59999999999999 10.08 0.080000000000000016
      vertex 191.59999999999999 10.199999999999999 0.050000000000000003
    endloop
  endfacet
  facet normal -0 0.24253562503633458 0.97014250014533143
    outer loop
      vertex 191.40000000000001 10.08 0.080000000000000016
      vertex 191.47999999999999 10.08 0.080000000000000016
      vertex 191.59999999999999 10.199999999999999 0.050000000000000003
    endloop
  endfacet
  facet normal 0 0.24253562503633455 0.97014250014533154
    outer loop
      vertex 191.40000000000001 10.08 0.080000000000000016
      vertex 191.59999999999999 10.199999999999999 0.050000000000000003
      vertex 191.40000000000001 10.199999999999999 0.050000000000000003
    endloop
  endfacet
  facet normal 0 0 1
    outer loop
      vertex 191.40000000000001 10.199999999999999 0.050000000000000003
      vertex 191.59999999999999 10.199999999999999 0.050000000000000003
      vertex 191.59999999999999 20 0.050000000000000003
    endloop
  endfacet
  facet normal 0 0 1
    outer loop
      vertex 191.40000000000001 10.199999999999999 0.050000000000000003
      vertex 191.59999999999999 20 0.050000000000000003
      vertex 191.40000000000001 20 0.050000000000000003
    endloop
  endfacet
  facet normal 0 -0.24253562503633119 0.97014250014533232
    outer loop
      vertex 191.52000000000001 20.120000000000001 0.080000000000000016
      vertex 191.40000000000001 20 0.050000000000000003
      vertex 191.59999999999999 20 0.050000000000000003
    endloop
  endfacet
  facet normal 0 -0.24253562503633122 0.97014250014533243
    outer loop
      vertex 191.52000000000001 20.120000000000001 0.080000000000000016
      vertex 191.59999999999999 20 0.050000000000000003
      vertex 191.59999999999999 20.120000000000001 0.080000000000000016
    endloop
  endfacet
  facet normal 0 -0.24253562503633114 0.97014250014533232
    outer loop
      vertex 191.40000000000001 20.120000000000001 0.080000000000000016
      vertex 191.40000000000001 20 0.050000000000000003
      vertex 191.52000000000001 20.120000000000001 0.080000000000000016
    endloop
  endfacet
  facet normal -0 0.0025252444736492204 0.99999681156509113
    outer loop
      vertex 191.47999999999999 48.119999999999997 0.080000000000000016
      vertex 191.59999999999999 48.119999999999997 0.080000000000000016
      vertex 191.59999999999999 60 0.050000000000000003
    endloop
  endfacet
  facet normal -0 0.0025252444736492208 0.99999681156509113
    outer loop
      vertex 191.40000000000001 48.119999999999997 0.080000000000000016
      vertex 191.47999999999999 48.119999999999997 0.080000000000000016
      vertex 191.59999999999999 60 0.050000000000000003
    endloop
  endfacet
  facet normal 0 0.0025252444736492204 0.99999681156509101
    outer loop
      vertex 191.40000000000001 48.119999999999997 0.080000000000000016
      vertex 191.59999999999999 60 0.050000000000000003
      vertex 191.40000000000001 60 0.050000000000000003
    endloop
  endfacet
  facet normal 0 0 1
    outer loop
      vertex 191.40000000000001 60 0.050000000000000003
      vertex 191.59999999999999 60 0.050000000000000003
      vertex 191.59999999999999 60.200000000000003 0.050000000000000003
    endloop
  endfacet
  facet normal 0 0 1
    outer loop
      vertex 191.40000000000001 60 0.050000000000000003
      vertex 191.59999999999999 60.200000000000003 0.050000000000000003
      vertex 191.40000000000001 60.200000000000003 0.050000000000000003
    endloop
  endfacet
  facet normal 0 -0.0025252444736492191 0.99999681156509124
    outer loop
      vertex 191.52000000000001 72.080000000000013 0.080000000000000016
      vertex 191.40000000000001 60.200000000000003 0.050000000000000003
      vertex 191.59999999999999 60.200000000000003 0.050000000000000003
    endloop
  endfacet
  facet normal 0 -0.0025252444736492186 0.99999681156509101
    outer loop
      vertex 191.52000000000001 72.080000000000013 0.080000000000000016
      vertex 191.59999999999999 60.200000000000003 0.050000000000000003
      vertex 191.59999999999999 72.080000000000013 0.080000000000000016
    endloop
  endfacet
  facet normal 0 -0.0025252444736492186 0.99999681156509113
    outer loop
      vertex 191.40000000000001 72.080000000000013 0.080000000000000016
      vertex 191.40000000000001 60.200000000000003 0.050000000000000003
      vertex 191.52000000000001 72.080000000000013 0.080000000000000016
    endloop
  endfacet
  facet normal -4.4353725238040741e-17 -0.59999999999999998 0.79999999999999993
    outer loop
      vertex 191.70666666666668 0.1066666666666667 0.080000000000000016
      vertex 191.65333333333334 0.053333333333333399 0.040000000000000036
      vertex 191.80000000000001 0.053333333333333392 0.040000000000000036
    endloop
  endfacet
  facet normal 0 -0.59999999999999998 0.79999999999999993
    outer loop
      vertex 191.70666666666668 0.1066666666666667 0.080000000000000016
      vertex 191.80000000000001 0.053333333333333392 0.040000000000000036
      vertex 191.80000000000001 0.1066666666666667 0.080000000000000016
    endloop
  endfacet
  facet normal -0.21821789023596003 -0.43643578047198806 0.87287156094397611
    outer loop
      vertex 191.59999999999999 0.16000000000000003 0.080000000000000016
      vertex 191.59999999999999 0.080000000000000071 0.040000000000000036
      vertex 191.65333333333334 0.053333333333333392 0.040000000000000036
    endloop
  endfacet
  facet normal -0.21821789023595986 -0.43643578047198794 0.87287156094397611
    outer loop
      vertex 191.59999999999999 0.16000000000000003 0.080000000000000016
      vertex 191.65333333333334 0.053333333333333392 0.040000000000000036
      vertex 191.70666666666668 0.1066666666666667 0.080000000000000016
    endloop
  endfacet
  facet normal -0.2357022603955074 0.23570226039551784 0.94280904158206491
    outer loop
      vertex 191.59999999999999 10.08 0.080000000000000016
      vertex 191.72 10.199999999999999 0.080000000000000016
      vertex 191.59999999999999 10.199999999999999 0.050000000000000003
    endloop
  endfacet
  facet normal -0.24253562503632436 0 0.97014250014533399
    outer loop
      vertex 191.72 16.080000000000002 0.080000000000000016
      vertex 191.59999999999999 10.199999999999999 0.050000000000000003
      vertex 191.72 10.199999999999999 0.080000000000000016
    endloop
  endfacet
  facet normal -0.2425356250363245 0 0.97014250014533399
    outer loop
      vertex 191.59999999999999 10.199999999999999 0.050000000000000003
      vertex 191.72 16.080000000000002 0.080000000000000016
      vertex 191.72 20 0.080000000000000016
    endloop
  endfacet
  facet normal -0.24253562503632445 0 0.97014250014533399
    outer loop
      vertex 191.59999999999999 10.199999999999999 0.050000000000000003
      vertex 191.72 20 0.080000000000000016
      vertex 191.59999999999999 20 0.050000000000000003
    endloop
  endfacet
  facet normal -0.23570226039550723 -0.23570226039552117 0.94280904158206424
    outer loop
      vertex 191.66 20.059999999999999 0.080000000000000016
      vertex 191.59999999999999 20 0.050000000000000003
      vertex 191.72 20 0.080000000000000016
    endloop
  endfacet
  facet normal -0.23570226039551417 -0.23570226039551417 0.94280904158206424
    outer loop
      vertex 191.59999999999999 20.120000000000001 0.080000000000000016
      vertex 191.59999999999999 20 0.050000000000000003
      vertex 191.66 20.059999999999999 0.080000000000000016
    endloop
  endfacet
  facet normal -0.24253489721583396 0.002449847446624678 0.97013958886337237
    outer loop
      vertex 191.59999999999999 48.119999999999997 0.080000000000000016
      vertex 191.72 60 0.080000000000000016
      vertex 191.59999999999999 60 0.050000000000000003
    endloop
  endfacet
  facet normal -0.24253562503632442 0 0.9701425001453341
    outer loop
      vertex 191.72 60.120000000000005 0.080000000000000016
      vertex 191.59999999999999 60 0.050000000000000003
      vertex 191.72 60 0.080000000000000016
    endloop
  endfacet
  facet normal -0.24253562503632442 0 0.97014250014533399
    outer loop
      vertex 191.59999999999999 60 0.050000000000000003
      vertex 191.72 60.120000000000005 0.080000000000000016
      vertex 191.72 60.200000000000003 0.080000000000000016
    endloop
  endfacet
  facet normal -0.24253562503632442 0 0.97014250014533399
    outer loop
      vertex 191.59999999999999 60 0.050000000000000003
      vertex 191.72 60.200000000000003 0.080000000000000016
      vertex 191.59999999999999 60.200000000000003 0.050000000000000003
    endloop
  endfacet
  facet normal -0.24253489721583399 0.0024498474466249686 0.97013958886337237
    outer loop
      vertex 191.59999999999999 60.200000000000003 0.050000000000000003
      vertex 191.72 60.200000000000003 0.080000000000000016
      vertex 191.80000000000001 68.120000000000005 0.080000000000000016
    endloop
  endfacet
  facet normal -0.24253489721582319 0.0024498474466246862 0.97013958886337492
    outer loop
      vertex 191.59999999999999 60.200000000000003 0.050000000000000003
      vertex 191.80000000000001 68.120000000000005 0.080000000000000016
      vertex 191.80000000000001 80 0.050000000000000003
    endloop
  endfacet
  facet normal 0.24253489721582294 -0.0024498474466246832 0.97013958886337504
    outer loop
      vertex 191.59999999999999 72.080000000000013 0.080000000000000016
      vertex 191.59999999999999 60.200000000000003 0.050000000000000003
      vertex 191.80000000000001 80 0.050000000000000003
    endloop
  endfacet
  facet normal 0.24253489721583399 -0.0024498474466249725 0.97013958886337226
    outer loop
      vertex 191.59999999999999 72.080000000000013 0.080000000000000016
      vertex 191.80000000000001 80 0.050000000000000003
      vertex 191.68000000000001 80 0.080000000000000016
    endloop
  endfacet
  facet normal 0.24253562503632442 0 0.97014250014533399
    outer loop
      vertex 191.68000000000001 80.079999999999998 0.080000000000000016
      vertex 191.68000000000001 80 0.080000000000000016
      vertex 191.80000000000001 80 0.050000000000000003
    endloop
  endfacet
  facet normal 0.24253562503632442 0 0.97014250014533399
    outer loop
      vertex 191.68000000000001 80.079999999999998 0.080000000000000016
      vertex 191.80000000000001 80 0.050000000000000003
      vertex 191.80000000000001 80.200000000000003 0.050000000000000003
    endloop
  endfacet
  facet normal 0.24253562503632442 -0 0.9701425001453341
    outer loop
      vertex 191.68000000000001 80.079999999999998 0.080000000000000016
      vertex 191.80000000000001 80.200000000000003 0.050000000000000003
      vertex 191.68000000000001 80.200000000000003 0.080000000000000016
    endloop
  endfacet
  facet normal 0.24253271379367591 -0.0048996507837108117 0.97013085517474007
    outer loop
      vertex 191.68000000000001 80.200000000000003 0.080000000000000016
      vertex 191.80000000000001 80.200000000000003 0.050000000000000003
      vertex 191.80000000000001 86.140000000000001 0.080000000000000016
    endloop
  endfacet
  facet normal -4.4353725238049345e-17 -0.59999999999999998 0.79999999999999993
    outer loop
      vertex 191.90666666666667 0.1066666666666667 0.080000000000000016
      vertex 191.85333333333335 0.053333333333333399 0.040000000000000036
      vertex 192 0.053333333333333392 0.040000000000000036
    endloop
  endfacet
  facet normal 0 -0.59999999999999998 0.79999999999999993
    outer loop
      vertex 191.90666666666667 0.1066666666666667 0.080000000000000016
      vertex 192 0.053333333333333392 0.040000000000000036
      vertex 192 0.1066666666666667 0.080000000000000016
    endloop
  endfacet
  facet normal -1.2197274440460024e-16 -0.59999999999999998 0.79999999999999993
    outer loop
      vertex 191.80000000000001 0.1066666666666667 0.080000000000000016
      vertex 191.80000000000001 0.053333333333333399 0.040000000000000036
      vertex 191.85333333333335 0.053333333333333392 0.040000000000000036
    endloop
  endfacet
  facet normal 0 -0.59999999999999998 0.79999999999999993
    outer loop
      vertex 191.80000000000001 0.1066666666666667 0.080000000000000016
      vertex 191.85333333333335 0.053333333333333392 0.040000000000000036
      vertex 191.90666666666667 0.1066666666666667 0.080000000000000016
    endloop
  endfacet
  facet normal -0 0.0025252444736492217 0.99999681156509113
    outer loop
      vertex 191.88 68.120000000000005 0.080000000000000016
      vertex 192 68.120000000000005 0.080000000000000016
      vertex 192 80 0.050000000000000003
    endloop
  endfacet
  facet normal -0 0.0025252444736492221 0.99999681156509101
    outer loop
      vertex 191.80000000000001 68.120000000000005 0.080000000000000016
      vertex 191.88 68.120000000000005 0.080000000000000016
      vertex 192 80 0.050000000000000003
    endloop
  endfacet
  facet normal 0 0.0025252444736492221 0.99999681156509101
    outer loop
      vertex 191.80000000000001 68.120000000000005 0.080000000000000016
      vertex 192 80 0.050000000000000003
      vertex 191.80000000000001 80 0.050000000000000003
    endloop
  endfacet
  facet normal 0 0 1
    outer loop
      vertex 191.80000000000001 80 0.050000000000000003
      vertex 192 80 0.050000000000000003
      vertex 192 80.200000000000003 0.050000000000000003
    endloop
  endfacet
  facet normal 0 0 1
    outer loop
      vertex 191.80000000000001 80 0.050000000000000003
      vertex 192 80.200000000000003 0.050000000000000003
      vertex 191.80000000000001 80.200000000000003 0.050000000000000003
    endloop
  endfacet
  facet normal 0 -0.0050504406386027885 0.99998724644335124
    outer loop
      vertex 191.86000000000001 86.140000000000001 0.080000000000000016
      vertex 191.80000000000001 80.200000000000003 0.050000000000000003
      vertex 192 80.200000000000003 0.050000000000000003
    endloop
  endfacet
  facet normal 0 -0.0050504406386027894 0.99998724644335124
    outer loop
      vertex 191.86000000000001 86.140000000000001 0.080000000000000016
      vertex 192 80.200000000000003 0.050000000000000003
      vertex 192 86.140000000000001 0.080000000000000016
    endloop
  endfacet
  facet normal 0 -0.0050504406386027885 0.99998724644335146
    outer loop
      vertex 191.80000000000001 86.140000000000001 0.080000000000000016
      vertex 191.80000000000001 80.200000000000003 0.050000000000000003
      vertex 191.86000000000001 86.140000000000001 0.080000000000000016
    endloop
  endfacet
  facet normal -4.4353725238049345e-17 -0.59999999999999998 0.79999999999999993
    outer loop
      vertex 192.10666666666665 0.1066666666666667 0.080000000000000016
      vertex 192.05333333333334 0.053333333333333399 0.040000000000000036
      vertex 192.19999999999999 0.053333333333333392 0.040000000000000036
    endloop
  endfacet
  facet normal 0 -0.59999999999999998 0.79999999999999993
    outer loop
      vertex 192.10666666666665 0.1066666666666667 0.080000000000000016
      vertex 192.19999999999999 0.053333333333333392 0.040000000000000036
      vertex 192.19999999999999 0.1066666666666667 0.080000000000000016
    endloop
  endfacet
  facet normal -1.2197274440460024e-16 -0.59999999999999998 0.79999999999999993
    outer loop
      vertex 192 0.1066666666666667 0.080000000000000016
      vertex 192 0.053333333333333399 0.040000000000000036
      vertex 192.05333333333334 0.053333333333333392 0.040000000000000036
    endloop
  endfacet
  facet normal 0 -0.59999999999999998 0.79999999999999993
    outer loop
      vertex 192 0.1066666666666667 0.080000000000000016
      vertex 192.05333333333334 0.053333333333333392 0.040000000000000036
      vertex 192.10666666666665 0.1066666666666667 0.080000000000000016
    endloop
  endfacet
  facet normal -0 0.0025252444736492217 0.99999681156509113
    outer loop
      vertex 192.07999999999998 68.120000000000005 0.080000000000000016
      vertex 192.19999999999999 68.120000000000005 0.080000000000000016
      vertex 192.19999999999999 80 0.050000000000000003
    endloop
  endfacet
  facet normal -0 0.0025252444736492221 0.99999681156509101
    outer loop
      vertex 192 68.120000000000005 0.080000000000000016
      vertex 192.07999999999998 68.120000000000005 0.080000000000000016
      vertex 192.19999999999999 80 0.050000000000000003
    endloop
  endfacet
  facet normal 0 0.0025252444736492221 0.99999681156509101
    outer loop
      vertex 192 68.120000000000005 0.080000000000000016
      vertex 192.19999999999999 80 0.050000000000000003
      vertex 192 80 0.050000000000000003
    endloop
  endfacet
  facet normal 0 0 1
    outer loop
      vertex 192 80 0.050000000000000003
      vertex 192.19999999999999 80 0.050000000000000003
      vertex 192.19999999999999 80.200000000000003 0.050000000000000003
    endloop
  endfacet
  facet normal 0 0 1
    outer loop
      vertex 192 80 0.050000000000000003
      vertex 192.19999999999999 80.200000000000003 0.050000000000000003
      vertex 192 80.200000000000003 0.050000000000000003
    endloop
  endfacet
  facet normal 0 -0.0050504406386027885 0.99998724644335124
    outer loop
      vertex 192.06 86.140000000000001 0.080000000000000016
      vertex 192 80.200000000000003 0.050000000000000003
      vertex 192.19999999999999 80.200000000000003 0.050000000000000003
    endloop
  endfacet
  facet normal 0 -0.0050504406386027894 0.99998724644335124
    outer loop
      vertex 192.06 86.140000000000001 0.080000000000000016
      vertex 192.19999999999999 80.200000000000003 0.050000000000000003
      vertex 192.19999999999999 86.140000000000001 0.080000000000000016
    endloop
  endfacet
  facet normal 0 -0.0050504406386027885 0.99998724644335146
    outer loop
      vertex 192 86.140000000000001 0.080000000000000016
      vertex 192 80.200000000000003 0.050000000000000003
      vertex 192.06 86.140000000000001 0.080000000000000016
    endloop
  endfacet
  facet normal -4.4353725238040741e-17 -0.59999999999999998 0.79999999999999993
    outer loop
      vertex 192.30666666666667 0.1066666666666667 0.080000000000000016
      vertex 192.25333333333333 0.053333333333333399 0.040000000000000036
      vertex 192.40000000000001 0.053333333333333392 0.040000000000000036
    endloop
  endfacet
  facet normal 0 -0.59999999999999998 0.79999999999999993
    outer loop
      vertex 192.30666666666667 0.1066666666666667 0.080000000000000016
      vertex 192.40000000000001 0.053333333333333392 0.040000000000000036
      vertex 192.40000000000001 0.1066666666666667 0.080000000000000016
    endloop
  endfacet
  facet normal -1.2197274440460024e-16 -0.59999999999999998 0.79999999999999993
    outer loop
      vertex 192.19999999999999 0.1066666666666667 0.080000000000000016
      vertex 192.19999999999999 0.053333333333333399 0.040000000000000036
      vertex 192.25333333333333 0.053333333333333392 0.040000000000000036
    endloop
  endfacet
  facet normal 0 -0.59999999999999998 0.80000000000000004
    outer loop
      vertex 192.19999999999999 0.1066666666666667 0.080000000000000016
      vertex 192.25333333333333 0.053333333333333392 0.040000000000000036
      vertex 192.30666666666667 0.1066666666666667 0.080000000000000016
    endloop
  endfacet
  facet normal -0 0.0025252444736492217 0.99999681156509113
    outer loop
      vertex 192.28 68.120000000000005 0.080000000000000016
      vertex 192.40000000000001 68.120000000000005 0.080000000000000016
      vertex 192.40000000000001 80 0.050000000000000003
    endloop
  endfacet
  facet normal -0 0.0025252444736492221 0.99999681156509113
    outer loop
      vertex 192.19999999999999 68.120000000000005 0.080000000000000016
      vertex 192.28 68.120000000000005 0.080000000000000016
      vertex 192.40000000000001 80 0.050000000000000003
    endloop
  endfacet
  facet normal 0 0.0025252444736492225 0.99999681156509124
    outer loop
      vertex 192.19999999999999 68.120000000000005 0.080000000000000016
      vertex 192.40000000000001 80 0.050000000000000003
      vertex 192.19999999999999 80 0.050000000000000003
    endloop
  endfacet
  facet normal 0 0 1
    outer loop
      vertex 192.19999999999999 80 0.050000000000000003
      vertex 192.40000000000001 80 0.050000000000000003
      vertex 192.40000000000001 80.200000000000003 0.050000000000000003
    endloop
  endfacet
  facet normal 0 0 1
    outer loop
      vertex 192.19999999999999 80 0.050000000000000003
      vertex 192.40000000000001 80.200000000000003 0.050000000000000003
      vertex 192.19999999999999 80.200000000000003 0.050000000000000003
    endloop
  endfacet
  facet normal 0 -0.0050504406386027894 0.99998724644335146
    outer loop
      vertex 192.25999999999999 86.140000000000001 0.080000000000000016
      vertex 192.19999999999999 80.200000000000003 0.050000000000000003
      vertex 192.40000000000001 80.200000000000003 0.050000000000000003
    endloop
  endfacet
  facet normal 0 -0.0050504406386027894 0.99998724644335146
    outer loop
      vertex 192.25999999999999 86.140000000000001 0.080000000000000016
      vertex 192.40000000000001 80.200000000000003 0.050000000000000003
      vertex 192.40000000000001 86.140000000000001 0.080000000000000016
    endloop
  endfacet
  facet normal 0 -0.0050504406386027885 0.99998724644335146
    outer loop
      vertex 192.19999999999999 86.140000000000001 0.080000000000000016
      vertex 192.19999999999999 80.200000000000003 0.050000000000000003
      vertex 192.25999999999999 86.140000000000001 0.080000000000000016
    endloop
  endfacet
  facet normal 0 -0.70710678118654746 0.70710678118654746
    outer loop
      vertex 192.47999999999999 0.080000000000000016 0.080000000000000016
      vertex 192.44 0.040000000000000036 0.040000000000000036
      vertex 192.59999999999999 0.040000000000000036 0.040000000000000036
    endloop
  endfacet
  facet normal 0 -0.70710678118654746 0.70710678118654746
    outer loop
      vertex 192.47999999999999 0.080000000000000016 0.080000000000000016
      vertex 192.59999999999999 0.040000000000000036 0.040000000000000036
      vertex 192.59999999999999 0.080000000000000016 0.080000000000000016
    endloop
  endfacet
  facet normal -0.19611613513822207 -0.58834840541454758 0.78446454055273007
    outer loop
      vertex 192.40000000000001 0.1066666666666667 0.080000000000000016
      vertex 192.40000000000001 0.053333333333333399 0.040000000000000036
      vertex 192.44 0.040000000000000036 0.040000000000000036
    endloop
  endfacet
  facet normal -0.19611613513822165 -0.58834840541454747 0.78446454055273007
    outer loop
      vertex 192.40000000000001 0.1066666666666667 0.080000000000000016
      vertex 192.44 0.040000000000000036 0.040000000000000036
      vertex 192.47999999999999 0.080000000000000016 0.080000000000000016
    endloop
  endfacet
  facet normal -0.24253489721583396 0.0024498474466246793 0.97013958886337226
    outer loop
      vertex 192.40000000000001 68.120000000000005 0.080000000000000016
      vertex 192.52000000000001 80 0.080000000000000016
      vertex 192.40000000000001 80 0.050000000000000003
    endloop
  endfacet
  facet normal -0.24253562503632442 0 0.9701425001453341
    outer loop
      vertex 192.52000000000001 80.120000000000005 0.080000000000000016
      vertex 192.40000000000001 80 0.050000000000000003
      vertex 192.52000000000001 80 0.080000000000000016
    endloop
  endfacet
  facet normal -0.24253562503632442 0 0.97014250014533399
    outer loop
      vertex 192.40000000000001 80 0.050000000000000003
      vertex 192.52000000000001 80.120000000000005 0.080000000000000016
      vertex 192.52000000000001 80.200000000000003 0.080000000000000016
    endloop
  endfacet
  facet normal -0.24253562503632442 0 0.97014250014533399
    outer loop
      vertex 192.40000000000001 80 0.050000000000000003
      vertex 192.52000000000001 80.200000000000003 0.080000000000000016
      vertex 192.40000000000001 80.200000000000003 0.050000000000000003
    endloop
  endfacet
  facet normal -0.24253271379367594 -0.0048996507837113816 0.97013085517474007
    outer loop
      vertex 192.44 84.160000000000011 0.080000000000000016
      vertex 192.40000000000001 80.200000000000003 0.050000000000000003
      vertex 192.52000000000001 80.200000000000003 0.080000000000000016
    endloop
  endfacet
  facet normal -0.24253271379373056 -0.0048996507837107441 0.97013085517472641
    outer loop
      vertex 192.40000000000001 86.140000000000001 0.080000000000000016
      vertex 192.40000000000001 80.200000000000003 0.050000000000000003
      vertex 192.44 84.159999999999997 0.080000000000000016
    endloop
  endfacet
  facet normal 0 -0.70710678118654746 0.70710678118654746
    outer loop
      vertex 192.67999999999998 0.080000000000000016 0.080000000000000016
      vertex 192.63999999999999 0.040000000000000036 0.040000000000000036
      vertex 192.80000000000001 0.040000000000000036 0.040000000000000036
    endloop
  endfacet
  facet normal 0 -0.70710678118654746 0.70710678118654746
    outer loop
      vertex 192.67999999999998 0.080000000000000016 0.080000000000000016
      vertex 192.80000000000001 0.040000000000000036 0.040000000000000036
      vertex 192.80000000000001 0.080000000000000016 0.080000000000000016
    endloop
  endfacet
  facet normal 0 -0.70710678118654757 0.70710678118654757
    outer loop
      vertex 192.59999999999999 0.080000000000000016 0.080000000000000016
      vertex 192.59999999999999 0.040000000000000036 0.040000000000000036
      vertex 192.63999999999999 0.040000000000000036 0.040000000000000036
    endloop
  endfacet
  facet normal 0 -0.70710678118654757 0.70710678118654757
    outer loop
      vertex 192.59999999999999 0.080000000000000016 0.080000000000000016
      vertex 192.63999999999999 0.040000000000000036 0.040000000000000036
      vertex 192.67999999999998 0.080000000000000016 0.080000000000000016
    endloop
  endfacet
  facet normal 0 -0.70710678118654746 0.70710678118654746
    outer loop
      vertex 192.88 0.080000000000000016 0.080000000000000016
      vertex 192.84 0.040000000000000036 0.040000000000000036
      vertex 193 0.040000000000000036 0.040000000000000036
    endloop
  endfacet
  facet normal 0 -0.70710678118654746 0.70710678118654746
    outer loop
      vertex 192.88 0.080000000000000016 0.080000000000000016
      vertex 193 0.040000000000000036 0.040000000000000036
      vertex 193 0.080000000000000016 0.080000000000000016
    endloop
  endfacet
  facet normal 0 -0.70710678118654757 0.70710678118654757
    outer loop
      vertex 192.80000000000001 0.080000000000000016 0.080000000000000016
      vertex 192.80000000000001 0.040000000000000036 0.040000000000000036
      vertex 192.84 0.040000000000000036 0.040000000000000036
    endloop
  endfacet
  facet normal 0 -0.70710678118654757 0.70710678118654757
    outer loop
      vertex 192.80000000000001 0.080000000000000016 0.080000000000000016
      vertex 192.84 0.040000000000000036 0.040000000000000036
      vertex 192.88 0.080000000000000016 0.080000000000000016
    endloop
  endfacet
  facet normal 0 -0.70710678118654746 0.70710678118654746
    outer loop
      vertex 193.07999999999998 0.080000000000000016 0.080000000000000016
      vertex 193.03999999999999 0.040000000000000036 0.040000000000000036
      vertex 193.19999999999999 0.040000000000000036 0.040000000000000036
    endloop
  endfacet
  facet normal 0 -0.70710678118654746 0.70710678118654746
    outer loop
      vertex 193.07999999999998 0.080000000000000016 0.080000000000000016
      vertex 193.19999999999999 0.040000000000000036 0.040000000000000036
      vertex 193.19999999999999 0.080000000000000016 0.080000000000000016
    endloop
  endfacet
  facet normal 0 -0.70710678118654757 0.70710678118654757
    outer loop
      vertex 193 0.080000000000000016 0.080000000000000016
      vertex 193 0.040000000000000036 0.040000000000000036
      vertex 193.03999999999999 0.040000000000000036 0.040000000000000036
    endloop
  endfacet
  facet normal 0 -0.70710678118654757 0.70710678118654757
    outer loop
      vertex 193 0.080000000000000016 0.080000000000000016
      vertex 193.03999999999999 0.040000000000000036 0.040000000000000036
      vertex 193.07999999999998 0.080000000000000016 0.080000000000000016
    endloop
  endfacet
  facet normal 0 -0.44721359549995793 0.89442719099991586
    outer loop
      vertex 193.36000000000001 0.16000000000000003 0.080000000000000016
      vertex 193.28 0.080000000000000071 0.040000000000000036
      vertex 193.40000000000001 0.080000000000000071 0.040000000000000036
    endloop
  endfacet
  facet normal 0 -0.44721359549995793 0.89442719099991586
    outer loop
      vertex 193.36000000000001 0.16000000000000003 0.080000000000000016
      vertex 193.40000000000001 0.080000000000000071 0.040000000000000036
      vertex 193.40000000000001 0.16000000000000003 0.080000000000000016
    endloop
  endfacet
  facet normal 0.3333333333332873 -0.66666666666667818 0.66666666666667818
    outer loop
      vertex 193.19999999999999 0.080000000000000016 0.080000000000000016
      vertex 193.19999999999999 0.040000000000000036 0.040000000000000036
      vertex 193.28 0.080000000000000071 0.040000000000000036
    endloop
  endfacet
  facet normal 0.33333333333328719 -0.6666666666666784 0.66666666666667806
    outer loop
      vertex 193.19999999999999 0.080000000000000016 0.080000000000000016
      vertex 193.28 0.080000000000000071 0.040000000000000036
      vertex 193.36000000000001 0.16000000000000003 0.080000000000000016
    endloop
  endfacet
  facet normal 0 -0.44721359549995793 0.89442719099991586
    outer loop
      vertex 193.56 0.16000000000000003 0.080000000000000016
      vertex 193.47999999999999 0.080000000000000071 0.040000000000000036
      vertex 193.59999999999999 0.080000000000000071 0.040000000000000036
    endloop
  endfacet
  facet normal 0 -0.44721359549995793 0.89442719099991586
    outer loop
      vertex 193.56 0.16000000000000003 0.080000000000000016
      vertex 193.59999999999999 0.080000000000000071 0.040000000000000036
      vertex 193.59999999999999 0.16000000000000003 0.080000000000000016
    endloop
  endfacet
  facet normal 0 -0.44721359549995793 0.89442719099991586
    outer loop
      vertex 193.40000000000001 0.16000000000000003 0.080000000000000016
      vertex 193.40000000000001 0.080000000000000071 0.040000000000000036
      vertex 193.47999999999999 0.080000000000000071 0.040000000000000036
    endloop
  endfacet
  facet normal 0 -0.44721359549995793 0.89442719099991586
    outer loop
      vertex 193.40000000000001 0.16000000000000003 0.080000000000000016
      vertex 193.47999999999999 0.080000000000000071 0.040000000000000036
      vertex 193.56 0.16000000000000003 0.080000000000000016
    endloop
  endfacet
  facet normal 0.40824829046385003 -0.40824829046386563 0.81649658092773125
    outer loop
      vertex 193.59999999999999 0.16000000000000003 0.080000000000000016
      vertex 193.59999999999999 0.080000000000000071 0.040000000000000036
      vertex 193.72 0.20000000000000001 0.040000000000000036
    endloop
  endfacet
  facet normal 0.40824829046383382 -0.40824829046375283 0.81649658092779565
    outer loop
      vertex 193.59999999999999 0.16000000000000003 0.080000000000000016
      vertex 193.72 0.20000000000000001 0.040000000000000036
      vertex 193.63999999999999 0.20000000000000001 0.080000000000000016
    endloop
  endfacet
  facet normal 0.44721359549990181 0 0.89442719099994383
    outer loop
      vertex 193.72 6.0799999999999965 0.040000000000000036
      vertex 193.63999999999999 2.1599999999999993 0.080000000000000016
      vertex 193.63999999999999 0.20000000000000001 0.080000000000000016
    endloop
  endfacet
  facet normal 0.44721359549990181 0 0.89442719099994383
    outer loop
      vertex 193.72 6.0799999999999965 0.040000000000000036
      vertex 193.63999999999999 0.20000000000000001 0.080000000000000016
      vertex 193.72 0.20000000000000001 0.040000000000000036
    endloop
  endfacet
  facet normal 0.44721359549990181 0 0.89442719099994394
    outer loop
      vertex 193.63999999999999 2.1599999999999993 0.080000000000000016
      vertex 193.72 6.0799999999999974 0.040000000000000036
      vertex 193.72 10 0.040000000000000036
    endloop
  endfacet
  facet normal 0.44721359549990181 -0 0.89442719099994383
    outer loop
      vertex 193.63999999999999 2.1599999999999993 0.080000000000000016
      vertex 193.72 10 0.040000000000000036
      vertex 193.63999999999999 10 0.080000000000000016
    endloop
  endfacet
  facet normal 0.44721359549990181 0 0.89442719099994394
    outer loop
      vertex 193.72 10.119999999999999 0.040000000000000036
      vertex 193.63999999999999 10.039999999999999 0.080000000000000016
      vertex 193.63999999999999 10 0.080000000000000016
    endloop
  endfacet
  facet normal 0.44721359549990181 0 0.89442719099994383
    outer loop
      vertex 193.72 10.119999999999999 0.040000000000000036
      vertex 193.63999999999999 10 0.080000000000000016
      vertex 193.72 10 0.040000000000000036
    endloop
  endfacet
  facet normal 0.66666666666668761 -0.33333333333351406 0.66666666666655539
    outer loop
      vertex 193.63999999999999 10.039999999999999 0.080000000000000016
      vertex 193.72 10.119999999999999 0.040000000000000036
      vertex 193.76000000000002 10.199999999999999 0.040000000000000036
    endloop
  endfacet
  facet normal 0.66666666666668761 -0.33333333333351406 0.66666666666655539
    outer loop
      vertex 193.63999999999999 10.039999999999999 0.080000000000000016
      vertex 193.76000000000002 10.199999999999999 0.040000000000000036
      vertex 193.72000000000003 10.199999999999999 0.080000000000000016
    endloop
  endfacet
  facet normal 0.70710678118661763 0 0.70710678118647741
    outer loop
      vertex 193.76000000000002 18.039999999999999 0.040000000000000036
      vertex 193.72000000000003 16.079999999999998 0.080000000000000016
      vertex 193.72000000000003 10.199999999999999 0.080000000000000016
    endloop
  endfacet
  facet normal 0.70710678118661763 0 0.70710678118647741
    outer loop
      vertex 193.76000000000002 18.039999999999999 0.040000000000000036
      vertex 193.72000000000003 10.199999999999999 0.080000000000000016
      vertex 193.76000000000002 10.199999999999999 0.040000000000000036
    endloop
  endfacet
  facet normal 0.70710678118661774 0 0.70710678118647741
    outer loop
      vertex 193.72000000000003 16.079999999999998 0.080000000000000016
      vertex 193.76000000000002 18.039999999999999 0.040000000000000036
      vertex 193.76000000000002 20 0.040000000000000036
    endloop
  endfacet
  facet normal 0.70710678118661774 -0 0.70710678118647741
    outer loop
      vertex 193.72000000000003 16.079999999999998 0.080000000000000016
      vertex 193.76000000000002 20 0.040000000000000036
      vertex 193.72000000000003 20 0.080000000000000016
    endloop
  endfacet
  facet normal 0.70710678118661774 0 0.7071067811864773
    outer loop
      vertex 193.76000000000002 20.16 0.040000000000000036
      vertex 193.72000000000003 20.120000000000001 0.080000000000000016
      vertex 193.72000000000003 20 0.080000000000000016
    endloop
  endfacet
  facet normal 0.70710678118661774 0 0.70710678118647741
    outer loop
      vertex 193.76000000000002 20.16 0.040000000000000036
      vertex 193.72000000000003 20 0.080000000000000016
      vertex 193.76000000000002 20 0.040000000000000036
    endloop
  endfacet
  facet normal 0.40824829046378414 0.40824829046400168 0.81649658092769617
    outer loop
      vertex 193.72000000000003 20.120000000000001 0.080000000000000016
      vertex 193.76000000000002 20.16 0.040000000000000036
      vertex 193.72 20.199999999999999 0.040000000000000036
    endloop
  endfacet
  facet normal 0.40824829046378408 0.40824829046400163 0.81649658092769617
    outer loop
      vertex 193.72000000000003 20.120000000000001 0.080000000000000016
      vertex 193.72 20.199999999999999 0.040000000000000036
      vertex 193.63999999999999 20.199999999999999 0.080000000000000016
    endloop
  endfacet
  facet normal 0.44721359549990181 0 0.89442719099994372
    outer loop
      vertex 193.72 32.079999999999991 0.040000000000000036
      vertex 193.63999999999999 24.159999999999997 0.080000000000000016
      vertex 193.63999999999999 20.199999999999999 0.080000000000000016
    endloop
  endfacet
  facet normal 0.44721359549990186 0 0.89442719099994394
    outer loop
      vertex 193.72 32.079999999999991 0.040000000000000036
      vertex 193.63999999999999 20.199999999999999 0.080000000000000016
      vertex 193.72 20.199999999999999 0.040000000000000036
    endloop
  endfacet
  facet normal 0.44721359549990175 0 0.89442719099994383
    outer loop
      vertex 193.63999999999999 24.159999999999997 0.080000000000000016
      vertex 193.72 32.079999999999991 0.040000000000000036
      vertex 193.72 40 0.040000000000000036
    endloop
  endfacet
  facet normal 0.44721359549990181 -0 0.89442719099994383
    outer loop
      vertex 193.63999999999999 24.159999999999997 0.080000000000000016
      vertex 193.72 40 0.040000000000000036
      vertex 193.63999999999999 40 0.080000000000000016
    endloop
  endfacet
  facet normal 0.44721359549990175 0 0.89442719099994394
    outer loop
      vertex 193.72 40.120000000000005 0.040000000000000036
      vertex 193.63999999999999 40.039999999999999 0.080000000000000016
      vertex 193.63999999999999 40 0.080000000000000016
    endloop
  endfacet
  facet normal 0.44721359549990181 0 0.89442719099994383
    outer loop
      vertex 193.72 40.120000000000005 0.040000000000000036
      vertex 193.63999999999999 40 0.080000000000000016
      vertex 193.72 40 0.040000000000000036
    endloop
  endfacet
  facet normal 0.44721359549990181 0 0.89442719099994394
    outer loop
      vertex 193.63999999999999 40.039999999999999 0.080000000000000016
      vertex 193.72 40.120000000000005 0.040000000000000036
      vertex 193.72 40.200000000000003 0.040000000000000036
    endloop
  endfacet
  facet normal 0.44721359549990186 -0 0.89442719099994394
    outer loop
      vertex 193.63999999999999 40.039999999999999 0.080000000000000016
      vertex 193.72 40.200000000000003 0.040000000000000036
      vertex 193.63999999999999 40.200000000000003 0.080000000000000016
    endloop
  endfacet
  facet normal 0.44721359549990169 0 0.89442719099994383
    outer loop
      vertex 193.72 52.079999999999991 0.040000000000000036
      vertex 193.63999999999999 44.159999999999997 0.080000000000000016
      vertex 193.63999999999999 40.200000000000003 0.080000000000000016
    endloop
  endfacet
  facet normal 0.44721359549990181 0 0.89442719099994394
    outer loop
      vertex 193.72 52.079999999999991 0.040000000000000036
      vertex 193.63999999999999 40.200000000000003 0.080000000000000016
      vertex 193.72 40.200000000000003 0.040000000000000036
    endloop
  endfacet
  facet normal 0.70710227208029197 -0.0035712235963669377 0.70710227208015219
    outer loop
      vertex 193.63999999999999 44.160000000000004 0.080000000000000016
      vertex 193.72 52.079999999999998 0.040000000000000036
      vertex 193.76000000000002 60 0.040000000000000036
    endloop
  endfacet
  facet normal 0.70710227208029219 -0.0035712235963669403 0.70710227208015197
    outer loop
      vertex 193.63999999999999 44.160000000000004 0.080000000000000016
      vertex 193.76000000000002 60 0.040000000000000036
      vertex 193.72000000000003 60 0.080000000000000016
    endloop
  endfacet
  facet normal 0.70710678118661763 0 0.70710678118647741
    outer loop
      vertex 193.76000000000002 60.160000000000004 0.040000000000000036
      vertex 193.72000000000003 60.120000000000005 0.080000000000000016
      vertex 193.72000000000003 60 0.080000000000000016
    endloop
  endfacet
  facet normal 0.70710678118661763 0 0.70710678118647741
    outer loop
      vertex 193.76000000000002 60.160000000000004 0.040000000000000036
      vertex 193.72000000000003 60 0.080000000000000016
      vertex 193.76000000000002 60 0.040000000000000036
    endloop
  endfacet
  facet normal 0.70710678118661774 0 0.70710678118647741
    outer loop
      vertex 193.72000000000003 60.120000000000005 0.080000000000000016
      vertex 193.76000000000002 60.160000000000004 0.040000000000000036
      vertex 193.76000000000002 60.200000000000003 0.040000000000000036
    endloop
  endfacet
  facet normal 0.70710678118661774 -0 0.70710678118647741
    outer loop
      vertex 193.72000000000003 60.120000000000005 0.080000000000000016
      vertex 193.76000000000002 60.200000000000003 0.040000000000000036
      vertex 193.72000000000003 60.200000000000003 0.080000000000000016
    endloop
  endfacet
  facet normal 0.70710678118661774 0 0.70710678118647741
    outer loop
      vertex 193.76000000000002 76.039999999999992 0.040000000000000036
      vertex 193.72000000000003 72.079999999999998 0.080000000000000016
      vertex 193.72000000000003 60.200000000000003 0.080000000000000016
    endloop
  endfacet
  facet normal 0.70710678118661774 0 0.70710678118647741
    outer loop
      vertex 193.76000000000002 76.039999999999992 0.040000000000000036
      vertex 193.72000000000003 60.200000000000003 0.080000000000000016
      vertex 193.76000000000002 60.200000000000003 0.040000000000000036
    endloop
  endfacet
  facet normal 0.59999877563882698 0.0020201978977762935 0.79999836751856079
    outer loop
      vertex 193.72000000000003 72.079999999999998 0.080000000000000016
      vertex 193.76000000000002 76.039999999999992 0.040000000000000036
      vertex 193.74666666666667 80 0.040000000000000036
    endloop
  endfacet
  facet normal 0.59999877563882664 0.0020201978977762956 0.79999836751856102
    outer loop
      vertex 193.72000000000003 72.079999999999998 0.080000000000000016
      vertex 193.74666666666667 80 0.040000000000000036
      vertex 193.69333333333333 80 0.080000000000000016
    endloop
  endfacet
  facet normal 0.59999999999993991 0 0.80000000000004512
    outer loop
      vertex 193.74666666666667 80.146666666666675 0.040000000000000036
      vertex 193.69333333333333 80.093333333333334 0.080000000000000016
      vertex 193.69333333333333 80 0.080000000000000016
    endloop
  endfacet
  facet normal 0.5999999999999398 0 0.80000000000004512
    outer loop
      vertex 193.74666666666667 80.146666666666675 0.040000000000000036
      vertex 193.69333333333333 80 0.080000000000000016
      vertex 193.74666666666667 80 0.040000000000000036
    endloop
  endfacet
  facet normal 0.59999999999993991 0 0.80000000000004512
    outer loop
      vertex 193.69333333333333 80.093333333333334 0.080000000000000016
      vertex 193.74666666666667 80.146666666666675 0.040000000000000036
      vertex 193.74666666666667 80.200000000000003 0.040000000000000036
    endloop
  endfacet
  facet normal 0.5999999999999398 -0 0.80000000000004523
    outer loop
      vertex 193.69333333333333 80.093333333333334 0.080000000000000016
      vertex 193.74666666666667 80.200000000000003 0.040000000000000036
      vertex 193.69333333333333 80.200000000000003 0.080000000000000016
    endloop
  endfacet
  facet normal 0.5999999999999398 0 0.80000000000004523
    outer loop
      vertex 193.74666666666667 94.719999999999999 0.040000000000000036
      vertex 193.69333333333333 89.439999999999998 0.080000000000000016
      vertex 193.69333333333333 80.200000000000003 0.080000000000000016
    endloop
  endfacet
  facet normal 0.5999999999999398 0 0.80000000000004523
    outer loop
      vertex 193.74666666666667 94.719999999999999 0.040000000000000036
      vertex 193.69333333333333 80.200000000000003 0.080000000000000016
      vertex 193.74666666666667 80.200000000000003 0.040000000000000036
    endloop
  endfacet
  facet normal 0.44721245476965898 0.0022586487614632764 0.8944249095394583
    outer loop
      vertex 193.69333333333333 89.439999999999998 0.080000000000000016
      vertex 193.74666666666667 94.719999999999999 0.040000000000000036
      vertex 193.72 100 0.040000000000000036
    endloop
  endfacet
  facet normal 0.44721245476965898 0.0022586487614632764 0.8944249095394583
    outer loop
      vertex 193.69333333333333 89.439999999999998 0.080000000000000016
      vertex 193.72 100 0.040000000000000036
      vertex 193.63999999999999 100 0.080000000000000016
    endloop
  endfacet
  facet normal -0.70710678118661774 0 0.7071067811864773
    outer loop
      vertex 199.27999999999997 -92.079999999999998 0.080000000000000016
      vertex 199.23999999999998 -96.039999999999992 0.040000000000000036
      vertex 199.23999999999998 -100 0.040000000000000036
    endloop
  endfacet
  facet normal -0.70710678118661774 0 0.7071067811864773
    outer loop
      vertex 199.27999999999997 -92.079999999999998 0.080000000000000016
      vertex 199.23999999999998 -100 0.040000000000000036
      vertex 199.27999999999997 -100 0.080000000000000016
    endloop
  endfacet
  facet normal -0.70710678118661774 0 0.70710678118647741
    outer loop
      vertex 199.23999999999998 -96.039999999999992 0.040000000000000036
      vertex 199.27999999999997 -92.079999999999998 0.080000000000000016
      vertex 199.27999999999997 -80.200000000000003 0.080000000000000016
    endloop
  endfacet
  facet normal -0.70710678118661774 0 0.70710678118647741
    outer loop
      vertex 199.23999999999998 -96.039999999999992 0.040000000000000036
      vertex 199.27999999999997 -80.200000000000003 0.080000000000000016
      vertex 199.23999999999998 -80.200000000000003 0.040000000000000036
    endloop
  endfacet
  facet normal -0.66666666666668595 0.33333333333352061 0.66666666666655372
    outer loop
      vertex 199.36000000000001 -80.040000000000006 0.080000000000000016
      vertex 199.28 -80.120000000000005 0.040000000000000036
      vertex 199.23999999999998 -80.200000000000003 0.040000000000000036
    endloop
  endfacet
  facet normal -0.66666666666668595 0.33333333333352061 0.66666666666655372
    outer loop
      vertex 199.36000000000001 -80.040000000000006 0.080000000000000016
      vertex 199.23999999999998 -80.200000000000003 0.040000000000000036
      vertex 199.27999999999997 -80.200000000000003 0.080000000000000016
    endloop
  endfacet
  facet normal -0.44721359549990175 0 0.89442719099994383
    outer loop
      vertex 199.28 -80.120000000000005 0.040000000000000036
      vertex 199.36000000000001 -80.040000000000006 0.080000000000000016
      vertex 199.36000000000001 -80 0.080000000000000016
    endloop
  endfacet
  facet normal -0.44721359549990181 0 0.89442719099994383
    outer loop
      vertex 199.28 -80.120000000000005 0.040000000000000036
      vertex 199.36000000000001 -80 0.080000000000000016
      vertex 199.28 -80 0.040000000000000036
    endloop
  endfacet
  facet normal -0.44721359549990181 0 0.89442719099994383
    outer loop
      vertex 199.36000000000001 -64.159999999999997 0.080000000000000016
      vertex 199.28 -72.079999999999998 0.040000000000000036
      vertex 199.28 -80 0.040000000000000036
    endloop
  endfacet
  facet normal -0.44721359549990181 0 0.89442719099994383
    outer loop
      vertex 199.36000000000001 -64.159999999999997 0.080000000000000016
      vertex 199.28 -80 0.040000000000000036
      vertex 199.36000000000001 -80 0.080000000000000016
    endloop
  endfacet
  facet normal -0.44721359549990169 0 0.89442719099994383
    outer loop
      vertex 199.28 -72.079999999999998 0.040000000000000036
      vertex 199.36000000000001 -64.159999999999997 0.080000000000000016
      vertex 199.36000000000001 -60.200000000000003 0.080000000000000016
    endloop
  endfacet
  facet normal -0.44721359549990181 0 0.89442719099994394
    outer loop
      vertex 199.28 -72.079999999999998 0.040000000000000036
      vertex 199.36000000000001 -60.200000000000003 0.080000000000000016
      vertex 199.28 -60.200000000000003 0.040000000000000036
    endloop
  endfacet
  facet normal -0.43643578047192993 -0.21821789023599403 0.87287156094399665
    outer loop
      vertex 199.30666666666667 -60.093333333333334 0.080000000000000016
      vertex 199.25333333333333 -60.146666666666668 0.040000000000000036
      vertex 199.28 -60.200000000000003 0.040000000000000036
    endloop
  endfacet
  facet normal -0.43643578047192993 -0.21821789023599403 0.87287156094399665
    outer loop
      vertex 199.30666666666667 -60.093333333333334 0.080000000000000016
      vertex 199.28 -60.200000000000003 0.040000000000000036
      vertex 199.36000000000001 -60.200000000000003 0.080000000000000016
    endloop
  endfacet
  facet normal -0.59999999999993969 0 0.80000000000004512
    outer loop
      vertex 199.25333333333333 -60.146666666666668 0.040000000000000036
      vertex 199.30666666666667 -60.093333333333334 0.080000000000000016
      vertex 199.30666666666667 -60 0.080000000000000016
    endloop
  endfacet
  facet normal -0.5999999999999398 0 0.80000000000004523
    outer loop
      vertex 199.25333333333333 -60.146666666666668 0.040000000000000036
      vertex 199.30666666666667 -60 0.080000000000000016
      vertex 199.25333333333333 -60 0.040000000000000036
    endloop
  endfacet
  facet normal -0.5999999999999398 0 0.80000000000004523
    outer loop
      vertex 199.30666666666667 -49.439999999999998 0.080000000000000016
      vertex 199.25333333333333 -54.719999999999999 0.040000000000000036
      vertex 199.25333333333333 -60 0.040000000000000036
    endloop
  endfacet
  facet normal -0.5999999999999398 0 0.80000000000004523
    outer loop
      vertex 199.30666666666667 -49.439999999999998 0.080000000000000016
      vertex 199.25333333333333 -60 0.040000000000000036
      vertex 199.30666666666667 -60 0.080000000000000016
    endloop
  endfacet
  facet normal -0.5999999999999398 0 0.80000000000004523
    outer loop
      vertex 199.25333333333333 -54.719999999999999 0.040000000000000036
      vertex 199.30666666666667 -49.439999999999998 0.080000000000000016
      vertex 199.30666666666667 -40.200000000000003 0.080000000000000016
    endloop
  endfacet
  facet normal -0.5999999999999398 0 0.80000000000004523
    outer loop
      vertex 199.25333333333333 -54.719999999999999 0.040000000000000036
      vertex 199.30666666666667 -40.200000000000003 0.080000000000000016
      vertex 199.25333333333333 -40.200000000000003 0.040000000000000036
    endloop
  endfacet
  facet normal -0.58834840541450739 0.19611613513820397 0.7844645405527646
    outer loop
      vertex 199.36000000000001 -40.039999999999999 0.080000000000000016
      vertex 199.28 -40.120000000000005 0.040000000000000036
      vertex 199.25333333333333 -40.200000000000003 0.040000000000000036
    endloop
  endfacet
  facet normal -0.5883484054144924 0.19611613513819023 0.78446454055277948
    outer loop
      vertex 199.36000000000001 -40.039999999999999 0.080000000000000016
      vertex 199.25333333333333 -40.200000000000003 0.040000000000000036
      vertex 199.30666666666667 -40.200000000000003 0.080000000000000016
    endloop
  endfacet
  facet normal -0.44721359549990175 0 0.89442719099994394
    outer loop
      vertex 199.28 -40.120000000000005 0.040000000000000036
      vertex 199.36000000000001 -40.039999999999999 0.080000000000000016
      vertex 199.36000000000001 -40 0.080000000000000016
    endloop
  endfacet
  facet normal -0.44721359549990181 0 0.89442719099994383
    outer loop
      vertex 199.28 -40.120000000000005 0.040000000000000036
      vertex 199.36000000000001 -40 0.080000000000000016
      vertex 199.28 -40 0.040000000000000036
    endloop
  endfacet
  facet normal -0.44721359549990175 0 0.89442719099994383
    outer loop
      vertex 199.36000000000001 -24.159999999999997 0.080000000000000016
      vertex 199.28 -32.079999999999991 0.040000000000000036
      vertex 199.28 -40 0.040000000000000036
    endloop
  endfacet
  facet normal -0.44721359549990181 0 0.89442719099994383
    outer loop
      vertex 199.36000000000001 -24.159999999999997 0.080000000000000016
      vertex 199.28 -40 0.040000000000000036
      vertex 199.36000000000001 -40 0.080000000000000016
    endloop
  endfacet
  facet normal -0.44721359549990181 0 0.89442719099994372
    outer loop
      vertex 199.28 -32.079999999999991 0.040000000000000036
      vertex 199.36000000000001 -24.159999999999997 0.080000000000000016
      vertex 199.36000000000001 -20.199999999999999 0.080000000000000016
    endloop
  endfacet
  facet normal -0.44721359549990186 0 0.89442719099994394
    outer loop
      vertex 199.28 -32.079999999999991 0.040000000000000036
      vertex 199.36000000000001 -20.199999999999999 0.080000000000000016
      vertex 199.28 -20.199999999999999 0.040000000000000036
    endloop
  endfacet
  facet normal -0.43643578047192944 0.21821789023599861 0.87287156094399565
    outer loop
      vertex 199.36000000000001 -20.039999999999999 0.040000000000000036
      vertex 199.28 -20.199999999999999 0.040000000000000036
      vertex 199.36000000000001 -20.199999999999999 0.080000000000000016
    endloop
  endfacet
  facet normal -0.43643578047204712 0.21821789023598476 0.87287156094394025
    outer loop
      vertex 199.36000000000001 -20.039999999999999 0.040000000000000036
      vertex 199.36000000000001 -20.199999999999999 0.080000000000000016
      vertex 199.40000000000001 -20.120000000000001 0.080000000000000016
    endloop
  endfacet
  facet normal -0.43643578047204951 0.21821789023598315 0.87287156094393936
    outer loop
      vertex 199.36000000000001 -20.039999999999999 0.040000000000000036
      vertex 199.40000000000001 -20.120000000000001 0.080000000000000016
      vertex 199.40000000000001 -20 0.050000000000000003
    endloop
  endfacet
  facet normal -0.24253562503637766 0 0.97014250014532077
    outer loop
      vertex 199.36000000000001 -20.039999999999999 0.040000000000000036
      vertex 199.40000000000001 -20 0.050000000000000003
      vertex 199.36000000000001 -20 0.040000000000000036
    endloop
  endfacet
  facet normal -0.24253562503637766 0 0.97014250014532077
    outer loop
      vertex 199.36000000000001 -12.159999999999993 0.040000000000000036
      vertex 199.36000000000001 -20 0.040000000000000036
      vertex 199.40000000000001 -20 0.050000000000000003
    endloop
  endfacet
  facet normal -0.24253562503637766 0 0.97014250014532066
    outer loop
      vertex 199.36000000000001 -12.159999999999993 0.040000000000000036
      vertex 199.40000000000001 -20 0.050000000000000003
      vertex 199.40000000000001 -10.199999999999999 0.050000000000000003
    endloop
  endfacet
  facet normal -0.24253562503637763 0 0.97014250014532066
    outer loop
      vertex 199.36000000000001 -12.159999999999993 0.040000000000000036
      vertex 199.40000000000001 -10.199999999999999 0.050000000000000003
      vertex 199.36000000000001 -10.199999999999999 0.040000000000000036
    endloop
  endfacet
  facet normal -0.23570226039548095 -0.23570226039551756 0.94280904158207168
    outer loop
      vertex 199.36000000000001 -10.039999999999999 0.080000000000000016
      vertex 199.28 -10.119999999999999 0.040000000000000036
      vertex 199.36000000000001 -10.199999999999999 0.040000000000000036
    endloop
  endfacet
  facet normal -0.23570226039555944 -0.23570226039551295 0.94280904158205314
    outer loop
      vertex 199.36000000000001 -10.039999999999999 0.080000000000000016
      vertex 199.36000000000001 -10.199999999999999 0.040000000000000036
      vertex 199.40000000000001 -10.199999999999999 0.050000000000000003
    endloop
  endfacet
  facet normal -0.23570226039556674 -0.2357022603955144 0.94280904158205092
    outer loop
      vertex 199.36000000000001 -10.039999999999999 0.080000000000000016
      vertex 199.40000000000001 -10.199999999999999 0.050000000000000003
      vertex 199.40000000000001 -10.08 0.080000000000000016
    endloop
  endfacet
  facet normal -0.44721359549990181 0 0.89442719099994394
    outer loop
      vertex 199.28 -10.119999999999999 0.040000000000000036
      vertex 199.36000000000001 -10.039999999999999 0.080000000000000016
      vertex 199.36000000000001 -10 0.080000000000000016
    endloop
  endfacet
  facet normal -0.44721359549990181 0 0.89442719099994383
    outer loop
      vertex 199.28 -10.119999999999999 0.040000000000000036
      vertex 199.36000000000001 -10 0.080000000000000016
      vertex 199.28 -10 0.040000000000000036
    endloop
  endfacet
  facet normal -0.44721359549990181 0 0.89442719099994394
    outer loop
      vertex 199.36000000000001 -1.9999999999999987 0.080000000000000016
      vertex 199.28 -5.9999999999999964 0.040000000000000036
      vertex 199.28 -10 0.040000000000000036
    endloop
  endfacet
  facet normal -0.44721359549990186 0 0.89442719099994394
    outer loop
      vertex 199.36000000000001 -1.9999999999999987 0.080000000000000016
      vertex 199.28 -10 0.040000000000000036
      vertex 199.36000000000001 -10 0.080000000000000016
    endloop
  endfacet
  facet normal -0.44721359549990186 0 0.89442719099994394
    outer loop
      vertex 199.28 -5.9999999999999964 0.040000000000000036
      vertex 199.36000000000001 -1.9999999999999991 0.080000000000000016
      vertex 199.36000000000001 0 0.080000000000000016
    endloop
  endfacet
  facet normal -0.44721359549990181 0 0.89442719099994394
    outer loop
      vertex 199.28 -5.9999999999999964 0.040000000000000036
      vertex 199.36000000000001 0 0.080000000000000016
      vertex 199.28 0 0.040000000000000036
    endloop
  endfacet
  facet normal -0.40824829046383382 0.40824829046375277 0.81649658092779565
    outer loop
      vertex 199.28 0 0.040000000000000036
      vertex 199.36000000000001 0 0.080000000000000016
      vertex 199.40000000000001 0.03999999999999998 0.080000000000000016
    endloop
  endfacet
  facet normal -0.40824829046384992 0.40824829046386557 0.81649658092773136
    outer loop
      vertex 199.28 0 0.040000000000000036
      vertex 199.40000000000001 0.03999999999999998 0.080000000000000016
      vertex 199.40000000000001 0.11999999999999994 0.040000000000000036
    endloop
  endfacet
  facet normal -0 0.24253562503633114 0.97014250014533232
    outer loop
      vertex 199.47999999999999 -20.120000000000001 0.080000000000000016
      vertex 199.59999999999999 -20.120000000000001 0.080000000000000016
      vertex 199.59999999999999 -20 0.050000000000000003
    endloop
  endfacet
  facet normal -0 0.24253562503633122 0.97014250014533243
    outer loop
      vertex 199.40000000000001 -20.120000000000001 0.080000000000000016
      vertex 199.47999999999999 -20.120000000000001 0.080000000000000016
      vertex 199.59999999999999 -20 0.050000000000000003
    endloop
  endfacet
  facet normal 0 0.24253562503633119 0.97014250014533232
    outer loop
      vertex 199.40000000000001 -20.120000000000001 0.080000000000000016
      vertex 199.59999999999999 -20 0.050000000000000003
      vertex 199.40000000000001 -20 0.050000000000000003
    endloop
  endfacet
  facet normal 0 0 1
    outer loop
      vertex 199.40000000000001 -20 0.050000000000000003
      vertex 199.59999999999999 -20 0.050000000000000003
      vertex 199.59999999999999 -10.199999999999999 0.050000000000000003
    endloop
  endfacet
  facet normal 0 0 1
    outer loop
      vertex 199.40000000000001 -20 0.050000000000000003
      vertex 199.59999999999999 -10.199999999999999 0.050000000000000003
      vertex 199.40000000000001 -10.199999999999999 0.050000000000000003
    endloop
  endfacet
  facet normal 0 -0.24253562503633455 0.97014250014533154
    outer loop
      vertex 199.52000000000001 -10.08 0.080000000000000016
      vertex 199.40000000000001 -10.199999999999999 0.050000000000000003
      vertex 199.59999999999999 -10.199999999999999 0.050000000000000003
    endloop
  endfacet
  facet normal 0 -0.24253562503633458 0.97014250014533143
    outer loop
      vertex 199.52000000000001 -10.08 0.080000000000000016
      vertex 199.59999999999999 -10.199999999999999 0.050000000000000003
      vertex 199.59999999999999 -10.08 0.080000000000000016
    endloop
  endfacet
  facet normal 0 -0.24253562503633455 0.97014250014533154
    outer loop
      vertex 199.40000000000001 -10.08 0.080000000000000016
      vertex 199.40000000000001 -10.199999999999999 0.050000000000000003
      vertex 199.52000000000001 -10.08 0.080000000000000016
    endloop
  endfacet
  facet normal 0 0.44721359549995793 0.89442719099991586
    outer loop
      vertex 199.52000000000001 0.11999999999999994 0.040000000000000036
      vertex 199.44 0.03999999999999998 0.080000000000000016
      vertex 199.59999999999999 0.03999999999999998 0.080000000000000016
    endloop
  endfacet
  facet normal -0 0.44721359549995793 0.89442719099991586
    outer loop
      vertex 199.52000000000001 0.11999999999999994 0.040000000000000036
      vertex 199.59999999999999 0.03999999999999998 0.080000000000000016
      vertex 199.59999999999999 0.11999999999999994 0.040000000000000036
    endloop
  endfacet
  facet normal 0 0.44721359549995793 0.89442719099991586
    outer loop
      vertex 199.40000000000001 0.11999999999999994 0.040000000000000036
      vertex 199.40000000000001 0.03999999999999998 0.080000000000000016
      vertex 199.44 0.03999999999999998 0.080000000000000016
    endloop
  endfacet
  facet normal -0 0.44721359549995793 0.89442719099991586
    outer loop
      vertex 199.40000000000001 0.11999999999999994 0.040000000000000036
      vertex 199.44 0.03999999999999998 0.080000000000000016
      vertex 199.52000000000001 0.11999999999999994 0.040000000000000036
    endloop
  endfacet
  facet normal 0.70710678118661774 0 0.70710678118647741
    outer loop
      vertex 199.76000000000002 -84.160000000000011 0.040000000000000036
      vertex 199.72000000000003 -88.120000000000005 0.080000000000000016
      vertex 199.72000000000003 -100 0.080000000000000016
    endloop
  endfacet
  facet normal 0.70710678118661774 0 0.70710678118647741
    outer loop
      vertex 199.76000000000002 -84.160000000000011 0.040000000000000036
      vertex 199.72000000000003 -100 0.080000000000000016
      vertex 199.76000000000002 -100 0.040000000000000036
    endloop
  endfacet
  facet normal 0.70710678118661774 0 0.7071067811864773
    outer loop
      vertex 199.72000000000003 -88.120000000000005 0.080000000000000016
      vertex 199.76000000000002 -84.160000000000011 0.040000000000000036
      vertex 199.76000000000002 -80.200000000000003 0.040000000000000036
    endloop
  endfacet
  facet normal 0.70710678118661774 -0 0.7071067811864773
    outer loop
      vertex 199.72000000000003 -88.120000000000005 0.080000000000000016
      vertex 199.76000000000002 -80.200000000000003 0.040000000000000036
      vertex 199.72000000000003 -80.200000000000003 0.080000000000000016
    endloop
  endfacet
  facet normal 0.70710678118661785 0 0.70710678118647741
    outer loop
      vertex 199.76000000000002 -80.040000000000006 0.040000000000000036
      vertex 199.72000000000003 -80.079999999999998 0.080000000000000016
      vertex 199.72000000000003 -80.200000000000003 0.080000000000000016
    endloop
  endfacet
  facet normal 0.70710678118661774 0 0.70710678118647741
    outer loop
      vertex 199.76000000000002 -80.040000000000006 0.040000000000000036
      vertex 199.72000000000003 -80.200000000000003 0.080000000000000016
      vertex 199.76000000000002 -80.200000000000003 0.040000000000000036
    endloop
  endfacet
  facet normal 0.40824829046384459 0.40824829046398958 0.81649658092767197
    outer loop
      vertex 199.72000000000003 -80.079999999999998 0.080000000000000016
      vertex 199.76000000000002 -80.040000000000006 0.040000000000000036
      vertex 199.72 -80 0.040000000000000036
    endloop
  endfacet
  facet normal 0.40824829046378408 0.40824829046400163 0.81649658092769617
    outer loop
      vertex 199.72000000000003 -80.079999999999998 0.080000000000000016
      vertex 199.72 -80 0.040000000000000036
      vertex 199.63999999999999 -80 0.080000000000000016
    endloop
  endfacet
  facet normal 0.44721359549990169 0 0.89442719099994383
    outer loop
      vertex 199.72 -68.120000000000005 0.040000000000000036
      vertex 199.63999999999999 -76.040000000000006 0.080000000000000016
      vertex 199.63999999999999 -80 0.080000000000000016
    endloop
  endfacet
  facet normal 0.44721359549990181 0 0.89442719099994394
    outer loop
      vertex 199.72 -68.120000000000005 0.040000000000000036
      vertex 199.63999999999999 -80 0.080000000000000016
      vertex 199.72 -80 0.040000000000000036
    endloop
  endfacet
  facet normal 0.44721359549990181 0 0.89442719099994383
    outer loop
      vertex 199.63999999999999 -76.040000000000006 0.080000000000000016
      vertex 199.72 -68.120000000000005 0.040000000000000036
      vertex 199.72 -60.200000000000003 0.040000000000000036
    endloop
  endfacet
  facet normal 0.44721359549990181 -0 0.89442719099994383
    outer loop
      vertex 199.63999999999999 -76.040000000000006 0.080000000000000016
      vertex 199.72 -60.200000000000003 0.040000000000000036
      vertex 199.63999999999999 -60.200000000000003 0.080000000000000016
    endloop
  endfacet
  facet normal 0.44721359549990175 0 0.89442719099994394
    outer loop
      vertex 199.72 -60.079999999999998 0.040000000000000036
      vertex 199.63999999999999 -60.160000000000004 0.080000000000000016
      vertex 199.63999999999999 -60.200000000000003 0.080000000000000016
    endloop
  endfacet
  facet normal 0.44721359549990181 0 0.89442719099994383
    outer loop
      vertex 199.72 -60.079999999999998 0.040000000000000036
      vertex 199.63999999999999 -60.200000000000003 0.080000000000000016
      vertex 199.72 -60.200000000000003 0.040000000000000036
    endloop
  endfacet
  facet normal 0.58834840541450739 -0.19611613513820397 0.7844645405527646
    outer loop
      vertex 199.63999999999999 -60.160000000000004 0.080000000000000016
      vertex 199.72 -60.079999999999998 0.040000000000000036
      vertex 199.74666666666667 -60 0.040000000000000036
    endloop
  endfacet
  facet normal 0.5883484054144924 -0.19611613513819023 0.78446454055277948
    outer loop
      vertex 199.63999999999999 -60.160000000000004 0.080000000000000016
      vertex 199.74666666666667 -60 0.040000000000000036
      vertex 199.69333333333333 -60 0.080000000000000016
    endloop
  endfacet
  facet normal 0.5999999999999398 0 0.80000000000004523
    outer loop
      vertex 199.74666666666667 -45.480000000000004 0.040000000000000036
      vertex 199.69333333333333 -50.760000000000005 0.080000000000000016
      vertex 199.69333333333333 -60 0.080000000000000016
    endloop
  endfacet
  facet normal 0.5999999999999398 0 0.80000000000004523
    outer loop
      vertex 199.74666666666667 -45.480000000000004 0.040000000000000036
      vertex 199.69333333333333 -60 0.080000000000000016
      vertex 199.74666666666667 -60 0.040000000000000036
    endloop
  endfacet
  facet normal 0.5999999999999398 0 0.80000000000004523
    outer loop
      vertex 199.69333333333333 -50.760000000000005 0.080000000000000016
      vertex 199.74666666666667 -45.480000000000004 0.040000000000000036
      vertex 199.74666666666667 -40.200000000000003 0.040000000000000036
    endloop
  endfacet
  facet normal 0.5999999999999398 -0 0.80000000000004523
    outer loop
      vertex 199.69333333333333 -50.760000000000005 0.080000000000000016
      vertex 199.74666666666667 -40.200000000000003 0.040000000000000036
      vertex 199.69333333333333 -40.200000000000003 0.080000000000000016
    endloop
  endfacet
  facet normal 0.59999999999993969 0 0.80000000000004512
    outer loop
      vertex 199.74666666666667 -40.053333333333335 0.040000000000000036
      vertex 199.69333333333333 -40.106666666666669 0.080000000000000016
      vertex 199.69333333333333 -40.200000000000003 0.080000000000000016
    endloop
  endfacet
  facet normal 0.5999999999999398 0 0.80000000000004523
    outer loop
      vertex 199.74666666666667 -40.053333333333335 0.040000000000000036
      vertex 199.69333333333333 -40.200000000000003 0.080000000000000016
      vertex 199.74666666666667 -40.200000000000003 0.040000000000000036
    endloop
  endfacet
  facet normal 0.43643578047192993 0.21821789023599403 0.87287156094399665
    outer loop
      vertex 199.69333333333333 -40.106666666666669 0.080000000000000016
      vertex 199.74666666666667 -40.053333333333335 0.040000000000000036
      vertex 199.72 -40 0.040000000000000036
    endloop
  endfacet
  facet normal 0.43643578047192993 0.21821789023599403 0.87287156094399665
    outer loop
      vertex 199.69333333333333 -40.106666666666669 0.080000000000000016
      vertex 199.72 -40 0.040000000000000036
      vertex 199.63999999999999 -40 0.080000000000000016
    endloop
  endfacet
  facet normal 0.44721359549990181 0 0.89442719099994406
    outer loop
      vertex 199.72 -28.120000000000005 0.040000000000000036
      vertex 199.63999999999999 -36.039999999999999 0.080000000000000016
      vertex 199.63999999999999 -40 0.080000000000000016
    endloop
  endfacet
  facet normal 0.44721359549990181 0 0.89442719099994394
    outer loop
      vertex 199.72 -28.120000000000005 0.040000000000000036
      vertex 199.63999999999999 -40 0.080000000000000016
      vertex 199.72 -40 0.040000000000000036
    endloop
  endfacet
  facet normal 0.44721359549990181 0 0.89442719099994394
    outer loop
      vertex 199.63999999999999 -36.039999999999999 0.080000000000000016
      vertex 199.72 -28.120000000000005 0.040000000000000036
      vertex 199.72 -20.199999999999999 0.040000000000000036
    endloop
  endfacet
  facet normal 0.44721359549990186 -0 0.89442719099994406
    outer loop
      vertex 199.63999999999999 -36.039999999999999 0.080000000000000016
      vertex 199.72 -20.199999999999999 0.040000000000000036
      vertex 199.63999999999999 -20.199999999999999 0.080000000000000016
    endloop
  endfacet
  facet normal 0.44721359549990203 0 0.89442719099994394
    outer loop
      vertex 199.72 -20.079999999999998 0.040000000000000036
      vertex 199.63999999999999 -20.16 0.080000000000000016
      vertex 199.63999999999999 -20.199999999999999 0.080000000000000016
    endloop
  endfacet
  facet normal 0.44721359549990192 0 0.89442719099994394
    outer loop
      vertex 199.72 -20.079999999999998 0.040000000000000036
      vertex 199.63999999999999 -20.199999999999999 0.080000000000000016
      vertex 199.72 -20.199999999999999 0.040000000000000036
    endloop
  endfacet
  facet normal 0.23570226039551789 0.23570226039547601 0.94280904158207279
    outer loop
      vertex 199.59999999999999 -20.120000000000001 0.080000000000000016
      vertex 199.63999999999999 -20.16 0.080000000000000016
      vertex 199.72 -20.079999999999998 0.040000000000000036
    endloop
  endfacet
  facet normal 0.23570226039549461 0.23570226039553646 0.94280904158206358
    outer loop
      vertex 199.59999999999999 -20.120000000000001 0.080000000000000016
      vertex 199.72 -20.079999999999998 0.040000000000000036
      vertex 199.63999999999999 -20 0.040000000000000036
    endloop
  endfacet
  facet normal 0.23570226039555955 0.23570226039551154 0.94280904158205348
    outer loop
      vertex 199.59999999999999 -20.120000000000001 0.080000000000000016
      vertex 199.63999999999999 -20 0.040000000000000036
      vertex 199.59999999999999 -20 0.050000000000000003
    endloop
  endfacet
  facet normal 0.24253562503637763 0 0.97014250014532066
    outer loop
      vertex 199.63999999999999 -18.040000000000006 0.040000000000000036
      vertex 199.59999999999999 -20 0.050000000000000003
      vertex 199.63999999999999 -20 0.040000000000000036
    endloop
  endfacet
  facet normal 0.24253562503637763 0 0.97014250014532077
    outer loop
      vertex 199.59999999999999 -20 0.050000000000000003
      vertex 199.63999999999999 -18.040000000000006 0.040000000000000036
      vertex 199.63999999999999 -10.199999999999999 0.040000000000000036
    endloop
  endfacet
  facet normal 0.24253562503637763 -0 0.97014250014532066
    outer loop
      vertex 199.59999999999999 -20 0.050000000000000003
      vertex 199.63999999999999 -10.199999999999999 0.040000000000000036
      vertex 199.59999999999999 -10.199999999999999 0.050000000000000003
    endloop
  endfacet
  facet normal 0.24253562503637766 0 0.97014250014532077
    outer loop
      vertex 199.63999999999999 -10.16 0.040000000000000036
      vertex 199.59999999999999 -10.199999999999999 0.050000000000000003
      vertex 199.63999999999999 -10.199999999999999 0.040000000000000036
    endloop
  endfacet
  facet normal 0.43643578047205184 -0.21821789023598595 0.87287156094393759
    outer loop
      vertex 199.59999999999999 -10.08 0.080000000000000016
      vertex 199.59999999999999 -10.199999999999999 0.050000000000000003
      vertex 199.63999999999999 -10.16 0.040000000000000036
    endloop
  endfacet
  facet normal 0.4364357804719885 -0.21821789023602814 0.87287156094395879
    outer loop
      vertex 199.59999999999999 -10.08 0.080000000000000016
      vertex 199.63999999999999 -10.16 0.040000000000000036
      vertex 199.72 -10 0.040000000000000036
    endloop
  endfacet
  facet normal 0.43643578047193682 -0.21821789023592478 0.87287156094401031
    outer loop
      vertex 199.59999999999999 -10.08 0.080000000000000016
      vertex 199.72 -10 0.040000000000000036
      vertex 199.63999999999999 -10 0.080000000000000016
    endloop
  endfacet
  facet normal 0.44721359549990181 0 0.89442719099994383
    outer loop
      vertex 199.72 -4.0000000000000036 0.040000000000000036
      vertex 199.63999999999999 -8 0.080000000000000016
      vertex 199.63999999999999 -10 0.080000000000000016
    endloop
  endfacet
  facet normal 0.44721359549990181 0 0.89442719099994394
    outer loop
      vertex 199.72 -4.0000000000000036 0.040000000000000036
      vertex 199.63999999999999 -10 0.080000000000000016
      vertex 199.72 -10 0.040000000000000036
    endloop
  endfacet
  facet normal 0.44721359549990181 0 0.89442719099994394
    outer loop
      vertex 199.63999999999999 -8.0000000000000018 0.080000000000000016
      vertex 199.72 -4.0000000000000036 0.040000000000000036
      vertex 199.72 0 0.040000000000000036
    endloop
  endfacet
  facet normal 0.44721359549990186 -0 0.89442719099994394
    outer loop
      vertex 199.63999999999999 -8.0000000000000018 0.080000000000000016
      vertex 199.72 0 0.040000000000000036
      vertex 199.63999999999999 0 0.080000000000000016
    endloop
  endfacet
  facet normal 0.44721359549990181 0 0.89442719099994394
    outer loop
      vertex 199.72 0.11999999999999994 0.040000000000000036
      vertex 199.63999999999999 0.03999999999999998 0.080000000000000016
      vertex 199.63999999999999 0 0.080000000000000016
    endloop
  endfacet
  facet normal 0.44721359549990181 0 0.89442719099994383
    outer loop
      vertex 199.72 0.11999999999999994 0.040000000000000036
      vertex 199.63999999999999 0 0.080000000000000016
      vertex 199.72 0 0.040000000000000036
    endloop
  endfacet
  facet normal 0 0.44721359549995793 0.89442719099991586
    outer loop
      vertex 199.59999999999999 0.11999999999999994 0.040000000000000036
      vertex 199.59999999999999 0.03999999999999998 0.080000000000000016
      vertex 199.63999999999999 0.03999999999999998 0.080000000000000016
    endloop
  endfacet
  facet normal -0 0.44721359549995793 0.89442719099991586
    outer loop
      vertex 199.59999999999999 0.11999999999999994 0.040000000000000036
      vertex 199.63999999999999 0.03999999999999998 0.080000000000000016
      vertex 199.72 0.11999999999999994 0.040000000000000036
    endloop
  endfacet
  facet normal 0 -0.24253562503629655 0.97014250014534109
    outer loop
      vertex 210.56 80.159999999999997 0.040000000000000036
      vertex 210.59999999999999 80.159999999999997 0.040000000000000036
      vertex 210.59999999999999 80.200000000000003 0.050000000000000003
    endloop
  endfacet
  facet normal -0.24253562503637766 0 0.97014250014532077
    outer loop
      vertex 210.56 80.159999999999997 0.040000000000000036
      vertex 210.59999999999999 80.200000000000003 0.050000000000000003
      vertex 210.56 80.200000000000003 0.040000000000000036
    endloop
  endfacet
  facet normal -0.24253562503637766 0 0.97014250014532077
    outer loop
      vertex 210.56 96.04000000000002 0.040000000000000036
      vertex 210.56 80.200000000000003 0.040000000000000036
      vertex 210.59999999999999 80.200000000000003 0.050000000000000003
    endloop
  endfacet
  facet normal -0.24253562503637766 0 0.97014250014532077
    outer loop
      vertex 210.56 96.04000000000002 0.040000000000000036
      vertex 210.59999999999999 80.200000000000003 0.050000000000000003
      vertex 210.59999999999999 100 0.050000000000000003
    endloop
  endfacet
  facet normal -0.2425356250363776 0 0.97014250014532066
    outer loop
      vertex 210.56 96.04000000000002 0.040000000000000036
      vertex 210.59999999999999 100 0.050000000000000003
      vertex 210.56 100 0.040000000000000036
    endloop
  endfacet
  facet normal 0 -0.24253562503629655 0.97014250014534109
    outer loop
      vertex 210.76000000000002 80.159999999999997 0.040000000000000036
      vertex 210.80000000000001 80.159999999999997 0.040000000000000036
      vertex 210.80000000000001 80.200000000000003 0.050000000000000003
    endloop
  endfacet
  facet normal 0 -0.24253562503629653 0.97014250014534098
    outer loop
      vertex 210.59999999999999 80.159999999999997 0.040000000000000036
      vertex 210.76000000000002 80.159999999999997 0.040000000000000036
      vertex 210.80000000000001 80.200000000000003 0.050000000000000003
    endloop
  endfacet
  facet normal 0 -0.24253562503629655 0.97014250014534098
    outer loop
      vertex 210.59999999999999 80.159999999999997 0.040000000000000036
      vertex 210.80000000000001 80.200000000000003 0.050000000000000003
      vertex 210.59999999999999 80.200000000000003 0.050000000000000003
    endloop
  endfacet
  facet normal 0 0 1
    outer loop
      vertex 210.59999999999999 80.200000000000003 0.050000000000000003
      vertex 210.80000000000001 80.200000000000003 0.050000000000000003
      vertex 210.80000000000001 100 0.050000000000000003
    endloop
  endfacet
  facet normal 0 0 1
    outer loop
      vertex 210.59999999999999 80.200000000000003 0.050000000000000003
      vertex 210.80000000000001 100 0.050000000000000003
      vertex 210.59999999999999 100 0.050000000000000003
    endloop
  endfacet
  facet normal 0 -0.44721359549993361 0.89442719099992807
    outer loop
      vertex 214.80000000000001 -40.039999999999999 0.080000000000000016
      vertex 212.80000000000001 -40.120000000000005 0.040000000000000036
      vertex 215.80000000000001 -40.120000000000005 0.040000000000000036
    endloop
  endfacet
  facet normal 0 -0.44721359549993361 0.89442719099992807
    outer loop
      vertex 214.80000000000001 -40.039999999999999 0.080000000000000016
      vertex 215.80000000000001 -40.120000000000005 0.040000000000000036
      vertex 215.80000000000001 -40.039999999999999 0.080000000000000016
    endloop
  endfacet
  facet normal -0.019996001199600124 0 0.99980005998000698
    outer loop
      vertex 212.80000000000001 -40.120000000000005 0.040000000000000036
      vertex 214.80000000000001 -40.039999999999999 0.080000000000000016
      vertex 214.80000000000001 -40 0.080000000000000016
    endloop
  endfacet
  facet normal -0.019996001199600131 0 0.99980005998000709
    outer loop
      vertex 212.80000000000001 -40.120000000000005 0.040000000000000036
      vertex 214.80000000000001 -40 0.080000000000000016
      vertex 212.80000000000001 -40 0.040000000000000036
    endloop
  endfacet
  facet normal -0.019996001199600131 0 0.99980005998000698
    outer loop
      vertex 214.80000000000001 -24.159999999999997 0.080000000000000016
      vertex 212.80000000000001 -32.079999999999991 0.040000000000000036
      vertex 212.80000000000001 -40 0.040000000000000036
    endloop
  endfacet
  facet normal -0.019996001199600131 0 0.99980005998000698
    outer loop
      vertex 214.80000000000001 -24.159999999999997 0.080000000000000016
      vertex 212.80000000000001 -40 0.040000000000000036
      vertex 214.80000000000001 -40 0.080000000000000016
    endloop
  endfacet
  facet normal -0.019996001199600131 0 0.99980005998000698
    outer loop
      vertex 212.80000000000001 -32.079999999999991 0.040000000000000036
      vertex 214.80000000000001 -24.159999999999997 0.080000000000000016
      vertex 214.80000000000001 -20.199999999999999 0.080000000000000016
    endloop
  endfacet
  facet normal -0.019996001199600131 0 0.99980005998000698
    outer loop
      vertex 212.80000000000001 -32.079999999999991 0.040000000000000036
      vertex 214.80000000000001 -20.199999999999999 0.080000000000000016
      vertex 212.80000000000001 -20.199999999999999 0.040000000000000036
    endloop
  endfacet
  facet normal -0.017885682339723992 0.44714205849310934 0.89428411698620003
    outer loop
      vertex 212.80000000000001 -20.199999999999999 0.040000000000000036
      vertex 214.80000000000001 -20.199999999999999 0.080000000000000016
      vertex 215.80000000000001 -20.16 0.080000000000000016
    endloop
  endfacet
  facet normal -0.017885682339723884 0.44714205849309341 0.89428411698620791
    outer loop
      vertex 212.80000000000001 -20.199999999999999 0.040000000000000036
      vertex 215.80000000000001 -20.16 0.080000000000000016
      vertex 215.80000000000001 -20.079999999999998 0.040000000000000036
    endloop
  endfacet
  facet normal 0 -0.2425356250363371 0.97014250014533088
    outer loop
      vertex 214.80000000000001 -10.039999999999999 0.040000000000000036
      vertex 215.80000000000001 -10.039999999999999 0.040000000000000036
      vertex 215.80000000000001 -10 0.050000000000000003
    endloop
  endfacet
  facet normal -0.0099995000374968439 0 0.99995000374968768
    outer loop
      vertex 214.80000000000001 -10.039999999999999 0.040000000000000036
      vertex 215.80000000000001 -10 0.050000000000000003
      vertex 214.80000000000001 -10 0.040000000000000036
    endloop
  endfacet
  facet normal -0.0099995000374968439 0 0.99995000374968768
    outer loop
      vertex 214.80000000000001 -1.9999999999999933 0.040000000000000036
      vertex 214.80000000000001 -10 0.040000000000000036
      vertex 215.80000000000001 -10 0.050000000000000003
    endloop
  endfacet
  facet normal -0.0099995000374968421 0 0.99995000374968757
    outer loop
      vertex 214.80000000000001 -1.9999999999999933 0.040000000000000036
      vertex 215.80000000000001 -10 0.050000000000000003
      vertex 215.80000000000001 0 0.050000000000000003
    endloop
  endfacet
  facet normal -0.0099995000374968439 0 0.99995000374968768
    outer loop
      vertex 214.80000000000001 -1.9999999999999929 0.040000000000000036
      vertex 215.80000000000001 0 0.050000000000000003
      vertex 214.80000000000001 0 0.040000000000000036
    endloop
  endfacet
  facet normal -0.0062468285873950721 0.78085357342438655 0.62468285873950924
    outer loop
      vertex 214.80000000000001 0 0.040000000000000036
      vertex 215.80000000000001 0 0.050000000000000003
      vertex 215.80000000000001 0.0079999999999999741 0.040000000000000036
    endloop
  endfacet
  facet normal 0 -0.24253562503629653 0.97014250014534087
    outer loop
      vertex 214.80000000000001 80.159999999999997 0.040000000000000036
      vertex 215.80000000000001 80.159999999999997 0.040000000000000036
      vertex 215.80000000000001 80.200000000000003 0.050000000000000003
    endloop
  endfacet
  facet normal 0 -0.24253562503629653 0.97014250014534087
    outer loop
      vertex 210.80000000000001 80.159999999999997 0.040000000000000036
      vertex 214.80000000000001 80.159999999999997 0.040000000000000036
      vertex 215.80000000000001 80.200000000000003 0.050000000000000003
    endloop
  endfacet
  facet normal 0 -0.24253562503629655 0.97014250014534098
    outer loop
      vertex 210.80000000000001 80.159999999999997 0.040000000000000036
      vertex 215.80000000000001 80.200000000000003 0.050000000000000003
      vertex 210.80000000000001 80.200000000000003 0.050000000000000003
    endloop
  endfacet
  facet normal 0 0 1
    outer loop
      vertex 210.80000000000001 80.200000000000003 0.050000000000000003
      vertex 215.80000000000001 80.200000000000003 0.050000000000000003
      vertex 215.80000000000001 100 0.050000000000000003
    endloop
  endfacet
  facet normal 0 0 1
    outer loop
      vertex 210.80000000000001 80.200000000000003 0.050000000000000003
      vertex 215.80000000000001 100 0.050000000000000003
      vertex 210.80000000000001 100 0.050000000000000003
    endloop
  endfacet
  facet normal 0 -0.44721359549993361 0.89442719099992807
    outer loop
      vertex 215.96000000000001 -40.039999999999999 0.080000000000000016
      vertex 215.88 -40.120000000000005 0.040000000000000036
      vertex 216 -40.120000000000005 0.040000000000000036
    endloop
  endfacet
  facet normal 0 -0.44721359549993361 0.89442719099992807
    outer loop
      vertex 215.96000000000001 -40.039999999999999 0.080000000000000016
      vertex 216 -40.120000000000005 0.040000000000000036
      vertex 216 -40.039999999999999 0.080000000000000016
    endloop
  endfacet
  facet normal 0 -0.44721359549993361 0.89442719099992807
    outer loop
      vertex 215.80000000000001 -40.039999999999999 0.080000000000000016
      vertex 215.80000000000001 -40.120000000000005 0.040000000000000036
      vertex 215.88 -40.120000000000005 0.040000000000000036
    endloop
  endfacet
  facet normal 0 -0.44721359549993361 0.89442719099992796
    outer loop
      vertex 215.80000000000001 -40.039999999999999 0.080000000000000016
      vertex 215.88 -40.120000000000005 0.040000000000000036
      vertex 215.96000000000001 -40.039999999999999 0.080000000000000016
    endloop
  endfacet
  facet normal 0 0.44721359549994949 0.89442719099992007
    outer loop
      vertex 215.92000000000002 -20.079999999999998 0.040000000000000036
      vertex 215.84 -20.16 0.080000000000000016
      vertex 216 -20.16 0.080000000000000016
    endloop
  endfacet
  facet normal -0 0.44721359549994949 0.89442719099992007
    outer loop
      vertex 215.92000000000002 -20.079999999999998 0.040000000000000036
      vertex 216 -20.16 0.080000000000000016
      vertex 216 -20.079999999999998 0.040000000000000036
    endloop
  endfacet
  facet normal 0 0.44721359549994949 0.89442719099992007
    outer loop
      vertex 215.80000000000001 -20.079999999999998 0.040000000000000036
      vertex 215.80000000000001 -20.16 0.080000000000000016
      vertex 215.84 -20.16 0.080000000000000016
    endloop
  endfacet
  facet normal -0 0.44721359549994949 0.89442719099992019
    outer loop
      vertex 215.80000000000001 -20.079999999999998 0.040000000000000036
      vertex 215.84 -20.16 0.080000000000000016
      vertex 215.92000000000002 -20.079999999999998 0.040000000000000036
    endloop
  endfacet
  facet normal 0 -0.24253562503633708 0.97014250014533088
    outer loop
      vertex 215.96000000000001 -10.039999999999999 0.040000000000000036
      vertex 216 -10.039999999999999 0.040000000000000036
      vertex 216 -10 0.050000000000000003
    endloop
  endfacet
  facet normal 0 -0.24253562503633708 0.97014250014533088
    outer loop
      vertex 215.80000000000001 -10.039999999999999 0.040000000000000036
      vertex 215.96000000000001 -10.039999999999999 0.040000000000000036
      vertex 216 -10 0.050000000000000003
    endloop
  endfacet
  facet normal 0 -0.24253562503633716 0.97014250014533099
    outer loop
      vertex 215.80000000000001 -10.039999999999999 0.040000000000000036
      vertex 216 -10 0.050000000000000003
      vertex 215.80000000000001 -10 0.050000000000000003
    endloop
  endfacet
  facet normal 0 0 1
    outer loop
      vertex 215.80000000000001 -10 0.050000000000000003
      vertex 216 -10 0.050000000000000003
      vertex 216 0 0.050000000000000003
    endloop
  endfacet
  facet normal 0 0 1
    outer loop
      vertex 215.80000000000001 -10 0.050000000000000003
      vertex 216 0 0.050000000000000003
      vertex 215.80000000000001 0 0.050000000000000003
    endloop
  endfacet
  facet normal 0 0.78086880944303116 0.62469504755442318
    outer loop
      vertex 215.80800000000002 0.0079999999999999516 0.040000000000000036
      vertex 215.80000000000001 0 0.050000000000000003
      vertex 216 0 0.050000000000000003
    endloop
  endfacet
  facet normal -9.1717129792642895e-17 0.78086880944303039 0.62469504755442429
    outer loop
      vertex 215.80800000000002 0.0079999999999999516 0.040000000000000036
      vertex 216 0 0.050000000000000003
      vertex 216 0.0079999999999999741 0.040000000000000036
    endloop
  endfacet
  facet normal -2.2012111150204993e-15 0.78086880944303116 0.62469504755442318
    outer loop
      vertex 215.80000000000001 0.0079999999999999516 0.040000000000000036
      vertex 215.80000000000001 0 0.050000000000000003
      vertex 215.80800000000002 0.0079999999999999741 0.040000000000000036
    endloop
  endfacet
  facet normal 0 -0.24253562503629655 0.97014250014534109
    outer loop
      vertex 215.96000000000001 80.159999999999997 0.040000000000000036
      vertex 216 80.159999999999997 0.040000000000000036
      vertex 216 80.200000000000003 0.050000000000000003
    endloop
  endfacet
  facet normal 0 -0.24253562503629653 0.97014250014534098
    outer loop
      vertex 215.80000000000001 80.159999999999997 0.040000000000000036
      vertex 215.96000000000001 80.159999999999997 0.040000000000000036
      vertex 216 80.200000000000003 0.050000000000000003
    endloop
  endfacet
  facet normal 0 -0.24253562503629653 0.97014250014534098
    outer loop
      vertex 215.80000000000001 80.159999999999997 0.040000000000000036
      vertex 216 80.200000000000003 0.050000000000000003
      vertex 215.80000000000001 80.200000000000003 0.050000000000000003
    endloop
  endfacet
  facet normal 0 0 1
    outer loop
      vertex 215.80000000000001 80.200000000000003 0.050000000000000003
      vertex 216 80.200000000000003 0.050000000000000003
      vertex 216 100 0.050000000000000003
    endloop
  endfacet
  facet normal 0 0 1
    outer loop
      vertex 215.80000000000001 80.200000000000003 0.050000000000000003
      vertex 216 100 0.050000000000000003
      vertex 215.80000000000001 100 0.050000000000000003
    endloop
  endfacet
  facet normal 0 -0.44721359549993361 0.89442719099992807
    outer loop
      vertex 216.16 -40.039999999999999 0.080000000000000016
      vertex 216.07999999999998 -40.120000000000005 0.040000000000000036
      vertex 216.19999999999999 -40.120000000000005 0.040000000000000036
    endloop
  endfacet
  facet normal 0 -0.44721359549993361 0.89442719099992807
    outer loop
      vertex 216.16 -40.039999999999999 0.080000000000000016
      vertex 216.19999999999999 -40.120000000000005 0.040000000000000036
      vertex 216.19999999999999 -40.039999999999999 0.080000000000000016
    endloop
  endfacet
  facet normal 0 -0.44721359549993361 0.89442719099992807
    outer loop
      vertex 216 -40.039999999999999 0.080000000000000016
      vertex 216 -40.120000000000005 0.040000000000000036
      vertex 216.07999999999998 -40.120000000000005 0.040000000000000036
    endloop
  endfacet
  facet normal 0 -0.44721359549993361 0.89442719099992796
    outer loop
      vertex 216 -40.039999999999999 0.080000000000000016
      vertex 216.07999999999998 -40.120000000000005 0.040000000000000036
      vertex 216.16 -40.039999999999999 0.080000000000000016
    endloop
  endfacet
  facet normal 0 0.44721359549994949 0.89442719099992007
    outer loop
      vertex 216.12 -20.079999999999998 0.040000000000000036
      vertex 216.03999999999999 -20.16 0.080000000000000016
      vertex 216.19999999999999 -20.16 0.080000000000000016
    endloop
  endfacet
  facet normal -0 0.44721359549994949 0.89442719099992007
    outer loop
      vertex 216.12 -20.079999999999998 0.040000000000000036
      vertex 216.19999999999999 -20.16 0.080000000000000016
      vertex 216.19999999999999 -20.079999999999998 0.040000000000000036
    endloop
  endfacet
  facet normal 0 0.44721359549994949 0.89442719099992007
    outer loop
      vertex 216 -20.079999999999998 0.040000000000000036
      vertex 216 -20.16 0.080000000000000016
      vertex 216.03999999999999 -20.16 0.080000000000000016
    endloop
  endfacet
  facet normal -0 0.44721359549994949 0.89442719099992019
    outer loop
      vertex 216 -20.079999999999998 0.040000000000000036
      vertex 216.03999999999999 -20.16 0.080000000000000016
      vertex 216.12 -20.079999999999998 0.040000000000000036
    endloop
  endfacet
  facet normal 0 -0.24253562503633708 0.97014250014533088
    outer loop
      vertex 216.16 -10.039999999999999 0.040000000000000036
      vertex 216.19999999999999 -10.039999999999999 0.040000000000000036
      vertex 216.19999999999999 -10 0.050000000000000003
    endloop
  endfacet
  facet normal 0 -0.24253562503633708 0.97014250014533088
    outer loop
      vertex 216 -10.039999999999999 0.040000000000000036
      vertex 216.16 -10.039999999999999 0.040000000000000036
      vertex 216.19999999999999 -10 0.050000000000000003
    endloop
  endfacet
  facet normal 0 -0.24253562503633716 0.97014250014533099
    outer loop
      vertex 216 -10.039999999999999 0.040000000000000036
      vertex 216.19999999999999 -10 0.050000000000000003
      vertex 216 -10 0.050000000000000003
    endloop
  endfacet
  facet normal 0 0 1
    outer loop
      vertex 216 -10 0.050000000000000003
      vertex 216.19999999999999 -10 0.050000000000000003
      vertex 216.19999999999999 0 0.050000000000000003
    endloop
  endfacet
  facet normal 0 0 1
    outer loop
      vertex 216 -10 0.050000000000000003
      vertex 216.19999999999999 0 0.050000000000000003
      vertex 216 0 0.050000000000000003
    endloop
  endfacet
  facet normal 0 0.24253562503633297 0.97014250014533188
    outer loop
      vertex 216.03999999999999 0.039999999999999869 0.040000000000000036
      vertex 216 0 0.050000000000000003
      vertex 216.19999999999999 0 0.050000000000000003
    endloop
  endfacet
  facet normal -0 0.24253562503633297 0.97014250014533188
    outer loop
      vertex 216.03999999999999 0.039999999999999869 0.040000000000000036
      vertex 216.19999999999999 0 0.050000000000000003
      vertex 216.19999999999999 0.039999999999999869 0.040000000000000036
    endloop
  endfacet
  facet normal -0.52981294282609281 0.66226617853248593 0.52981294282598723
    outer loop
      vertex 216 0.0079999999999999516 0.040000000000000036
      vertex 216 0 0.050000000000000003
      vertex 216.03999999999999 0.039999999999999869 0.040000000000000036
    endloop
  endfacet
  facet normal 0.2357022603955615 -0.23570226039547776 0.94280904158206147
    outer loop
      vertex 216 80.159999999999997 0.040000000000000036
      vertex 216.03999999999999 80.200000000000003 0.040000000000000036
      vertex 216 80.200000000000003 0.050000000000000003
    endloop
  endfacet
  facet normal 0.2425356250363776 0 0.97014250014532066
    outer loop
      vertex 216.03999999999999 84.159999999999982 0.040000000000000036
      vertex 216 80.200000000000003 0.050000000000000003
      vertex 216.03999999999999 80.200000000000003 0.040000000000000036
    endloop
  endfacet
  facet normal 0.24253562503637766 0 0.97014250014532066
    outer loop
      vertex 216 80.200000000000003 0.050000000000000003
      vertex 216.03999999999999 84.159999999999997 0.040000000000000036
      vertex 216.03999999999999 100 0.040000000000000036
    endloop
  endfacet
  facet normal 0.24253562503637766 -0 0.97014250014532077
    outer loop
      vertex 216 80.200000000000003 0.050000000000000003
      vertex 216.03999999999999 100 0.040000000000000036
      vertex 216 100 0.050000000000000003
    endloop
  endfacet
  facet normal 0 -0.44721359549993361 0.89442719099992807
    outer loop
      vertex 216.36000000000001 -40.039999999999999 0.080000000000000016
      vertex 216.28 -40.120000000000005 0.040000000000000036
      vertex 216.40000000000001 -40.120000000000005 0.040000000000000036
    endloop
  endfacet
  facet normal 0 -0.44721359549993361 0.89442719099992807
    outer loop
      vertex 216.36000000000001 -40.039999999999999 0.080000000000000016
      vertex 216.40000000000001 -40.120000000000005 0.040000000000000036
      vertex 216.40000000000001 -40.039999999999999 0.080000000000000016
    endloop
  endfacet
  facet normal 0 -0.44721359549993361 0.89442719099992818
    outer loop
      vertex 216.19999999999999 -40.039999999999999 0.080000000000000016
      vertex 216.19999999999999 -40.120000000000005 0.040000000000000036
      vertex 216.28 -40.120000000000005 0.040000000000000036
    endloop
  endfacet
  facet normal 0 -0.44721359549993361 0.89442719099992818
    outer loop
      vertex 216.19999999999999 -40.039999999999999 0.080000000000000016
      vertex 216.28 -40.120000000000005 0.040000000000000036
      vertex 216.36000000000001 -40.039999999999999 0.080000000000000016
    endloop
  endfacet
  facet normal 0 0.44721359549994955 0.89442719099992019
    outer loop
      vertex 216.31999999999999 -20.079999999999998 0.040000000000000036
      vertex 216.23999999999998 -20.16 0.080000000000000016
      vertex 216.40000000000001 -20.16 0.080000000000000016
    endloop
  endfacet
  facet normal -0 0.44721359549994955 0.89442719099992019
    outer loop
      vertex 216.31999999999999 -20.079999999999998 0.040000000000000036
      vertex 216.40000000000001 -20.16 0.080000000000000016
      vertex 216.40000000000001 -20.079999999999998 0.040000000000000036
    endloop
  endfacet
  facet normal 0 0.44721359549994949 0.89442719099992007
    outer loop
      vertex 216.19999999999999 -20.079999999999998 0.040000000000000036
      vertex 216.19999999999999 -20.16 0.080000000000000016
      vertex 216.23999999999998 -20.16 0.080000000000000016
    endloop
  endfacet
  facet normal -0 0.44721359549994949 0.89442719099992019
    outer loop
      vertex 216.19999999999999 -20.079999999999998 0.040000000000000036
      vertex 216.23999999999998 -20.16 0.080000000000000016
      vertex 216.31999999999999 -20.079999999999998 0.040000000000000036
    endloop
  endfacet
  facet normal 0 -0.24253562503633708 0.97014250014533088
    outer loop
      vertex 216.36000000000001 -10.039999999999999 0.040000000000000036
      vertex 216.40000000000001 -10.039999999999999 0.040000000000000036
      vertex 216.40000000000001 -10 0.050000000000000003
    endloop
  endfacet
  facet normal 0 -0.2425356250363371 0.97014250014533088
    outer loop
      vertex 216.19999999999999 -10.039999999999999 0.040000000000000036
      vertex 216.36000000000001 -10.039999999999999 0.040000000000000036
      vertex 216.40000000000001 -10 0.050000000000000003
    endloop
  endfacet
  facet normal 0 -0.24253562503633705 0.97014250014533077
    outer loop
      vertex 216.19999999999999 -10.039999999999999 0.040000000000000036
      vertex 216.40000000000001 -10 0.050000000000000003
      vertex 216.19999999999999 -10 0.050000000000000003
    endloop
  endfacet
  facet normal 0 0 1
    outer loop
      vertex 216.19999999999999 -10 0.050000000000000003
      vertex 216.40000000000001 -10 0.050000000000000003
      vertex 216.40000000000001 0 0.050000000000000003
    endloop
  endfacet
  facet normal 0 0 1
    outer loop
      vertex 216.19999999999999 -10 0.050000000000000003
      vertex 216.40000000000001 0 0.050000000000000003
      vertex 216.19999999999999 0 0.050000000000000003
    endloop
  endfacet
  facet normal 0 0.24253562503633297 0.97014250014533188
    outer loop
      vertex 216.23999999999998 0.039999999999999869 0.040000000000000036
      vertex 216.19999999999999 0 0.050000000000000003
      vertex 216.40000000000001 0 0.050000000000000003
    endloop
  endfacet
  facet normal -0 0.242535625036333 0.97014250014533199
    outer loop
      vertex 216.23999999999998 0.039999999999999869 0.040000000000000036
      vertex 216.40000000000001 0 0.050000000000000003
      vertex 216.40000000000001 0.039999999999999869 0.040000000000000036
    endloop
  endfacet
  facet normal -0 0.24253562503633297 0.97014250014533188
    outer loop
      vertex 216.19999999999999 0.039999999999999869 0.040000000000000036
      vertex 216.19999999999999 0 0.050000000000000003
      vertex 216.23999999999998 0.039999999999999869 0.040000000000000036
    endloop
  endfacet
  facet normal 0.40824829046384442 -0.40824829046384442 0.81649658092774446
    outer loop
      vertex 216.40000000000001 -40.039999999999999 0.080000000000000016
      vertex 216.40000000000001 -40.120000000000005 0.040000000000000036
      vertex 216.52000000000001 -40 0.040000000000000036
    endloop
  endfacet
  facet normal 0.40824829046383249 -0.40824829046375993 0.81649658092779287
    outer loop
      vertex 216.40000000000001 -40.039999999999999 0.080000000000000016
      vertex 216.52000000000001 -40 0.040000000000000036
      vertex 216.44 -40 0.080000000000000016
    endloop
  endfacet
  facet normal 0.44721359549990181 0 0.89442719099994406
    outer loop
      vertex 216.52000000000001 -28.120000000000005 0.040000000000000036
      vertex 216.44 -36.039999999999999 0.080000000000000016
      vertex 216.44 -40 0.080000000000000016
    endloop
  endfacet
  facet normal 0.44721359549990181 0 0.89442719099994394
    outer loop
      vertex 216.52000000000001 -28.120000000000005 0.040000000000000036
      vertex 216.44 -40 0.080000000000000016
      vertex 216.52000000000001 -40 0.040000000000000036
    endloop
  endfacet
  facet normal 0.44721359549990181 0 0.89442719099994394
    outer loop
      vertex 216.44 -36.039999999999999 0.080000000000000016
      vertex 216.52000000000001 -28.120000000000005 0.040000000000000036
      vertex 216.52000000000001 -20.199999999999999 0.040000000000000036
    endloop
  endfacet
  facet normal 0.44721359549990186 -0 0.89442719099994406
    outer loop
      vertex 216.44 -36.039999999999999 0.080000000000000016
      vertex 216.52000000000001 -20.199999999999999 0.040000000000000036
      vertex 216.44 -20.199999999999999 0.080000000000000016
    endloop
  endfacet
  facet normal 0.44721359549990203 0 0.89442719099994394
    outer loop
      vertex 216.52000000000001 -20.079999999999998 0.040000000000000036
      vertex 216.44 -20.16 0.080000000000000016
      vertex 216.44 -20.199999999999999 0.080000000000000016
    endloop
  endfacet
  facet normal 0.44721359549990192 0 0.89442719099994394
    outer loop
      vertex 216.52000000000001 -20.079999999999998 0.040000000000000036
      vertex 216.44 -20.199999999999999 0.080000000000000016
      vertex 216.52000000000001 -20.199999999999999 0.040000000000000036
    endloop
  endfacet
  facet normal 0 0.44721359549994949 0.89442719099992007
    outer loop
      vertex 216.40000000000001 -20.079999999999998 0.040000000000000036
      vertex 216.40000000000001 -20.16 0.080000000000000016
      vertex 216.44 -20.16 0.080000000000000016
    endloop
  endfacet
  facet normal -0 0.44721359549994949 0.89442719099992019
    outer loop
      vertex 216.40000000000001 -20.079999999999998 0.040000000000000036
      vertex 216.44 -20.16 0.080000000000000016
      vertex 216.52000000000001 -20.079999999999998 0.040000000000000036
    endloop
  endfacet
  facet normal 0.23570226039555917 -0.23570226039551728 0.94280904158205214
    outer loop
      vertex 216.40000000000001 -10.039999999999999 0.040000000000000036
      vertex 216.44 -10 0.040000000000000036
      vertex 216.40000000000001 -10 0.050000000000000003
    endloop
  endfacet
  facet normal 0.24253562503637763 0 0.97014250014532077
    outer loop
      vertex 216.44 -8.0000000000000071 0.040000000000000036
      vertex 216.40000000000001 -10 0.050000000000000003
      vertex 216.44 -10 0.040000000000000036
    endloop
  endfacet
  facet normal 0.24253562503637763 0 0.97014250014532066
    outer loop
      vertex 216.40000000000001 -10 0.050000000000000003
      vertex 216.44 -8.0000000000000071 0.040000000000000036
      vertex 216.44 0 0.040000000000000036
    endloop
  endfacet
  facet normal 0.24253562503637766 -0 0.97014250014532077
    outer loop
      vertex 216.40000000000001 -10 0.050000000000000003
      vertex 216.44 0 0.040000000000000036
      vertex 216.40000000000001 0 0.050000000000000003
    endloop
  endfacet
  facet normal 0.24253562503637766 0 0.97014250014532077
    outer loop
      vertex 216.44 0.039999999999999869 0.040000000000000036
      vertex 216.40000000000001 0 0.050000000000000003
      vertex 216.44 0 0.040000000000000036
    endloop
  endfacet
  facet normal -0 0.24253562503633297 0.97014250014533188
    outer loop
      vertex 216.40000000000001 0.039999999999999869 0.040000000000000036
      vertex 216.40000000000001 0 0.050000000000000003
      vertex 216.44 0.039999999999999869 0.040000000000000036
    endloop
  endfacet
  facet normal 0 -0.44721359549995743 0.89442719099991619
    outer loop
      vertex 216.56 10.16 0.080000000000000016
      vertex 216.47999999999999 10.08 0.040000000000000036
      vertex 216.59999999999999 10.08 0.040000000000000036
    endloop
  endfacet
  facet normal 0 -0.44721359549995748 0.89442719099991619
    outer loop
      vertex 216.56 10.16 0.080000000000000016
      vertex 216.59999999999999 10.08 0.040000000000000036
      vertex 216.59999999999999 10.16 0.080000000000000016
    endloop
  endfacet
  facet normal -0.44721359549990181 0 0.89442719099994394
    outer loop
      vertex 216.47999999999999 10.08 0.040000000000000036
      vertex 216.56 10.16 0.080000000000000016
      vertex 216.56 10.199999999999999 0.080000000000000016
    endloop
  endfacet
  facet normal -0.44721359549990181 0 0.89442719099994383
    outer loop
      vertex 216.47999999999999 10.08 0.040000000000000036
      vertex 216.56 10.199999999999999 0.080000000000000016
      vertex 216.47999999999999 10.199999999999999 0.040000000000000036
    endloop
  endfacet
  facet normal -0.44721359549990186 0 0.89442719099994394
    outer loop
      vertex 216.56 18.039999999999999 0.080000000000000016
      vertex 216.47999999999999 14.120000000000003 0.040000000000000036
      vertex 216.47999999999999 10.199999999999999 0.040000000000000036
    endloop
  endfacet
  facet normal -0.44721359549990186 0 0.89442719099994406
    outer loop
      vertex 216.56 18.039999999999999 0.080000000000000016
      vertex 216.47999999999999 10.199999999999999 0.040000000000000036
      vertex 216.56 10.199999999999999 0.080000000000000016
    endloop
  endfacet
  facet normal -0.44721359549990181 0 0.89442719099994394
    outer loop
      vertex 216.47999999999999 14.120000000000003 0.040000000000000036
      vertex 216.56 18.039999999999999 0.080000000000000016
      vertex 216.56 20 0.080000000000000016
    endloop
  endfacet
  facet normal -0.44721359549990186 0 0.89442719099994394
    outer loop
      vertex 216.47999999999999 14.120000000000003 0.040000000000000036
      vertex 216.56 20 0.080000000000000016
      vertex 216.47999999999999 20 0.040000000000000036
    endloop
  endfacet
  facet normal -0.44721359549990186 0 0.89442719099994394
    outer loop
      vertex 216.56 20.16 0.080000000000000016
      vertex 216.47999999999999 20.079999999999998 0.040000000000000036
      vertex 216.47999999999999 20 0.040000000000000036
    endloop
  endfacet
  facet normal -0.44721359549990186 0 0.89442719099994394
    outer loop
      vertex 216.56 20.16 0.080000000000000016
      vertex 216.47999999999999 20 0.040000000000000036
      vertex 216.56 20 0.080000000000000016
    endloop
  endfacet
  facet normal -0.44721359549990203 0 0.89442719099994394
    outer loop
      vertex 216.47999999999999 20.079999999999998 0.040000000000000036
      vertex 216.56 20.16 0.080000000000000016
      vertex 216.56 20.199999999999999 0.080000000000000016
    endloop
  endfacet
  facet normal -0.44721359549990192 0 0.89442719099994394
    outer loop
      vertex 216.47999999999999 20.079999999999998 0.040000000000000036
      vertex 216.56 20.199999999999999 0.080000000000000016
      vertex 216.47999999999999 20.199999999999999 0.040000000000000036
    endloop
  endfacet
  facet normal -0.44721359549990181 0 0.89442719099994394
    outer loop
      vertex 216.56 36.039999999999999 0.080000000000000016
      vertex 216.47999999999999 28.120000000000005 0.040000000000000036
      vertex 216.47999999999999 20.199999999999999 0.040000000000000036
    endloop
  endfacet
  facet normal -0.44721359549990186 0 0.89442719099994406
    outer loop
      vertex 216.56 36.039999999999999 0.080000000000000016
      vertex 216.47999999999999 20.199999999999999 0.040000000000000036
      vertex 216.56 20.199999999999999 0.080000000000000016
    endloop
  endfacet
  facet normal -0.44721359549990181 0 0.89442719099994406
    outer loop
      vertex 216.47999999999999 28.120000000000005 0.040000000000000036
      vertex 216.56 36.039999999999999 0.080000000000000016
      vertex 216.56 40 0.080000000000000016
    endloop
  endfacet
  facet normal -0.44721359549990181 0 0.89442719099994394
    outer loop
      vertex 216.47999999999999 28.120000000000005 0.040000000000000036
      vertex 216.56 40 0.080000000000000016
      vertex 216.47999999999999 40 0.040000000000000036
    endloop
  endfacet
  facet normal -0.40824829046383249 0.40824829046375988 0.81649658092779298
    outer loop
      vertex 216.47999999999999 40 0.040000000000000036
      vertex 216.56 40 0.080000000000000016
      vertex 216.59999999999999 40.039999999999999 0.080000000000000016
    endloop
  endfacet
  facet normal -0.40824829046384448 0.40824829046384448 0.81649658092774446
    outer loop
      vertex 216.47999999999999 40 0.040000000000000036
      vertex 216.59999999999999 40.039999999999999 0.080000000000000016
      vertex 216.59999999999999 40.120000000000005 0.040000000000000036
    endloop
  endfacet
  facet normal 0 -0.44721359549995743 0.89442719099991619
    outer loop
      vertex 216.76000000000002 10.16 0.080000000000000016
      vertex 216.68000000000001 10.08 0.040000000000000036
      vertex 216.80000000000001 10.08 0.040000000000000036
    endloop
  endfacet
  facet normal 0 -0.44721359549995748 0.89442719099991619
    outer loop
      vertex 216.76000000000002 10.16 0.080000000000000016
      vertex 216.80000000000001 10.08 0.040000000000000036
      vertex 216.80000000000001 10.16 0.080000000000000016
    endloop
  endfacet
  facet normal 0 -0.44721359549995743 0.89442719099991619
    outer loop
      vertex 216.59999999999999 10.16 0.080000000000000016
      vertex 216.59999999999999 10.08 0.040000000000000036
      vertex 216.68000000000001 10.08 0.040000000000000036
    endloop
  endfacet
  facet normal 0 -0.44721359549995743 0.89442719099991619
    outer loop
      vertex 216.59999999999999 10.16 0.080000000000000016
      vertex 216.68000000000001 10.08 0.040000000000000036
      vertex 216.76000000000002 10.16 0.080000000000000016
    endloop
  endfacet
  facet normal 0 0.44721359549993361 0.89442719099992818
    outer loop
      vertex 216.72 40.120000000000005 0.040000000000000036
      vertex 216.63999999999999 40.039999999999999 0.080000000000000016
      vertex 216.80000000000001 40.039999999999999 0.080000000000000016
    endloop
  endfacet
  facet normal -0 0.44721359549993361 0.89442719099992818
    outer loop
      vertex 216.72 40.120000000000005 0.040000000000000036
      vertex 216.80000000000001 40.039999999999999 0.080000000000000016
      vertex 216.80000000000001 40.120000000000005 0.040000000000000036
    endloop
  endfacet
  facet normal 0 0.44721359549993361 0.89442719099992807
    outer loop
      vertex 216.59999999999999 40.120000000000005 0.040000000000000036
      vertex 216.59999999999999 40.039999999999999 0.080000000000000016
      vertex 216.63999999999999 40.039999999999999 0.080000000000000016
    endloop
  endfacet
  facet normal -0 0.44721359549993361 0.89442719099992807
    outer loop
      vertex 216.59999999999999 40.120000000000005 0.040000000000000036
      vertex 216.63999999999999 40.039999999999999 0.080000000000000016
      vertex 216.72 40.120000000000005 0.040000000000000036
    endloop
  endfacet
  facet normal 0 -0.44721359549995743 0.89442719099991619
    outer loop
      vertex 216.96000000000001 10.16 0.080000000000000016
      vertex 216.88 10.08 0.040000000000000036
      vertex 217 10.08 0.040000000000000036
    endloop
  endfacet
  facet normal 0 -0.44721359549995748 0.89442719099991619
    outer loop
      vertex 216.96000000000001 10.16 0.080000000000000016
      vertex 217 10.08 0.040000000000000036
      vertex 217 10.16 0.080000000000000016
    endloop
  endfacet
  facet normal 0 -0.44721359549995748 0.89442719099991619
    outer loop
      vertex 216.80000000000001 10.16 0.080000000000000016
      vertex 216.80000000000001 10.08 0.040000000000000036
      vertex 216.88 10.08 0.040000000000000036
    endloop
  endfacet
  facet normal 0 -0.44721359549995748 0.89442719099991608
    outer loop
      vertex 216.80000000000001 10.16 0.080000000000000016
      vertex 216.88 10.08 0.040000000000000036
      vertex 216.96000000000001 10.16 0.080000000000000016
    endloop
  endfacet
  facet normal 0 0.44721359549993361 0.89442719099992807
    outer loop
      vertex 216.92000000000002 40.120000000000005 0.040000000000000036
      vertex 216.84 40.039999999999999 0.080000000000000016
      vertex 217 40.039999999999999 0.080000000000000016
    endloop
  endfacet
  facet normal -0 0.44721359549993361 0.89442719099992807
    outer loop
      vertex 216.92000000000002 40.120000000000005 0.040000000000000036
      vertex 217 40.039999999999999 0.080000000000000016
      vertex 217 40.120000000000005 0.040000000000000036
    endloop
  endfacet
  facet normal 0 0.44721359549993361 0.89442719099992807
    outer loop
      vertex 216.80000000000001 40.120000000000005 0.040000000000000036
      vertex 216.80000000000001 40.039999999999999 0.080000000000000016
      vertex 216.84 40.039999999999999 0.080000000000000016
    endloop
  endfacet
  facet normal -0 0.44721359549993361 0.89442719099992807
    outer loop
      vertex 216.80000000000001 40.120000000000005 0.040000000000000036
      vertex 216.84 40.039999999999999 0.080000000000000016
      vertex 216.92000000000002 40.120000000000005 0.040000000000000036
    endloop
  endfacet
  facet normal 0 -0.44721359549995743 0.89442719099991619
    outer loop
      vertex 217.16 10.16 0.080000000000000016
      vertex 217.07999999999998 10.08 0.040000000000000036
      vertex 217.19999999999999 10.08 0.040000000000000036
    endloop
  endfacet
  facet normal 0 -0.44721359549995748 0.89442719099991619
    outer loop
      vertex 217.16 10.16 0.080000000000000016
      vertex 217.19999999999999 10.08 0.040000000000000036
      vertex 217.19999999999999 10.16 0.080000000000000016
    endloop
  endfacet
  facet normal 0 -0.44721359549995748 0.89442719099991619
    outer loop
      vertex 217 10.16 0.080000000000000016
      vertex 217 10.08 0.040000000000000036
      vertex 217.07999999999998 10.08 0.040000000000000036
    endloop
  endfacet
  facet normal 0 -0.44721359549995748 0.89442719099991608
    outer loop
      vertex 217 10.16 0.080000000000000016
      vertex 217.07999999999998 10.08 0.040000000000000036
      vertex 217.16 10.16 0.080000000000000016
    endloop
  endfacet
  facet normal 0 0.44721359549993361 0.89442719099992807
    outer loop
      vertex 217.12 40.120000000000005 0.040000000000000036
      vertex 217.03999999999999 40.039999999999999 0.080000000000000016
      vertex 217.19999999999999 40.039999999999999 0.080000000000000016
    endloop
  endfacet
  facet normal -0 0.44721359549993361 0.89442719099992807
    outer loop
      vertex 217.12 40.120000000000005 0.040000000000000036
      vertex 217.19999999999999 40.039999999999999 0.080000000000000016
      vertex 217.19999999999999 40.120000000000005 0.040000000000000036
    endloop
  endfacet
  facet normal 0 0.44721359549993361 0.89442719099992807
    outer loop
      vertex 217 40.120000000000005 0.040000000000000036
      vertex 217 40.039999999999999 0.080000000000000016
      vertex 217.03999999999999 40.039999999999999 0.080000000000000016
    endloop
  endfacet
  facet normal -0 0.44721359549993361 0.89442719099992807
    outer loop
      vertex 217 40.120000000000005 0.040000000000000036
      vertex 217.03999999999999 40.039999999999999 0.080000000000000016
      vertex 217.12 40.120000000000005 0.040000000000000036
    endloop
  endfacet
  facet normal 0 -0.44721359549994949 0.89442719099992019
    outer loop
      vertex 217.36000000000001 -20.039999999999999 0.080000000000000016
      vertex 217.28 -20.120000000000001 0.040000000000000036
      vertex 217.40000000000001 -20.120000000000001 0.040000000000000036
    endloop
  endfacet
  facet normal 0 -0.44721359549994949 0.89442719099992007
    outer loop
      vertex 217.36000000000001 -20.039999999999999 0.080000000000000016
      vertex 217.40000000000001 -20.120000000000001 0.040000000000000036
      vertex 217.40000000000001 -20.039999999999999 0.080000000000000016
    endloop
  endfacet
  facet normal -0.44721359549990203 0 0.89442719099994394
    outer loop
      vertex 217.28 -20.120000000000001 0.040000000000000036
      vertex 217.36000000000001 -20.039999999999999 0.080000000000000016
      vertex 217.36000000000001 -20 0.080000000000000016
    endloop
  endfacet
  facet normal -0.44721359549990192 0 0.89442719099994394
    outer loop
      vertex 217.28 -20.120000000000001 0.040000000000000036
      vertex 217.36000000000001 -20 0.080000000000000016
      vertex 217.28 -20 0.040000000000000036
    endloop
  endfacet
  facet normal -0.44721359549990197 0 0.89442719099994394
    outer loop
      vertex 217.36000000000001 -12.159999999999998 0.080000000000000016
      vertex 217.28 -16.079999999999998 0.040000000000000036
      vertex 217.28 -20 0.040000000000000036
    endloop
  endfacet
  facet normal -0.44721359549990186 0 0.89442719099994383
    outer loop
      vertex 217.36000000000001 -12.159999999999998 0.080000000000000016
      vertex 217.28 -20 0.040000000000000036
      vertex 217.36000000000001 -20 0.080000000000000016
    endloop
  endfacet
  facet normal -0.44721359549990186 0 0.89442719099994394
    outer loop
      vertex 217.28 -16.079999999999995 0.040000000000000036
      vertex 217.36000000000001 -12.159999999999998 0.080000000000000016
      vertex 217.36000000000001 -10.199999999999999 0.080000000000000016
    endloop
  endfacet
  facet normal -0.44721359549990186 0 0.89442719099994406
    outer loop
      vertex 217.28 -16.079999999999995 0.040000000000000036
      vertex 217.36000000000001 -10.199999999999999 0.080000000000000016
      vertex 217.28 -10.199999999999999 0.040000000000000036
    endloop
  endfacet
  facet normal -0.40824829046383249 0.40824829046375988 0.81649658092779298
    outer loop
      vertex 217.28 -10.199999999999999 0.040000000000000036
      vertex 217.36000000000001 -10.199999999999999 0.080000000000000016
      vertex 217.40000000000001 -10.16 0.080000000000000016
    endloop
  endfacet
  facet normal -0.40824829046384759 0.40824829046386563 0.81649658092773247
    outer loop
      vertex 217.28 -10.199999999999999 0.040000000000000036
      vertex 217.40000000000001 -10.16 0.080000000000000016
      vertex 217.40000000000001 -10.08 0.040000000000000036
    endloop
  endfacet
  facet normal 0.40824829046384759 -0.40824829046386563 0.81649658092773247
    outer loop
      vertex 217.19999999999999 10.16 0.080000000000000016
      vertex 217.19999999999999 10.08 0.040000000000000036
      vertex 217.31999999999999 10.199999999999999 0.040000000000000036
    endloop
  endfacet
  facet normal 0.40824829046383249 -0.40824829046375993 0.81649658092779287
    outer loop
      vertex 217.19999999999999 10.16 0.080000000000000016
      vertex 217.31999999999999 10.199999999999999 0.040000000000000036
      vertex 217.23999999999998 10.199999999999999 0.080000000000000016
    endloop
  endfacet
  facet normal 0.44721359549990186 0 0.89442719099994394
    outer loop
      vertex 217.31999999999999 16.079999999999995 0.040000000000000036
      vertex 217.23999999999998 12.159999999999998 0.080000000000000016
      vertex 217.23999999999998 10.199999999999999 0.080000000000000016
    endloop
  endfacet
  facet normal 0.44721359549990186 0 0.89442719099994406
    outer loop
      vertex 217.31999999999999 16.079999999999995 0.040000000000000036
      vertex 217.23999999999998 10.199999999999999 0.080000000000000016
      vertex 217.31999999999999 10.199999999999999 0.040000000000000036
    endloop
  endfacet
  facet normal 0.44721359549990197 0 0.89442719099994394
    outer loop
      vertex 217.23999999999998 12.159999999999998 0.080000000000000016
      vertex 217.31999999999999 16.079999999999998 0.040000000000000036
      vertex 217.31999999999999 20 0.040000000000000036
    endloop
  endfacet
  facet normal 0.44721359549990186 -0 0.89442719099994383
    outer loop
      vertex 217.23999999999998 12.159999999999998 0.080000000000000016
      vertex 217.31999999999999 20 0.040000000000000036
      vertex 217.23999999999998 20 0.080000000000000016
    endloop
  endfacet
  facet normal 0.44721359549990203 0 0.89442719099994394
    outer loop
      vertex 217.31999999999999 20.120000000000001 0.040000000000000036
      vertex 217.23999999999998 20.039999999999999 0.080000000000000016
      vertex 217.23999999999998 20 0.080000000000000016
    endloop
  endfacet
  facet normal 0.44721359549990192 0 0.89442719099994394
    outer loop
      vertex 217.31999999999999 20.120000000000001 0.040000000000000036
      vertex 217.23999999999998 20 0.080000000000000016
      vertex 217.31999999999999 20 0.040000000000000036
    endloop
  endfacet
  facet normal 0.44721359549990186 0 0.89442719099994394
    outer loop
      vertex 217.23999999999998 20.039999999999999 0.080000000000000016
      vertex 217.31999999999999 20.120000000000001 0.040000000000000036
      vertex 217.31999999999999 20.199999999999999 0.040000000000000036
    endloop
  endfacet
  facet normal 0.44721359549990186 -0 0.89442719099994394
    outer loop
      vertex 217.23999999999998 20.039999999999999 0.080000000000000016
      vertex 217.31999999999999 20.199999999999999 0.040000000000000036
      vertex 217.23999999999998 20.199999999999999 0.080000000000000016
    endloop
  endfacet
  facet normal 0.44721359549990181 0 0.89442719099994372
    outer loop
      vertex 217.31999999999999 32.079999999999991 0.040000000000000036
      vertex 217.23999999999998 24.159999999999997 0.080000000000000016
      vertex 217.23999999999998 20.199999999999999 0.080000000000000016
    endloop
  endfacet
  facet normal 0.44721359549990186 0 0.89442719099994394
    outer loop
      vertex 217.31999999999999 32.079999999999991 0.040000000000000036
      vertex 217.23999999999998 20.199999999999999 0.080000000000000016
      vertex 217.31999999999999 20.199999999999999 0.040000000000000036
    endloop
  endfacet
  facet normal 0.44721359549990175 0 0.89442719099994383
    outer loop
      vertex 217.23999999999998 24.159999999999997 0.080000000000000016
      vertex 217.31999999999999 32.079999999999991 0.040000000000000036
      vertex 217.31999999999999 40 0.040000000000000036
    endloop
  endfacet
  facet normal 0.44721359549990181 -0 0.89442719099994383
    outer loop
      vertex 217.23999999999998 24.159999999999997 0.080000000000000016
      vertex 217.31999999999999 40 0.040000000000000036
      vertex 217.23999999999998 40 0.080000000000000016
    endloop
  endfacet
  facet normal 0.44721359549990175 0 0.89442719099994394
    outer loop
      vertex 217.31999999999999 40.120000000000005 0.040000000000000036
      vertex 217.23999999999998 40.039999999999999 0.080000000000000016
      vertex 217.23999999999998 40 0.080000000000000016
    endloop
  endfacet
  facet normal 0.44721359549990181 0 0.89442719099994383
    outer loop
      vertex 217.31999999999999 40.120000000000005 0.040000000000000036
      vertex 217.23999999999998 40 0.080000000000000016
      vertex 217.31999999999999 40 0.040000000000000036
    endloop
  endfacet
  facet normal 0 0.44721359549993361 0.89442719099992807
    outer loop
      vertex 217.19999999999999 40.120000000000005 0.040000000000000036
      vertex 217.19999999999999 40.039999999999999 0.080000000000000016
      vertex 217.23999999999998 40.039999999999999 0.080000000000000016
    endloop
  endfacet
  facet normal -0 0.44721359549993361 0.89442719099992807
    outer loop
      vertex 217.19999999999999 40.120000000000005 0.040000000000000036
      vertex 217.23999999999998 40.039999999999999 0.080000000000000016
      vertex 217.31999999999999 40.120000000000005 0.040000000000000036
    endloop
  endfacet
  facet normal 0 -0.44721359549994949 0.89442719099992019
    outer loop
      vertex 217.56 -20.039999999999999 0.080000000000000016
      vertex 217.47999999999999 -20.120000000000001 0.040000000000000036
      vertex 217.59999999999999 -20.120000000000001 0.040000000000000036
    endloop
  endfacet
  facet normal 0 -0.44721359549994949 0.89442719099992007
    outer loop
      vertex 217.56 -20.039999999999999 0.080000000000000016
      vertex 217.59999999999999 -20.120000000000001 0.040000000000000036
      vertex 217.59999999999999 -20.039999999999999 0.080000000000000016
    endloop
  endfacet
  facet normal 0 -0.44721359549994949 0.89442719099992007
    outer loop
      vertex 217.40000000000001 -20.039999999999999 0.080000000000000016
      vertex 217.40000000000001 -20.120000000000001 0.040000000000000036
      vertex 217.47999999999999 -20.120000000000001 0.040000000000000036
    endloop
  endfacet
  facet normal 0 -0.44721359549994949 0.89442719099992007
    outer loop
      vertex 217.40000000000001 -20.039999999999999 0.080000000000000016
      vertex 217.47999999999999 -20.120000000000001 0.040000000000000036
      vertex 217.56 -20.039999999999999 0.080000000000000016
    endloop
  endfacet
  facet normal 0 0.44721359549995748 0.89442719099991608
    outer loop
      vertex 217.52000000000001 -10.08 0.040000000000000036
      vertex 217.44 -10.16 0.080000000000000016
      vertex 217.59999999999999 -10.16 0.080000000000000016
    endloop
  endfacet
  facet normal -0 0.44721359549995748 0.89442719099991619
    outer loop
      vertex 217.52000000000001 -10.08 0.040000000000000036
      vertex 217.59999999999999 -10.16 0.080000000000000016
      vertex 217.59999999999999 -10.08 0.040000000000000036
    endloop
  endfacet
  facet normal 0 0.44721359549995748 0.89442719099991619
    outer loop
      vertex 217.40000000000001 -10.08 0.040000000000000036
      vertex 217.40000000000001 -10.16 0.080000000000000016
      vertex 217.44 -10.16 0.080000000000000016
    endloop
  endfacet
  facet normal -0 0.44721359549995743 0.89442719099991619
    outer loop
      vertex 217.40000000000001 -10.08 0.040000000000000036
      vertex 217.44 -10.16 0.080000000000000016
      vertex 217.52000000000001 -10.08 0.040000000000000036
    endloop
  endfacet
  facet normal 0 -0.44721359549994949 0.89442719099992019
    outer loop
      vertex 217.76000000000002 -20.039999999999999 0.080000000000000016
      vertex 217.68000000000001 -20.120000000000001 0.040000000000000036
      vertex 217.80000000000001 -20.120000000000001 0.040000000000000036
    endloop
  endfacet
  facet normal 0 -0.44721359549994949 0.89442719099992007
    outer loop
      vertex 217.76000000000002 -20.039999999999999 0.080000000000000016
      vertex 217.80000000000001 -20.120000000000001 0.040000000000000036
      vertex 217.80000000000001 -20.039999999999999 0.080000000000000016
    endloop
  endfacet
  facet normal 0 -0.44721359549994955 0.89442719099992019
    outer loop
      vertex 217.59999999999999 -20.039999999999999 0.080000000000000016
      vertex 217.59999999999999 -20.120000000000001 0.040000000000000036
      vertex 217.68000000000001 -20.120000000000001 0.040000000000000036
    endloop
  endfacet
  facet normal 0 -0.44721359549994955 0.89442719099992019
    outer loop
      vertex 217.59999999999999 -20.039999999999999 0.080000000000000016
      vertex 217.68000000000001 -20.120000000000001 0.040000000000000036
      vertex 217.76000000000002 -20.039999999999999 0.080000000000000016
    endloop
  endfacet
  facet normal 0 0.44721359549995743 0.89442719099991619
    outer loop
      vertex 217.72 -10.08 0.040000000000000036
      vertex 217.63999999999999 -10.16 0.080000000000000016
      vertex 217.80000000000001 -10.16 0.080000000000000016
    endloop
  endfacet
  facet normal -0 0.44721359549995743 0.89442719099991619
    outer loop
      vertex 217.72 -10.08 0.040000000000000036
      vertex 217.80000000000001 -10.16 0.080000000000000016
      vertex 217.80000000000001 -10.08 0.040000000000000036
    endloop
  endfacet
  facet normal 0 0.44721359549995748 0.89442719099991619
    outer loop
      vertex 217.59999999999999 -10.08 0.040000000000000036
      vertex 217.59999999999999 -10.16 0.080000000000000016
      vertex 217.63999999999999 -10.16 0.080000000000000016
    endloop
  endfacet
  facet normal -0 0.44721359549995743 0.89442719099991619
    outer loop
      vertex 217.59999999999999 -10.08 0.040000000000000036
      vertex 217.63999999999999 -10.16 0.080000000000000016
      vertex 217.72 -10.08 0.040000000000000036
    endloop
  endfacet
  facet normal 0 -0.44721359549994949 0.89442719099992019
    outer loop
      vertex 217.96000000000001 -20.039999999999999 0.080000000000000016
      vertex 217.88 -20.120000000000001 0.040000000000000036
      vertex 218 -20.120000000000001 0.040000000000000036
    endloop
  endfacet
  facet normal 0 -0.44721359549994949 0.89442719099992007
    outer loop
      vertex 217.96000000000001 -20.039999999999999 0.080000000000000016
      vertex 218 -20.120000000000001 0.040000000000000036
      vertex 218 -20.039999999999999 0.080000000000000016
    endloop
  endfacet
  facet normal 0 -0.44721359549994949 0.89442719099992007
    outer loop
      vertex 217.80000000000001 -20.039999999999999 0.080000000000000016
      vertex 217.80000000000001 -20.120000000000001 0.040000000000000036
      vertex 217.88 -20.120000000000001 0.040000000000000036
    endloop
  endfacet
  facet normal 0 -0.44721359549994949 0.89442719099992007
    outer loop
      vertex 217.80000000000001 -20.039999999999999 0.080000000000000016
      vertex 217.88 -20.120000000000001 0.040000000000000036
      vertex 217.96000000000001 -20.039999999999999 0.080000000000000016
    endloop
  endfacet
  facet normal 0 0.44721359549995748 0.89442719099991608
    outer loop
      vertex 217.92000000000002 -10.08 0.040000000000000036
      vertex 217.84 -10.16 0.080000000000000016
      vertex 218 -10.16 0.080000000000000016
    endloop
  endfacet
  facet normal -0 0.44721359549995748 0.89442719099991619
    outer loop
      vertex 217.92000000000002 -10.08 0.040000000000000036
      vertex 218 -10.16 0.080000000000000016
      vertex 218 -10.08 0.040000000000000036
    endloop
  endfacet
  facet normal 0 0.44721359549995748 0.89442719099991619
    outer loop
      vertex 217.80000000000001 -10.08 0.040000000000000036
      vertex 217.80000000000001 -10.16 0.080000000000000016
      vertex 217.84 -10.16 0.080000000000000016
    endloop
  endfacet
  facet normal -0 0.44721359549995743 0.89442719099991619
    outer loop
      vertex 217.80000000000001 -10.08 0.040000000000000036
      vertex 217.84 -10.16 0.080000000000000016
      vertex 217.92000000000002 -10.08 0.040000000000000036
    endloop
  endfacet
  facet normal 0.40824829046384647 -0.40824829046385858 0.81649658092773647
    outer loop
      vertex 218 -20.039999999999999 0.080000000000000016
      vertex 218 -20.120000000000001 0.040000000000000036
      vertex 218.12 -20 0.040000000000000036
    endloop
  endfacet
  facet normal 0.40824829046383249 -0.40824829046375993 0.81649658092779287
    outer loop
      vertex 218 -20.039999999999999 0.080000000000000016
      vertex 218.12 -20 0.040000000000000036
      vertex 218.03999999999999 -20 0.080000000000000016
    endloop
  endfacet
  facet normal 0.44721359549990181 0 0.89442719099994394
    outer loop
      vertex 218.12 -14.120000000000003 0.040000000000000036
      vertex 218.03999999999999 -18.039999999999999 0.080000000000000016
      vertex 218.03999999999999 -20 0.080000000000000016
    endloop
  endfacet
  facet normal 0.44721359549990186 0 0.89442719099994394
    outer loop
      vertex 218.12 -14.120000000000003 0.040000000000000036
      vertex 218.03999999999999 -20 0.080000000000000016
      vertex 218.12 -20 0.040000000000000036
    endloop
  endfacet
  facet normal 0.44721359549990186 0 0.89442719099994394
    outer loop
      vertex 218.03999999999999 -18.039999999999999 0.080000000000000016
      vertex 218.12 -14.120000000000003 0.040000000000000036
      vertex 218.12 -10.199999999999999 0.040000000000000036
    endloop
  endfacet
  facet normal 0.44721359549990186 -0 0.89442719099994406
    outer loop
      vertex 218.03999999999999 -18.039999999999999 0.080000000000000016
      vertex 218.12 -10.199999999999999 0.040000000000000036
      vertex 218.03999999999999 -10.199999999999999 0.080000000000000016
    endloop
  endfacet
  facet normal 0.44721359549990181 0 0.89442719099994394
    outer loop
      vertex 218.12 -10.08 0.040000000000000036
      vertex 218.03999999999999 -10.16 0.080000000000000016
      vertex 218.03999999999999 -10.199999999999999 0.080000000000000016
    endloop
  endfacet
  facet normal 0.44721359549990181 0 0.89442719099994383
    outer loop
      vertex 218.12 -10.08 0.040000000000000036
      vertex 218.03999999999999 -10.199999999999999 0.080000000000000016
      vertex 218.12 -10.199999999999999 0.040000000000000036
    endloop
  endfacet
  facet normal 0 0.44721359549995748 0.89442719099991619
    outer loop
      vertex 218 -10.08 0.040000000000000036
      vertex 218 -10.16 0.080000000000000016
      vertex 218.03999999999999 -10.16 0.080000000000000016
    endloop
  endfacet
  facet normal -0 0.44721359549995743 0.89442719099991619
    outer loop
      vertex 218 -10.08 0.040000000000000036
      vertex 218.03999999999999 -10.16 0.080000000000000016
      vertex 218.12 -10.08 0.040000000000000036
    endloop
  endfacet
endsolid terrain_band_7
