solid terrain_z_xy
  facet normal 0 0 1
    outer loop
      vertex -20 -100 0
      vertex 0 -100 0
      vertex 0 -80 0
    endloop
  endfacet
  facet normal 0 0 1
    outer loop
      vertex -20 -100 0
      vertex 0 -80 0
      vertex -20 -80 0
    endloop
  endfacet
  facet normal 0 0 1
    outer loop
      vertex -20 -80 0
      vertex 0 -80 0
      vertex 0 -60 0
    endloop
  endfacet
  facet normal 0 0 1
    outer loop
      vertex -20 -80 0
      vertex 0 -60 0
      vertex -20 -60 0
    endloop
  endfacet
  facet normal 0 0 1
    outer loop
      vertex -20 -60 0
      vertex 0 -60 0
      vertex 0 -40 0
    endloop
  endfacet
  facet normal 0 0 1
    outer loop
      vertex -20 -60 0
      vertex 0 -40 0
      vertex -20 -40 0
    endloop
  endfacet
  facet normal 0 0 1
    outer loop
      vertex -20 -40 0
      vertex 0 -40 0
      vertex 0 -20 0
    endloop
  endfacet
  facet normal 0 0 1
    outer loop
      vertex -20 -40 0
      vertex 0 -20 0
      vertex -20 -20 0
    endloop
  endfacet
  facet normal 0 0 1
    outer loop
      vertex -20 -20 0
      vertex 0 -20 0
      vertex 0 -10 0
    endloop
  endfacet
  facet normal 0 0 1
    outer loop
      vertex -20 -20 0
      vertex 0 -10 0
      vertex -20 -10 0
    endloop
  endfacet
  facet normal 0 0 1
    outer loop
      vertex -20 -10 0
      vertex 0 -10 0
      vertex 0 0 0
    endloop
  endfacet
  facet normal 0 0 1
    outer loop
      vertex -20 -10 0
      vertex 0 0 0
      vertex -20 0 0
    endloop
  endfacet
  facet normal 0 0 1
    outer loop
      vertex -20 0 0
      vertex 0 0 0
      vertex 0 0.001 0
    endloop
  endfacet
  facet normal 0 0 1
    outer loop
      vertex -20 0 0
      vertex 0 0.001 0
      vertex -20 0.001 0
    endloop
  endfacet
  facet normal 0 0 1
    outer loop
      vertex -20 0.001 0
      vertex 0 0.001 0
      vertex 0 10 0
    endloop
  endfacet
  facet normal 0 0 1
    outer loop
      vertex -20 0.001 0
      vertex 0 10 0
      vertex -20 10 0
    endloop
  endfacet
  facet normal 0 0 1
    outer loop
      vertex -20 10 0
      vertex 0 10 0
      vertex 0 20 0
    endloop
  endfacet
  facet normal 0 0 1
    outer loop
      vertex -20 10 0
      vertex 0 20 0
      vertex -20 20 0
    endloop
  endfacet
  facet normal 0 0 1
    outer loop
      vertex -20 20 0
      vertex 0 20 0
      vertex 0 40 0
    endloop
  endfacet
  facet normal 0 0 1
    outer loop
      vertex -20 20 0
      vertex 0 40 0
      vertex -20 40 0
    endloop
  endfacet
  facet normal 0 0 1
    outer loop
      vertex -20 40 0
      vertex 0 40 0
      vertex 0 60 0
    endloop
  endfacet
  facet normal 0 0 1
    outer loop
      vertex -20 40 0
      vertex 0 60 0
      vertex -20 60 0
    endloop
  endfacet
  facet normal 0 0 1
    outer loop
      vertex -20 60 0
      vertex 0 60 0
      vertex 0 80 0
    endloop
  endfacet
  facet normal 0 0 1
    outer loop
      vertex -20 60 0
      vertex 0 80 0
      vertex -20 80 0
    endloop
  endfacet
  facet normal 0 0 1
    outer loop
      vertex -20 80 0
      vertex 0 80 0
      vertex 0 100 0
    endloop
  endfacet
  facet normal 0 0 1
    outer loop
      vertex -20 80 0
      vertex 0 100 0
      vertex -20 100 0
    endloop
  endfacet
  facet normal 0 0 1
    outer loop
      vertex 0 -100 0
      vertex 150 -100 0
      vertex 150 -80 0
    endloop
  endfacet
  facet normal 0 0 1
    outer loop
      vertex 0 -100 0
      vertex 150 -80 0
      vertex 0 -80 0
    endloop
  endfacet
  facet normal 0 0 1
    outer loop
      vertex 0 -80 0
      vertex 150 -80 0
      vertex 150 -60 0
    endloop
  endfacet
  facet normal 0 0 1
    outer loop
      vertex 0 -80 0
      vertex 150 -60 0
      vertex 0 -60 0
    endloop
  endfacet
  facet normal 0 0 1
    outer loop
      vertex 0 -60 0
      vertex 150 -60 0
      vertex 150 -40 0
    endloop
  endfacet
  facet normal 0 0 1
    outer loop
      vertex 0 -60 0
      vertex 150 -40 0
      vertex 0 -40 0
    endloop
  endfacet
  facet normal 0 0 1
    outer loop
      vertex 0 -40 0
      vertex 150 -40 0
      vertex 150 -20 0
    endloop
  endfacet
  facet normal 0 0 1
    outer loop
      vertex 0 -40 0
      vertex 150 -20 0
      vertex 0 -20 0
    endloop
  endfacet
  facet normal 0 0 1
    outer loop
      vertex 0 -20 0
      vertex 150 -20 0
      vertex 150 -10 0
    endloop
  endfacet
  facet normal 0 0 1
    outer loop
      vertex 0 -20 0
      vertex 150 -10 0
      vertex 0 -10 0
    endloop
  endfacet
  facet normal 0 0 1
    outer loop
      vertex 0 -10 0
      vertex 150 -10 0
      vertex 150 0 0
    endloop
  endfacet
  facet normal 0 0 1
    outer loop
      vertex 0 -10 0
      vertex 150 0 0
      vertex 0 0 0
    endloop
  endfacet
  facet normal 0 0 1
    outer loop
      vertex 0 0 0
      vertex 150 0 0
      vertex 150 0.001 0
    endloop
  endfacet
  facet normal 0 0 1
    outer loop
      vertex 0 0 0
      vertex 150 0.001 0
      vertex 0 0.001 0
    endloop
  endfacet
  facet normal 0 0 1
    outer loop
      vertex 0 0.001 0
      vertex 150 0.001 0
      vertex 150 10 0
    endloop
  endfacet
  facet normal 0 0 1
    outer loop
      vertex 0 0.001 0
      vertex 150 10 0
      vertex 0 10 0
    endloop
  endfacet
  facet normal 0 0 1
    outer loop
      vertex 0 10 0
      vertex 150 10 0
      vertex 150 20 0
    endloop
  endfacet
  facet normal 0 0 1
    outer loop
      vertex 0 10 0
      vertex 150 20 0
      vertex 0 20 0
    endloop
  endfacet
  facet normal 0 0 1
    outer loop
      vertex 0 20 0
      vertex 150 20 0
      vertex 150 40 0
    endloop
  endfacet
  facet normal 0 0 1
    outer loop
      vertex 0 20 0
      vertex 150 40 0
      vertex 0 40 0
    endloop
  endfacet
  facet normal 0 0 1
    outer loop
      vertex 0 40 0
      vertex 150 40 0
      vertex 150 60 0
    endloop
  endfacet
  facet normal 0 0 1
    outer loop
      vertex 0 40 0
      vertex 150 60 0
      vertex 0 60 0
    endloop
  endfacet
  facet normal 0 0 1
    outer loop
      vertex 0 60 0
      vertex 150 60 0
      vertex 150 80 0
    endloop
  endfacet
  facet normal 0 0 1
    outer loop
      vertex 0 60 0
      vertex 150 80 0
      vertex 0 80 0
    endloop
  endfacet
  facet normal 0 0 1
    outer loop
      vertex 0 80 0
      vertex 150 80 0
      vertex 150 100 0
    endloop
  endfacet
  facet normal 0 0 1
    outer loop
      vertex 0 80 0
      vertex 150 100 0
      vertex 0 100 0
    endloop
  endfacet
  facet normal 0 0 1
    outer loop
      vertex 150 -100 0
      vertex 150.19999999999999 -100 0
      vertex 150.19999999999999 -80 0
    endloop
  endfacet
  facet normal 0 0 1
    outer loop
      vertex 150 -100 0
      vertex 150.19999999999999 -80 0
      vertex 150 -80 0
    endloop
  endfacet
  facet normal 0 0 1
    outer loop
      vertex 150 -80 0
      vertex 150.19999999999999 -80 0
      vertex 150.19999999999999 -60 0
    endloop
  endfacet
  facet normal 0 0 1
    outer loop
      vertex 150 -80 0
      vertex 150.19999999999999 -60 0
      vertex 150 -60 0
    endloop
  endfacet
  facet normal 0 0 1
    outer loop
      vertex 150 -60 0
      vertex 150.19999999999999 -60 0
      vertex 150.19999999999999 -40 0
    endloop
  endfacet
  facet normal 0 0 1
    outer loop
      vertex 150 -60 0
      vertex 150.19999999999999 -40 0
      vertex 150 -40 0
    endloop
  endfacet
  facet normal 0 0 1
    outer loop
      vertex 150 -40 0
      vertex 150.19999999999999 -40 0
      vertex 150.19999999999999 -20 0
    endloop
  endfacet
  facet normal 0 0 1
    outer loop
      vertex 150 -40 0
      vertex 150.19999999999999 -20 0
      vertex 150 -20 0
    endloop
  endfacet
  facet normal 0 0 1
    outer loop
      vertex 150 -20 0
      vertex 150.19999999999999 -20 0
      vertex 150.19999999999999 -10 0
    endloop
  endfacet
  facet normal 0 0 1
    outer loop
      vertex 150 -20 0
      vertex 150.19999999999999 -10 0
      vertex 150 -10 0
    endloop
  endfacet
  facet normal 0 0 1
    outer loop
      vertex 150 -10 0
      vertex 150.19999999999999 -10 0
      vertex 150.19999999999999 0 0
    endloop
  endfacet
  facet normal 0 0 1
    outer loop
      vertex 150 -10 0
      vertex 150.19999999999999 0 0
      vertex 150 0 0
    endloop
  endfacet
  facet normal 0 -0.99995000374968745 0.0099995000374968734
    outer loop
      vertex 150 0 0
      vertex 150.19999999999999 0 0
      vertex 150.19999999999999 0.001 0.10000000000000001
    endloop
  endfacet
  facet normal -0.44721359549997836 0 0.89442719099990575
    outer loop
      vertex 150 0 0
      vertex 150.19999999999999 0.001 0.10000000000000001
      vertex 150 0.001 0
    endloop
  endfacet
  facet normal -0.4472135954999783 0 0.89442719099990564
    outer loop
      vertex 150 0.001 0
      vertex 150.19999999999999 0.001 0.10000000000000001
      vertex 150.19999999999999 10 0.10000000000000001
    endloop
  endfacet
  facet normal -0.4472135954999783 0 0.89442719099990564
    outer loop
      vertex 150 0.001 0
      vertex 150.19999999999999 10 0.10000000000000001
      vertex 150 10 0
    endloop
  endfacet
  facet normal -0.44721359549997824 0 0.89442719099990564
    outer loop
      vertex 150 10 0
      vertex 150.19999999999999 10 0.10000000000000001
      vertex 150.19999999999999 20 0.10000000000000001
    endloop
  endfacet
  facet normal -0.44721359549997824 0 0.89442719099990564
    outer loop
      vertex 150 10 0
      vertex 150.19999999999999 20 0.10000000000000001
      vertex 150 20 0
    endloop
  endfacet
  facet normal -0.44721359549997824 0 0.89442719099990564
    outer loop
      vertex 150 20 0
      vertex 150.19999999999999 20 0.10000000000000001
      vertex 150.19999999999999 40 0.10000000000000001
    endloop
  endfacet
  facet normal -0.44721359549997824 0 0.89442719099990564
    outer loop
      vertex 150 20 0
      vertex 150.19999999999999 40 0.10000000000000001
      vertex 150 40 0
    endloop
  endfacet
  facet normal -0.44721359549997824 0 0.89442719099990564
    outer loop
      vertex 150 40 0
      vertex 150.19999999999999 40 0.10000000000000001
      vertex 150.19999999999999 60 0.10000000000000001
    endloop
  endfacet
  facet normal -0.44721359549997824 0 0.89442719099990564
    outer loop
      vertex 150 40 0
      vertex 150.19999999999999 60 0.10000000000000001
      vertex 150 60 0
    endloop
  endfacet
  facet normal -0.44721359549997824 0 0.89442719099990564
    outer loop
      vertex 150 60 0
      vertex 150.19999999999999 60 0.10000000000000001
      vertex 150.19999999999999 80 0.10000000000000001
    endloop
  endfacet
  facet normal -0.44721359549997824 0 0.89442719099990564
    outer loop
      vertex 150 60 0
      vertex 150.19999999999999 80 0.10000000000000001
      vertex 150 80 0
    endloop
  endfacet
  facet normal -0.44721359549997824 0 0.89442719099990564
    outer loop
      vertex 150 80 0
      vertex 150.19999999999999 80 0.10000000000000001
      vertex 150.19999999999999 100 0.10000000000000001
    endloop
  endfacet
  facet normal -0.44721359549997824 0 0.89442719099990564
    outer loop
      vertex 150 80 0
      vertex 150.19999999999999 100 0.10000000000000001
      vertex 150 100 0
    endloop
  endfacet
  facet normal 0 0 1
    outer loop
      vertex 150.19999999999999 -100 0
      vertex 150.40000000000001 -100 0
      vertex 150.40000000000001 -80 0
    endloop
  endfacet
  facet normal 0 0 1
    outer loop
      vertex 150.19999999999999 -100 0
      vertex 150.40000000000001 -80 0
      vertex 150.19999999999999 -80 0
    endloop
  endfacet
  facet normal 0 0 1
    outer loop
      vertex 150.19999999999999 -80 0
      vertex 150.40000000000001 -80 0
      vertex 150.40000000000001 -60 0
    endloop
  endfacet
  facet normal 0 0 1
    outer loop
      vertex 150.19999999999999 -80 0
      vertex 150.40000000000001 -60 0
      vertex 150.19999999999999 -60 0
    endloop
  endfacet
  facet normal 0 0 1
    outer loop
      vertex 150.19999999999999 -60 0
      vertex 150.40000000000001 -60 0
      vertex 150.40000000000001 -40 0
    endloop
  endfacet
  facet normal 0 0 1
    outer loop
      vertex 150.19999999999999 -60 0
      vertex 150.40000000000001 -40 0
      vertex 150.19999999999999 -40 0
    endloop
  endfacet
  facet normal 0 0 1
    outer loop
      vertex 150.19999999999999 -40 0
      vertex 150.40000000000001 -40 0
      vertex 150.40000000000001 -20 0
    endloop
  endfacet
  facet normal 0 0 1
    outer loop
      vertex 150.19999999999999 -40 0
      vertex 150.40000000000001 -20 0
      vertex 150.19999999999999 -20 0
    endloop
  endfacet
  facet normal 0 0 1
    outer loop
      vertex 150.19999999999999 -20 0
      vertex 150.40000000000001 -20 0
      vertex 150.40000000000001 -10 0
    endloop
  endfacet
  facet normal 0 0 1
    outer loop
      vertex 150.19999999999999 -20 0
      vertex 150.40000000000001 -10 0
      vertex 150.19999999999999 -10 0
    endloop
  endfacet
  facet normal 0 0 1
    outer loop
      vertex 150.19999999999999 -10 0
      vertex 150.40000000000001 -10 0
      vertex 150.40000000000001 0 0
    endloop
  endfacet
  facet normal 0 0 1
    outer loop
      vertex 150.19999999999999 -10 0
      vertex 150.40000000000001 0 0
      vertex 150.19999999999999 0 0
    endloop
  endfacet
  facet normal 0 -0.99995000374968745 0.0099995000374968734
    outer loop
      vertex 150.19999999999999 0 0
      vertex 150.40000000000001 0 0
      vertex 150.40000000000001 0.001 0.10000000000000001
    endloop
  endfacet
  facet normal 0 -0.99995000374968745 0.0099995000374968734
    outer loop
      vertex 150.19999999999999 0 0
      vertex 150.40000000000001 0.001 0.10000000000000001
      vertex 150.19999999999999 0.001 0.10000000000000001
    endloop
  endfacet
  facet normal 0 0 1
    outer loop
      vertex 150.19999999999999 0.001 0.10000000000000001
      vertex 150.40000000000001 0.001 0.10000000000000001
      vertex 150.40000000000001 10 0.10000000000000001
    endloop
  endfacet
  facet normal 0 0 1
    outer loop
      vertex 150.19999999999999 0.001 0.10000000000000001
      vertex 150.40000000000001 10 0.10000000000000001
      vertex 150.19999999999999 10 0.10000000000000001
    endloop
  endfacet
  facet normal 0 0 1
    outer loop
      vertex 150.19999999999999 10 0.10000000000000001
      vertex 150.40000000000001 10 0.10000000000000001
      vertex 150.40000000000001 20 0.10000000000000001
    endloop
  endfacet
  facet normal 0 0 1
    outer loop
      vertex 150.19999999999999 10 0.10000000000000001
      vertex 150.40000000000001 20 0.10000000000000001
      vertex 150.19999999999999 20 0.10000000000000001
    endloop
  endfacet
  facet normal 0 0 1
    outer loop
      vertex 150.19999999999999 20 0.10000000000000001
      vertex 150.40000000000001 20 0.10000000000000001
      vertex 150.40000000000001 40 0.10000000000000001
    endloop
  endfacet
  facet normal 0 0 1
    outer loop
      vertex 150.19999999999999 20 0.10000000000000001
      vertex 150.40000000000001 40 0.10000000000000001
      vertex 150.19999999999999 40 0.10000000000000001
    endloop
  endfacet
  facet normal 0 0 1
    outer loop
      vertex 150.19999999999999 40 0.10000000000000001
      vertex 150.40000000000001 40 0.10000000000000001
      vertex 150.40000000000001 60 0.10000000000000001
    endloop
  endfacet
  facet normal 0 0 1
    outer loop
      vertex 150.19999999999999 40 0.10000000000000001
      vertex 150.40000000000001 60 0.10000000000000001
      vertex 150.19999999999999 60 0.10000000000000001
    endloop
  endfacet
  facet normal 0 0 1
    outer loop
      vertex 150.19999999999999 60 0.10000000000000001
      vertex 150.40000000000001 60 0.10000000000000001
      vertex 150.40000000000001 80 0.10000000000000001
    endloop
  endfacet
  facet normal 0 0 1
    outer loop
      vertex 150.19999999999999 60 0.10000000000000001
      vertex 150.40000000000001 80 0.10000000000000001
      vertex 150.19999999999999 80 0.10000000000000001
    endloop
  endfacet
  facet normal 0 0 1
    outer loop
      vertex 150.19999999999999 80 0.10000000000000001
      vertex 150.40000000000001 80 0.10000000000000001
      vertex 150.40000000000001 100 0.10000000000000001
    endloop
  endfacet
  facet normal 0 0 1
    outer loop
      vertex 150.19999999999999 80 0.10000000000000001
      vertex 150.40000000000001 100 0.10000000000000001
      vertex 150.19999999999999 100 0.10000000000000001
    endloop
  endfacet
  facet normal 0 0 1
    outer loop
      vertex 150.40000000000001 -100 0
      vertex 155.40000000000001 -100 0
      vertex 155.40000000000001 -80 0
    endloop
  endfacet
  facet normal 0 0 1
    outer loop
      vertex 150.40000000000001 -100 0
      vertex 155.40000000000001 -80 0
      vertex 150.40000000000001 -80 0
    endloop
  endfacet
  facet normal 0 0 1
    outer loop
      vertex 150.40000000000001 -80 0
      vertex 155.40000000000001 -80 0
      vertex 155.40000000000001 -60 0
    endloop
  endfacet
  facet normal 0 0 1
    outer loop
      vertex 150.40000000000001 -80 0
      vertex 155.40000000000001 -60 0
      vertex 150.40000000000001 -60 0
    endloop
  endfacet
  facet normal 0 0 1
    outer loop
      vertex 150.40000000000001 -60 0
      vertex 155.40000000000001 -60 0
      vertex 155.40000000000001 -40 0
    endloop
  endfacet
  facet normal 0 0 1
    outer loop
      vertex 150.40000000000001 -60 0
      vertex 155.40000000000001 -40 0
      vertex 150.40000000000001 -40 0
    endloop
  endfacet
  facet normal 0 0 1
    outer loop
      vertex 150.40000000000001 -40 0
      vertex 155.40000000000001 -40 0
      vertex 155.40000000000001 -20 0
    endloop
  endfacet
  facet normal 0 0 1
    outer loop
      vertex 150.40000000000001 -40 0
      vertex 155.40000000000001 -20 0
      vertex 150.40000000000001 -20 0
    endloop
  endfacet
  facet normal 0 0 1
    outer loop
      vertex 150.40000000000001 -20 0
      vertex 155.40000000000001 -20 0
      vertex 155.40000000000001 -10 0
    endloop
  endfacet
  facet normal 0 0 1
    outer loop
      vertex 150.40000000000001 -20 0
      vertex 155.40000000000001 -10 0
      vertex 150.40000000000001 -10 0
    endloop
  endfacet
  facet normal 0 0 1
    outer loop
      vertex 150.40000000000001 -10 0
      vertex 155.40000000000001 -10 0
      vertex 155.40000000000001 0 0
    endloop
  endfacet
  facet normal 0 0 1
    outer loop
      vertex 150.40000000000001 -10 0
      vertex 155.40000000000001 0 0
      vertex 150.40000000000001 0 0
    endloop
  endfacet
  facet normal 0 -0.99995000374968768 0.0099995000374968768
    outer loop
      vertex 150.40000000000001 0 0
      vertex 155.40000000000001 0 0
      vertex 155.40000000000001 0.001 0.10000000000000001
    endloop
  endfacet
  facet normal 0 -0.99995000374968768 0.0099995000374968768
    outer loop
      vertex 150.40000000000001 0 0
      vertex 155.40000000000001 0.001 0.10000000000000001
      vertex 150.40000000000001 0.001 0.10000000000000001
    endloop
  endfacet
  facet normal 0 0 1
    outer loop
      vertex 150.40000000000001 0.001 0.10000000000000001
      vertex 155.40000000000001 0.001 0.10000000000000001
      vertex 155.40000000000001 10 0.10000000000000001
    endloop
  endfacet
  facet normal 0 0 1
    outer loop
      vertex 150.40000000000001 0.001 0.10000000000000001
      vertex 155.40000000000001 10 0.10000000000000001
      vertex 150.40000000000001 10 0.10000000000000001
    endloop
  endfacet
  facet normal 0 0 1
    outer loop
      vertex 150.40000000000001 10 0.10000000000000001
      vertex 155.40000000000001 10 0.10000000000000001
      vertex 155.40000000000001 20 0.10000000000000001
    endloop
  endfacet
  facet normal 0 0 1
    outer loop
      vertex 150.40000000000001 10 0.10000000000000001
      vertex 155.40000000000001 20 0.10000000000000001
      vertex 150.40000000000001 20 0.10000000000000001
    endloop
  endfacet
  facet normal 0 0 1
    outer loop
      vertex 150.40000000000001 20 0.10000000000000001
      vertex 155.40000000000001 20 0.10000000000000001
      vertex 155.40000000000001 40 0.10000000000000001
    endloop
  endfacet
  facet normal 0 0 1
    outer loop
      vertex 150.40000000000001 20 0.10000000000000001
      vertex 155.40000000000001 40 0.10000000000000001
      vertex 150.40000000000001 40 0.10000000000000001
    endloop
  endfacet
  facet normal 0 0 1
    outer loop
      vertex 150.40000000000001 40 0.10000000000000001
      vertex 155.40000000000001 40 0.10000000000000001
      vertex 155.40000000000001 60 0.10000000000000001
    endloop
  endfacet
  facet normal 0 0 1
    outer loop
      vertex 150.40000000000001 40 0.10000000000000001
      vertex 155.40000000000001 60 0.10000000000000001
      vertex 150.40000000000001 60 0.10000000000000001
    endloop
  endfacet
  facet normal 0 0 1
    outer loop
      vertex 150.40000000000001 60 0.10000000000000001
      vertex 155.40000000000001 60 0.10000000000000001
      vertex 155.40000000000001 80 0.10000000000000001
    endloop
  endfacet
  facet normal 0 0 1
    outer loop
      vertex 150.40000000000001 60 0.10000000000000001
      vertex 155.40000000000001 80 0.10000000000000001
      vertex 150.40000000000001 80 0.10000000000000001
    endloop
  endfacet
  facet normal 0 0 1
    outer loop
      vertex 150.40000000000001 80 0.10000000000000001
      vertex 155.40000000000001 80 0.10000000000000001
      vertex 155.40000000000001 100 0.10000000000000001
    endloop
  endfacet
  facet normal 0 0 1
    outer loop
      vertex 150.40000000000001 80 0.10000000000000001
      vertex 155.40000000000001 100 0.10000000000000001
      vertex 150.40000000000001 100 0.10000000000000001
    endloop
  endfacet
  facet normal 0 0 1
    outer loop
      vertex 155.40000000000001 -100 0
      vertex 155.59999999999999 -100 0
      vertex 155.59999999999999 -80 0
    endloop
  endfacet
  facet normal 0 0 1
    outer loop
      vertex 155.40000000000001 -100 0
      vertex 155.59999999999999 -80 0
      vertex 155.40000000000001 -80 0
    endloop
  endfacet
  facet normal 0 0 1
    outer loop
      vertex 155.40000000000001 -80 0
      vertex 155.59999999999999 -80 0
      vertex 155.59999999999999 -60 0
    endloop
  endfacet
  facet normal 0 0 1
    outer loop
      vertex 155.40000000000001 -80 0
      vertex 155.59999999999999 -60 0
      vertex 155.40000000000001 -60 0
    endloop
  endfacet
  facet normal 0 0 1
    outer loop
      vertex 155.40000000000001 -60 0
      vertex 155.59999999999999 -60 0
      vertex 155.59999999999999 -40 0
    endloop
  endfacet
  facet normal 0 0 1
    outer loop
      vertex 155.40000000000001 -60 0
      vertex 155.59999999999999 -40 0
      vertex 155.40000000000001 -40 0
    endloop
  endfacet
  facet normal 0 0 1
    outer loop
      vertex 155.40000000000001 -40 0
      vertex 155.59999999999999 -40 0
      vertex 155.59999999999999 -20 0
    endloop
  endfacet
  facet normal 0 0 1
    outer loop
      vertex 155.40000000000001 -40 0
      vertex 155.59999999999999 -20 0
      vertex 155.40000000000001 -20 0
    endloop
  endfacet
  facet normal 0 0 1
    outer loop
      vertex 155.40000000000001 -20 0
      vertex 155.59999999999999 -20 0
      vertex 155.59999999999999 -10 0
    endloop
  endfacet
  facet normal 0 0 1
    outer loop
      vertex 155.40000000000001 -20 0
      vertex 155.59999999999999 -10 0
      vertex 155.40000000000001 -10 0
    endloop
  endfacet
  facet normal 0 0 1
    outer loop
      vertex 155.40000000000001 -10 0
      vertex 155.59999999999999 -10 0
      vertex 155.59999999999999 0 0
    endloop
  endfacet
  facet normal 0 0 1
    outer loop
      vertex 155.40000000000001 -10 0
      vertex 155.59999999999999 0 0
      vertex 155.40000000000001 0 0
    endloop
  endfacet
  facet normal 0 -0.99995000374968745 0.0099995000374968734
    outer loop
      vertex 155.40000000000001 0 0
      vertex 155.59999999999999 0 0
      vertex 155.59999999999999 0.001 0.10000000000000001
    endloop
  endfacet
  facet normal 0 -0.99995000374968745 0.0099995000374968734
    outer loop
      vertex 155.40000000000001 0 0
      vertex 155.59999999999999 0.001 0.10000000000000001
      vertex 155.40000000000001 0.001 0.10000000000000001
    endloop
  endfacet
  facet normal 0 0 1
    outer loop
      vertex 155.40000000000001 0.001 0.10000000000000001
      vertex 155.59999999999999 0.001 0.10000000000000001
      vertex 155.59999999999999 10 0.10000000000000001
    endloop
  endfacet
  facet normal 0 0 1
    outer loop
      vertex 155.40000000000001 0.001 0.10000000000000001
      vertex 155.59999999999999 10 0.10000000000000001
      vertex 155.40000000000001 10 0.10000000000000001
    endloop
  endfacet
  facet normal 0 0 1
    outer loop
      vertex 155.40000000000001 10 0.10000000000000001
      vertex 155.59999999999999 10 0.10000000000000001
      vertex 155.59999999999999 20 0.10000000000000001
    endloop
  endfacet
  facet normal 0 0 1
    outer loop
      vertex 155.40000000000001 10 0.10000000000000001
      vertex 155.59999999999999 20 0.10000000000000001
      vertex 155.40000000000001 20 0.10000000000000001
    endloop
  endfacet
  facet normal 0 0 1
    outer loop
      vertex 155.40000000000001 20 0.10000000000000001
      vertex 155.59999999999999 20 0.10000000000000001
      vertex 155.59999999999999 40 0.10000000000000001
    endloop
  endfacet
  facet normal 0 0 1
    outer loop
      vertex 155.40000000000001 20 0.10000000000000001
      vertex 155.59999999999999 40 0.10000000000000001
      vertex 155.40000000000001 40 0.10000000000000001
    endloop
  endfacet
  facet normal 0 0 1
    outer loop
      vertex 155.40000000000001 40 0.10000000000000001
      vertex 155.59999999999999 40 0.10000000000000001
      vertex 155.59999999999999 60 0.10000000000000001
    endloop
  endfacet
  facet normal 0 0 1
    outer loop
      vertex 155.40000000000001 40 0.10000000000000001
      vertex 155.59999999999999 60 0.10000000000000001
      vertex 155.40000000000001 60 0.10000000000000001
    endloop
  endfacet
  facet normal 0 0 1
    outer loop
      vertex 155.40000000000001 60 0.10000000000000001
      vertex 155.59999999999999 60 0.10000000000000001
      vertex 155.59999999999999 80 0.10000000000000001
    endloop
  endfacet
  facet normal 0 0 1
    outer loop
      vertex 155.40000000000001 60 0.10000000000000001
      vertex 155.59999999999999 80 0.10000000000000001
      vertex 155.40000000000001 80 0.10000000000000001
    endloop
  endfacet
  facet normal 0 0 1
    outer loop
      vertex 155.40000000000001 80 0.10000000000000001
      vertex 155.59999999999999 80 0.10000000000000001
      vertex 155.59999999999999 100 0.10000000000000001
    endloop
  endfacet
  facet normal 0 0 1
    outer loop
      vertex 155.40000000000001 80 0.10000000000000001
      vertex 155.59999999999999 100 0.10000000000000001
      vertex 155.40000000000001 100 0.10000000000000001
    endloop
  endfacet
  facet normal 0 0 1
    outer loop
      vertex 155.59999999999999 -100 0
      vertex 155.80000000000001 -100 0
      vertex 155.80000000000001 -80 0
    endloop
  endfacet
  facet normal 0 0 1
    outer loop
      vertex 155.59999999999999 -100 0
      vertex 155.80000000000001 -80 0
      vertex 155.59999999999999 -80 0
    endloop
  endfacet
  facet normal 0 0 1
    outer loop
      vertex 155.59999999999999 -80 0
      vertex 155.80000000000001 -80 0
      vertex 155.80000000000001 -60 0
    endloop
  endfacet
  facet normal 0 0 1
    outer loop
      vertex 155.59999999999999 -80 0
      vertex 155.80000000000001 -60 0
      vertex 155.59999999999999 -60 0
    endloop
  endfacet
  facet normal 0 0 1
    outer loop
      vertex 155.59999999999999 -60 0
      vertex 155.80000000000001 -60 0
      vertex 155.80000000000001 -40 0
    endloop
  endfacet
  facet normal 0 0 1
    outer loop
      vertex 155.59999999999999 -60 0
      vertex 155.80000000000001 -40 0
      vertex 155.59999999999999 -40 0
    endloop
  endfacet
  facet normal 0 0 1
    outer loop
      vertex 155.59999999999999 -40 0
      vertex 155.80000000000001 -40 0
      vertex 155.80000000000001 -20 0
    endloop
  endfacet
  facet normal 0 0 1
    outer loop
      vertex 155.59999999999999 -40 0
      vertex 155.80000000000001 -20 0
      vertex 155.59999999999999 -20 0
    endloop
  endfacet
  facet normal 0 0 1
    outer loop
      vertex 155.59999999999999 -20 0
      vertex 155.80000000000001 -20 0
      vertex 155.80000000000001 -10 0
    endloop
  endfacet
  facet normal 0 0 1
    outer loop
      vertex 155.59999999999999 -20 0
      vertex 155.80000000000001 -10 0
      vertex 155.59999999999999 -10 0
    endloop
  endfacet
  facet normal 0 0 1
    outer loop
      vertex 155.59999999999999 -10 0
      vertex 155.80000000000001 -10 0
      vertex 155.80000000000001 0 0
    endloop
  endfacet
  facet normal 0 0 1
    outer loop
      vertex 155.59999999999999 -10 0
      vertex 155.80000000000001 0 0
      vertex 155.59999999999999 0 0
    endloop
  endfacet
  facet normal 0 0 1
    outer loop
      vertex 155.59999999999999 0 0
      vertex 155.80000000000001 0 0
      vertex 155.80000000000001 0.001 0
    endloop
  endfacet
  facet normal 0.0049996875292933974 -0.99993750585876473 0.0099993750585876465
    outer loop
      vertex 155.59999999999999 0 0
      vertex 155.80000000000001 0.001 0
      vertex 155.59999999999999 0.001 0.10000000000000001
    endloop
  endfacet
  facet normal 0.44721359549992751 0 0.89442719099993118
    outer loop
      vertex 155.59999999999999 0.001 0.10000000000000001
      vertex 155.80000000000001 0.001 0
      vertex 155.80000000000001 10 0
    endloop
  endfacet
  facet normal 0.44721359549992751 -0 0.89442719099993118
    outer loop
      vertex 155.59999999999999 0.001 0.10000000000000001
      vertex 155.80000000000001 10 0
      vertex 155.59999999999999 10 0.10000000000000001
    endloop
  endfacet
  facet normal 0.44721359549992745 0 0.89442719099993118
    outer loop
      vertex 155.59999999999999 10 0.10000000000000001
      vertex 155.80000000000001 10 0
      vertex 155.80000000000001 20 0
    endloop
  endfacet
  facet normal 0.44721359549992745 -0 0.89442719099993118
    outer loop
      vertex 155.59999999999999 10 0.10000000000000001
      vertex 155.80000000000001 20 0
      vertex 155.59999999999999 20 0.10000000000000001
    endloop
  endfacet
  facet normal 0.44721359549992745 0 0.89442719099993118
    outer loop
      vertex 155.59999999999999 20 0.10000000000000001
      vertex 155.80000000000001 20 0
      vertex 155.80000000000001 40 0
    endloop
  endfacet
  facet normal 0.44721359549992745 -0 0.89442719099993118
    outer loop
      vertex 155.59999999999999 20 0.10000000000000001
      vertex 155.80000000000001 40 0
      vertex 155.59999999999999 40 0.10000000000000001
    endloop
  endfacet
  facet normal 0.44721359549992745 0 0.89442719099993118
    outer loop
      vertex 155.59999999999999 40 0.10000000000000001
      vertex 155.80000000000001 40 0
      vertex 155.80000000000001 60 0
    endloop
  endfacet
  facet normal 0.44721359549992745 -0 0.89442719099993118
    outer loop
      vertex 155.59999999999999 40 0.10000000000000001
      vertex 155.80000000000001 60 0
      vertex 155.59999999999999 60 0.10000000000000001
    endloop
  endfacet
  facet normal 0.44721359549992745 0 0.89442719099993118
    outer loop
      vertex 155.59999999999999 60 0.10000000000000001
      vertex 155.80000000000001 60 0
      vertex 155.80000000000001 80 0
    endloop
  endfacet
  facet normal 0.44721359549992745 -0 0.89442719099993118
    outer loop
      vertex 155.59999999999999 60 0.10000000000000001
      vertex 155.80000000000001 80 0
      vertex 155.59999999999999 80 0.10000000000000001
    endloop
  endfacet
  facet normal 0.44721359549992745 0 0.89442719099993118
    outer loop
      vertex 155.59999999999999 80 0.10000000000000001
      vertex 155.80000000000001 80 0
      vertex 155.80000000000001 100 0
    endloop
  endfacet
  facet normal 0.44721359549992745 -0 0.89442719099993118
    outer loop
      vertex 155.59999999999999 80 0.10000000000000001
      vertex 155.80000000000001 100 0
      vertex 155.59999999999999 100 0.10000000000000001
    endloop
  endfacet
  facet normal 0 0 1
    outer loop
      vertex 155.80000000000001 -100 0
      vertex 156 -100 0
      vertex 156 -80 0
    endloop
  endfacet
  facet normal 0 0 1
    outer loop
      vertex 155.80000000000001 -100 0
      vertex 156 -80 0
      vertex 155.80000000000001 -80 0
    endloop
  endfacet
  facet normal 0 0 1
    outer loop
      vertex 155.80000000000001 -80 0
      vertex 156 -80 0
      vertex 156 -60 0
    endloop
  endfacet
  facet normal 0 0 1
    outer loop
      vertex 155.80000000000001 -80 0
      vertex 156 -60 0
      vertex 155.80000000000001 -60 0
    endloop
  endfacet
  facet normal 0 0 1
    outer loop
      vertex 155.80000000000001 -60 0
      vertex 156 -60 0
      vertex 156 -40 0
    endloop
  endfacet
  facet normal 0 0 1
    outer loop
      vertex 155.80000000000001 -60 0
      vertex 156 -40 0
      vertex 155.80000000000001 -40 0
    endloop
  endfacet
  facet normal 0 0 1
    outer loop
      vertex 155.80000000000001 -40 0
      vertex 156 -40 0
      vertex 156 -20 0
    endloop
  endfacet
  facet normal 0 0 1
    outer loop
      vertex 155.80000000000001 -40 0
      vertex 156 -20 0
      vertex 155.80000000000001 -20 0
    endloop
  endfacet
  facet normal 0 0 1
    outer loop
      vertex 155.80000000000001 -20 0
      vertex 156 -20 0
      vertex 156 -10 0
    endloop
  endfacet
  facet normal 0 0 1
    outer loop
      vertex 155.80000000000001 -20 0
      vertex 156 -10 0
      vertex 155.80000000000001 -10 0
    endloop
  endfacet
  facet normal 0 0 1
    outer loop
      vertex 155.80000000000001 -10 0
      vertex 156 -10 0
      vertex 156 0 0
    endloop
  endfacet
  facet normal 0 0 1
    outer loop
      vertex 155.80000000000001 -10 0
      vertex 156 0 0
      vertex 155.80000000000001 0 0
    endloop
  endfacet
  facet normal 0 0 1
    outer loop
      vertex 155.80000000000001 0 0
      vertex 156 0 0
      vertex 156 0.001 0
    endloop
  endfacet
  facet normal 0 0 1
    outer loop
      vertex 155.80000000000001 0 0
      vertex 156 0.001 0
      vertex 155.80000000000001 0.001 0
    endloop
  endfacet
  facet normal 0 0 1
    outer loop
      vertex 155.80000000000001 0.001 0
      vertex 156 0.001 0
      vertex 156 10 0
    endloop
  endfacet
  facet normal 0 0 1
    outer loop
      vertex 155.80000000000001 0.001 0
      vertex 156 10 0
      vertex 155.80000000000001 10 0
    endloop
  endfacet
  facet normal 0 0 1
    outer loop
      vertex 155.80000000000001 10 0
      vertex 156 10 0
      vertex 156 20 0
    endloop
  endfacet
  facet normal 0 0 1
    outer loop
      vertex 155.80000000000001 10 0
      vertex 156 20 0
      vertex 155.80000000000001 20 0
    endloop
  endfacet
  facet normal 0 0 1
    outer loop
      vertex 155.80000000000001 20 0
      vertex 156 20 0
      vertex 156 40 0
    endloop
  endfacet
  facet normal 0 0 1
    outer loop
      vertex 155.80000000000001 20 0
      vertex 156 40 0
      vertex 155.80000000000001 40 0
    endloop
  endfacet
  facet normal 0 0 1
    outer loop
      vertex 155.80000000000001 40 0
      vertex 156 40 0
      vertex 156 60 0
    endloop
  endfacet
  facet normal 0 0 1
    outer loop
      vertex 155.80000000000001 40 0
      vertex 156 60 0
      vertex 155.80000000000001 60 0
    endloop
  endfacet
  facet normal 0 0 1
    outer loop
      vertex 155.80000000000001 60 0
      vertex 156 60 0
      vertex 156 80 0
    endloop
  endfacet
  facet normal 0 0 1
    outer loop
      vertex 155.80000000000001 60 0
      vertex 156 80 0
      vertex 155.80000000000001 80 0
    endloop
  endfacet
  facet normal 0 0 1
    outer loop
      vertex 155.80000000000001 80 0
      vertex 156 80 0
      vertex 156 100 0
    endloop
  endfacet
  facet normal 0 0 1
    outer loop
      vertex 155.80000000000001 80 0
      vertex 156 100 0
      vertex 155.80000000000001 100 0
    endloop
  endfacet
  facet normal 0 0 1
    outer loop
      vertex 156 -100 0
      vertex 156.19999999999999 -100 0
      vertex 156.19999999999999 -80 0
    endloop
  endfacet
  facet normal 0 0 1
    outer loop
      vertex 156 -100 0
      vertex 156.19999999999999 -80 0
      vertex 156 -80 0
    endloop
  endfacet
  facet normal 0 0 1
    outer loop
      vertex 156 -80 0
      vertex 156.19999999999999 -80 0
      vertex 156.19999999999999 -60 0
    endloop
  endfacet
  facet normal 0 0 1
    outer loop
      vertex 156 -80 0
      vertex 156.19999999999999 -60 0
      vertex 156 -60 0
    endloop
  endfacet
  facet normal 0 0 1
    outer loop
      vertex 156 -60 0
      vertex 156.19999999999999 -60 0
      vertex 156.19999999999999 -40 0
    endloop
  endfacet
  facet normal 0 0 1
    outer loop
      vertex 156 -60 0
      vertex 156.19999999999999 -40 0
      vertex 156 -40 0
    endloop
  endfacet
  facet normal 0 0 1
    outer loop
      vertex 156 -40 0
      vertex 156.19999999999999 -40 0
      vertex 156.19999999999999 -20 0
    endloop
  endfacet
  facet normal 0 0 1
    outer loop
      vertex 156 -40 0
      vertex 156.19999999999999 -20 0
      vertex 156 -20 0
    endloop
  endfacet
  facet normal 0 0 1
    outer loop
      vertex 156 -20 0
      vertex 156.19999999999999 -20 0
      vertex 156.19999999999999 -10 0
    endloop
  endfacet
  facet normal 0 0 1
    outer loop
      vertex 156 -20 0
      vertex 156.19999999999999 -10 0
      vertex 156 -10 0
    endloop
  endfacet
  facet normal 0 0 1
    outer loop
      vertex 156 -10 0
      vertex 156.19999999999999 -10 0
      vertex 156.19999999999999 0 0
    endloop
  endfacet
  facet normal 0 0 1
    outer loop
      vertex 156 -10 0
      vertex 156.19999999999999 0 0
      vertex 156 0 0
    endloop
  endfacet
  facet normal 0 0 1
    outer loop
      vertex 156 0 0
      vertex 156.19999999999999 0 0
      vertex 156.19999999999999 0.001 0
    endloop
  endfacet
  facet normal 0 0 1
    outer loop
      vertex 156 0 0
      vertex 156.19999999999999 0.001 0
      vertex 156 0.001 0
    endloop
  endfacet
  facet normal 0 0 1
    outer loop
      vertex 156 0.001 0
      vertex 156.19999999999999 0.001 0
      vertex 156.19999999999999 10 0
    endloop
  endfacet
  facet normal 0 0 1
    outer loop
      vertex 156 0.001 0
      vertex 156.19999999999999 10 0
      vertex 156 10 0
    endloop
  endfacet
  facet normal 0 0 1
    outer loop
      vertex 156 10 0
      vertex 156.19999999999999 10 0
      vertex 156.19999999999999 20 0
    endloop
  endfacet
  facet normal 0 0 1
    outer loop
      vertex 156 10 0
      vertex 156.19999999999999 20 0
      vertex 156 20 0
    endloop
  endfacet
  facet normal 0 0 1
    outer loop
      vertex 156 20 0
      vertex 156.19999999999999 20 0
      vertex 156.19999999999999 40 0
    endloop
  endfacet
  facet normal 0 0 1
    outer loop
      vertex 156 20 0
      vertex 156.19999999999999 40 0
      vertex 156 40 0
    endloop
  endfacet
  facet normal 0 0 1
    outer loop
      vertex 156 40 0
      vertex 156.19999999999999 40 0
      vertex 156.19999999999999 60 0
    endloop
  endfacet
  facet normal 0 0 1
    outer loop
      vertex 156 40 0
      vertex 156.19999999999999 60 0
      vertex 156 60 0
    endloop
  endfacet
  facet normal 0 0 1
    outer loop
      vertex 156 60 0
      vertex 156.19999999999999 60 0
      vertex 156.19999999999999 80 0
    endloop
  endfacet
  facet normal 0 0 1
    outer loop
      vertex 156 60 0
      vertex 156.19999999999999 80 0
      vertex 156 80 0
    endloop
  endfacet
  facet normal 0 0 1
    outer loop
      vertex 156 80 0
      vertex 156.19999999999999 80 0
      vertex 156.19999999999999 100 0
    endloop
  endfacet
  facet normal 0 0 1
    outer loop
      vertex 156 80 0
      vertex 156.19999999999999 100 0
      vertex 156 100 0
    endloop
  endfacet
  facet normal 0 0 1
    outer loop
      vertex 156.19999999999999 -100 0
      vertex 161.19999999999999 -100 0
      vertex 161.19999999999999 -80 0
    endloop
  endfacet
  facet normal 0 0 1
    outer loop
      vertex 156.19999999999999 -100 0
      vertex 161.19999999999999 -80 0
      vertex 156.19999999999999 -80 0
    endloop
  endfacet
  facet normal 0 0 1
    outer loop
      vertex 156.19999999999999 -80 0
      vertex 161.19999999999999 -80 0
      vertex 161.19999999999999 -60 0
    endloop
  endfacet
  facet normal 0 0 1
    outer loop
      vertex 156.19999999999999 -80 0
      vertex 161.19999999999999 -60 0
      vertex 156.19999999999999 -60 0
    endloop
  endfacet
  facet normal 0 0 1
    outer loop
      vertex 156.19999999999999 -60 0
      vertex 161.19999999999999 -60 0
      vertex 161.19999999999999 -40 0
    endloop
  endfacet
  facet normal 0 0 1
    outer loop
      vertex 156.19999999999999 -60 0
      vertex 161.19999999999999 -40 0
      vertex 156.19999999999999 -40 0
    endloop
  endfacet
  facet normal 0 0 1
    outer loop
      vertex 156.19999999999999 -40 0
      vertex 161.19999999999999 -40 0
      vertex 161.19999999999999 -20 0
    endloop
  endfacet
  facet normal 0 0 1
    outer loop
      vertex 156.19999999999999 -40 0
      vertex 161.19999999999999 -20 0
      vertex 156.19999999999999 -20 0
    endloop
  endfacet
  facet normal 0 0 1
    outer loop
      vertex 156.19999999999999 -20 0
      vertex 161.19999999999999 -20 0
      vertex 161.19999999999999 -10 0
    endloop
  endfacet
  facet normal 0 0 1
    outer loop
      vertex 156.19999999999999 -20 0
      vertex 161.19999999999999 -10 0
      vertex 156.19999999999999 -10 0
    endloop
  endfacet
  facet normal 0 0 1
    outer loop
      vertex 156.19999999999999 -10 0
      vertex 161.19999999999999 -10 0
      vertex 161.19999999999999 0 0
    endloop
  endfacet
  facet normal 0 0 1
    outer loop
      vertex 156.19999999999999 -10 0
      vertex 161.19999999999999 0 0
      vertex 156.19999999999999 0 0
    endloop
  endfacet
  facet normal 0 0 1
    outer loop
      vertex 156.19999999999999 0 0
      vertex 161.19999999999999 0 0
      vertex 161.19999999999999 0.001 0
    endloop
  endfacet
  facet normal 0 0 1
    outer loop
      vertex 156.19999999999999 0 0
      vertex 161.19999999999999 0.001 0
      vertex 156.19999999999999 0.001 0
    endloop
  endfacet
  facet normal 0 0 1
    outer loop
      vertex 156.19999999999999 0.001 0
      vertex 161.19999999999999 0.001 0
      vertex 161.19999999999999 10 0
    endloop
  endfacet
  facet normal 0 0 1
    outer loop
      vertex 156.19999999999999 0.001 0
      vertex 161.19999999999999 10 0
      vertex 156.19999999999999 10 0
    endloop
  endfacet
  facet normal 0 0 1
    outer loop
      vertex 156.19999999999999 10 0
      vertex 161.19999999999999 10 0
      vertex 161.19999999999999 20 0
    endloop
  endfacet
  facet normal 0 0 1
    outer loop
      vertex 156.19999999999999 10 0
      vertex 161.19999999999999 20 0
      vertex 156.19999999999999 20 0
    endloop
  endfacet
  facet normal 0 0 1
    outer loop
      vertex 156.19999999999999 20 0
      vertex 161.19999999999999 20 0
      vertex 161.19999999999999 40 0
    endloop
  endfacet
  facet normal 0 0 1
    outer loop
      vertex 156.19999999999999 20 0
      vertex 161.19999999999999 40 0
      vertex 156.19999999999999 40 0
    endloop
  endfacet
  facet normal 0 0 1
    outer loop
      vertex 156.19999999999999 40 0
      vertex 161.19999999999999 40 0
      vertex 161.19999999999999 60 0
    endloop
  endfacet
  facet normal 0 0 1
    outer loop
      vertex 156.19999999999999 40 0
      vertex 161.19999999999999 60 0
      vertex 156.19999999999999 60 0
    endloop
  endfacet
  facet normal 0 0 1
    outer loop
      vertex 156.19999999999999 60 0
      vertex 161.19999999999999 60 0
      vertex 161.19999999999999 80 0
    endloop
  endfacet
  facet normal 0 0 1
    outer loop
      vertex 156.19999999999999 60 0
      vertex 161.19999999999999 80 0
      vertex 156.19999999999999 80 0
    endloop
  endfacet
  facet normal 0 0 1
    outer loop
      vertex 156.19999999999999 80 0
      vertex 161.19999999999999 80 0
      vertex 161.19999999999999 100 0
    endloop
  endfacet
  facet normal 0 0 1
    outer loop
      vertex 156.19999999999999 80 0
      vertex 161.19999999999999 100 0
      vertex 156.19999999999999 100 0
    endloop
  endfacet
  facet normal 0 0 1
    outer loop
      vertex 161.19999999999999 -100 0
      vertex 161.40000000000001 -100 0
      vertex 161.40000000000001 -80 0
    endloop
  endfacet
  facet normal 0 0 1
    outer loop
      vertex 161.19999999999999 -100 0
      vertex 161.40000000000001 -80 0
      vertex 161.19999999999999 -80 0
    endloop
  endfacet
  facet normal 0 0 1
    outer loop
      vertex 161.19999999999999 -80 0
      vertex 161.40000000000001 -80 0
      vertex 161.40000000000001 -60 0
    endloop
  endfacet
  facet normal 0 0 1
    outer loop
      vertex 161.19999999999999 -80 0
      vertex 161.40000000000001 -60 0
      vertex 161.19999999999999 -60 0
    endloop
  endfacet
  facet normal 0 0 1
    outer loop
      vertex 161.19999999999999 -60 0
      vertex 161.40000000000001 -60 0
      vertex 161.40000000000001 -40 0
    endloop
  endfacet
  facet normal 0 0 1
    outer loop
      vertex 161.19999999999999 -60 0
      vertex 161.40000000000001 -40 0
      vertex 161.19999999999999 -40 0
    endloop
  endfacet
  facet normal 0 0 1
    outer loop
      vertex 161.19999999999999 -40 0
      vertex 161.40000000000001 -40 0
      vertex 161.40000000000001 -20 0
    endloop
  endfacet
  facet normal 0 0 1
    outer loop
      vertex 161.19999999999999 -40 0
      vertex 161.40000000000001 -20 0
      vertex 161.19999999999999 -20 0
    endloop
  endfacet
  facet normal 0 0 1
    outer loop
      vertex 161.19999999999999 -20 0
      vertex 161.40000000000001 -20 0
      vertex 161.40000000000001 -10 0
    endloop
  endfacet
  facet normal 0 0 1
    outer loop
      vertex 161.19999999999999 -20 0
      vertex 161.40000000000001 -10 0
      vertex 161.19999999999999 -10 0
    endloop
  endfacet
  facet normal 0 0 1
    outer loop
      vertex 161.19999999999999 -10 0
      vertex 161.40000000000001 -10 0
      vertex 161.40000000000001 0 0
    endloop
  endfacet
  facet normal 0 0 1
    outer loop
      vertex 161.19999999999999 -10 0
      vertex 161.40000000000001 0 0
      vertex 161.19999999999999 0 0
    endloop
  endfacet
  facet normal -0 0.99995000374968745 0.0099995000374968734
    outer loop
      vertex 161.19999999999999 0 0
      vertex 161.40000000000001 0 0
      vertex 161.40000000000001 0.001 -0.10000000000000001
    endloop
  endfacet
  facet normal 0.44721359549992745 -0 0.89442719099993107
    outer loop
      vertex 161.19999999999999 0 0
      vertex 161.40000000000001 0.001 -0.10000000000000001
      vertex 161.19999999999999 0.001 0
    endloop
  endfacet
  facet normal 0.44721359549992751 0 0.89442719099993118
    outer loop
      vertex 161.19999999999999 0.001 0
      vertex 161.40000000000001 0.001 -0.10000000000000001
      vertex 161.40000000000001 10 -0.10000000000000001
    endloop
  endfacet
  facet normal 0.44721359549992751 -0 0.89442719099993118
    outer loop
      vertex 161.19999999999999 0.001 0
      vertex 161.40000000000001 10 -0.10000000000000001
      vertex 161.19999999999999 10 0
    endloop
  endfacet
  facet normal 0.44721359549992745 0 0.89442719099993118
    outer loop
      vertex 161.19999999999999 10 0
      vertex 161.40000000000001 10 -0.10000000000000001
      vertex 161.40000000000001 20 -0.10000000000000001
    endloop
  endfacet
  facet normal 0.44721359549992745 -0 0.89442719099993118
    outer loop
      vertex 161.19999999999999 10 0
      vertex 161.40000000000001 20 -0.10000000000000001
      vertex 161.19999999999999 20 0
    endloop
  endfacet
  facet normal 0.44721359549992745 0 0.89442719099993118
    outer loop
      vertex 161.19999999999999 20 0
      vertex 161.40000000000001 20 -0.10000000000000001
      vertex 161.40000000000001 40 -0.10000000000000001
    endloop
  endfacet
  facet normal 0.44721359549992745 -0 0.89442719099993118
    outer loop
      vertex 161.19999999999999 20 0
      vertex 161.40000000000001 40 -0.10000000000000001
      vertex 161.19999999999999 40 0
    endloop
  endfacet
  facet normal 0.44721359549992745 0 0.89442719099993118
    outer loop
      vertex 161.19999999999999 40 0
      vertex 161.40000000000001 40 -0.10000000000000001
      vertex 161.40000000000001 60 -0.10000000000000001
    endloop
  endfacet
  facet normal 0.44721359549992745 -0 0.89442719099993118
    outer loop
      vertex 161.19999999999999 40 0
      vertex 161.40000000000001 60 -0.10000000000000001
      vertex 161.19999999999999 60 0
    endloop
  endfacet
  facet normal 0.44721359549992745 0 0.89442719099993118
    outer loop
      vertex 161.19999999999999 60 0
      vertex 161.40000000000001 60 -0.10000000000000001
      vertex 161.40000000000001 80 -0.10000000000000001
    endloop
  endfacet
  facet normal 0.44721359549992745 -0 0.89442719099993118
    outer loop
      vertex 161.19999999999999 60 0
      vertex 161.40000000000001 80 -0.10000000000000001
      vertex 161.19999999999999 80 0
    endloop
  endfacet
  facet normal 0.44721359549992745 0 0.89442719099993118
    outer loop
      vertex 161.19999999999999 80 0
      vertex 161.40000000000001 80 -0.10000000000000001
      vertex 161.40000000000001 100 -0.10000000000000001
    endloop
  endfacet
  facet normal 0.44721359549992745 -0 0.89442719099993118
    outer loop
      vertex 161.19999999999999 80 0
      vertex 161.40000000000001 100 -0.10000000000000001
      vertex 161.19999999999999 100 0
    endloop
  endfacet
  facet normal 0 0 1
    outer loop
      vertex 161.40000000000001 -100 0
      vertex 161.59999999999999 -100 0
      vertex 161.59999999999999 -80 0
    endloop
  endfacet
  facet normal 0 0 1
    outer loop
      vertex 161.40000000000001 -100 0
      vertex 161.59999999999999 -80 0
      vertex 161.40000000000001 -80 0
    endloop
  endfacet
  facet normal 0 0 1
    outer loop
      vertex 161.40000000000001 -80 0
      vertex 161.59999999999999 -80 0
      vertex 161.59999999999999 -60 0
    endloop
  endfacet
  facet normal 0 0 1
    outer loop
      vertex 161.40000000000001 -80 0
      vertex 161.59999999999999 -60 0
      vertex 161.40000000000001 -60 0
    endloop
  endfacet
  facet normal 0 0 1
    outer loop
      vertex 161.40000000000001 -60 0
      vertex 161.59999999999999 -60 0
      vertex 161.59999999999999 -40 0
    endloop
  endfacet
  facet normal 0 0 1
    outer loop
      vertex 161.40000000000001 -60 0
      vertex 161.59999999999999 -40 0
      vertex 161.40000000000001 -40 0
    endloop
  endfacet
  facet normal 0 0 1
    outer loop
      vertex 161.40000000000001 -40 0
      vertex 161.59999999999999 -40 0
      vertex 161.59999999999999 -20 0
    endloop
  endfacet
  facet normal 0 0 1
    outer loop
      vertex 161.40000000000001 -40 0
      vertex 161.59999999999999 -20 0
      vertex 161.40000000000001 -20 0
    endloop
  endfacet
  facet normal 0 0 1
    outer loop
      vertex 161.40000000000001 -20 0
      vertex 161.59999999999999 -20 0
      vertex 161.59999999999999 -10 0
    endloop
  endfacet
  facet normal 0 0 1
    outer loop
      vertex 161.40000000000001 -20 0
      vertex 161.59999999999999 -10 0
      vertex 161.40000000000001 -10 0
    endloop
  endfacet
  facet normal 0 0 1
    outer loop
      vertex 161.40000000000001 -10 0
      vertex 161.59999999999999 -10 0
      vertex 161.59999999999999 0 0
    endloop
  endfacet
  facet normal 0 0 1
    outer loop
      vertex 161.40000000000001 -10 0
      vertex 161.59999999999999 0 0
      vertex 161.40000000000001 0 0
    endloop
  endfacet
  facet normal -0 0.99995000374968745 0.0099995000374968734
    outer loop
      vertex 161.40000000000001 0 0
      vertex 161.59999999999999 0 0
      vertex 161.59999999999999 0.001 -0.10000000000000001
    endloop
  endfacet
  facet normal 0 0.99995000374968745 0.0099995000374968734
    outer loop
      vertex 161.40000000000001 0 0
      vertex 161.59999999999999 0.001 -0.10000000000000001
      vertex 161.40000000000001 0.001 -0.10000000000000001
    endloop
  endfacet
  facet normal 0 0 1
    outer loop
      vertex 161.40000000000001 0.001 -0.10000000000000001
      vertex 161.59999999999999 0.001 -0.10000000000000001
      vertex 161.59999999999999 10 -0.10000000000000001
    endloop
  endfacet
  facet normal 0 0 1
    outer loop
      vertex 161.40000000000001 0.001 -0.10000000000000001
      vertex 161.59999999999999 10 -0.10000000000000001
      vertex 161.40000000000001 10 -0.10000000000000001
    endloop
  endfacet
  facet normal 0 0 1
    outer loop
      vertex 161.40000000000001 10 -0.10000000000000001
      vertex 161.59999999999999 10 -0.10000000000000001
      vertex 161.59999999999999 20 -0.10000000000000001
    endloop
  endfacet
  facet normal 0 0 1
    outer loop
      vertex 161.40000000000001 10 -0.10000000000000001
      vertex 161.59999999999999 20 -0.10000000000000001
      vertex 161.40000000000001 20 -0.10000000000000001
    endloop
  endfacet
  facet normal 0 0 1
    outer loop
      vertex 161.40000000000001 20 -0.10000000000000001
      vertex 161.59999999999999 20 -0.10000000000000001
      vertex 161.59999999999999 40 -0.10000000000000001
    endloop
  endfacet
  facet normal 0 0 1
    outer loop
      vertex 161.40000000000001 20 -0.10000000000000001
      vertex 161.59999999999999 40 -0.10000000000000001
      vertex 161.40000000000001 40 -0.10000000000000001
    endloop
  endfacet
  facet normal 0 0 1
    outer loop
      vertex 161.40000000000001 40 -0.10000000000000001
      vertex 161.59999999999999 40 -0.10000000000000001
      vertex 161.59999999999999 60 -0.10000000000000001
    endloop
  endfacet
  facet normal 0 0 1
    outer loop
      vertex 161.40000000000001 40 -0.10000000000000001
      vertex 161.59999999999999 60 -0.10000000000000001
      vertex 161.40000000000001 60 -0.10000000000000001
    endloop
  endfacet
  facet normal 0 0 1
    outer loop
      vertex 161.40000000000001 60 -0.10000000000000001
      vertex 161.59999999999999 60 -0.10000000000000001
      vertex 161.59999999999999 80 -0.10000000000000001
    endloop
  endfacet
  facet normal 0 0 1
    outer loop
      vertex 161.40000000000001 60 -0.10000000000000001
      vertex 161.59999999999999 80 -0.10000000000000001
      vertex 161.40000000000001 80 -0.10000000000000001
    endloop
  endfacet
  facet normal 0 0 1
    outer loop
      vertex 161.40000000000001 80 -0.10000000000000001
      vertex 161.59999999999999 80 -0.10000000000000001
      vertex 161.59999999999999 100 -0.10000000000000001
    endloop
  endfacet
  facet normal 0 0 1
    outer loop
      vertex 161.40000000000001 80 -0.10000000000000001
      vertex 161.59999999999999 100 -0.10000000000000001
      vertex 161.40000000000001 100 -0.10000000000000001
    endloop
  endfacet
  facet normal 0 0 1
    outer loop
      vertex 161.59999999999999 -100 0
      vertex 166.59999999999999 -100 0
      vertex 166.59999999999999 -80 0
    endloop
  endfacet
  facet normal 0 0 1
    outer loop
      vertex 161.59999999999999 -100 0
      vertex 166.59999999999999 -80 0
      vertex 161.59999999999999 -80 0
    endloop
  endfacet
  facet normal 0 0 1
    outer loop
      vertex 161.59999999999999 -80 0
      vertex 166.59999999999999 -80 0
      vertex 166.59999999999999 -60 0
    endloop
  endfacet
  facet normal 0 0 1
    outer loop
      vertex 161.59999999999999 -80 0
      vertex 166.59999999999999 -60 0
      vertex 161.59999999999999 -60 0
    endloop
  endfacet
  facet normal 0 0 1
    outer loop
      vertex 161.59999999999999 -60 0
      vertex 166.59999999999999 -60 0
      vertex 166.59999999999999 -40 0
    endloop
  endfacet
  facet normal 0 0 1
    outer loop
      vertex 161.59999999999999 -60 0
      vertex 166.59999999999999 -40 0
      vertex 161.59999999999999 -40 0
    endloop
  endfacet
  facet normal 0 0 1
    outer loop
      vertex 161.59999999999999 -40 0
      vertex 166.59999999999999 -40 0
      vertex 166.59999999999999 -20 0
    endloop
  endfacet
  facet normal 0 0 1
    outer loop
      vertex 161.59999999999999 -40 0
      vertex 166.59999999999999 -20 0
      vertex 161.59999999999999 -20 0
    endloop
  endfacet
  facet normal 0 0 1
    outer loop
      vertex 161.59999999999999 -20 0
      vertex 166.59999999999999 -20 0
      vertex 166.59999999999999 -10 0
    endloop
  endfacet
  facet normal 0 0 1
    outer loop
      vertex 161.59999999999999 -20 0
      vertex 166.59999999999999 -10 0
      vertex 161.59999999999999 -10 0
    endloop
  endfacet
  facet normal 0 0 1
    outer loop
      vertex 161.59999999999999 -10 0
      vertex 166.59999999999999 -10 0
      vertex 166.59999999999999 0 0
    endloop
  endfacet
  facet normal 0 0 1
    outer loop
      vertex 161.59999999999999 -10 0
      vertex 166.59999999999999 0 0
      vertex 161.59999999999999 0 0
    endloop
  endfacet
  facet normal -0 0.99995000374968768 0.0099995000374968768
    outer loop
      vertex 161.59999999999999 0 0
      vertex 166.59999999999999 0 0
      vertex 166.59999999999999 0.001 -0.10000000000000001
    endloop
  endfacet
  facet normal 0 0.99995000374968768 0.0099995000374968768
    outer loop
      vertex 161.59999999999999 0 0
      vertex 166.59999999999999 0.001 -0.10000000000000001
      vertex 161.59999999999999 0.001 -0.10000000000000001
    endloop
  endfacet
  facet normal 0 0 1
    outer loop
      vertex 161.59999999999999 0.001 -0.10000000000000001
      vertex 166.59999999999999 0.001 -0.10000000000000001
      vertex 166.59999999999999 10 -0.10000000000000001
    endloop
  endfacet
  facet normal 0 0 1
    outer loop
      vertex 161.59999999999999 0.001 -0.10000000000000001
      vertex 166.59999999999999 10 -0.10000000000000001
      vertex 161.59999999999999 10 -0.10000000000000001
    endloop
  endfacet
  facet normal 0 0 1
    outer loop
      vertex 161.59999999999999 10 -0.10000000000000001
      vertex 166.59999999999999 10 -0.10000000000000001
      vertex 166.59999999999999 20 -0.10000000000000001
    endloop
  endfacet
  facet normal 0 0 1
    outer loop
      vertex 161.59999999999999 10 -0.10000000000000001
      vertex 166.59999999999999 20 -0.10000000000000001
      vertex 161.59999999999999 20 -0.10000000000000001
    endloop
  endfacet
  facet normal 0 0 1
    outer loop
      vertex 161.59999999999999 20 -0.10000000000000001
      vertex 166.59999999999999 20 -0.10000000000000001
      vertex 166.59999999999999 40 -0.10000000000000001
    endloop
  endfacet
  facet normal 0 0 1
    outer loop
      vertex 161.59999999999999 20 -0.10000000000000001
      vertex 166.59999999999999 40 -0.10000000000000001
      vertex 161.59999999999999 40 -0.10000000000000001
    endloop
  endfacet
  facet normal 0 0 1
    outer loop
      vertex 161.59999999999999 40 -0.10000000000000001
      vertex 166.59999999999999 40 -0.10000000000000001
      vertex 166.59999999999999 60 -0.10000000000000001
    endloop
  endfacet
  facet normal 0 0 1
    outer loop
      vertex 161.59999999999999 40 -0.10000000000000001
      vertex 166.59999999999999 60 -0.10000000000000001
      vertex 161.59999999999999 60 -0.10000000000000001
    endloop
  endfacet
  facet normal 0 0 1
    outer loop
      vertex 161.59999999999999 60 -0.10000000000000001
      vertex 166.59999999999999 60 -0.10000000000000001
      vertex 166.59999999999999 80 -0.10000000000000001
    endloop
  endfacet
  facet normal 0 0 1
    outer loop
      vertex 161.59999999999999 60 -0.10000000000000001
      vertex 166.59999999999999 80 -0.10000000000000001
      vertex 161.59999999999999 80 -0.10000000000000001
    endloop
  endfacet
  facet normal 0 0 1
    outer loop
      vertex 161.59999999999999 80 -0.10000000000000001
      vertex 166.59999999999999 80 -0.10000000000000001
      vertex 166.59999999999999 100 -0.10000000000000001
    endloop
  endfacet
  facet normal 0 0 1
    outer loop
      vertex 161.59999999999999 80 -0.10000000000000001
      vertex 166.59999999999999 100 -0.10000000000000001
      vertex 161.59999999999999 100 -0.10000000000000001
    endloop
  endfacet
  facet normal 0 0 1
    outer loop
      vertex 166.59999999999999 -100 0
      vertex 166.80000000000001 -100 0
      vertex 166.80000000000001 -80 0
    endloop
  endfacet
  facet normal 0 0 1
    outer loop
      vertex 166.59999999999999 -100 0
      vertex 166.80000000000001 -80 0
      vertex 166.59999999999999 -80 0
    endloop
  endfacet
  facet normal 0 0 1
    outer loop
      vertex 166.59999999999999 -80 0
      vertex 166.80000000000001 -80 0
      vertex 166.80000000000001 -60 0
    endloop
  endfacet
  facet normal 0 0 1
    outer loop
      vertex 166.59999999999999 -80 0
      vertex 166.80000000000001 -60 0
      vertex 166.59999999999999 -60 0
    endloop
  endfacet
  facet normal 0 0 1
    outer loop
      vertex 166.59999999999999 -60 0
      vertex 166.80000000000001 -60 0
      vertex 166.80000000000001 -40 0
    endloop
  endfacet
  facet normal 0 0 1
    outer loop
      vertex 166.59999999999999 -60 0
      vertex 166.80000000000001 -40 0
      vertex 166.59999999999999 -40 0
    endloop
  endfacet
  facet normal 0 0 1
    outer loop
      vertex 166.59999999999999 -40 0
      vertex 166.80000000000001 -40 0
      vertex 166.80000000000001 -20 0
    endloop
  endfacet
  facet normal 0 0 1
    outer loop
      vertex 166.59999999999999 -40 0
      vertex 166.80000000000001 -20 0
      vertex 166.59999999999999 -20 0
    endloop
  endfacet
  facet normal 0 0 1
    outer loop
      vertex 166.59999999999999 -20 0
      vertex 166.80000000000001 -20 0
      vertex 166.80000000000001 -10 0
    endloop
  endfacet
  facet normal 0 0 1
    outer loop
      vertex 166.59999999999999 -20 0
      vertex 166.80000000000001 -10 0
      vertex 166.59999999999999 -10 0
    endloop
  endfacet
  facet normal 0 0 1
    outer loop
      vertex 166.59999999999999 -10 0
      vertex 166.80000000000001 -10 0
      vertex 166.80000000000001 0 0
    endloop
  endfacet
  facet normal 0 0 1
    outer loop
      vertex 166.59999999999999 -10 0
      vertex 166.80000000000001 0 0
      vertex 166.59999999999999 0 0
    endloop
  endfacet
  facet normal -0 0.99995000374968745 0.0099995000374968734
    outer loop
      vertex 166.59999999999999 0 0
      vertex 166.80000000000001 0 0
      vertex 166.80000000000001 0.001 -0.10000000000000001
    endloop
  endfacet
  facet normal 0 0.99995000374968745 0.0099995000374968734
    outer loop
      vertex 166.59999999999999 0 0
      vertex 166.80000000000001 0.001 -0.10000000000000001
      vertex 166.59999999999999 0.001 -0.10000000000000001
    endloop
  endfacet
  facet normal 0 0 1
    outer loop
      vertex 166.59999999999999 0.001 -0.10000000000000001
      vertex 166.80000000000001 0.001 -0.10000000000000001
      vertex 166.80000000000001 10 -0.10000000000000001
    endloop
  endfacet
  facet normal 0 0 1
    outer loop
      vertex 166.59999999999999 0.001 -0.10000000000000001
      vertex 166.80000000000001 10 -0.10000000000000001
      vertex 166.59999999999999 10 -0.10000000000000001
    endloop
  endfacet
  facet normal 0 0 1
    outer loop
      vertex 166.59999999999999 10 -0.10000000000000001
      vertex 166.80000000000001 10 -0.10000000000000001
      vertex 166.80000000000001 20 -0.10000000000000001
    endloop
  endfacet
  facet normal 0 0 1
    outer loop
      vertex 166.59999999999999 10 -0.10000000000000001
      vertex 166.80000000000001 20 -0.10000000000000001
      vertex 166.59999999999999 20 -0.10000000000000001
    endloop
  endfacet
  facet normal 0 0 1
    outer loop
      vertex 166.59999999999999 20 -0.10000000000000001
      vertex 166.80000000000001 20 -0.10000000000000001
      vertex 166.80000000000001 40 -0.10000000000000001
    endloop
  endfacet
  facet normal 0 0 1
    outer loop
      vertex 166.59999999999999 20 -0.10000000000000001
      vertex 166.80000000000001 40 -0.10000000000000001
      vertex 166.59999999999999 40 -0.10000000000000001
    endloop
  endfacet
  facet normal 0 0 1
    outer loop
      vertex 166.59999999999999 40 -0.10000000000000001
      vertex 166.80000000000001 40 -0.10000000000000001
      vertex 166.80000000000001 60 -0.10000000000000001
    endloop
  endfacet
  facet normal 0 0 1
    outer loop
      vertex 166.59999999999999 40 -0.10000000000000001
      vertex 166.80000000000001 60 -0.10000000000000001
      vertex 166.59999999999999 60 -0.10000000000000001
    endloop
  endfacet
  facet normal 0 0 1
    outer loop
      vertex 166.59999999999999 60 -0.10000000000000001
      vertex 166.80000000000001 60 -0.10000000000000001
      vertex 166.80000000000001 80 -0.10000000000000001
    endloop
  endfacet
  facet normal 0 0 1
    outer loop
      vertex 166.59999999999999 60 -0.10000000000000001
      vertex 166.80000000000001 80 -0.10000000000000001
      vertex 166.59999999999999 80 -0.10000000000000001
    endloop
  endfacet
  facet normal 0 0 1
    outer loop
      vertex 166.59999999999999 80 -0.10000000000000001
      vertex 166.80000000000001 80 -0.10000000000000001
      vertex 166.80000000000001 100 -0.10000000000000001
    endloop
  endfacet
  facet normal 0 0 1
    outer loop
      vertex 166.59999999999999 80 -0.10000000000000001
      vertex 166.80000000000001 100 -0.10000000000000001
      vertex 166.59999999999999 100 -0.10000000000000001
    endloop
  endfacet
  facet normal 0 0 1
    outer loop
      vertex 166.80000000000001 -100 0
      vertex 171.80000000000001 -100 0
      vertex 171.80000000000001 -80 0
    endloop
  endfacet
  facet normal 0 0 1
    outer loop
      vertex 166.80000000000001 -100 0
      vertex 171.80000000000001 -80 0
      vertex 166.80000000000001 -80 0
    endloop
  endfacet
  facet normal 0 0 1
    outer loop
      vertex 166.80000000000001 -80 0
      vertex 171.80000000000001 -80 0
      vertex 171.80000000000001 -60 0
    endloop
  endfacet
  facet normal 0 0 1
    outer loop
      vertex 166.80000000000001 -80 0
      vertex 171.80000000000001 -60 0
      vertex 166.80000000000001 -60 0
    endloop
  endfacet
  facet normal 0 0 1
    outer loop
      vertex 166.80000000000001 -60 0
      vertex 171.80000000000001 -60 0
      vertex 171.80000000000001 -40 0
    endloop
  endfacet
  facet normal 0 0 1
    outer loop
      vertex 166.80000000000001 -60 0
      vertex 171.80000000000001 -40 0
      vertex 166.80000000000001 -40 0
    endloop
  endfacet
  facet normal 0 0 1
    outer loop
      vertex 166.80000000000001 -40 0
      vertex 171.80000000000001 -40 0
      vertex 171.80000000000001 -20 0
    endloop
  endfacet
  facet normal 0 0 1
    outer loop
      vertex 166.80000000000001 -40 0
      vertex 171.80000000000001 -20 0
      vertex 166.80000000000001 -20 0
    endloop
  endfacet
  facet normal 0 0 1
    outer loop
      vertex 166.80000000000001 -20 0
      vertex 171.80000000000001 -20 0
      vertex 171.80000000000001 -10 0
    endloop
  endfacet
  facet normal 0 0 1
    outer loop
      vertex 166.80000000000001 -20 0
      vertex 171.80000000000001 -10 0
      vertex 166.80000000000001 -10 0
    endloop
  endfacet
  facet normal 0 0 1
    outer loop
      vertex 166.80000000000001 -10 0
      vertex 171.80000000000001 -10 0
      vertex 171.80000000000001 0 0
    endloop
  endfacet
  facet normal 0 0 1
    outer loop
      vertex 166.80000000000001 -10 0
      vertex 171.80000000000001 0 0
      vertex 166.80000000000001 0 0
    endloop
  endfacet
  facet normal 0 0 1
    outer loop
      vertex 166.80000000000001 0 0
      vertex 171.80000000000001 0 0
      vertex 171.80000000000001 0.001 0
    endloop
  endfacet
  facet normal -0.00019998999675053755 0.99994998375268773 0.0099994998375268779
    outer loop
      vertex 166.80000000000001 0 0
      vertex 171.80000000000001 0.001 0
      vertex 166.80000000000001 0.001 -0.10000000000000001
    endloop
  endfacet
  facet normal -0.019996001199600141 0 0.99980005998000698
    outer loop
      vertex 166.80000000000001 0.001 -0.10000000000000001
      vertex 171.80000000000001 0.001 0
      vertex 171.80000000000001 10 0
    endloop
  endfacet
  facet normal -0.019996001199600141 0 0.99980005998000698
    outer loop
      vertex 166.80000000000001 0.001 -0.10000000000000001
      vertex 171.80000000000001 10 0
      vertex 166.80000000000001 10 -0.10000000000000001
    endloop
  endfacet
  facet normal -0.019996001199600141 0 0.99980005998000709
    outer loop
      vertex 166.80000000000001 10 -0.10000000000000001
      vertex 171.80000000000001 10 0
      vertex 171.80000000000001 20 0
    endloop
  endfacet
  facet normal -0.019996001199600141 0 0.99980005998000709
    outer loop
      vertex 166.80000000000001 10 -0.10000000000000001
      vertex 171.80000000000001 20 0
      vertex 166.80000000000001 20 -0.10000000000000001
    endloop
  endfacet
  facet normal -0.019996001199600141 0 0.99980005998000709
    outer loop
      vertex 166.80000000000001 20 -0.10000000000000001
      vertex 171.80000000000001 20 0
      vertex 171.80000000000001 40 0
    endloop
  endfacet
  facet normal -0.019996001199600141 0 0.99980005998000709
    outer loop
      vertex 166.80000000000001 20 -0.10000000000000001
      vertex 171.80000000000001 40 0
      vertex 166.80000000000001 40 -0.10000000000000001
    endloop
  endfacet
  facet normal -0.019996001199600141 0 0.99980005998000709
    outer loop
      vertex 166.80000000000001 40 -0.10000000000000001
      vertex 171.80000000000001 40 0
      vertex 171.80000000000001 60 0
    endloop
  endfacet
  facet normal -0.019996001199600141 0 0.99980005998000709
    outer loop
      vertex 166.80000000000001 40 -0.10000000000000001
      vertex 171.80000000000001 60 0
      vertex 166.80000000000001 60 -0.10000000000000001
    endloop
  endfacet
  facet normal -0.019996001199600141 0 0.99980005998000709
    outer loop
      vertex 166.80000000000001 60 -0.10000000000000001
      vertex 171.80000000000001 60 0
      vertex 171.80000000000001 80 0
    endloop
  endfacet
  facet normal -0.019996001199600141 0 0.99980005998000709
    outer loop
      vertex 166.80000000000001 60 -0.10000000000000001
      vertex 171.80000000000001 80 0
      vertex 166.80000000000001 80 -0.10000000000000001
    endloop
  endfacet
  facet normal -0.019996001199600141 0 0.99980005998000709
    outer loop
      vertex 166.80000000000001 80 -0.10000000000000001
      vertex 171.80000000000001 80 0
      vertex 171.80000000000001 100 0
    endloop
  endfacet
  facet normal -0.019996001199600141 0 0.99980005998000709
    outer loop
      vertex 166.80000000000001 80 -0.10000000000000001
      vertex 171.80000000000001 100 0
      vertex 166.80000000000001 100 -0.10000000000000001
    endloop
  endfacet
  facet normal 0 0 1
    outer loop
      vertex 171.80000000000001 -100 0
      vertex 172 -100 0
      vertex 172 -80 0
    endloop
  endfacet
  facet normal 0 0 1
    outer loop
      vertex 171.80000000000001 -100 0
      vertex 172 -80 0
      vertex 171.80000000000001 -80 0
    endloop
  endfacet
  facet normal 0 0 1
    outer loop
      vertex 171.80000000000001 -80 0
      vertex 172 -80 0
      vertex 172 -60 0
    endloop
  endfacet
  facet normal 0 0 1
    outer loop
      vertex 171.80000000000001 -80 0
      vertex 172 -60 0
      vertex 171.80000000000001 -60 0
    endloop
  endfacet
  facet normal 0 0 1
    outer loop
      vertex 171.80000000000001 -60 0
      vertex 172 -60 0
      vertex 172 -40 0
    endloop
  endfacet
  facet normal 0 0 1
    outer loop
      vertex 171.80000000000001 -60 0
      vertex 172 -40 0
      vertex 171.80000000000001 -40 0
    endloop
  endfacet
  facet normal 0 0 1
    outer loop
      vertex 171.80000000000001 -40 0
      vertex 172 -40 0
      vertex 172 -20 0
    endloop
  endfacet
  facet normal 0 0 1
    outer loop
      vertex 171.80000000000001 -40 0
      vertex 172 -20 0
      vertex 171.80000000000001 -20 0
    endloop
  endfacet
  facet normal 0 0 1
    outer loop
      vertex 171.80000000000001 -20 0
      vertex 172 -20 0
      vertex 172 -10 0
    endloop
  endfacet
  facet normal 0 0 1
    outer loop
      vertex 171.80000000000001 -20 0
      vertex 172 -10 0
      vertex 171.80000000000001 -10 0
    endloop
  endfacet
  facet normal 0 0 1
    outer loop
      vertex 171.80000000000001 -10 0
      vertex 172 -10 0
      vertex 172 0 0
    endloop
  endfacet
  facet normal 0 0 1
    outer loop
      vertex 171.80000000000001 -10 0
      vertex 172 0 0
      vertex 171.80000000000001 0 0
    endloop
  endfacet
  facet normal 0 -0.99980005998000698 0.019996001199600138
    outer loop
      vertex 171.80000000000001 0 0
      vertex 172 0 0
      vertex 172 0.001 0.050000000000000003
    endloop
  endfacet
  facet normal -0.24253562503634599 0 0.97014250014532866
    outer loop
      vertex 171.80000000000001 0 0
      vertex 172 0.001 0.050000000000000003
      vertex 171.80000000000001 0.001 0
    endloop
  endfacet
  facet normal -0.24253562503634599 0 0.97014250014532866
    outer loop
      vertex 171.80000000000001 0.001 0
      vertex 172 0.001 0.050000000000000003
      vertex 172 10 0.050000000000000003
    endloop
  endfacet
  facet normal -0.24253562503634599 0 0.97014250014532866
    outer loop
      vertex 171.80000000000001 0.001 0
      vertex 172 10 0.050000000000000003
      vertex 171.80000000000001 10 0
    endloop
  endfacet
  facet normal -0.24253562503634593 0 0.97014250014532855
    outer loop
      vertex 171.80000000000001 10 0
      vertex 172 10 0.050000000000000003
      vertex 172 20 0.050000000000000003
    endloop
  endfacet
  facet normal -0.24253562503634593 0 0.97014250014532855
    outer loop
      vertex 171.80000000000001 10 0
      vertex 172 20 0.050000000000000003
      vertex 171.80000000000001 20 0
    endloop
  endfacet
  facet normal -0.24253562503634593 0 0.97014250014532855
    outer loop
      vertex 171.80000000000001 20 0
      vertex 172 20 0.050000000000000003
      vertex 172 40 0.050000000000000003
    endloop
  endfacet
  facet normal -0.24253562503634593 0 0.97014250014532855
    outer loop
      vertex 171.80000000000001 20 0
      vertex 172 40 0.050000000000000003
      vertex 171.80000000000001 40 0
    endloop
  endfacet
  facet normal -0.24253562503634593 0 0.97014250014532855
    outer loop
      vertex 171.80000000000001 40 0
      vertex 172 40 0.050000000000000003
      vertex 172 60 0.050000000000000003
    endloop
  endfacet
  facet normal -0.24253562503634593 0 0.97014250014532855
    outer loop
      vertex 171.80000000000001 40 0
      vertex 172 60 0.050000000000000003
      vertex 171.80000000000001 60 0
    endloop
  endfacet
  facet normal -0.24253562503634593 0 0.97014250014532855
    outer loop
      vertex 171.80000000000001 60 0
      vertex 172 60 0.050000000000000003
      vertex 172 80 0.050000000000000003
    endloop
  endfacet
  facet normal -0.24253562503634593 0 0.97014250014532855
    outer loop
      vertex 171.80000000000001 60 0
      vertex 172 80 0.050000000000000003
      vertex 171.80000000000001 80 0
    endloop
  endfacet
  facet normal -0.24253562503634593 0 0.97014250014532855
    outer loop
      vertex 171.80000000000001 80 0
      vertex 172 80 0.050000000000000003
      vertex 172 100 0.050000000000000003
    endloop
  endfacet
  facet normal -0.24253562503634593 0 0.97014250014532855
    outer loop
      vertex 171.80000000000001 80 0
      vertex 172 100 0.050000000000000003
      vertex 171.80000000000001 100 0
    endloop
  endfacet
  facet normal 0 0 1
    outer loop
      vertex 172 -100 0
      vertex 172.19999999999999 -100 0
      vertex 172.19999999999999 -80 0
    endloop
  endfacet
  facet normal 0 0 1
    outer loop
      vertex 172 -100 0
      vertex 172.19999999999999 -80 0
      vertex 172 -80 0
    endloop
  endfacet
  facet normal 0 0 1
    outer loop
      vertex 172 -80 0
      vertex 172.19999999999999 -80 0
      vertex 172.19999999999999 -60 0
    endloop
  endfacet
  facet normal 0 0 1
    outer loop
      vertex 172 -80 0
      vertex 172.19999999999999 -60 0
      vertex 172 -60 0
    endloop
  endfacet
  facet normal 0 0 1
    outer loop
      vertex 172 -60 0
      vertex 172.19999999999999 -60 0
      vertex 172.19999999999999 -40 0
    endloop
  endfacet
  facet normal 0 0 1
    outer loop
      vertex 172 -60 0
      vertex 172.19999999999999 -40 0
      vertex 172 -40 0
    endloop
  endfacet
  facet normal 0 0 1
    outer loop
      vertex 172 -40 0
      vertex 172.19999999999999 -40 0
      vertex 172.19999999999999 -20 0
    endloop
  endfacet
  facet normal 0 0 1
    outer loop
      vertex 172 -40 0
      vertex 172.19999999999999 -20 0
      vertex 172 -20 0
    endloop
  endfacet
  facet normal 0 0 1
    outer loop
      vertex 172 -20 0
      vertex 172.19999999999999 -20 0
      vertex 172.19999999999999 -10 0
    endloop
  endfacet
  facet normal 0 0 1
    outer loop
      vertex 172 -20 0
      vertex 172.19999999999999 -10 0
      vertex 172 -10 0
    endloop
  endfacet
  facet normal 0 0 1
    outer loop
      vertex 172 -10 0
      vertex 172.19999999999999 -10 0
      vertex 172.19999999999999 0 0
    endloop
  endfacet
  facet normal 0 0 1
    outer loop
      vertex 172 -10 0
      vertex 172.19999999999999 0 0
      vertex 172 0 0
    endloop
  endfacet
  facet normal 0 -0.99980005998000698 0.019996001199600138
    outer loop
      vertex 172 0 0
      vertex 172.19999999999999 0 0
      vertex 172.19999999999999 0.001 0.050000000000000003
    endloop
  endfacet
  facet normal 0 -0.99980005998000698 0.019996001199600138
    outer loop
      vertex 172 0 0
      vertex 172.19999999999999 0.001 0.050000000000000003
      vertex 172 0.001 0.050000000000000003
    endloop
  endfacet
  facet normal 0 0 1
    outer loop
      vertex 172 0.001 0.050000000000000003
      vertex 172.19999999999999 0.001 0.050000000000000003
      vertex 172.19999999999999 10 0.050000000000000003
    endloop
  endfacet
  facet normal 0 0 1
    outer loop
      vertex 172 0.001 0.050000000000000003
      vertex 172.19999999999999 10 0.050000000000000003
      vertex 172 10 0.050000000000000003
    endloop
  endfacet
  facet normal 0 0 1
    outer loop
      vertex 172 10 0.050000000000000003
      vertex 172.19999999999999 10 0.050000000000000003
      vertex 172.19999999999999 20 0.050000000000000003
    endloop
  endfacet
  facet normal 0 0 1
    outer loop
      vertex 172 10 0.050000000000000003
      vertex 172.19999999999999 20 0.050000000000000003
      vertex 172 20 0.050000000000000003
    endloop
  endfacet
  facet normal 0 0 1
    outer loop
      vertex 172 20 0.050000000000000003
      vertex 172.19999999999999 20 0.050000000000000003
      vertex 172.19999999999999 40 0.050000000000000003
    endloop
  endfacet
  facet normal 0 0 1
    outer loop
      vertex 172 20 0.050000000000000003
      vertex 172.19999999999999 40 0.050000000000000003
      vertex 172 40 0.050000000000000003
    endloop
  endfacet
  facet normal 0 0 1
    outer loop
      vertex 172 40 0.050000000000000003
      vertex 172.19999999999999 40 0.050000000000000003
      vertex 172.19999999999999 60 0.050000000000000003
    endloop
  endfacet
  facet normal 0 0 1
    outer loop
      vertex 172 40 0.050000000000000003
      vertex 172.19999999999999 60 0.050000000000000003
      vertex 172 60 0.050000000000000003
    endloop
  endfacet
  facet normal 0 0 1
    outer loop
      vertex 172 60 0.050000000000000003
      vertex 172.19999999999999 60 0.050000000000000003
      vertex 172.19999999999999 80 0.050000000000000003
    endloop
  endfacet
  facet normal 0 0 1
    outer loop
      vertex 172 60 0.050000000000000003
      vertex 172.19999999999999 80 0.050000000000000003
      vertex 172 80 0.050000000000000003
    endloop
  endfacet
  facet normal 0 0 1
    outer loop
      vertex 172 80 0.050000000000000003
      vertex 172.19999999999999 80 0.050000000000000003
      vertex 172.19999999999999 100 0.050000000000000003
    endloop
  endfacet
  facet normal 0 0 1
    outer loop
      vertex 172 80 0.050000000000000003
      vertex 172.19999999999999 100 0.050000000000000003
      vertex 172 100 0.050000000000000003
    endloop
  endfacet
  facet normal 0 0 1
    outer loop
      vertex 172.19999999999999 -100 0
      vertex 172.40000000000001 -100 0
      vertex 172.40000000000001 -80 0
    endloop
  endfacet
  facet normal 0 0 1
    outer loop
      vertex 172.19999999999999 -100 0
      vertex 172.40000000000001 -80 0
      vertex 172.19999999999999 -80 0
    endloop
  endfacet
  facet normal 0 0 1
    outer loop
      vertex 172.19999999999999 -80 0
      vertex 172.40000000000001 -80 0
      vertex 172.40000000000001 -60 0
    endloop
  endfacet
  facet normal 0 0 1
    outer loop
      vertex 172.19999999999999 -80 0
      vertex 172.40000000000001 -60 0
      vertex 172.19999999999999 -60 0
    endloop
  endfacet
  facet normal 0 0 1
    outer loop
      vertex 172.19999999999999 -60 0
      vertex 172.40000000000001 -60 0
      vertex 172.40000000000001 -40 0
    endloop
  endfacet
  facet normal 0 0 1
    outer loop
      vertex 172.19999999999999 -60 0
      vertex 172.40000000000001 -40 0
      vertex 172.19999999999999 -40 0
    endloop
  endfacet
  facet normal 0 0 1
    outer loop
      vertex 172.19999999999999 -40 0
      vertex 172.40000000000001 -40 0
      vertex 172.40000000000001 -20 0
    endloop
  endfacet
  facet normal 0 0 1
    outer loop
      vertex 172.19999999999999 -40 0
      vertex 172.40000000000001 -20 0
      vertex 172.19999999999999 -20 0
    endloop
  endfacet
  facet normal 0 0 1
    outer loop
      vertex 172.19999999999999 -20 0
      vertex 172.40000000000001 -20 0
      vertex 172.40000000000001 -10 0
    endloop
  endfacet
  facet normal 0 0 1
    outer loop
      vertex 172.19999999999999 -20 0
      vertex 172.40000000000001 -10 0
      vertex 172.19999999999999 -10 0
    endloop
  endfacet
  facet normal 0 0 1
    outer loop
      vertex 172.19999999999999 -10 0
      vertex 172.40000000000001 -10 0
      vertex 172.40000000000001 0 0
    endloop
  endfacet
  facet normal 0 0 1
    outer loop
      vertex 172.19999999999999 -10 0
      vertex 172.40000000000001 0 0
      vertex 172.19999999999999 0 0
    endloop
  endfacet
  facet normal 0 0 1
    outer loop
      vertex 172.19999999999999 0 0
      vertex 172.40000000000001 0 0
      vertex 172.40000000000001 0.001 0
    endloop
  endfacet
  facet normal 0.0049989378385515469 -0.99978756771039468 0.019995751354207891
    outer loop
      vertex 172.19999999999999 0 0
      vertex 172.40000000000001 0.001 0
      vertex 172.19999999999999 0.001 0.050000000000000003
    endloop
  endfacet
  facet normal 0.24253562503631354 0 0.97014250014533676
    outer loop
      vertex 172.19999999999999 0.001 0.050000000000000003
      vertex 172.40000000000001 0.001 0
      vertex 172.40000000000001 10 0
    endloop
  endfacet
  facet normal 0.24253562503631354 -0 0.97014250014533676
    outer loop
      vertex 172.19999999999999 0.001 0.050000000000000003
      vertex 172.40000000000001 10 0
      vertex 172.19999999999999 10 0.050000000000000003
    endloop
  endfacet
  facet normal 0.24253562503631354 0 0.97014250014533687
    outer loop
      vertex 172.19999999999999 10 0.050000000000000003
      vertex 172.40000000000001 10 0
      vertex 172.40000000000001 20 0
    endloop
  endfacet
  facet normal 0.24253562503631354 -0 0.97014250014533687
    outer loop
      vertex 172.19999999999999 10 0.050000000000000003
      vertex 172.40000000000001 20 0
      vertex 172.19999999999999 20 0.050000000000000003
    endloop
  endfacet
  facet normal 0.24253562503631354 0 0.97014250014533687
    outer loop
      vertex 172.19999999999999 20 0.050000000000000003
      vertex 172.40000000000001 20 0
      vertex 172.40000000000001 40 0
    endloop
  endfacet
  facet normal 0.24253562503631354 -0 0.97014250014533687
    outer loop
      vertex 172.19999999999999 20 0.050000000000000003
      vertex 172.40000000000001 40 0
      vertex 172.19999999999999 40 0.050000000000000003
    endloop
  endfacet
  facet normal 0.24253562503631354 0 0.97014250014533687
    outer loop
      vertex 172.19999999999999 40 0.050000000000000003
      vertex 172.40000000000001 40 0
      vertex 172.40000000000001 60 0
    endloop
  endfacet
  facet normal 0.24253562503631354 -0 0.97014250014533687
    outer loop
      vertex 172.19999999999999 40 0.050000000000000003
      vertex 172.40000000000001 60 0
      vertex 172.19999999999999 60 0.050000000000000003
    endloop
  endfacet
  facet normal 0.24253562503631354 0 0.97014250014533687
    outer loop
      vertex 172.19999999999999 60 0.050000000000000003
      vertex 172.40000000000001 60 0
      vertex 172.40000000000001 80 0
    endloop
  endfacet
  facet normal 0.24253562503631354 -0 0.97014250014533687
    outer loop
      vertex 172.19999999999999 60 0.050000000000000003
      vertex 172.40000000000001 80 0
      vertex 172.19999999999999 80 0.050000000000000003
    endloop
  endfacet
  facet normal 0.24253562503631354 0 0.97014250014533687
    outer loop
      vertex 172.19999999999999 80 0.050000000000000003
      vertex 172.40000000000001 80 0
      vertex 172.40000000000001 100 0
    endloop
  endfacet
  facet normal 0.24253562503631354 -0 0.97014250014533687
    outer loop
      vertex 172.19999999999999 80 0.050000000000000003
      vertex 172.40000000000001 100 0
      vertex 172.19999999999999 100 0.050000000000000003
    endloop
  endfacet
  facet normal -0.019996001199600141 0 0.99980005998000709
    outer loop
      vertex 172.40000000000001 -100 0
      vertex 177.40000000000001 -100 0.10000000000000001
      vertex 177.40000000000001 -80 0.10000000000000001
    endloop
  endfacet
  facet normal -0.019996001199600141 0 0.99980005998000709
    outer loop
      vertex 172.40000000000001 -100 0
      vertex 177.40000000000001 -80 0.10000000000000001
      vertex 172.40000000000001 -80 0
    endloop
  endfacet
  facet normal -0.019996001199600141 0 0.99980005998000709
    outer loop
      vertex 172.40000000000001 -80 0
      vertex 177.40000000000001 -80 0.10000000000000001
      vertex 177.40000000000001 -60 0.10000000000000001
    endloop
  endfacet
  facet normal -0.019996001199600141 0 0.99980005998000709
    outer loop
      vertex 172.40000000000001 -80 0
      vertex 177.40000000000001 -60 0.10000000000000001
      vertex 172.40000000000001 -60 0
    endloop
  endfacet
  facet normal -0.019996001199600141 0 0.99980005998000709
    outer loop
      vertex 172.40000000000001 -60 0
      vertex 177.40000000000001 -60 0.10000000000000001
      vertex 177.40000000000001 -40 0.10000000000000001
    endloop
  endfacet
  facet normal -0.019996001199600141 0 0.99980005998000709
    outer loop
      vertex 172.40000000000001 -60 0
      vertex 177.40000000000001 -40 0.10000000000000001
      vertex 172.40000000000001 -40 0
    endloop
  endfacet
  facet normal -0.019996001199600141 0 0.99980005998000709
    outer loop
      vertex 172.40000000000001 -40 0
      vertex 177.40000000000001 -40 0.10000000000000001
      vertex 177.40000000000001 -20 0.10000000000000001
    endloop
  endfacet
  facet normal -0.019996001199600141 0 0.99980005998000709
    outer loop
      vertex 172.40000000000001 -40 0
      vertex 177.40000000000001 -20 0.10000000000000001
      vertex 172.40000000000001 -20 0
    endloop
  endfacet
  facet normal -0.019996001199600141 0 0.99980005998000709
    outer loop
      vertex 172.40000000000001 -20 0
      vertex 177.40000000000001 -20 0.10000000000000001
      vertex 177.40000000000001 -10 0.10000000000000001
    endloop
  endfacet
  facet normal -0.019996001199600141 0 0.99980005998000709
    outer loop
      vertex 172.40000000000001 -20 0
      vertex 177.40000000000001 -10 0.10000000000000001
      vertex 172.40000000000001 -10 0
    endloop
  endfacet
  facet normal -0.019996001199600141 0 0.99980005998000709
    outer loop
      vertex 172.40000000000001 -10 0
      vertex 177.40000000000001 -10 0.10000000000000001
      vertex 177.40000000000001 0 0.10000000000000001
    endloop
  endfacet
  facet normal -0.019996001199600141 0 0.99980005998000709
    outer loop
      vertex 172.40000000000001 -10 0
      vertex 177.40000000000001 0 0.10000000000000001
      vertex 172.40000000000001 0 0
    endloop
  endfacet
  facet normal -0.00019998999675053755 0.99994998375268773 0.0099994998375268779
    outer loop
      vertex 172.40000000000001 0 0
      vertex 177.40000000000001 0 0.10000000000000001
      vertex 177.40000000000001 0.001 0
    endloop
  endfacet
  facet normal 0 0 1
    outer loop
      vertex 172.40000000000001 0 0
      vertex 177.40000000000001 0.001 0
      vertex 172.40000000000001 0.001 0
    endloop
  endfacet
  facet normal 0 0 1
    outer loop
      vertex 172.40000000000001 0.001 0
      vertex 177.40000000000001 0.001 0
      vertex 177.40000000000001 10 0
    endloop
  endfacet
  facet normal 0 0 1
    outer loop
      vertex 172.40000000000001 0.001 0
      vertex 177.40000000000001 10 0
      vertex 172.40000000000001 10 0
    endloop
  endfacet
  facet normal 0 0 1
    outer loop
      vertex 172.40000000000001 10 0
      vertex 177.40000000000001 10 0
      vertex 177.40000000000001 20 0
    endloop
  endfacet
  facet normal 0 0 1
    outer loop
      vertex 172.40000000000001 10 0
      vertex 177.40000000000001 20 0
      vertex 172.40000000000001 20 0
    endloop
  endfacet
  facet normal 0 0 1
    outer loop
      vertex 172.40000000000001 20 0
      vertex 177.40000000000001 20 0
      vertex 177.40000000000001 40 0
    endloop
  endfacet
  facet normal 0 0 1
    outer loop
      vertex 172.40000000000001 20 0
      vertex 177.40000000000001 40 0
      vertex 172.40000000000001 40 0
    endloop
  endfacet
  facet normal 0 0 1
    outer loop
      vertex 172.40000000000001 40 0
      vertex 177.40000000000001 40 0
      vertex 177.40000000000001 60 0
    endloop
  endfacet
  facet normal 0 0 1
    outer loop
      vertex 172.40000000000001 40 0
      vertex 177.40000000000001 60 0
      vertex 172.40000000000001 60 0
    endloop
  endfacet
  facet normal 0 0 1
    outer loop
      vertex 172.40000000000001 60 0
      vertex 177.40000000000001 60 0
      vertex 177.40000000000001 80 0
    endloop
  endfacet
  facet normal 0 0 1
    outer loop
      vertex 172.40000000000001 60 0
      vertex 177.40000000000001 80 0
      vertex 172.40000000000001 80 0
    endloop
  endfacet
  facet normal 0 0 1
    outer loop
      vertex 172.40000000000001 80 0
      vertex 177.40000000000001 80 0
      vertex 177.40000000000001 100 0
    endloop
  endfacet
  facet normal 0 0 1
    outer loop
      vertex 172.40000000000001 80 0
      vertex 177.40000000000001 100 0
      vertex 172.40000000000001 100 0
    endloop
  endfacet
  facet normal 0 0 1
    outer loop
      vertex 177.40000000000001 -100 0.10000000000000001
      vertex 177.59999999999999 -100 0.10000000000000001
      vertex 177.59999999999999 -80 0.10000000000000001
    endloop
  endfacet
  facet normal 0 0 1
    outer loop
      vertex 177.40000000000001 -100 0.10000000000000001
      vertex 177.59999999999999 -80 0.10000000000000001
      vertex 177.40000000000001 -80 0.10000000000000001
    endloop
  endfacet
  facet normal 0 0 1
    outer loop
      vertex 177.40000000000001 -80 0.10000000000000001
      vertex 177.59999999999999 -80 0.10000000000000001
      vertex 177.59999999999999 -60 0.10000000000000001
    endloop
  endfacet
  facet normal 0 0 1
    outer loop
      vertex 177.40000000000001 -80 0.10000000000000001
      vertex 177.59999999999999 -60 0.10000000000000001
      vertex 177.40000000000001 -60 0.10000000000000001
    endloop
  endfacet
  facet normal 0 0 1
    outer loop
      vertex 177.40000000000001 -60 0.10000000000000001
      vertex 177.59999999999999 -60 0.10000000000000001
      vertex 177.59999999999999 -40 0.10000000000000001
    endloop
  endfacet
  facet normal 0 0 1
    outer loop
      vertex 177.40000000000001 -60 0.10000000000000001
      vertex 177.59999999999999 -40 0.10000000000000001
      vertex 177.40000000000001 -40 0.10000000000000001
    endloop
  endfacet
  facet normal 0 0 1
    outer loop
      vertex 177.40000000000001 -40 0.10000000000000001
      vertex 177.59999999999999 -40 0.10000000000000001
      vertex 177.59999999999999 -20 0.10000000000000001
    endloop
  endfacet
  facet normal 0 0 1
    outer loop
      vertex 177.40000000000001 -40 0.10000000000000001
      vertex 177.59999999999999 -20 0.10000000000000001
      vertex 177.40000000000001 -20 0.10000000000000001
    endloop
  endfacet
  facet normal 0 0 1
    outer loop
      vertex 177.40000000000001 -20 0.10000000000000001
      vertex 177.59999999999999 -20 0.10000000000000001
      vertex 177.59999999999999 -10 0.10000000000000001
    endloop
  endfacet
  facet normal 0 0 1
    outer loop
      vertex 177.40000000000001 -20 0.10000000000000001
      vertex 177.59999999999999 -10 0.10000000000000001
      vertex 177.40000000000001 -10 0.10000000000000001
    endloop
  endfacet
  facet normal 0 0 1
    outer loop
      vertex 177.40000000000001 -10 0.10000000000000001
      vertex 177.59999999999999 -10 0.10000000000000001
      vertex 177.59999999999999 0 0.10000000000000001
    endloop
  endfacet
  facet normal 0 0 1
    outer loop
      vertex 177.40000000000001 -10 0.10000000000000001
      vertex 177.59999999999999 0 0.10000000000000001
      vertex 177.40000000000001 0 0.10000000000000001
    endloop
  endfacet
  facet normal -0 0.99995000374968745 0.0099995000374968734
    outer loop
      vertex 177.40000000000001 0 0.10000000000000001
      vertex 177.59999999999999 0 0.10000000000000001
      vertex 177.59999999999999 0.001 0
    endloop
  endfacet
  facet normal 0 0.99995000374968745 0.0099995000374968734
    outer loop
      vertex 177.40000000000001 0 0.10000000000000001
      vertex 177.59999999999999 0.001 0
      vertex 177.40000000000001 0.001 0
    endloop
  endfacet
  facet normal 0 0 1
    outer loop
      vertex 177.40000000000001 0.001 0
      vertex 177.59999999999999 0.001 0
      vertex 177.59999999999999 10 0
    endloop
  endfacet
  facet normal 0 0 1
    outer loop
      vertex 177.40000000000001 0.001 0
      vertex 177.59999999999999 10 0
      vertex 177.40000000000001 10 0
    endloop
  endfacet
  facet normal 0 0 1
    outer loop
      vertex 177.40000000000001 10 0
      vertex 177.59999999999999 10 0
      vertex 177.59999999999999 20 0
    endloop
  endfacet
  facet normal 0 0 1
    outer loop
      vertex 177.40000000000001 10 0
      vertex 177.59999999999999 20 0
      vertex 177.40000000000001 20 0
    endloop
  endfacet
  facet normal 0 0 1
    outer loop
      vertex 177.40000000000001 20 0
      vertex 177.59999999999999 20 0
      vertex 177.59999999999999 40 0
    endloop
  endfacet
  facet normal 0 0 1
    outer loop
      vertex 177.40000000000001 20 0
      vertex 177.59999999999999 40 0
      vertex 177.40000000000001 40 0
    endloop
  endfacet
  facet normal 0 0 1
    outer loop
      vertex 177.40000000000001 40 0
      vertex 177.59999999999999 40 0
      vertex 177.59999999999999 60 0
    endloop
  endfacet
  facet normal 0 0 1
    outer loop
      vertex 177.40000000000001 40 0
      vertex 177.59999999999999 60 0
      vertex 177.40000000000001 60 0
    endloop
  endfacet
  facet normal 0 0 1
    outer loop
      vertex 177.40000000000001 60 0
      vertex 177.59999999999999 60 0
      vertex 177.59999999999999 80 0
    endloop
  endfacet
  facet normal 0 0 1
    outer loop
      vertex 177.40000000000001 60 0
      vertex 177.59999999999999 80 0
      vertex 177.40000000000001 80 0
    endloop
  endfacet
  facet normal 0 0 1
    outer loop
      vertex 177.40000000000001 80 0
      vertex 177.59999999999999 80 0
      vertex 177.59999999999999 100 0
    endloop
  endfacet
  facet normal 0 0 1
    outer loop
      vertex 177.40000000000001 80 0
      vertex 177.59999999999999 100 0
      vertex 177.40000000000001 100 0
    endloop
  endfacet
  facet normal 0 0 1
    outer loop
      vertex 177.59999999999999 -100 0.10000000000000001
      vertex 179.59999999999999 -100 0.10000000000000001
      vertex 179.59999999999999 -80 0.10000000000000001
    endloop
  endfacet
  facet normal 0 0 1
    outer loop
      vertex 177.59999999999999 -100 0.10000000000000001
      vertex 179.59999999999999 -80 0.10000000000000001
      vertex 177.59999999999999 -80 0.10000000000000001
    endloop
  endfacet
  facet normal 0 0 1
    outer loop
      vertex 177.59999999999999 -80 0.10000000000000001
      vertex 179.59999999999999 -80 0.10000000000000001
      vertex 179.59999999999999 -60 0.10000000000000001
    endloop
  endfacet
  facet normal 0 0 1
    outer loop
      vertex 177.59999999999999 -80 0.10000000000000001
      vertex 179.59999999999999 -60 0.10000000000000001
      vertex 177.59999999999999 -60 0.10000000000000001
    endloop
  endfacet
  facet normal 0 0 1
    outer loop
      vertex 177.59999999999999 -60 0.10000000000000001
      vertex 179.59999999999999 -60 0.10000000000000001
      vertex 179.59999999999999 -40 0.10000000000000001
    endloop
  endfacet
  facet normal 0 0 1
    outer loop
      vertex 177.59999999999999 -60 0.10000000000000001
      vertex 179.59999999999999 -40 0.10000000000000001
      vertex 177.59999999999999 -40 0.10000000000000001
    endloop
  endfacet
  facet normal 0 0 1
    outer loop
      vertex 177.59999999999999 -40 0.10000000000000001
      vertex 179.59999999999999 -40 0.10000000000000001
      vertex 179.59999999999999 -20 0.10000000000000001
    endloop
  endfacet
  facet normal 0 0 1
    outer loop
      vertex 177.59999999999999 -40 0.10000000000000001
      vertex 179.59999999999999 -20 0.10000000000000001
      vertex 177.59999999999999 -20 0.10000000000000001
    endloop
  endfacet
  facet normal 0 0 1
    outer loop
      vertex 177.59999999999999 -20 0.10000000000000001
      vertex 179.59999999999999 -20 0.10000000000000001
      vertex 179.59999999999999 -10 0.10000000000000001
    endloop
  endfacet
  facet normal 0 0 1
    outer loop
      vertex 177.59999999999999 -20 0.10000000000000001
      vertex 179.59999999999999 -10 0.10000000000000001
      vertex 177.59999999999999 -10 0.10000000000000001
    endloop
  endfacet
  facet normal 0 0 1
    outer loop
      vertex 177.59999999999999 -10 0.10000000000000001
      vertex 179.59999999999999 -10 0.10000000000000001
      vertex 179.59999999999999 0 0.10000000000000001
    endloop
  endfacet
  facet normal 0 0 1
    outer loop
      vertex 177.59999999999999 -10 0.10000000000000001
      vertex 179.59999999999999 0 0.10000000000000001
      vertex 177.59999999999999 0 0.10000000000000001
    endloop
  endfacet
  facet normal -0 0.99995000374968745 0.0099995000374968751
    outer loop
      vertex 177.59999999999999 0 0.10000000000000001
      vertex 179.59999999999999 0 0.10000000000000001
      vertex 179.59999999999999 0.001 0
    endloop
  endfacet
  facet normal 0 0.99995000374968745 0.0099995000374968751
    outer loop
      vertex 177.59999999999999 0 0.10000000000000001
      vertex 179.59999999999999 0.001 0
      vertex 177.59999999999999 0.001 0
    endloop
  endfacet
  facet normal 0 0 1
    outer loop
      vertex 177.59999999999999 0.001 0
      vertex 179.59999999999999 0.001 0
      vertex 179.59999999999999 10 0
    endloop
  endfacet
  facet normal 0 0 1
    outer loop
      vertex 177.59999999999999 0.001 0
      vertex 179.59999999999999 10 0
      vertex 177.59999999999999 10 0
    endloop
  endfacet
  facet normal 0 0 1
    outer loop
      vertex 177.59999999999999 10 0
      vertex 179.59999999999999 10 0
      vertex 179.59999999999999 20 0
    endloop
  endfacet
  facet normal 0 0 1
    outer loop
      vertex 177.59999999999999 10 0
      vertex 179.59999999999999 20 0
      vertex 177.59999999999999 20 0
    endloop
  endfacet
  facet normal 0 0 1
    outer loop
      vertex 177.59999999999999 20 0
      vertex 179.59999999999999 20 0
      vertex 179.59999999999999 40 0
    endloop
  endfacet
  facet normal 0 0 1
    outer loop
      vertex 177.59999999999999 20 0
      vertex 179.59999999999999 40 0
      vertex 177.59999999999999 40 0
    endloop
  endfacet
  facet normal 0 0 1
    outer loop
      vertex 177.59999999999999 40 0
      vertex 179.59999999999999 40 0
      vertex 179.59999999999999 60 0
    endloop
  endfacet
  facet normal 0 0 1
    outer loop
      vertex 177.59999999999999 40 0
      vertex 179.59999999999999 60 0
      vertex 177.59999999999999 60 0
    endloop
  endfacet
  facet normal 0 0 1
    outer loop
      vertex 177.59999999999999 60 0
      vertex 179.59999999999999 60 0
      vertex 179.59999999999999 80 0
    endloop
  endfacet
  facet normal 0 0 1
    outer loop
      vertex 177.59999999999999 60 0
      vertex 179.59999999999999 80 0
      vertex 177.59999999999999 80 0
    endloop
  endfacet
  facet normal 0 0 1
    outer loop
      vertex 177.59999999999999 80 0
      vertex 179.59999999999999 80 0
      vertex 179.59999999999999 100 0
    endloop
  endfacet
  facet normal 0 0 1
    outer loop
      vertex 177.59999999999999 80 0
      vertex 179.59999999999999 100 0
      vertex 177.59999999999999 100 0
    endloop
  endfacet
  facet normal 0 0 1
    outer loop
      vertex 179.59999999999999 -100 0.10000000000000001
      vertex 179.80000000000001 -100 0.10000000000000001
      vertex 179.80000000000001 -80 0.10000000000000001
    endloop
  endfacet
  facet normal 0 0 1
    outer loop
      vertex 179.59999999999999 -100 0.10000000000000001
      vertex 179.80000000000001 -80 0.10000000000000001
      vertex 179.59999999999999 -80 0.10000000000000001
    endloop
  endfacet
  facet normal 0 0 1
    outer loop
      vertex 179.59999999999999 -80 0.10000000000000001
      vertex 179.80000000000001 -80 0.10000000000000001
      vertex 179.80000000000001 -60 0.10000000000000001
    endloop
  endfacet
  facet normal 0 0 1
    outer loop
      vertex 179.59999999999999 -80 0.10000000000000001
      vertex 179.80000000000001 -60 0.10000000000000001
      vertex 179.59999999999999 -60 0.10000000000000001
    endloop
  endfacet
  facet normal 0 0 1
    outer loop
      vertex 179.59999999999999 -60 0.10000000000000001
      vertex 179.80000000000001 -60 0.10000000000000001
      vertex 179.80000000000001 -40 0.10000000000000001
    endloop
  endfacet
  facet normal 0 0 1
    outer loop
      vertex 179.59999999999999 -60 0.10000000000000001
      vertex 179.80000000000001 -40 0.10000000000000001
      vertex 179.59999999999999 -40 0.10000000000000001
    endloop
  endfacet
  facet normal 0 0 1
    outer loop
      vertex 179.59999999999999 -40 0.10000000000000001
      vertex 179.80000000000001 -40 0.10000000000000001
      vertex 179.80000000000001 -20 0.10000000000000001
    endloop
  endfacet
  facet normal 0 0 1
    outer loop
      vertex 179.59999999999999 -40 0.10000000000000001
      vertex 179.80000000000001 -20 0.10000000000000001
      vertex 179.59999999999999 -20 0.10000000000000001
    endloop
  endfacet
  facet normal 0 0 1
    outer loop
      vertex 179.59999999999999 -20 0.10000000000000001
      vertex 179.80000000000001 -20 0.10000000000000001
      vertex 179.80000000000001 -10 0.10000000000000001
    endloop
  endfacet
  facet normal 0 0 1
    outer loop
      vertex 179.59999999999999 -20 0.10000000000000001
      vertex 179.80000000000001 -10 0.10000000000000001
      vertex 179.59999999999999 -10 0.10000000000000001
    endloop
  endfacet
  facet normal 0 0 1
    outer loop
      vertex 179.59999999999999 -10 0.10000000000000001
      vertex 179.80000000000001 -10 0.10000000000000001
      vertex 179.80000000000001 0 0.10000000000000001
    endloop
  endfacet
  facet normal 0 0 1
    outer loop
      vertex 179.59999999999999 -10 0.10000000000000001
      vertex 179.80000000000001 0 0.10000000000000001
      vertex 179.59999999999999 0 0.10000000000000001
    endloop
  endfacet
  facet normal -0 0.99995000374968745 0.0099995000374968734
    outer loop
      vertex 179.59999999999999 0 0.10000000000000001
      vertex 179.80000000000001 0 0.10000000000000001
      vertex 179.80000000000001 0.001 0
    endloop
  endfacet
  facet normal 0 0.99995000374968745 0.0099995000374968734
    outer loop
      vertex 179.59999999999999 0 0.10000000000000001
      vertex 179.80000000000001 0.001 0
      vertex 179.59999999999999 0.001 0
    endloop
  endfacet
  facet normal 0 0 1
    outer loop
      vertex 179.59999999999999 0.001 0
      vertex 179.80000000000001 0.001 0
      vertex 179.80000000000001 10 0
    endloop
  endfacet
  facet normal 0 0 1
    outer loop
      vertex 179.59999999999999 0.001 0
      vertex 179.80000000000001 10 0
      vertex 179.59999999999999 10 0
    endloop
  endfacet
  facet normal 0 0 1
    outer loop
      vertex 179.59999999999999 10 0
      vertex 179.80000000000001 10 0
      vertex 179.80000000000001 20 0
    endloop
  endfacet
  facet normal 0 0 1
    outer loop
      vertex 179.59999999999999 10 0
      vertex 179.80000000000001 20 0
      vertex 179.59999999999999 20 0
    endloop
  endfacet
  facet normal 0 0 1
    outer loop
      vertex 179.59999999999999 20 0
      vertex 179.80000000000001 20 0
      vertex 179.80000000000001 40 0
    endloop
  endfacet
  facet normal 0 0 1
    outer loop
      vertex 179.59999999999999 20 0
      vertex 179.80000000000001 40 0
      vertex 179.59999999999999 40 0
    endloop
  endfacet
  facet normal 0 0 1
    outer loop
      vertex 179.59999999999999 40 0
      vertex 179.80000000000001 40 0
      vertex 179.80000000000001 60 0
    endloop
  endfacet
  facet normal 0 0 1
    outer loop
      vertex 179.59999999999999 40 0
      vertex 179.80000000000001 60 0
      vertex 179.59999999999999 60 0
    endloop
  endfacet
  facet normal 0 0 1
    outer loop
      vertex 179.59999999999999 60 0
      vertex 179.80000000000001 60 0
      vertex 179.80000000000001 80 0
    endloop
  endfacet
  facet normal 0 0 1
    outer loop
      vertex 179.59999999999999 60 0
      vertex 179.80000000000001 80 0
      vertex 179.59999999999999 80 0
    endloop
  endfacet
  facet normal 0 0 1
    outer loop
      vertex 179.59999999999999 80 0
      vertex 179.80000000000001 80 0
      vertex 179.80000000000001 100 0
    endloop
  endfacet
  facet normal 0 0 1
    outer loop
      vertex 179.59999999999999 80 0
      vertex 179.80000000000001 100 0
      vertex 179.59999999999999 100 0
    endloop
  endfacet
  facet normal 0.44721359549997824 0 0.89442719099990564
    outer loop
      vertex 179.80000000000001 -100 0.10000000000000001
      vertex 180 -100 0
      vertex 180 -80 0
    endloop
  endfacet
  facet normal 0.44721359549997824 -0 0.89442719099990564
    outer loop
      vertex 179.80000000000001 -100 0.10000000000000001
      vertex 180 -80 0
      vertex 179.80000000000001 -80 0.10000000000000001
    endloop
  endfacet
  facet normal 0.44721359549997824 0 0.89442719099990564
    outer loop
      vertex 179.80000000000001 -80 0.10000000000000001
      vertex 180 -80 0
      vertex 180 -60 0
    endloop
  endfacet
  facet normal 0.44721359549997824 -0 0.89442719099990564
    outer loop
      vertex 179.80000000000001 -80 0.10000000000000001
      vertex 180 -60 0
      vertex 179.80000000000001 -60 0.10000000000000001
    endloop
  endfacet
  facet normal 0.44721359549997824 0 0.89442719099990564
    outer loop
      vertex 179.80000000000001 -60 0.10000000000000001
      vertex 180 -60 0
      vertex 180 -40 0
    endloop
  endfacet
  facet normal 0.44721359549997824 -0 0.89442719099990564
    outer loop
      vertex 179.80000000000001 -60 0.10000000000000001
      vertex 180 -40 0
      vertex 179.80000000000001 -40 0.10000000000000001
    endloop
  endfacet
  facet normal 0.44721359549997824 0 0.89442719099990564
    outer loop
      vertex 179.80000000000001 -40 0.10000000000000001
      vertex 180 -40 0
      vertex 180 -20 0
    endloop
  endfacet
  facet normal 0.44721359549997824 -0 0.89442719099990564
    outer loop
      vertex 179.80000000000001 -40 0.10000000000000001
      vertex 180 -20 0
      vertex 179.80000000000001 -20 0.10000000000000001
    endloop
  endfacet
  facet normal 0.44721359549997824 0 0.89442719099990564
    outer loop
      vertex 179.80000000000001 -20 0.10000000000000001
      vertex 180 -20 0
      vertex 180 -10 0
    endloop
  endfacet
  facet normal 0.44721359549997824 -0 0.89442719099990564
    outer loop
      vertex 179.80000000000001 -20 0.10000000000000001
      vertex 180 -10 0
      vertex 179.80000000000001 -10 0.10000000000000001
    endloop
  endfacet
  facet normal 0.44721359549997824 0 0.89442719099990564
    outer loop
      vertex 179.80000000000001 -10 0.10000000000000001
      vertex 180 -10 0
      vertex 180 0 0
    endloop
  endfacet
  facet normal 0.44721359549997824 -0 0.89442719099990564
    outer loop
      vertex 179.80000000000001 -10 0.10000000000000001
      vertex 180 0 0
      vertex 179.80000000000001 0 0.10000000000000001
    endloop
  endfacet
  facet normal 0.44721359549997836 0 0.89442719099990575
    outer loop
      vertex 179.80000000000001 0 0.10000000000000001
      vertex 180 0 0
      vertex 180 0.001 0
    endloop
  endfacet
  facet normal 0 0.99995000374968745 0.0099995000374968734
    outer loop
      vertex 179.80000000000001 0 0.10000000000000001
      vertex 180 0.001 0
      vertex 179.80000000000001 0.001 0
    endloop
  endfacet
  facet normal 0 0 1
    outer loop
      vertex 179.80000000000001 0.001 0
      vertex 180 0.001 0
      vertex 180 10 0
    endloop
  endfacet
  facet normal 0 0 1
    outer loop
      vertex 179.80000000000001 0.001 0
      vertex 180 10 0
      vertex 179.80000000000001 10 0
    endloop
  endfacet
  facet normal 0 0 1
    outer loop
      vertex 179.80000000000001 10 0
      vertex 180 10 0
      vertex 180 20 0
    endloop
  endfacet
  facet normal 0 0 1
    outer loop
      vertex 179.80000000000001 10 0
      vertex 180 20 0
      vertex 179.80000000000001 20 0
    endloop
  endfacet
  facet normal 0 0 1
    outer loop
      vertex 179.80000000000001 20 0
      vertex 180 20 0
      vertex 180 40 0
    endloop
  endfacet
  facet normal 0 0 1
    outer loop
      vertex 179.80000000000001 20 0
      vertex 180 40 0
      vertex 179.80000000000001 40 0
    endloop
  endfacet
  facet normal 0 0 1
    outer loop
      vertex 179.80000000000001 40 0
      vertex 180 40 0
      vertex 180 60 0
    endloop
  endfacet
  facet normal 0 0 1
    outer loop
      vertex 179.80000000000001 40 0
      vertex 180 60 0
      vertex 179.80000000000001 60 0
    endloop
  endfacet
  facet normal 0 0 1
    outer loop
      vertex 179.80000000000001 60 0
      vertex 180 60 0
      vertex 180 80 0
    endloop
  endfacet
  facet normal 0 0 1
    outer loop
      vertex 179.80000000000001 60 0
      vertex 180 80 0
      vertex 179.80000000000001 80 0
    endloop
  endfacet
  facet normal 0 0 1
    outer loop
      vertex 179.80000000000001 80 0
      vertex 180 80 0
      vertex 180 100 0
    endloop
  endfacet
  facet normal 0 0 1
    outer loop
      vertex 179.80000000000001 80 0
      vertex 180 100 0
      vertex 179.80000000000001 100 0
    endloop
  endfacet
  facet normal 0 0 1
    outer loop
      vertex 180 -100 0
      vertex 180.19999999999999 -100 0
      vertex 180.19999999999999 -80 0
    endloop
  endfacet
  facet normal 0 0 1
    outer loop
      vertex 180 -100 0
      vertex 180.19999999999999 -80 0
      vertex 180 -80 0
    endloop
  endfacet
  facet normal 0 0 1
    outer loop
      vertex 180 -80 0
      vertex 180.19999999999999 -80 0
      vertex 180.19999999999999 -60 0
    endloop
  endfacet
  facet normal 0 0 1
    outer loop
      vertex 180 -80 0
      vertex 180.19999999999999 -60 0
      vertex 180 -60 0
    endloop
  endfacet
  facet normal 0 0 1
    outer loop
      vertex 180 -60 0
      vertex 180.19999999999999 -60 0
      vertex 180.19999999999999 -40 0
    endloop
  endfacet
  facet normal 0 0 1
    outer loop
      vertex 180 -60 0
      vertex 180.19999999999999 -40 0
      vertex 180 -40 0
    endloop
  endfacet
  facet normal 0 0 1
    outer loop
      vertex 180 -40 0
      vertex 180.19999999999999 -40 0
      vertex 180.19999999999999 -20 0
    endloop
  endfacet
  facet normal 0 0 1
    outer loop
      vertex 180 -40 0
      vertex 180.19999999999999 -20 0
      vertex 180 -20 0
    endloop
  endfacet
  facet normal 0 0 1
    outer loop
      vertex 180 -20 0
      vertex 180.19999999999999 -20 0
      vertex 180.19999999999999 -10 0
    endloop
  endfacet
  facet normal 0 0 1
    outer loop
      vertex 180 -20 0
      vertex 180.19999999999999 -10 0
      vertex 180 -10 0
    endloop
  endfacet
  facet normal 0 0 1
    outer loop
      vertex 180 -10 0
      vertex 180.19999999999999 -10 0
      vertex 180.19999999999999 0 0
    endloop
  endfacet
  facet normal 0 0 1
    outer loop
      vertex 180 -10 0
      vertex 180.19999999999999 0 0
      vertex 180 0 0
    endloop
  endfacet
  facet normal 0 0 1
    outer loop
      vertex 180 0 0
      vertex 180.19999999999999 0 0
      vertex 180.19999999999999 0.001 0
    endloop
  endfacet
  facet normal 0 0 1
    outer loop
      vertex 180 0 0
      vertex 180.19999999999999 0.001 0
      vertex 180 0.001 0
    endloop
  endfacet
  facet normal 0 0 1
    outer loop
      vertex 180 0.001 0
      vertex 180.19999999999999 0.001 0
      vertex 180.19999999999999 10 0
    endloop
  endfacet
  facet normal 0 0 1
    outer loop
      vertex 180 0.001 0
      vertex 180.19999999999999 10 0
      vertex 180 10 0
    endloop
  endfacet
  facet normal 0 0 1
    outer loop
      vertex 180 10 0
      vertex 180.19999999999999 10 0
      vertex 180.19999999999999 20 0
    endloop
  endfacet
  facet normal 0 0 1
    outer loop
      vertex 180 10 0
      vertex 180.19999999999999 20 0
      vertex 180 20 0
    endloop
  endfacet
  facet normal 0 0 1
    outer loop
      vertex 180 20 0
      vertex 180.19999999999999 20 0
      vertex 180.19999999999999 40 0
    endloop
  endfacet
  facet normal 0 0 1
    outer loop
      vertex 180 20 0
      vertex 180.19999999999999 40 0
      vertex 180 40 0
    endloop
  endfacet
  facet normal 0 0 1
    outer loop
      vertex 180 40 0
      vertex 180.19999999999999 40 0
      vertex 180.19999999999999 60 0
    endloop
  endfacet
  facet normal 0 0 1
    outer loop
      vertex 180 40 0
      vertex 180.19999999999999 60 0
      vertex 180 60 0
    endloop
  endfacet
  facet normal 0 0 1
    outer loop
      vertex 180 60 0
      vertex 180.19999999999999 60 0
      vertex 180.19999999999999 80 0
    endloop
  endfacet
  facet normal 0 0 1
    outer loop
      vertex 180 60 0
      vertex 180.19999999999999 80 0
      vertex 180 80 0
    endloop
  endfacet
  facet normal 0 0 1
    outer loop
      vertex 180 80 0
      vertex 180.19999999999999 80 0
      vertex 180.19999999999999 100 0
    endloop
  endfacet
  facet normal 0 0 1
    outer loop
      vertex 180 80 0
      vertex 180.19999999999999 100 0
      vertex 180 100 0
    endloop
  endfacet
  facet normal 0 0 1
    outer loop
      vertex 180.19999999999999 -100 0
      vertex 180.40000000000001 -100 0
      vertex 180.40000000000001 -80 0
    endloop
  endfacet
  facet normal 0 0 1
    outer loop
      vertex 180.19999999999999 -100 0
      vertex 180.40000000000001 -80 0
      vertex 180.19999999999999 -80 0
    endloop
  endfacet
  facet normal 0 0 1
    outer loop
      vertex 180.19999999999999 -80 0
      vertex 180.40000000000001 -80 0
      vertex 180.40000000000001 -60 0
    endloop
  endfacet
  facet normal 0 0 1
    outer loop
      vertex 180.19999999999999 -80 0
      vertex 180.40000000000001 -60 0
      vertex 180.19999999999999 -60 0
    endloop
  endfacet
  facet normal 0 0 1
    outer loop
      vertex 180.19999999999999 -60 0
      vertex 180.40000000000001 -60 0
      vertex 180.40000000000001 -40 0
    endloop
  endfacet
  facet normal 0 0 1
    outer loop
      vertex 180.19999999999999 -60 0
      vertex 180.40000000000001 -40 0
      vertex 180.19999999999999 -40 0
    endloop
  endfacet
  facet normal 0 0 1
    outer loop
      vertex 180.19999999999999 -40 0
      vertex 180.40000000000001 -40 0
      vertex 180.40000000000001 -20 0
    endloop
  endfacet
  facet normal 0 0 1
    outer loop
      vertex 180.19999999999999 -40 0
      vertex 180.40000000000001 -20 0
      vertex 180.19999999999999 -20 0
    endloop
  endfacet
  facet normal 0 0 1
    outer loop
      vertex 180.19999999999999 -20 0
      vertex 180.40000000000001 -20 0
      vertex 180.40000000000001 -10 0
    endloop
  endfacet
  facet normal 0 0 1
    outer loop
      vertex 180.19999999999999 -20 0
      vertex 180.40000000000001 -10 0
      vertex 180.19999999999999 -10 0
    endloop
  endfacet
  facet normal 0 0 1
    outer loop
      vertex 180.19999999999999 -10 0
      vertex 180.40000000000001 -10 0
      vertex 180.40000000000001 0 0
    endloop
  endfacet
  facet normal 0 0 1
    outer loop
      vertex 180.19999999999999 -10 0
      vertex 180.40000000000001 0 0
      vertex 180.19999999999999 0 0
    endloop
  endfacet
  facet normal 0 0 1
    outer loop
      vertex 180.19999999999999 0 0
      vertex 180.40000000000001 0 0
      vertex 180.40000000000001 0.001 0
    endloop
  endfacet
  facet normal 0 0 1
    outer loop
      vertex 180.19999999999999 0 0
      vertex 180.40000000000001 0.001 0
      vertex 180.19999999999999 0.001 0
    endloop
  endfacet
  facet normal 0 0 1
    outer loop
      vertex 180.19999999999999 0.001 0
      vertex 180.40000000000001 0.001 0
      vertex 180.40000000000001 10 0
    endloop
  endfacet
  facet normal 0 0 1
    outer loop
      vertex 180.19999999999999 0.001 0
      vertex 180.40000000000001 10 0
      vertex 180.19999999999999 10 0
    endloop
  endfacet
  facet normal 0 0 1
    outer loop
      vertex 180.19999999999999 10 0
      vertex 180.40000000000001 10 0
      vertex 180.40000000000001 20 0
    endloop
  endfacet
  facet normal 0 0 1
    outer loop
      vertex 180.19999999999999 10 0
      vertex 180.40000000000001 20 0
      vertex 180.19999999999999 20 0
    endloop
  endfacet
  facet normal 0 0 1
    outer loop
      vertex 180.19999999999999 20 0
      vertex 180.40000000000001 20 0
      vertex 180.40000000000001 40 0
    endloop
  endfacet
  facet normal 0 0 1
    outer loop
      vertex 180.19999999999999 20 0
      vertex 180.40000000000001 40 0
      vertex 180.19999999999999 40 0
    endloop
  endfacet
  facet normal 0 0 1
    outer loop
      vertex 180.19999999999999 40 0
      vertex 180.40000000000001 40 0
      vertex 180.40000000000001 60 0
    endloop
  endfacet
  facet normal 0 0 1
    outer loop
      vertex 180.19999999999999 40 0
      vertex 180.40000000000001 60 0
      vertex 180.19999999999999 60 0
    endloop
  endfacet
  facet normal 0 0 1
    outer loop
      vertex 180.19999999999999 60 0
      vertex 180.40000000000001 60 0
      vertex 180.40000000000001 80 0
    endloop
  endfacet
  facet normal 0 0 1
    outer loop
      vertex 180.19999999999999 60 0
      vertex 180.40000000000001 80 0
      vertex 180.19999999999999 80 0
    endloop
  endfacet
  facet normal 0 0 1
    outer loop
      vertex 180.19999999999999 80 0
      vertex 180.40000000000001 80 0
      vertex 180.40000000000001 100 0
    endloop
  endfacet
  facet normal 0 0 1
    outer loop
      vertex 180.19999999999999 80 0
      vertex 180.40000000000001 100 0
      vertex 180.19999999999999 100 0
    endloop
  endfacet
  facet normal 0 0 1
    outer loop
      vertex 180.40000000000001 -100 0
      vertex 180.59999999999999 -100 0
      vertex 180.59999999999999 -80 0
    endloop
  endfacet
  facet normal 0 0 1
    outer loop
      vertex 180.40000000000001 -100 0
      vertex 180.59999999999999 -80 0
      vertex 180.40000000000001 -80 0
    endloop
  endfacet
  facet normal 0 0 1
    outer loop
      vertex 180.40000000000001 -80 0
      vertex 180.59999999999999 -80 0
      vertex 180.59999999999999 -60 0
    endloop
  endfacet
  facet normal 0 0 1
    outer loop
      vertex 180.40000000000001 -80 0
      vertex 180.59999999999999 -60 0
      vertex 180.40000000000001 -60 0
    endloop
  endfacet
  facet normal 0 0 1
    outer loop
      vertex 180.40000000000001 -60 0
      vertex 180.59999999999999 -60 0
      vertex 180.59999999999999 -40 0
    endloop
  endfacet
  facet normal 0 0 1
    outer loop
      vertex 180.40000000000001 -60 0
      vertex 180.59999999999999 -40 0
      vertex 180.40000000000001 -40 0
    endloop
  endfacet
  facet normal 0 0 1
    outer loop
      vertex 180.40000000000001 -40 0
      vertex 180.59999999999999 -40 0
      vertex 180.59999999999999 -20 0
    endloop
  endfacet
  facet normal 0 0 1
    outer loop
      vertex 180.40000000000001 -40 0
      vertex 180.59999999999999 -20 0
      vertex 180.40000000000001 -20 0
    endloop
  endfacet
  facet normal 0 0 1
    outer loop
      vertex 180.40000000000001 -20 0
      vertex 180.59999999999999 -20 0
      vertex 180.59999999999999 -10 0
    endloop
  endfacet
  facet normal 0 0 1
    outer loop
      vertex 180.40000000000001 -20 0
      vertex 180.59999999999999 -10 0
      vertex 180.40000000000001 -10 0
    endloop
  endfacet
  facet normal 0 0 1
    outer loop
      vertex 180.40000000000001 -10 0
      vertex 180.59999999999999 -10 0
      vertex 180.59999999999999 0 0
    endloop
  endfacet
  facet normal 0 0 1
    outer loop
      vertex 180.40000000000001 -10 0
      vertex 180.59999999999999 0 0
      vertex 180.40000000000001 0 0
    endloop
  endfacet
  facet normal 0 0 1
    outer loop
      vertex 180.40000000000001 0 0
      vertex 180.59999999999999 0 0
      vertex 180.59999999999999 0.001 0
    endloop
  endfacet
  facet normal 0 0 1
    outer loop
      vertex 180.40000000000001 0 0
      vertex 180.59999999999999 0.001 0
      vertex 180.40000000000001 0.001 0
    endloop
  endfacet
  facet normal 0 0 1
    outer loop
      vertex 180.40000000000001 0.001 0
      vertex 180.59999999999999 0.001 0
      vertex 180.59999999999999 10 0
    endloop
  endfacet
  facet normal 0 0 1
    outer loop
      vertex 180.40000000000001 0.001 0
      vertex 180.59999999999999 10 0
      vertex 180.40000000000001 10 0
    endloop
  endfacet
  facet normal 0 0 1
    outer loop
      vertex 180.40000000000001 10 0
      vertex 180.59999999999999 10 0
      vertex 180.59999999999999 20 0
    endloop
  endfacet
  facet normal 0 0 1
    outer loop
      vertex 180.40000000000001 10 0
      vertex 180.59999999999999 20 0
      vertex 180.40000000000001 20 0
    endloop
  endfacet
  facet normal 0 0 1
    outer loop
      vertex 180.40000000000001 20 0
      vertex 180.59999999999999 20 0
      vertex 180.59999999999999 40 0
    endloop
  endfacet
  facet normal 0 0 1
    outer loop
      vertex 180.40000000000001 20 0
      vertex 180.59999999999999 40 0
      vertex 180.40000000000001 40 0
    endloop
  endfacet
  facet normal 0 0 1
    outer loop
      vertex 180.40000000000001 40 0
      vertex 180.59999999999999 40 0
      vertex 180.59999999999999 60 0
    endloop
  endfacet
  facet normal 0 0 1
    outer loop
      vertex 180.40000000000001 40 0
      vertex 180.59999999999999 60 0
      vertex 180.40000000000001 60 0
    endloop
  endfacet
  facet normal 0 0 1
    outer loop
      vertex 180.40000000000001 60 0
      vertex 180.59999999999999 60 0
      vertex 180.59999999999999 80 0
    endloop
  endfacet
  facet normal 0 0 1
    outer loop
      vertex 180.40000000000001 60 0
      vertex 180.59999999999999 80 0
      vertex 180.40000000000001 80 0
    endloop
  endfacet
  facet normal 0 0 1
    outer loop
      vertex 180.40000000000001 80 0
      vertex 180.59999999999999 80 0
      vertex 180.59999999999999 100 0
    endloop
  endfacet
  facet normal 0 0 1
    outer loop
      vertex 180.40000000000001 80 0
      vertex 180.59999999999999 100 0
      vertex 180.40000000000001 100 0
    endloop
  endfacet
  facet normal 0 0 1
    outer loop
      vertex 180.59999999999999 -100 0
      vertex 180.80000000000001 -100 0
      vertex 180.80000000000001 -80 0
    endloop
  endfacet
  facet normal 0 0 1
    outer loop
      vertex 180.59999999999999 -100 0
      vertex 180.80000000000001 -80 0
      vertex 180.59999999999999 -80 0
    endloop
  endfacet
  facet normal 0 0 1
    outer loop
      vertex 180.59999999999999 -80 0
      vertex 180.80000000000001 -80 0
      vertex 180.80000000000001 -60 0
    endloop
  endfacet
  facet normal 0 0 1
    outer loop
      vertex 180.59999999999999 -80 0
      vertex 180.80000000000001 -60 0
      vertex 180.59999999999999 -60 0
    endloop
  endfacet
  facet normal 0 0 1
    outer loop
      vertex 180.59999999999999 -60 0
      vertex 180.80000000000001 -60 0
      vertex 180.80000000000001 -40 0
    endloop
  endfacet
  facet normal 0 0 1
    outer loop
      vertex 180.59999999999999 -60 0
      vertex 180.80000000000001 -40 0
      vertex 180.59999999999999 -40 0
    endloop
  endfacet
  facet normal 0 0 1
    outer loop
      vertex 180.59999999999999 -40 0
      vertex 180.80000000000001 -40 0
      vertex 180.80000000000001 -20 0
    endloop
  endfacet
  facet normal 0 0 1
    outer loop
      vertex 180.59999999999999 -40 0
      vertex 180.80000000000001 -20 0
      vertex 180.59999999999999 -20 0
    endloop
  endfacet
  facet normal 0 0 1
    outer loop
      vertex 180.59999999999999 -20 0
      vertex 180.80000000000001 -20 0
      vertex 180.80000000000001 -10 0
    endloop
  endfacet
  facet normal 0 0 1
    outer loop
      vertex 180.59999999999999 -20 0
      vertex 180.80000000000001 -10 0
      vertex 180.59999999999999 -10 0
    endloop
  endfacet
  facet normal 0 0 1
    outer loop
      vertex 180.59999999999999 -10 0
      vertex 180.80000000000001 -10 0
      vertex 180.80000000000001 0 0
    endloop
  endfacet
  facet normal 0 0 1
    outer loop
      vertex 180.59999999999999 -10 0
      vertex 180.80000000000001 0 0
      vertex 180.59999999999999 0 0
    endloop
  endfacet
  facet normal 0 0 1
    outer loop
      vertex 180.59999999999999 0 0
      vertex 180.80000000000001 0 0
      vertex 180.80000000000001 0.001 0
    endloop
  endfacet
  facet normal 0 0 1
    outer loop
      vertex 180.59999999999999 0 0
      vertex 180.80000000000001 0.001 0
      vertex 180.59999999999999 0.001 0
    endloop
  endfacet
  facet normal 0 0 1
    outer loop
      vertex 180.59999999999999 0.001 0
      vertex 180.80000000000001 0.001 0
      vertex 180.80000000000001 10 0
    endloop
  endfacet
  facet normal 0 0 1
    outer loop
      vertex 180.59999999999999 0.001 0
      vertex 180.80000000000001 10 0
      vertex 180.59999999999999 10 0
    endloop
  endfacet
  facet normal 0 0 1
    outer loop
      vertex 180.59999999999999 10 0
      vertex 180.80000000000001 10 0
      vertex 180.80000000000001 20 0
    endloop
  endfacet
  facet normal 0 0 1
    outer loop
      vertex 180.59999999999999 10 0
      vertex 180.80000000000001 20 0
      vertex 180.59999999999999 20 0
    endloop
  endfacet
  facet normal 0 0 1
    outer loop
      vertex 180.59999999999999 20 0
      vertex 180.80000000000001 20 0
      vertex 180.80000000000001 40 0
    endloop
  endfacet
  facet normal 0 0 1
    outer loop
      vertex 180.59999999999999 20 0
      vertex 180.80000000000001 40 0
      vertex 180.59999999999999 40 0
    endloop
  endfacet
  facet normal 0 0 1
    outer loop
      vertex 180.59999999999999 40 0
      vertex 180.80000000000001 40 0
      vertex 180.80000000000001 60 0
    endloop
  endfacet
  facet normal 0 0 1
    outer loop
      vertex 180.59999999999999 40 0
      vertex 180.80000000000001 60 0
      vertex 180.59999999999999 60 0
    endloop
  endfacet
  facet normal 0 0 1
    outer loop
      vertex 180.59999999999999 60 0
      vertex 180.80000000000001 60 0
      vertex 180.80000000000001 80 0
    endloop
  endfacet
  facet normal 0 0 1
    outer loop
      vertex 180.59999999999999 60 0
      vertex 180.80000000000001 80 0
      vertex 180.59999999999999 80 0
    endloop
  endfacet
  facet normal 0 0 1
    outer loop
      vertex 180.59999999999999 80 0
      vertex 180.80000000000001 80 0
      vertex 180.80000000000001 100 0
    endloop
  endfacet
  facet normal 0 0 1
    outer loop
      vertex 180.59999999999999 80 0
      vertex 180.80000000000001 100 0
      vertex 180.59999999999999 100 0
    endloop
  endfacet
  facet normal 0 0 1
    outer loop
      vertex 180.80000000000001 -100 0
      vertex 190.80000000000001 -100 0
      vertex 190.80000000000001 -80 0
    endloop
  endfacet
  facet normal 0 0 1
    outer loop
      vertex 180.80000000000001 -100 0
      vertex 190.80000000000001 -80 0
      vertex 180.80000000000001 -80 0
    endloop
  endfacet
  facet normal 0 0 1
    outer loop
      vertex 180.80000000000001 -80 0
      vertex 190.80000000000001 -80 0
      vertex 190.80000000000001 -60 0
    endloop
  endfacet
  facet normal 0 0 1
    outer loop
      vertex 180.80000000000001 -80 0
      vertex 190.80000000000001 -60 0
      vertex 180.80000000000001 -60 0
    endloop
  endfacet
  facet normal 0 0 1
    outer loop
      vertex 180.80000000000001 -60 0
      vertex 190.80000000000001 -60 0
      vertex 190.80000000000001 -40 0
    endloop
  endfacet
  facet normal 0 0 1
    outer loop
      vertex 180.80000000000001 -60 0
      vertex 190.80000000000001 -40 0
      vertex 180.80000000000001 -40 0
    endloop
  endfacet
  facet normal 0 0 1
    outer loop
      vertex 180.80000000000001 -40 0
      vertex 190.80000000000001 -40 0
      vertex 190.80000000000001 -20 0
    endloop
  endfacet
  facet normal 0 0 1
    outer loop
      vertex 180.80000000000001 -40 0
      vertex 190.80000000000001 -20 0
      vertex 180.80000000000001 -20 0
    endloop
  endfacet
  facet normal 0 0 1
    outer loop
      vertex 180.80000000000001 -20 0
      vertex 190.80000000000001 -20 0
      vertex 190.80000000000001 -10 0
    endloop
  endfacet
  facet normal 0 0 1
    outer loop
      vertex 180.80000000000001 -20 0
      vertex 190.80000000000001 -10 0
      vertex 180.80000000000001 -10 0
    endloop
  endfacet
  facet normal 0 0 1
    outer loop
      vertex 180.80000000000001 -10 0
      vertex 190.80000000000001 -10 0
      vertex 190.80000000000001 0 0
    endloop
  endfacet
  facet normal 0 0 1
    outer loop
      vertex 180.80000000000001 -10 0
      vertex 190.80000000000001 0 0
      vertex 180.80000000000001 0 0
    endloop
  endfacet
  facet normal 0 0 1
    outer loop
      vertex 180.80000000000001 0 0
      vertex 190.80000000000001 0 0
      vertex 190.80000000000001 0.001 0
    endloop
  endfacet
  facet normal 0 0 1
    outer loop
      vertex 180.80000000000001 0 0
      vertex 190.80000000000001 0.001 0
      vertex 180.80000000000001 0.001 0
    endloop
  endfacet
  facet normal 0 0 1
    outer loop
      vertex 180.80000000000001 0.001 0
      vertex 190.80000000000001 0.001 0
      vertex 190.80000000000001 10 0
    endloop
  endfacet
  facet normal 0 0 1
    outer loop
      vertex 180.80000000000001 0.001 0
      vertex 190.80000000000001 10 0
      vertex 180.80000000000001 10 0
    endloop
  endfacet
  facet normal 0 0 1
    outer loop
      vertex 180.80000000000001 10 0
      vertex 190.80000000000001 10 0
      vertex 190.80000000000001 20 0
    endloop
  endfacet
  facet normal 0 0 1
    outer loop
      vertex 180.80000000000001 10 0
      vertex 190.80000000000001 20 0
      vertex 180.80000000000001 20 0
    endloop
  endfacet
  facet normal 0 0 1
    outer loop
      vertex 180.80000000000001 20 0
      vertex 190.80000000000001 20 0
      vertex 190.80000000000001 40 0
    endloop
  endfacet
  facet normal 0 0 1
    outer loop
      vertex 180.80000000000001 20 0
      vertex 190.80000000000001 40 0
      vertex 180.80000000000001 40 0
    endloop
  endfacet
  facet normal 0 0 1
    outer loop
      vertex 180.80000000000001 40 0
      vertex 190.80000000000001 40 0
      vertex 190.80000000000001 60 0
    endloop
  endfacet
  facet normal 0 0 1
    outer loop
      vertex 180.80000000000001 40 0
      vertex 190.80000000000001 60 0
      vertex 180.80000000000001 60 0
    endloop
  endfacet
  facet normal 0 0 1
    outer loop
      vertex 180.80000000000001 60 0
      vertex 190.80000000000001 60 0
      vertex 190.80000000000001 80 0
    endloop
  endfacet
  facet normal 0 0 1
    outer loop
      vertex 180.80000000000001 60 0
      vertex 190.80000000000001 80 0
      vertex 180.80000000000001 80 0
    endloop
  endfacet
  facet normal 0 0 1
    outer loop
      vertex 180.80000000000001 80 0
      vertex 190.80000000000001 80 0
      vertex 190.80000000000001 100 0
    endloop
  endfacet
  facet normal 0 0 1
    outer loop
      vertex 180.80000000000001 80 0
      vertex 190.80000000000001 100 0
      vertex 180.80000000000001 100 0
    endloop
  endfacet
  facet normal 0 0 1
    outer loop
      vertex 190.80000000000001 -100 0
      vertex 191 -100 0
      vertex 191 -80 0
    endloop
  endfacet
  facet normal 0 0 1
    outer loop
      vertex 190.80000000000001 -100 0
      vertex 191 -80 0
      vertex 190.80000000000001 -80 0
    endloop
  endfacet
  facet normal 0 0 1
    outer loop
      vertex 190.80000000000001 -80 0
      vertex 191 -80 0
      vertex 191 -60 0
    endloop
  endfacet
  facet normal 0 0 1
    outer loop
      vertex 190.80000000000001 -80 0
      vertex 191 -60 0
      vertex 190.80000000000001 -60 0
    endloop
  endfacet
  facet normal 0 0 1
    outer loop
      vertex 190.80000000000001 -60 0
      vertex 191 -60 0
      vertex 191 -40 0
    endloop
  endfacet
  facet normal 0 0 1
    outer loop
      vertex 190.80000000000001 -60 0
      vertex 191 -40 0
      vertex 190.80000000000001 -40 0
    endloop
  endfacet
  facet normal 0 0 1
    outer loop
      vertex 190.80000000000001 -40 0
      vertex 191 -40 0
      vertex 191 -20 0
    endloop
  endfacet
  facet normal 0 0 1
    outer loop
      vertex 190.80000000000001 -40 0
      vertex 191 -20 0
      vertex 190.80000000000001 -20 0
    endloop
  endfacet
  facet normal 0 0 1
    outer loop
      vertex 190.80000000000001 -20 0
      vertex 191 -20 0
      vertex 191 -10 0
    endloop
  endfacet
  facet normal 0 0 1
    outer loop
      vertex 190.80000000000001 -20 0
      vertex 191 -10 0
      vertex 190.80000000000001 -10 0
    endloop
  endfacet
  facet normal 0 0 1
    outer loop
      vertex 190.80000000000001 -10 0
      vertex 191 -10 0
      vertex 191 0 0
    endloop
  endfacet
  facet normal 0 0 1
    outer loop
      vertex 190.80000000000001 -10 0
      vertex 191 0 0
      vertex 190.80000000000001 0 0
    endloop
  endfacet
  facet normal 0 -0.99995000374968745 0.0099995000374968734
    outer loop
      vertex 190.80000000000001 0 0
      vertex 191 0 0
      vertex 191 0.001 0.10000000000000001
    endloop
  endfacet
  facet normal -0.44721359549997836 0 0.89442719099990575
    outer loop
      vertex 190.80000000000001 0 0
      vertex 191 0.001 0.10000000000000001
      vertex 190.80000000000001 0.001 0
    endloop
  endfacet
  facet normal -0.4472135954999783 0 0.89442719099990564
    outer loop
      vertex 190.80000000000001 0.001 0
      vertex 191 0.001 0.10000000000000001
      vertex 191 10 0.10000000000000001
    endloop
  endfacet
  facet normal -0.4472135954999783 0 0.89442719099990564
    outer loop
      vertex 190.80000000000001 0.001 0
      vertex 191 10 0.10000000000000001
      vertex 190.80000000000001 10 0
    endloop
  endfacet
  facet normal -0.44721359549997824 0 0.89442719099990564
    outer loop
      vertex 190.80000000000001 10 0
      vertex 191 10 0.10000000000000001
      vertex 191 20 0.10000000000000001
    endloop
  endfacet
  facet normal -0.44721359549997824 0 0.89442719099990564
    outer loop
      vertex 190.80000000000001 10 0
      vertex 191 20 0.10000000000000001
      vertex 190.80000000000001 20 0
    endloop
  endfacet
  facet normal -0.44721359549997824 0 0.89442719099990564
    outer loop
      vertex 190.80000000000001 20 0
      vertex 191 20 0.10000000000000001
      vertex 191 40 0.10000000000000001
    endloop
  endfacet
  facet normal -0.44721359549997824 0 0.89442719099990564
    outer loop
      vertex 190.80000000000001 20 0
      vertex 191 40 0.10000000000000001
      vertex 190.80000000000001 40 0
    endloop
  endfacet
  facet normal -0.44721359549997824 0 0.89442719099990564
    outer loop
      vertex 190.80000000000001 40 0
      vertex 191 40 0.10000000000000001
      vertex 191 60 0.10000000000000001
    endloop
  endfacet
  facet normal -0.44721359549997824 0 0.89442719099990564
    outer loop
      vertex 190.80000000000001 40 0
      vertex 191 60 0.10000000000000001
      vertex 190.80000000000001 60 0
    endloop
  endfacet
  facet normal -0.44721359549997824 0 0.89442719099990564
    outer loop
      vertex 190.80000000000001 60 0
      vertex 191 60 0.10000000000000001
      vertex 191 80 0.10000000000000001
    endloop
  endfacet
  facet normal -0.44721359549997824 0 0.89442719099990564
    outer loop
      vertex 190.80000000000001 60 0
      vertex 191 80 0.10000000000000001
      vertex 190.80000000000001 80 0
    endloop
  endfacet
  facet normal -0.44721359549997824 0 0.89442719099990564
    outer loop
      vertex 190.80000000000001 80 0
      vertex 191 80 0.10000000000000001
      vertex 191 100 0.10000000000000001
    endloop
  endfacet
  facet normal -0.44721359549997824 0 0.89442719099990564
    outer loop
      vertex 190.80000000000001 80 0
      vertex 191 100 0.10000000000000001
      vertex 190.80000000000001 100 0
    endloop
  endfacet
  facet normal 0 0 1
    outer loop
      vertex 191 -100 0
      vertex 191.19999999999999 -100 0
      vertex 191.19999999999999 -80 0
    endloop
  endfacet
  facet normal 0 0 1
    outer loop
      vertex 191 -100 0
      vertex 191.19999999999999 -80 0
      vertex 191 -80 0
    endloop
  endfacet
  facet normal 0 0 1
    outer loop
      vertex 191 -80 0
      vertex 191.19999999999999 -80 0
      vertex 191.19999999999999 -60 0
    endloop
  endfacet
  facet normal 0 0 1
    outer loop
      vertex 191 -80 0
      vertex 191.19999999999999 -60 0
      vertex 191 -60 0
    endloop
  endfacet
  facet normal 0 0 1
    outer loop
      vertex 191 -60 0
      vertex 191.19999999999999 -60 0
      vertex 191.19999999999999 -40 0
    endloop
  endfacet
  facet normal 0 0 1
    outer loop
      vertex 191 -60 0
      vertex 191.19999999999999 -40 0
      vertex 191 -40 0
    endloop
  endfacet
  facet normal 0 0 1
    outer loop
      vertex 191 -40 0
      vertex 191.19999999999999 -40 0
      vertex 191.19999999999999 -20 0
    endloop
  endfacet
  facet normal 0 0 1
    outer loop
      vertex 191 -40 0
      vertex 191.19999999999999 -20 0
      vertex 191 -20 0
    endloop
  endfacet
  facet normal 0 0 1
    outer loop
      vertex 191 -20 0
      vertex 191.19999999999999 -20 0
      vertex 191.19999999999999 -10 0
    endloop
  endfacet
  facet normal 0 0 1
    outer loop
      vertex 191 -20 0
      vertex 191.19999999999999 -10 0
      vertex 191 -10 0
    endloop
  endfacet
  facet normal 0 0 1
    outer loop
      vertex 191 -10 0
      vertex 191.19999999999999 -10 0
      vertex 191.19999999999999 0 0
    endloop
  endfacet
  facet normal 0 0 1
    outer loop
      vertex 191 -10 0
      vertex 191.19999999999999 0 0
      vertex 191 0 0
    endloop
  endfacet
  facet normal 0 -0.99995000374968745 0.0099995000374968734
    outer loop
      vertex 191 0 0
      vertex 191.19999999999999 0 0
      vertex 191.19999999999999 0.001 0.10000000000000001
    endloop
  endfacet
  facet normal 0 -0.99995000374968745 0.0099995000374968734
    outer loop
      vertex 191 0 0
      vertex 191.19999999999999 0.001 0.10000000000000001
      vertex 191 0.001 0.10000000000000001
    endloop
  endfacet
  facet normal 0 0 1
    outer loop
      vertex 191 0.001 0.10000000000000001
      vertex 191.19999999999999 0.001 0.10000000000000001
      vertex 191.19999999999999 10 0.10000000000000001
    endloop
  endfacet
  facet normal 0 0 1
    outer loop
      vertex 191 0.001 0.10000000000000001
      vertex 191.19999999999999 10 0.10000000000000001
      vertex 191 10 0.10000000000000001
    endloop
  endfacet
  facet normal 0 0 1
    outer loop
      vertex 191 10 0.10000000000000001
      vertex 191.19999999999999 10 0.10000000000000001
      vertex 191.19999999999999 20 0.10000000000000001
    endloop
  endfacet
  facet normal 0 0 1
    outer loop
      vertex 191 10 0.10000000000000001
      vertex 191.19999999999999 20 0.10000000000000001
      vertex 191 20 0.10000000000000001
    endloop
  endfacet
  facet normal 0 0 1
    outer loop
      vertex 191 20 0.10000000000000001
      vertex 191.19999999999999 20 0.10000000000000001
      vertex 191.19999999999999 40 0.10000000000000001
    endloop
  endfacet
  facet normal 0 0 1
    outer loop
      vertex 191 20 0.10000000000000001
      vertex 191.19999999999999 40 0.10000000000000001
      vertex 191 40 0.10000000000000001
    endloop
  endfacet
  facet normal 0 0 1
    outer loop
      vertex 191 40 0.10000000000000001
      vertex 191.19999999999999 40 0.10000000000000001
      vertex 191.19999999999999 60 0.10000000000000001
    endloop
  endfacet
  facet normal 0 0 1
    outer loop
      vertex 191 40 0.10000000000000001
      vertex 191.19999999999999 60 0.10000000000000001
      vertex 191 60 0.10000000000000001
    endloop
  endfacet
  facet normal 0 0 1
    outer loop
      vertex 191 60 0.10000000000000001
      vertex 191.19999999999999 60 0.10000000000000001
      vertex 191.19999999999999 80 0.10000000000000001
    endloop
  endfacet
  facet normal 0 0 1
    outer loop
      vertex 191 60 0.10000000000000001
      vertex 191.19999999999999 80 0.10000000000000001
      vertex 191 80 0.10000000000000001
    endloop
  endfacet
  facet normal 0 0 1
    outer loop
      vertex 191 80 0.10000000000000001
      vertex 191.19999999999999 80 0.10000000000000001
      vertex 191.19999999999999 100 0.10000000000000001
    endloop
  endfacet
  facet normal 0 0 1
    outer loop
      vertex 191 80 0.10000000000000001
      vertex 191.19999999999999 100 0.10000000000000001
      vertex 191 100 0.10000000000000001
    endloop
  endfacet
  facet normal 0 0 1
    outer loop
      vertex 191.19999999999999 -100 0
      vertex 191.40000000000001 -100 0
      vertex 191.40000000000001 -80 0
    endloop
  endfacet
  facet normal 0 0 1
    outer loop
      vertex 191.19999999999999 -100 0
      vertex 191.40000000000001 -80 0
      vertex 191.19999999999999 -80 0
    endloop
  endfacet
  facet normal 0 0 1
    outer loop
      vertex 191.19999999999999 -80 0
      vertex 191.40000000000001 -80 0
      vertex 191.40000000000001 -60 0
    endloop
  endfacet
  facet normal 0 0 1
    outer loop
      vertex 191.19999999999999 -80 0
      vertex 191.40000000000001 -60 0
      vertex 191.19999999999999 -60 0
    endloop
  endfacet
  facet normal 0 0 1
    outer loop
      vertex 191.19999999999999 -60 0
      vertex 191.40000000000001 -60 0
      vertex 191.40000000000001 -40 0
    endloop
  endfacet
  facet normal 0 0 1
    outer loop
      vertex 191.19999999999999 -60 0
      vertex 191.40000000000001 -40 0
      vertex 191.19999999999999 -40 0
    endloop
  endfacet
  facet normal 0 0 1
    outer loop
      vertex 191.19999999999999 -40 0
      vertex 191.40000000000001 -40 0
      vertex 191.40000000000001 -20 0
    endloop
  endfacet
  facet normal 0 0 1
    outer loop
      vertex 191.19999999999999 -40 0
      vertex 191.40000000000001 -20 0
      vertex 191.19999999999999 -20 0
    endloop
  endfacet
  facet normal 0 0 1
    outer loop
      vertex 191.19999999999999 -20 0
      vertex 191.40000000000001 -20 0
      vertex 191.40000000000001 -10 0
    endloop
  endfacet
  facet normal 0 0 1
    outer loop
      vertex 191.19999999999999 -20 0
      vertex 191.40000000000001 -10 0
      vertex 191.19999999999999 -10 0
    endloop
  endfacet
  facet normal 0 0 1
    outer loop
      vertex 191.19999999999999 -10 0
      vertex 191.40000000000001 -10 0
      vertex 191.40000000000001 0 0
    endloop
  endfacet
  facet normal 0 0 1
    outer loop
      vertex 191.19999999999999 -10 0
      vertex 191.40000000000001 0 0
      vertex 191.19999999999999 0 0
    endloop
  endfacet
  facet normal 0 -0.99995000374968745 0.0099995000374968734
    outer loop
      vertex 191.19999999999999 0 0
      vertex 191.40000000000001 0 0
      vertex 191.40000000000001 0.001 0.10000000000000001
    endloop
  endfacet
  facet normal 0 -0.99995000374968745 0.0099995000374968734
    outer loop
      vertex 191.19999999999999 0 0
      vertex 191.40000000000001 0.001 0.10000000000000001
      vertex 191.19999999999999 0.001 0.10000000000000001
    endloop
  endfacet
  facet normal 0 0 1
    outer loop
      vertex 191.19999999999999 0.001 0.10000000000000001
      vertex 191.40000000000001 0.001 0.10000000000000001
      vertex 191.40000000000001 10 0.10000000000000001
    endloop
  endfacet
  facet normal 0 0 1
    outer loop
      vertex 191.19999999999999 0.001 0.10000000000000001
      vertex 191.40000000000001 10 0.10000000000000001
      vertex 191.19999999999999 10 0.10000000000000001
    endloop
  endfacet
  facet normal 0 0 1
    outer loop
      vertex 191.19999999999999 10 0.10000000000000001
      vertex 191.40000000000001 10 0.10000000000000001
      vertex 191.40000000000001 20 0.10000000000000001
    endloop
  endfacet
  facet normal 0 0 1
    outer loop
      vertex 191.19999999999999 10 0.10000000000000001
      vertex 191.40000000000001 20 0.10000000000000001
      vertex 191.19999999999999 20 0.10000000000000001
    endloop
  endfacet
  facet normal 0 0 1
    outer loop
      vertex 191.19999999999999 20 0.10000000000000001
      vertex 191.40000000000001 20 0.10000000000000001
      vertex 191.40000000000001 40 0.10000000000000001
    endloop
  endfacet
  facet normal 0 0 1
    outer loop
      vertex 191.19999999999999 20 0.10000000000000001
      vertex 191.40000000000001 40 0.10000000000000001
      vertex 191.19999999999999 40 0.10000000000000001
    endloop
  endfacet
  facet normal 0 0 1
    outer loop
      vertex 191.19999999999999 40 0.10000000000000001
      vertex 191.40000000000001 40 0.10000000000000001
      vertex 191.40000000000001 60 0.10000000000000001
    endloop
  endfacet
  facet normal 0 0 1
    outer loop
      vertex 191.19999999999999 40 0.10000000000000001
      vertex 191.40000000000001 60 0.10000000000000001
      vertex 191.19999999999999 60 0.10000000000000001
    endloop
  endfacet
  facet normal 0 0 1
    outer loop
      vertex 191.19999999999999 60 0.10000000000000001
      vertex 191.40000000000001 60 0.10000000000000001
      vertex 191.40000000000001 80 0.10000000000000001
    endloop
  endfacet
  facet normal 0 0 1
    outer loop
      vertex 191.19999999999999 60 0.10000000000000001
      vertex 191.40000000000001 80 0.10000000000000001
      vertex 191.19999999999999 80 0.10000000000000001
    endloop
  endfacet
  facet normal 0 0 1
    outer loop
      vertex 191.19999999999999 80 0.10000000000000001
      vertex 191.40000000000001 80 0.10000000000000001
      vertex 191.40000000000001 100 0.10000000000000001
    endloop
  endfacet
  facet normal 0 0 1
    outer loop
      vertex 191.19999999999999 80 0.10000000000000001
      vertex 191.40000000000001 100 0.10000000000000001
      vertex 191.19999999999999 100 0.10000000000000001
    endloop
  endfacet
  facet normal 0 0 1
    outer loop
      vertex 191.40000000000001 -100 0
      vertex 191.59999999999999 -100 0
      vertex 191.59999999999999 -80 0
    endloop
  endfacet
  facet normal 0 0 1
    outer loop
      vertex 191.40000000000001 -100 0
      vertex 191.59999999999999 -80 0
      vertex 191.40000000000001 -80 0
    endloop
  endfacet
  facet normal 0 0 1
    outer loop
      vertex 191.40000000000001 -80 0
      vertex 191.59999999999999 -80 0
      vertex 191.59999999999999 -60 0
    endloop
  endfacet
  facet normal 0 0 1
    outer loop
      vertex 191.40000000000001 -80 0
      vertex 191.59999999999999 -60 0
      vertex 191.40000000000001 -60 0
    endloop
  endfacet
  facet normal 0 0 1
    outer loop
      vertex 191.40000000000001 -60 0
      vertex 191.59999999999999 -60 0
      vertex 191.59999999999999 -40 0
    endloop
  endfacet
  facet normal 0 0 1
    outer loop
      vertex 191.40000000000001 -60 0
      vertex 191.59999999999999 -40 0
      vertex 191.40000000000001 -40 0
    endloop
  endfacet
  facet normal 0 0 1
    outer loop
      vertex 191.40000000000001 -40 0
      vertex 191.59999999999999 -40 0
      vertex 191.59999999999999 -20 0
    endloop
  endfacet
  facet normal 0 0 1
    outer loop
      vertex 191.40000000000001 -40 0
      vertex 191.59999999999999 -20 0
      vertex 191.40000000000001 -20 0
    endloop
  endfacet
  facet normal 0 0 1
    outer loop
      vertex 191.40000000000001 -20 0
      vertex 191.59999999999999 -20 0
      vertex 191.59999999999999 -10 0
    endloop
  endfacet
  facet normal 0 0 1
    outer loop
      vertex 191.40000000000001 -20 0
      vertex 191.59999999999999 -10 0
      vertex 191.40000000000001 -10 0
    endloop
  endfacet
  facet normal 0 0 1
    outer loop
      vertex 191.40000000000001 -10 0
      vertex 191.59999999999999 -10 0
      vertex 191.59999999999999 0 0
    endloop
  endfacet
  facet normal 0 0 1
    outer loop
      vertex 191.40000000000001 -10 0
      vertex 191.59999999999999 0 0
      vertex 191.40000000000001 0 0
    endloop
  endfacet
  facet normal 0 -0.99995000374968745 0.0099995000374968734
    outer loop
      vertex 191.40000000000001 0 0
      vertex 191.59999999999999 0 0
      vertex 191.59999999999999 0.001 0.10000000000000001
    endloop
  endfacet
  facet normal 0 -0.99995000374968745 0.0099995000374968734
    outer loop
      vertex 191.40000000000001 0 0
      vertex 191.59999999999999 0.001 0.10000000000000001
      vertex 191.40000000000001 0.001 0.10000000000000001
    endloop
  endfacet
  facet normal 0 0 1
    outer loop
      vertex 191.40000000000001 0.001 0.10000000000000001
      vertex 191.59999999999999 0.001 0.10000000000000001
      vertex 191.59999999999999 10 0.10000000000000001
    endloop
  endfacet
  facet normal 0 0 1
    outer loop
      vertex 191.40000000000001 0.001 0.10000000000000001
      vertex 191.59999999999999 10 0.10000000000000001
      vertex 191.40000000000001 10 0.10000000000000001
    endloop
  endfacet
  facet normal 0 0 1
    outer loop
      vertex 191.40000000000001 10 0.10000000000000001
      vertex 191.59999999999999 10 0.10000000000000001
      vertex 191.59999999999999 20 0.10000000000000001
    endloop
  endfacet
  facet normal 0 0 1
    outer loop
      vertex 191.40000000000001 10 0.10000000000000001
      vertex 191.59999999999999 20 0.10000000000000001
      vertex 191.40000000000001 20 0.10000000000000001
    endloop
  endfacet
  facet normal 0 0 1
    outer loop
      vertex 191.40000000000001 20 0.10000000000000001
      vertex 191.59999999999999 20 0.10000000000000001
      vertex 191.59999999999999 40 0.10000000000000001
    endloop
  endfacet
  facet normal 0 0 1
    outer loop
      vertex 191.40000000000001 20 0.10000000000000001
      vertex 191.59999999999999 40 0.10000000000000001
      vertex 191.40000000000001 40 0.10000000000000001
    endloop
  endfacet
  facet normal 0 0 1
    outer loop
      vertex 191.40000000000001 40 0.10000000000000001
      vertex 191.59999999999999 40 0.10000000000000001
      vertex 191.59999999999999 60 0.10000000000000001
    endloop
  endfacet
  facet normal 0 0 1
    outer loop
      vertex 191.40000000000001 40 0.10000000000000001
      vertex 191.59999999999999 60 0.10000000000000001
      vertex 191.40000000000001 60 0.10000000000000001
    endloop
  endfacet
  facet normal 0 0 1
    outer loop
      vertex 191.40000000000001 60 0.10000000000000001
      vertex 191.59999999999999 60 0.10000000000000001
      vertex 191.59999999999999 80 0.10000000000000001
    endloop
  endfacet
  facet normal 0 0 1
    outer loop
      vertex 191.40000000000001 60 0.10000000000000001
      vertex 191.59999999999999 80 0.10000000000000001
      vertex 191.40000000000001 80 0.10000000000000001
    endloop
  endfacet
  facet normal 0 0 1
    outer loop
      vertex 191.40000000000001 80 0.10000000000000001
      vertex 191.59999999999999 80 0.10000000000000001
      vertex 191.59999999999999 100 0.10000000000000001
    endloop
  endfacet
  facet normal 0 0 1
    outer loop
      vertex 191.40000000000001 80 0.10000000000000001
      vertex 191.59999999999999 100 0.10000000000000001
      vertex 191.40000000000001 100 0.10000000000000001
    endloop
  endfacet
  facet normal 0 0 1
    outer loop
      vertex 191.59999999999999 -100 0
      vertex 191.80000000000001 -100 0
      vertex 191.80000000000001 -80 0
    endloop
  endfacet
  facet normal 0 0 1
    outer loop
      vertex 191.59999999999999 -100 0
      vertex 191.80000000000001 -80 0
      vertex 191.59999999999999 -80 0
    endloop
  endfacet
  facet normal 0 0 1
    outer loop
      vertex 191.59999999999999 -80 0
      vertex 191.80000000000001 -80 0
      vertex 191.80000000000001 -60 0
    endloop
  endfacet
  facet normal 0 0 1
    outer loop
      vertex 191.59999999999999 -80 0
      vertex 191.80000000000001 -60 0
      vertex 191.59999999999999 -60 0
    endloop
  endfacet
  facet normal 0 0 1
    outer loop
      vertex 191.59999999999999 -60 0
      vertex 191.80000000000001 -60 0
      vertex 191.80000000000001 -40 0
    endloop
  endfacet
  facet normal 0 0 1
    outer loop
      vertex 191.59999999999999 -60 0
      vertex 191.80000000000001 -40 0
      vertex 191.59999999999999 -40 0
    endloop
  endfacet
  facet normal 0 0 1
    outer loop
      vertex 191.59999999999999 -40 0
      vertex 191.80000000000001 -40 0
      vertex 191.80000000000001 -20 0
    endloop
  endfacet
  facet normal 0 0 1
    outer loop
      vertex 191.59999999999999 -40 0
      vertex 191.80000000000001 -20 0
      vertex 191.59999999999999 -20 0
    endloop
  endfacet
  facet normal 0 0 1
    outer loop
      vertex 191.59999999999999 -20 0
      vertex 191.80000000000001 -20 0
      vertex 191.80000000000001 -10 0
    endloop
  endfacet
  facet normal 0 0 1
    outer loop
      vertex 191.59999999999999 -20 0
      vertex 191.80000000000001 -10 0
      vertex 191.59999999999999 -10 0
    endloop
  endfacet
  facet normal 0 0 1
    outer loop
      vertex 191.59999999999999 -10 0
      vertex 191.80000000000001 -10 0
      vertex 191.80000000000001 0 0
    endloop
  endfacet
  facet normal 0 0 1
    outer loop
      vertex 191.59999999999999 -10 0
      vertex 191.80000000000001 0 0
      vertex 191.59999999999999 0 0
    endloop
  endfacet
  facet normal 0 -0.99997777851849101 0.0066665185234566077
    outer loop
      vertex 191.59999999999999 0 0
      vertex 191.80000000000001 0 0
      vertex 191.80000000000001 0.001 0.14999999999999999
    endloop
  endfacet
  facet normal -0.002499867198082345 -0.99994687923302372 0.0099994687923302371
    outer loop
      vertex 191.59999999999999 0 0
      vertex 191.80000000000001 0.001 0.14999999999999999
      vertex 191.59999999999999 0.001 0.10000000000000001
    endloop
  endfacet
  facet normal -0.24253562503631346 0 0.97014250014533676
    outer loop
      vertex 191.59999999999999 0.001 0.10000000000000001
      vertex 191.80000000000001 0.001 0.14999999999999999
      vertex 191.80000000000001 10 0.14999999999999999
    endloop
  endfacet
  facet normal -0.24253562503631346 0 0.97014250014533676
    outer loop
      vertex 191.59999999999999 0.001 0.10000000000000001
      vertex 191.80000000000001 10 0.14999999999999999
      vertex 191.59999999999999 10 0.10000000000000001
    endloop
  endfacet
  facet normal -0.24253562503631348 0 0.97014250014533687
    outer loop
      vertex 191.59999999999999 10 0.10000000000000001
      vertex 191.80000000000001 10 0.14999999999999999
      vertex 191.80000000000001 20 0.14999999999999999
    endloop
  endfacet
  facet normal -0.24253562503631348 0 0.97014250014533687
    outer loop
      vertex 191.59999999999999 10 0.10000000000000001
      vertex 191.80000000000001 20 0.14999999999999999
      vertex 191.59999999999999 20 0.10000000000000001
    endloop
  endfacet
  facet normal -0.24253562503631348 0 0.97014250014533687
    outer loop
      vertex 191.59999999999999 20 0.10000000000000001
      vertex 191.80000000000001 20 0.14999999999999999
      vertex 191.80000000000001 40 0.14999999999999999
    endloop
  endfacet
  facet normal -0.24253562503631348 0 0.97014250014533687
    outer loop
      vertex 191.59999999999999 20 0.10000000000000001
      vertex 191.80000000000001 40 0.14999999999999999
      vertex 191.59999999999999 40 0.10000000000000001
    endloop
  endfacet
  facet normal -0.24253562503631348 0 0.97014250014533687
    outer loop
      vertex 191.59999999999999 40 0.10000000000000001
      vertex 191.80000000000001 40 0.14999999999999999
      vertex 191.80000000000001 60 0.14999999999999999
    endloop
  endfacet
  facet normal -0.24253562503631348 0 0.97014250014533687
    outer loop
      vertex 191.59999999999999 40 0.10000000000000001
      vertex 191.80000000000001 60 0.14999999999999999
      vertex 191.59999999999999 60 0.10000000000000001
    endloop
  endfacet
  facet normal -0.24253562503631348 0 0.97014250014533687
    outer loop
      vertex 191.59999999999999 60 0.10000000000000001
      vertex 191.80000000000001 60 0.14999999999999999
      vertex 191.80000000000001 80 0.14999999999999999
    endloop
  endfacet
  facet normal -0.24253562503631348 0 0.97014250014533687
    outer loop
      vertex 191.59999999999999 60 0.10000000000000001
      vertex 191.80000000000001 80 0.14999999999999999
      vertex 191.59999999999999 80 0.10000000000000001
    endloop
  endfacet
  facet normal -0.24253562503631348 0 0.97014250014533687
    outer loop
      vertex 191.59999999999999 80 0.10000000000000001
      vertex 191.80000000000001 80 0.14999999999999999
      vertex 191.80000000000001 100 0.14999999999999999
    endloop
  endfacet
  facet normal -0.24253562503631348 0 0.97014250014533687
    outer loop
      vertex 191.59999999999999 80 0.10000000000000001
      vertex 191.80000000000001 100 0.14999999999999999
      vertex 191.59999999999999 100 0.10000000000000001
    endloop
  endfacet
  facet normal 0 0 1
    outer loop
      vertex 191.80000000000001 -100 0
      vertex 192 -100 0
      vertex 192 -80 0
    endloop
  endfacet
  facet normal 0 0 1
    outer loop
      vertex 191.80000000000001 -100 0
      vertex 192 -80 0
      vertex 191.80000000000001 -80 0
    endloop
  endfacet
  facet normal 0 0 1
    outer loop
      vertex 191.80000000000001 -80 0
      vertex 192 -80 0
      vertex 192 -60 0
    endloop
  endfacet
  facet normal 0 0 1
    outer loop
      vertex 191.80000000000001 -80 0
      vertex 192 -60 0
      vertex 191.80000000000001 -60 0
    endloop
  endfacet
  facet normal 0 0 1
    outer loop
      vertex 191.80000000000001 -60 0
      vertex 192 -60 0
      vertex 192 -40 0
    endloop
  endfacet
  facet normal 0 0 1
    outer loop
      vertex 191.80000000000001 -60 0
      vertex 192 -40 0
      vertex 191.80000000000001 -40 0
    endloop
  endfacet
  facet normal 0 0 1
    outer loop
      vertex 191.80000000000001 -40 0
      vertex 192 -40 0
      vertex 192 -20 0
    endloop
  endfacet
  facet normal 0 0 1
    outer loop
      vertex 191.80000000000001 -40 0
      vertex 192 -20 0
      vertex 191.80000000000001 -20 0
    endloop
  endfacet
  facet normal 0 0 1
    outer loop
      vertex 191.80000000000001 -20 0
      vertex 192 -20 0
      vertex 192 -10 0
    endloop
  endfacet
  facet normal 0 0 1
    outer loop
      vertex 191.80000000000001 -20 0
      vertex 192 -10 0
      vertex 191.80000000000001 -10 0
    endloop
  endfacet
  facet normal 0 0 1
    outer loop
      vertex 191.80000000000001 -10 0
      vertex 192 -10 0
      vertex 192 0 0
    endloop
  endfacet
  facet normal 0 0 1
    outer loop
      vertex 191.80000000000001 -10 0
      vertex 192 0 0
      vertex 191.80000000000001 0 0
    endloop
  endfacet
  facet normal 0 -0.99997777851849101 0.0066665185234566077
    outer loop
      vertex 191.80000000000001 0 0
      vertex 192 0 0
      vertex 192 0.001 0.14999999999999999
    endloop
  endfacet
  facet normal 0 -0.99997777851849101 0.0066665185234566077
    outer loop
      vertex 191.80000000000001 0 0
      vertex 192 0.001 0.14999999999999999
      vertex 191.80000000000001 0.001 0.14999999999999999
    endloop
  endfacet
  facet normal 0 0 1
    outer loop
      vertex 191.80000000000001 0.001 0.14999999999999999
      vertex 192 0.001 0.14999999999999999
      vertex 192 10 0.14999999999999999
    endloop
  endfacet
  facet normal 0 0 1
    outer loop
      vertex 191.80000000000001 0.001 0.14999999999999999
      vertex 192 10 0.14999999999999999
      vertex 191.80000000000001 10 0.14999999999999999
    endloop
  endfacet
  facet normal 0 0 1
    outer loop
      vertex 191.80000000000001 10 0.14999999999999999
      vertex 192 10 0.14999999999999999
      vertex 192 20 0.14999999999999999
    endloop
  endfacet
  facet normal 0 0 1
    outer loop
      vertex 191.80000000000001 10 0.14999999999999999
      vertex 192 20 0.14999999999999999
      vertex 191.80000000000001 20 0.14999999999999999
    endloop
  endfacet
  facet normal 0 0 1
    outer loop
      vertex 191.80000000000001 20 0.14999999999999999
      vertex 192 20 0.14999999999999999
      vertex 192 40 0.14999999999999999
    endloop
  endfacet
  facet normal 0 0 1
    outer loop
      vertex 191.80000000000001 20 0.14999999999999999
      vertex 192 40 0.14999999999999999
      vertex 191.80000000000001 40 0.14999999999999999
    endloop
  endfacet
  facet normal 0 0 1
    outer loop
      vertex 191.80000000000001 40 0.14999999999999999
      vertex 192 40 0.14999999999999999
      vertex 192 60 0.14999999999999999
    endloop
  endfacet
  facet normal 0 0 1
    outer loop
      vertex 191.80000000000001 40 0.14999999999999999
      vertex 192 60 0.14999999999999999
      vertex 191.80000000000001 60 0.14999999999999999
    endloop
  endfacet
  facet normal 0 0 1
    outer loop
      vertex 191.80000000000001 60 0.14999999999999999
      vertex 192 60 0.14999999999999999
      vertex 192 80 0.14999999999999999
    endloop
  endfacet
  facet normal 0 0 1
    outer loop
      vertex 191.80000000000001 60 0.14999999999999999
      vertex 192 80 0.14999999999999999
      vertex 191.80000000000001 80 0.14999999999999999
    endloop
  endfacet
  facet normal 0 0 1
    outer loop
      vertex 191.80000000000001 80 0.14999999999999999
      vertex 192 80 0.14999999999999999
      vertex 192 100 0.14999999999999999
    endloop
  endfacet
  facet normal 0 0 1
    outer loop
      vertex 191.80000000000001 80 0.14999999999999999
      vertex 192 100 0.14999999999999999
      vertex 191.80000000000001 100 0.14999999999999999
    endloop
  endfacet
  facet normal 0 0 1
    outer loop
      vertex 192 -100 0
      vertex 192.19999999999999 -100 0
      vertex 192.19999999999999 -80 0
    endloop
  endfacet
  facet normal 0 0 1
    outer loop
      vertex 192 -100 0
      vertex 192.19999999999999 -80 0
      vertex 192 -80 0
    endloop
  endfacet
  facet normal 0 0 1
    outer loop
      vertex 192 -80 0
      vertex 192.19999999999999 -80 0
      vertex 192.19999999999999 -60 0
    endloop
  endfacet
  facet normal 0 0 1
    outer loop
      vertex 192 -80 0
      vertex 192.19999999999999 -60 0
      vertex 192 -60 0
    endloop
  endfacet
  facet normal 0 0 1
    outer loop
      vertex 192 -60 0
      vertex 192.19999999999999 -60 0
      vertex 192.19999999999999 -40 0
    endloop
  endfacet
  facet normal 0 0 1
    outer loop
      vertex 192 -60 0
      vertex 192.19999999999999 -40 0
      vertex 192 -40 0
    endloop
  endfacet
  facet normal 0 0 1
    outer loop
      vertex 192 -40 0
      vertex 192.19999999999999 -40 0
      vertex 192.19999999999999 -20 0
    endloop
  endfacet
  facet normal 0 0 1
    outer loop
      vertex 192 -40 0
      vertex 192.19999999999999 -20 0
      vertex 192 -20 0
    endloop
  endfacet
  facet normal 0 0 1
    outer loop
      vertex 192 -20 0
      vertex 192.19999999999999 -20 0
      vertex 192.19999999999999 -10 0
    endloop
  endfacet
  facet normal 0 0 1
    outer loop
      vertex 192 -20 0
      vertex 192.19999999999999 -10 0
      vertex 192 -10 0
    endloop
  endfacet
  facet normal 0 0 1
    outer loop
      vertex 192 -10 0
      vertex 192.19999999999999 -10 0
      vertex 192.19999999999999 0 0
    endloop
  endfacet
  facet normal 0 0 1
    outer loop
      vertex 192 -10 0
      vertex 192.19999999999999 0 0
      vertex 192 0 0
    endloop
  endfacet
  facet normal 0 -0.99997777851849101 0.0066665185234566077
    outer loop
      vertex 192 0 0
      vertex 192.19999999999999 0 0
      vertex 192.19999999999999 0.001 0.14999999999999999
    endloop
  endfacet
  facet normal 0 -0.99997777851849101 0.0066665185234566077
    outer loop
      vertex 192 0 0
      vertex 192.19999999999999 0.001 0.14999999999999999
      vertex 192 0.001 0.14999999999999999
    endloop
  endfacet
  facet normal 0 0 1
    outer loop
      vertex 192 0.001 0.14999999999999999
      vertex 192.19999999999999 0.001 0.14999999999999999
      vertex 192.19999999999999 10 0.14999999999999999
    endloop
  endfacet
  facet normal 0 0 1
    outer loop
      vertex 192 0.001 0.14999999999999999
      vertex 192.19999999999999 10 0.14999999999999999
      vertex 192 10 0.14999999999999999
    endloop
  endfacet
  facet normal 0 0 1
    outer loop
      vertex 192 10 0.14999999999999999
      vertex 192.19999999999999 10 0.14999999999999999
      vertex 192.19999999999999 20 0.14999999999999999
    endloop
  endfacet
  facet normal 0 0 1
    outer loop
      vertex 192 10 0.14999999999999999
      vertex 192.19999999999999 20 0.14999999999999999
      vertex 192 20 0.14999999999999999
    endloop
  endfacet
  facet normal 0 0 1
    outer loop
      vertex 192 20 0.14999999999999999
      vertex 192.19999999999999 20 0.14999999999999999
      vertex 192.19999999999999 40 0.14999999999999999
    endloop
  endfacet
  facet normal 0 0 1
    outer loop
      vertex 192 20 0.14999999999999999
      vertex 192.19999999999999 40 0.14999999999999999
      vertex 192 40 0.14999999999999999
    endloop
  endfacet
  facet normal 0 0 1
    outer loop
      vertex 192 40 0.14999999999999999
      vertex 192.19999999999999 40 0.14999999999999999
      vertex 192.19999999999999 60 0.14999999999999999
    endloop
  endfacet
  facet normal 0 0 1
    outer loop
      vertex 192 40 0.14999999999999999
      vertex 192.19999999999999 60 0.14999999999999999
      vertex 192 60 0.14999999999999999
    endloop
  endfacet
  facet normal 0 0 1
    outer loop
      vertex 192 60 0.14999999999999999
      vertex 192.19999999999999 60 0.14999999999999999
      vertex 192.19999999999999 80 0.14999999999999999
    endloop
  endfacet
  facet normal 0 0 1
    outer loop
      vertex 192 60 0.14999999999999999
      vertex 192.19999999999999 80 0.14999999999999999
      vertex 192 80 0.14999999999999999
    endloop
  endfacet
  facet normal 0 0 1
    outer loop
      vertex 192 80 0.14999999999999999
      vertex 192.19999999999999 80 0.14999999999999999
      vertex 192.19999999999999 100 0.14999999999999999
    endloop
  endfacet
  facet normal 0 0 1
    outer loop
      vertex 192 80 0.14999999999999999
      vertex 192.19999999999999 100 0.14999999999999999
      vertex 192 100 0.14999999999999999
    endloop
  endfacet
  facet normal 0 0 1
    outer loop
      vertex 192.19999999999999 -100 0
      vertex 192.40000000000001 -100 0
      vertex 192.40000000000001 -80 0
    endloop
  endfacet
  facet normal 0 0 1
    outer loop
      vertex 192.19999999999999 -100 0
      vertex 192.40000000000001 -80 0
      vertex 192.19999999999999 -80 0
    endloop
  endfacet
  facet normal 0 0 1
    outer loop
      vertex 192.19999999999999 -80 0
      vertex 192.40000000000001 -80 0
      vertex 192.40000000000001 -60 0
    endloop
  endfacet
  facet normal 0 0 1
    outer loop
      vertex 192.19999999999999 -80 0
      vertex 192.40000000000001 -60 0
      vertex 192.19999999999999 -60 0
    endloop
  endfacet
  facet normal 0 0 1
    outer loop
      vertex 192.19999999999999 -60 0
      vertex 192.40000000000001 -60 0
      vertex 192.40000000000001 -40 0
    endloop
  endfacet
  facet normal 0 0 1
    outer loop
      vertex 192.19999999999999 -60 0
      vertex 192.40000000000001 -40 0
      vertex 192.19999999999999 -40 0
    endloop
  endfacet
  facet normal 0 0 1
    outer loop
      vertex 192.19999999999999 -40 0
      vertex 192.40000000000001 -40 0
      vertex 192.40000000000001 -20 0
    endloop
  endfacet
  facet normal 0 0 1
    outer loop
      vertex 192.19999999999999 -40 0
      vertex 192.40000000000001 -20 0
      vertex 192.19999999999999 -20 0
    endloop
  endfacet
  facet normal 0 0 1
    outer loop
      vertex 192.19999999999999 -20 0
      vertex 192.40000000000001 -20 0
      vertex 192.40000000000001 -10 0
    endloop
  endfacet
  facet normal 0 0 1
    outer loop
      vertex 192.19999999999999 -20 0
      vertex 192.40000000000001 -10 0
      vertex 192.19999999999999 -10 0
    endloop
  endfacet
  facet normal 0 0 1
    outer loop
      vertex 192.19999999999999 -10 0
      vertex 192.40000000000001 -10 0
      vertex 192.40000000000001 0 0
    endloop
  endfacet
  facet normal 0 0 1
    outer loop
      vertex 192.19999999999999 -10 0
      vertex 192.40000000000001 0 0
      vertex 192.19999999999999 0 0
    endloop
  endfacet
  facet normal 0 -0.99997777851849101 0.0066665185234566077
    outer loop
      vertex 192.19999999999999 0 0
      vertex 192.40000000000001 0 0
      vertex 192.40000000000001 0.001 0.14999999999999999
    endloop
  endfacet
  facet normal 0 -0.99997777851849101 0.0066665185234566077
    outer loop
      vertex 192.19999999999999 0 0
      vertex 192.40000000000001 0.001 0.14999999999999999
      vertex 192.19999999999999 0.001 0.14999999999999999
    endloop
  endfacet
  facet normal 0 0 1
    outer loop
      vertex 192.19999999999999 0.001 0.14999999999999999
      vertex 192.40000000000001 0.001 0.14999999999999999
      vertex 192.40000000000001 10 0.14999999999999999
    endloop
  endfacet
  facet normal 0 0 1
    outer loop
      vertex 192.19999999999999 0.001 0.14999999999999999
      vertex 192.40000000000001 10 0.14999999999999999
      vertex 192.19999999999999 10 0.14999999999999999
    endloop
  endfacet
  facet normal 0 0 1
    outer loop
      vertex 192.19999999999999 10 0.14999999999999999
      vertex 192.40000000000001 10 0.14999999999999999
      vertex 192.40000000000001 20 0.14999999999999999
    endloop
  endfacet
  facet normal 0 0 1
    outer loop
      vertex 192.19999999999999 10 0.14999999999999999
      vertex 192.40000000000001 20 0.14999999999999999
      vertex 192.19999999999999 20 0.14999999999999999
    endloop
  endfacet
  facet normal 0 0 1
    outer loop
      vertex 192.19999999999999 20 0.14999999999999999
      vertex 192.40000000000001 20 0.14999999999999999
      vertex 192.40000000000001 40 0.14999999999999999
    endloop
  endfacet
  facet normal 0 0 1
    outer loop
      vertex 192.19999999999999 20 0.14999999999999999
      vertex 192.40000000000001 40 0.14999999999999999
      vertex 192.19999999999999 40 0.14999999999999999
    endloop
  endfacet
  facet normal 0 0 1
    outer loop
      vertex 192.19999999999999 40 0.14999999999999999
      vertex 192.40000000000001 40 0.14999999999999999
      vertex 192.40000000000001 60 0.14999999999999999
    endloop
  endfacet
  facet normal 0 0 1
    outer loop
      vertex 192.19999999999999 40 0.14999999999999999
      vertex 192.40000000000001 60 0.14999999999999999
      vertex 192.19999999999999 60 0.14999999999999999
    endloop
  endfacet
  facet normal 0 0 1
    outer loop
      vertex 192.19999999999999 60 0.14999999999999999
      vertex 192.40000000000001 60 0.14999999999999999
      vertex 192.40000000000001 80 0.14999999999999999
    endloop
  endfacet
  facet normal 0 0 1
    outer loop
      vertex 192.19999999999999 60 0.14999999999999999
      vertex 192.40000000000001 80 0.14999999999999999
      vertex 192.19999999999999 80 0.14999999999999999
    endloop
  endfacet
  facet normal 0 0 1
    outer loop
      vertex 192.19999999999999 80 0.14999999999999999
      vertex 192.40000000000001 80 0.14999999999999999
      vertex 192.40000000000001 100 0.14999999999999999
    endloop
  endfacet
  facet normal 0 0 1
    outer loop
      vertex 192.19999999999999 80 0.14999999999999999
      vertex 192.40000000000001 100 0.14999999999999999
      vertex 192.19999999999999 100 0.14999999999999999
    endloop
  endfacet
  facet normal 0 0 1
    outer loop
      vertex 192.40000000000001 -100 0
      vertex 192.59999999999999 -100 0
      vertex 192.59999999999999 -80 0
    endloop
  endfacet
  facet normal 0 0 1
    outer loop
      vertex 192.40000000000001 -100 0
      vertex 192.59999999999999 -80 0
      vertex 192.40000000000001 -80 0
    endloop
  endfacet
  facet normal 0 0 1
    outer loop
      vertex 192.40000000000001 -80 0
      vertex 192.59999999999999 -80 0
      vertex 192.59999999999999 -60 0
    endloop
  endfacet
  facet normal 0 0 1
    outer loop
      vertex 192.40000000000001 -80 0
      vertex 192.59999999999999 -60 0
      vertex 192.40000000000001 -60 0
    endloop
  endfacet
  facet normal 0 0 1
    outer loop
      vertex 192.40000000000001 -60 0
      vertex 192.59999999999999 -60 0
      vertex 192.59999999999999 -40 0
    endloop
  endfacet
  facet normal 0 0 1
    outer loop
      vertex 192.40000000000001 -60 0
      vertex 192.59999999999999 -40 0
      vertex 192.40000000000001 -40 0
    endloop
  endfacet
  facet normal 0 0 1
    outer loop
      vertex 192.40000000000001 -40 0
      vertex 192.59999999999999 -40 0
      vertex 192.59999999999999 -20 0
    endloop
  endfacet
  facet normal 0 0 1
    outer loop
      vertex 192.40000000000001 -40 0
      vertex 192.59999999999999 -20 0
      vertex 192.40000000000001 -20 0
    endloop
  endfacet
  facet normal 0 0 1
    outer loop
      vertex 192.40000000000001 -20 0
      vertex 192.59999999999999 -20 0
      vertex 192.59999999999999 -10 0
    endloop
  endfacet
  facet normal 0 0 1
    outer loop
      vertex 192.40000000000001 -20 0
      vertex 192.59999999999999 -10 0
      vertex 192.40000000000001 -10 0
    endloop
  endfacet
  facet normal 0 0 1
    outer loop
      vertex 192.40000000000001 -10 0
      vertex 192.59999999999999 -10 0
      vertex 192.59999999999999 0 0
    endloop
  endfacet
  facet normal 0 0 1
    outer loop
      vertex 192.40000000000001 -10 0
      vertex 192.59999999999999 0 0
      vertex 192.40000000000001 0 0
    endloop
  endfacet
  facet normal 0 -0.99998750023437 0.0049999375011718491
    outer loop
      vertex 192.40000000000001 0 0
      vertex 192.59999999999999 0 0
      vertex 192.59999999999999 0.001 0.20000000000000001
    endloop
  endfacet
  facet normal -0.0016666273162085671 -0.99997638972508285 0.0066665092648338867
    outer loop
      vertex 192.40000000000001 0 0
      vertex 192.59999999999999 0.001 0.20000000000000001
      vertex 192.40000000000001 0.001 0.14999999999999999
    endloop
  endfacet
  facet normal -0.24253562503634604 0 0.97014250014532866
    outer loop
      vertex 192.40000000000001 0.001 0.14999999999999999
      vertex 192.59999999999999 0.001 0.20000000000000001
      vertex 192.59999999999999 10 0.20000000000000001
    endloop
  endfacet
  facet normal -0.24253562503634604 0 0.97014250014532866
    outer loop
      vertex 192.40000000000001 0.001 0.14999999999999999
      vertex 192.59999999999999 10 0.20000000000000001
      vertex 192.40000000000001 10 0.14999999999999999
    endloop
  endfacet
  facet normal -0.24253562503634604 0 0.97014250014532855
    outer loop
      vertex 192.40000000000001 10 0.14999999999999999
      vertex 192.59999999999999 10 0.20000000000000001
      vertex 192.59999999999999 20 0.20000000000000001
    endloop
  endfacet
  facet normal -0.24253562503634604 0 0.97014250014532855
    outer loop
      vertex 192.40000000000001 10 0.14999999999999999
      vertex 192.59999999999999 20 0.20000000000000001
      vertex 192.40000000000001 20 0.14999999999999999
    endloop
  endfacet
  facet normal -0.24253562503634604 0 0.97014250014532855
    outer loop
      vertex 192.40000000000001 20 0.14999999999999999
      vertex 192.59999999999999 20 0.20000000000000001
      vertex 192.59999999999999 40 0.20000000000000001
    endloop
  endfacet
  facet normal -0.24253562503634604 0 0.97014250014532855
    outer loop
      vertex 192.40000000000001 20 0.14999999999999999
      vertex 192.59999999999999 40 0.20000000000000001
      vertex 192.40000000000001 40 0.14999999999999999
    endloop
  endfacet
  facet normal -0.24253562503634604 0 0.97014250014532855
    outer loop
      vertex 192.40000000000001 40 0.14999999999999999
      vertex 192.59999999999999 40 0.20000000000000001
      vertex 192.59999999999999 60 0.20000000000000001
    endloop
  endfacet
  facet normal -0.24253562503634604 0 0.97014250014532855
    outer loop
      vertex 192.40000000000001 40 0.14999999999999999
      vertex 192.59999999999999 60 0.20000000000000001
      vertex 192.40000000000001 60 0.14999999999999999
    endloop
  endfacet
  facet normal -0.24253562503634604 0 0.97014250014532855
    outer loop
      vertex 192.40000000000001 60 0.14999999999999999
      vertex 192.59999999999999 60 0.20000000000000001
      vertex 192.59999999999999 80 0.20000000000000001
    endloop
  endfacet
  facet normal -0.24253562503634604 0 0.97014250014532855
    outer loop
      vertex 192.40000000000001 60 0.14999999999999999
      vertex 192.59999999999999 80 0.20000000000000001
      vertex 192.40000000000001 80 0.14999999999999999
    endloop
  endfacet
  facet normal -0.24253562503634604 0 0.97014250014532855
    outer loop
      vertex 192.40000000000001 80 0.14999999999999999
      vertex 192.59999999999999 80 0.20000000000000001
      vertex 192.59999999999999 100 0.20000000000000001
    endloop
  endfacet
  facet normal -0.24253562503634604 0 0.97014250014532855
    outer loop
      vertex 192.40000000000001 80 0.14999999999999999
      vertex 192.59999999999999 100 0.20000000000000001
      vertex 192.40000000000001 100 0.14999999999999999
    endloop
  endfacet
  facet normal 0 0 1
    outer loop
      vertex 192.59999999999999 -100 0
      vertex 192.80000000000001 -100 0
      vertex 192.80000000000001 -80 0
    endloop
  endfacet
  facet normal 0 0 1
    outer loop
      vertex 192.59999999999999 -100 0
      vertex 192.80000000000001 -80 0
      vertex 192.59999999999999 -80 0
    endloop
  endfacet
  facet normal 0 0 1
    outer loop
      vertex 192.59999999999999 -80 0
      vertex 192.80000000000001 -80 0
      vertex 192.80000000000001 -60 0
    endloop
  endfacet
  facet normal 0 0 1
    outer loop
      vertex 192.59999999999999 -80 0
      vertex 192.80000000000001 -60 0
      vertex 192.59999999999999 -60 0
    endloop
  endfacet
  facet normal 0 0 1
    outer loop
      vertex 192.59999999999999 -60 0
      vertex 192.80000000000001 -60 0
      vertex 192.80000000000001 -40 0
    endloop
  endfacet
  facet normal 0 0 1
    outer loop
      vertex 192.59999999999999 -60 0
      vertex 192.80000000000001 -40 0
      vertex 192.59999999999999 -40 0
    endloop
  endfacet
  facet normal 0 0 1
    outer loop
      vertex 192.59999999999999 -40 0
      vertex 192.80000000000001 -40 0
      vertex 192.80000000000001 -20 0
    endloop
  endfacet
  facet normal 0 0 1
    outer loop
      vertex 192.59999999999999 -40 0
      vertex 192.80000000000001 -20 0
      vertex 192.59999999999999 -20 0
    endloop
  endfacet
  facet normal 0 0 1
    outer loop
      vertex 192.59999999999999 -20 0
      vertex 192.80000000000001 -20 0
      vertex 192.80000000000001 -10 0
    endloop
  endfacet
  facet normal 0 0 1
    outer loop
      vertex 192.59999999999999 -20 0
      vertex 192.80000000000001 -10 0
      vertex 192.59999999999999 -10 0
    endloop
  endfacet
  facet normal 0 0 1
    outer loop
      vertex 192.59999999999999 -10 0
      vertex 192.80000000000001 -10 0
      vertex 192.80000000000001 0 0
    endloop
  endfacet
  facet normal 0 0 1
    outer loop
      vertex 192.59999999999999 -10 0
      vertex 192.80000000000001 0 0
      vertex 192.59999999999999 0 0
    endloop
  endfacet
  facet normal 0 -0.99998750023437022 0.0049999375011718509
    outer loop
      vertex 192.59999999999999 0 0
      vertex 192.80000000000001 0 0
      vertex 192.80000000000001 0.001 0.20000000000000001
    endloop
  endfacet
  facet normal 0 -0.99998750023437022 0.0049999375011718509
    outer loop
      vertex 192.59999999999999 0 0
      vertex 192.80000000000001 0.001 0.20000000000000001
      vertex 192.59999999999999 0.001 0.20000000000000001
    endloop
  endfacet
  facet normal 0 0 1
    outer loop
      vertex 192.59999999999999 0.001 0.20000000000000001
      vertex 192.80000000000001 0.001 0.20000000000000001
      vertex 192.80000000000001 10 0.20000000000000001
    endloop
  endfacet
  facet normal 0 0 1
    outer loop
      vertex 192.59999999999999 0.001 0.20000000000000001
      vertex 192.80000000000001 10 0.20000000000000001
      vertex 192.59999999999999 10 0.20000000000000001
    endloop
  endfacet
  facet normal 0 0 1
    outer loop
      vertex 192.59999999999999 10 0.20000000000000001
      vertex 192.80000000000001 10 0.20000000000000001
      vertex 192.80000000000001 20 0.20000000000000001
    endloop
  endfacet
  facet normal 0 0 1
    outer loop
      vertex 192.59999999999999 10 0.20000000000000001
      vertex 192.80000000000001 20 0.20000000000000001
      vertex 192.59999999999999 20 0.20000000000000001
    endloop
  endfacet
  facet normal 0 0 1
    outer loop
      vertex 192.59999999999999 20 0.20000000000000001
      vertex 192.80000000000001 20 0.20000000000000001
      vertex 192.80000000000001 40 0.20000000000000001
    endloop
  endfacet
  facet normal 0 0 1
    outer loop
      vertex 192.59999999999999 20 0.20000000000000001
      vertex 192.80000000000001 40 0.20000000000000001
      vertex 192.59999999999999 40 0.20000000000000001
    endloop
  endfacet
  facet normal 0 0 1
    outer loop
      vertex 192.59999999999999 40 0.20000000000000001
      vertex 192.80000000000001 40 0.20000000000000001
      vertex 192.80000000000001 60 0.20000000000000001
    endloop
  endfacet
  facet normal 0 0 1
    outer loop
      vertex 192.59999999999999 40 0.20000000000000001
      vertex 192.80000000000001 60 0.20000000000000001
      vertex 192.59999999999999 60 0.20000000000000001
    endloop
  endfacet
  facet normal 0 0 1
    outer loop
      vertex 192.59999999999999 60 0.20000000000000001
      vertex 192.80000000000001 60 0.20000000000000001
      vertex 192.80000000000001 80 0.20000000000000001
    endloop
  endfacet
  facet normal 0 0 1
    outer loop
      vertex 192.59999999999999 60 0.20000000000000001
      vertex 192.80000000000001 80 0.20000000000000001
      vertex 192.59999999999999 80 0.20000000000000001
    endloop
  endfacet
  facet normal 0 0 1
    outer loop
      vertex 192.59999999999999 80 0.20000000000000001
      vertex 192.80000000000001 80 0.20000000000000001
      vertex 192.80000000000001 100 0.20000000000000001
    endloop
  endfacet
  facet normal 0 0 1
    outer loop
      vertex 192.59999999999999 80 0.20000000000000001
      vertex 192.80000000000001 100 0.20000000000000001
      vertex 192.59999999999999 100 0.20000000000000001
    endloop
  endfacet
  facet normal 0 0 1
    outer loop
      vertex 192.80000000000001 -100 0
      vertex 193 -100 0
      vertex 193 -80 0
    endloop
  endfacet
  facet normal 0 0 1
    outer loop
      vertex 192.80000000000001 -100 0
      vertex 193 -80 0
      vertex 192.80000000000001 -80 0
    endloop
  endfacet
  facet normal 0 0 1
    outer loop
      vertex 192.80000000000001 -80 0
      vertex 193 -80 0
      vertex 193 -60 0
    endloop
  endfacet
  facet normal 0 0 1
    outer loop
      vertex 192.80000000000001 -80 0
      vertex 193 -60 0
      vertex 192.80000000000001 -60 0
    endloop
  endfacet
  facet normal 0 0 1
    outer loop
      vertex 192.80000000000001 -60 0
      vertex 193 -60 0
      vertex 193 -40 0
    endloop
  endfacet
  facet normal 0 0 1
    outer loop
      vertex 192.80000000000001 -60 0
      vertex 193 -40 0
      vertex 192.80000000000001 -40 0
    endloop
  endfacet
  facet normal 0 0 1
    outer loop
      vertex 192.80000000000001 -40 0
      vertex 193 -40 0
      vertex 193 -20 0
    endloop
  endfacet
  facet normal 0 0 1
    outer loop
      vertex 192.80000000000001 -40 0
      vertex 193 -20 0
      vertex 192.80000000000001 -20 0
    endloop
  endfacet
  facet normal 0 0 1
    outer loop
      vertex 192.80000000000001 -20 0
      vertex 193 -20 0
      vertex 193 -10 0
    endloop
  endfacet
  facet normal 0 0 1
    outer loop
      vertex 192.80000000000001 -20 0
      vertex 193 -10 0
      vertex 192.80000000000001 -10 0
    endloop
  endfacet
  facet normal 0 0 1
    outer loop
      vertex 192.80000000000001 -10 0
      vertex 193 -10 0
      vertex 193 0 0
    endloop
  endfacet
  facet normal 0 0 1
    outer loop
      vertex 192.80000000000001 -10 0
      vertex 193 0 0
      vertex 192.80000000000001 0 0
    endloop
  endfacet
  facet normal 0 -0.99998750023437 0.0049999375011718491
    outer loop
      vertex 192.80000000000001 0 0
      vertex 193 0 0
      vertex 193 0.001 0.20000000000000001
    endloop
  endfacet
  facet normal 0 -0.99998750023437 0.0049999375011718491
    outer loop
      vertex 192.80000000000001 0 0
      vertex 193 0.001 0.20000000000000001
      vertex 192.80000000000001 0.001 0.20000000000000001
    endloop
  endfacet
  facet normal 0 0 1
    outer loop
      vertex 192.80000000000001 0.001 0.20000000000000001
      vertex 193 0.001 0.20000000000000001
      vertex 193 10 0.20000000000000001
    endloop
  endfacet
  facet normal 0 0 1
    outer loop
      vertex 192.80000000000001 0.001 0.20000000000000001
      vertex 193 10 0.20000000000000001
      vertex 192.80000000000001 10 0.20000000000000001
    endloop
  endfacet
  facet normal 0 0 1
    outer loop
      vertex 192.80000000000001 10 0.20000000000000001
      vertex 193 10 0.20000000000000001
      vertex 193 20 0.20000000000000001
    endloop
  endfacet
  facet normal 0 0 1
    outer loop
      vertex 192.80000000000001 10 0.20000000000000001
      vertex 193 20 0.20000000000000001
      vertex 192.80000000000001 20 0.20000000000000001
    endloop
  endfacet
  facet normal 0 0 1
    outer loop
      vertex 192.80000000000001 20 0.20000000000000001
      vertex 193 20 0.20000000000000001
      vertex 193 40 0.20000000000000001
    endloop
  endfacet
  facet normal 0 0 1
    outer loop
      vertex 192.80000000000001 20 0.20000000000000001
      vertex 193 40 0.20000000000000001
      vertex 192.80000000000001 40 0.20000000000000001
    endloop
  endfacet
  facet normal 0 0 1
    outer loop
      vertex 192.80000000000001 40 0.20000000000000001
      vertex 193 40 0.20000000000000001
      vertex 193 60 0.20000000000000001
    endloop
  endfacet
  facet normal 0 0 1
    outer loop
      vertex 192.80000000000001 40 0.20000000000000001
      vertex 193 60 0.20000000000000001
      vertex 192.80000000000001 60 0.20000000000000001
    endloop
  endfacet
  facet normal 0 0 1
    outer loop
      vertex 192.80000000000001 60 0.20000000000000001
      vertex 193 60 0.20000000000000001
      vertex 193 80 0.20000000000000001
    endloop
  endfacet
  facet normal 0 0 1
    outer loop
      vertex 192.80000000000001 60 0.20000000000000001
      vertex 193 80 0.20000000000000001
      vertex 192.80000000000001 80 0.20000000000000001
    endloop
  endfacet
  facet normal 0 0 1
    outer loop
      vertex 192.80000000000001 80 0.20000000000000001
      vertex 193 80 0.20000000000000001
      vertex 193 100 0.20000000000000001
    endloop
  endfacet
  facet normal 0 0 1
    outer loop
      vertex 192.80000000000001 80 0.20000000000000001
      vertex 193 100 0.20000000000000001
      vertex 192.80000000000001 100 0.20000000000000001
    endloop
  endfacet
  facet normal 0 0 1
    outer loop
      vertex 193 -100 0
      vertex 193.19999999999999 -100 0
      vertex 193.19999999999999 -80 0
    endloop
  endfacet
  facet normal 0 0 1
    outer loop
      vertex 193 -100 0
      vertex 193.19999999999999 -80 0
      vertex 193 -80 0
    endloop
  endfacet
  facet normal 0 0 1
    outer loop
      vertex 193 -80 0
      vertex 193.19999999999999 -80 0
      vertex 193.19999999999999 -60 0
    endloop
  endfacet
  facet normal 0 0 1
    outer loop
      vertex 193 -80 0
      vertex 193.19999999999999 -60 0
      vertex 193 -60 0
    endloop
  endfacet
  facet normal 0 0 1
    outer loop
      vertex 193 -60 0
      vertex 193.19999999999999 -60 0
      vertex 193.19999999999999 -40 0
    endloop
  endfacet
  facet normal 0 0 1
    outer loop
      vertex 193 -60 0
      vertex 193.19999999999999 -40 0
      vertex 193 -40 0
    endloop
  endfacet
  facet normal 0 0 1
    outer loop
      vertex 193 -40 0
      vertex 193.19999999999999 -40 0
      vertex 193.19999999999999 -20 0
    endloop
  endfacet
  facet normal 0 0 1
    outer loop
      vertex 193 -40 0
      vertex 193.19999999999999 -20 0
      vertex 193 -20 0
    endloop
  endfacet
  facet normal 0 0 1
    outer loop
      vertex 193 -20 0
      vertex 193.19999999999999 -20 0
      vertex 193.19999999999999 -10 0
    endloop
  endfacet
  facet normal 0 0 1
    outer loop
      vertex 193 -20 0
      vertex 193.19999999999999 -10 0
      vertex 193 -10 0
    endloop
  endfacet
  facet normal 0 0 1
    outer loop
      vertex 193 -10 0
      vertex 193.19999999999999 -10 0
      vertex 193.19999999999999 0 0
    endloop
  endfacet
  facet normal 0 0 1
    outer loop
      vertex 193 -10 0
      vertex 193.19999999999999 0 0
      vertex 193 0 0
    endloop
  endfacet
  facet normal 0 -0.99998750023437 0.0049999375011718491
    outer loop
      vertex 193 0 0
      vertex 193.19999999999999 0 0
      vertex 193.19999999999999 0.001 0.20000000000000001
    endloop
  endfacet
  facet normal 0 -0.99998750023437 0.0049999375011718491
    outer loop
      vertex 193 0 0
      vertex 193.19999999999999 0.001 0.20000000000000001
      vertex 193 0.001 0.20000000000000001
    endloop
  endfacet
  facet normal 0 0 1
    outer loop
      vertex 193 0.001 0.20000000000000001
      vertex 193.19999999999999 0.001 0.20000000000000001
      vertex 193.19999999999999 10 0.20000000000000001
    endloop
  endfacet
  facet normal 0 0 1
    outer loop
      vertex 193 0.001 0.20000000000000001
      vertex 193.19999999999999 10 0.20000000000000001
      vertex 193 10 0.20000000000000001
    endloop
  endfacet
  facet normal 0 0 1
    outer loop
      vertex 193 10 0.20000000000000001
      vertex 193.19999999999999 10 0.20000000000000001
      vertex 193.19999999999999 20 0.20000000000000001
    endloop
  endfacet
  facet normal 0 0 1
    outer loop
      vertex 193 10 0.20000000000000001
      vertex 193.19999999999999 20 0.20000000000000001
      vertex 193 20 0.20000000000000001
    endloop
  endfacet
  facet normal 0 0 1
    outer loop
      vertex 193 20 0.20000000000000001
      vertex 193.19999999999999 20 0.20000000000000001
      vertex 193.19999999999999 40 0.20000000000000001
    endloop
  endfacet
  facet normal 0 0 1
    outer loop
      vertex 193 20 0.20000000000000001
      vertex 193.19999999999999 40 0.20000000000000001
      vertex 193 40 0.20000000000000001
    endloop
  endfacet
  facet normal 0 0 1
    outer loop
      vertex 193 40 0.20000000000000001
      vertex 193.19999999999999 40 0.20000000000000001
      vertex 193.19999999999999 60 0.20000000000000001
    endloop
  endfacet
  facet normal 0 0 1
    outer loop
      vertex 193 40 0.20000000000000001
      vertex 193.19999999999999 60 0.20000000000000001
      vertex 193 60 0.20000000000000001
    endloop
  endfacet
  facet normal 0 0 1
    outer loop
      vertex 193 60 0.20000000000000001
      vertex 193.19999999999999 60 0.20000000000000001
      vertex 193.19999999999999 80 0.20000000000000001
    endloop
  endfacet
  facet normal 0 0 1
    outer loop
      vertex 193 60 0.20000000000000001
      vertex 193.19999999999999 80 0.20000000000000001
      vertex 193 80 0.20000000000000001
    endloop
  endfacet
  facet normal 0 0 1
    outer loop
      vertex 193 80 0.20000000000000001
      vertex 193.19999999999999 80 0.20000000000000001
      vertex 193.19999999999999 100 0.20000000000000001
    endloop
  endfacet
  facet normal 0 0 1
    outer loop
      vertex 193 80 0.20000000000000001
      vertex 193.19999999999999 100 0.20000000000000001
      vertex 193 100 0.20000000000000001
    endloop
  endfacet
  facet normal 0 0 1
    outer loop
      vertex 193.19999999999999 -100 0
      vertex 193.40000000000001 -100 0
      vertex 193.40000000000001 -80 0
    endloop
  endfacet
  facet normal 0 0 1
    outer loop
      vertex 193.19999999999999 -100 0
      vertex 193.40000000000001 -80 0
      vertex 193.19999999999999 -80 0
    endloop
  endfacet
  facet normal 0 0 1
    outer loop
      vertex 193.19999999999999 -80 0
      vertex 193.40000000000001 -80 0
      vertex 193.40000000000001 -60 0
    endloop
  endfacet
  facet normal 0 0 1
    outer loop
      vertex 193.19999999999999 -80 0
      vertex 193.40000000000001 -60 0
      vertex 193.19999999999999 -60 0
    endloop
  endfacet
  facet normal 0 0 1
    outer loop
      vertex 193.19999999999999 -60 0
      vertex 193.40000000000001 -60 0
      vertex 193.40000000000001 -40 0
    endloop
  endfacet
  facet normal 0 0 1
    outer loop
      vertex 193.19999999999999 -60 0
      vertex 193.40000000000001 -40 0
      vertex 193.19999999999999 -40 0
    endloop
  endfacet
  facet normal 0 0 1
    outer loop
      vertex 193.19999999999999 -40 0
      vertex 193.40000000000001 -40 0
      vertex 193.40000000000001 -20 0
    endloop
  endfacet
  facet normal 0 0 1
    outer loop
      vertex 193.19999999999999 -40 0
      vertex 193.40000000000001 -20 0
      vertex 193.19999999999999 -20 0
    endloop
  endfacet
  facet normal 0 0 1
    outer loop
      vertex 193.19999999999999 -20 0
      vertex 193.40000000000001 -20 0
      vertex 193.40000000000001 -10 0
    endloop
  endfacet
  facet normal 0 0 1
    outer loop
      vertex 193.19999999999999 -20 0
      vertex 193.40000000000001 -10 0
      vertex 193.19999999999999 -10 0
    endloop
  endfacet
  facet normal 0 0 1
    outer loop
      vertex 193.19999999999999 -10 0
      vertex 193.40000000000001 -10 0
      vertex 193.40000000000001 0 0
    endloop
  endfacet
  facet normal 0 0 1
    outer loop
      vertex 193.19999999999999 -10 0
      vertex 193.40000000000001 0 0
      vertex 193.19999999999999 0 0
    endloop
  endfacet
  facet normal 0 -0.99995000374968745 0.0099995000374968734
    outer loop
      vertex 193.19999999999999 0 0
      vertex 193.40000000000001 0 0
      vertex 193.40000000000001 0.001 0.10000000000000001
    endloop
  endfacet
  facet normal 0.0024999609384152902 -0.99998437536620144 0.0049999218768310063
    outer loop
      vertex 193.19999999999999 0 0
      vertex 193.40000000000001 0.001 0.10000000000000001
      vertex 193.19999999999999 0.001 0.20000000000000001
    endloop
  endfacet
  facet normal 0.44721359549992751 0 0.89442719099993118
    outer loop
      vertex 193.19999999999999 0.001 0.20000000000000001
      vertex 193.40000000000001 0.001 0.10000000000000001
      vertex 193.40000000000001 10 0.10000000000000001
    endloop
  endfacet
  facet normal 0.44721359549992751 -0 0.89442719099993118
    outer loop
      vertex 193.19999999999999 0.001 0.20000000000000001
      vertex 193.40000000000001 10 0.10000000000000001
      vertex 193.19999999999999 10 0.20000000000000001
    endloop
  endfacet
  facet normal 0.44721359549992745 0 0.89442719099993118
    outer loop
      vertex 193.19999999999999 10 0.20000000000000001
      vertex 193.40000000000001 10 0.10000000000000001
      vertex 193.40000000000001 20 0.10000000000000001
    endloop
  endfacet
  facet normal 0.44721359549992745 -0 0.89442719099993118
    outer loop
      vertex 193.19999999999999 10 0.20000000000000001
      vertex 193.40000000000001 20 0.10000000000000001
      vertex 193.19999999999999 20 0.20000000000000001
    endloop
  endfacet
  facet normal 0.44721359549992745 0 0.89442719099993118
    outer loop
      vertex 193.19999999999999 20 0.20000000000000001
      vertex 193.40000000000001 20 0.10000000000000001
      vertex 193.40000000000001 40 0.10000000000000001
    endloop
  endfacet
  facet normal 0.44721359549992745 -0 0.89442719099993118
    outer loop
      vertex 193.19999999999999 20 0.20000000000000001
      vertex 193.40000000000001 40 0.10000000000000001
      vertex 193.19999999999999 40 0.20000000000000001
    endloop
  endfacet
  facet normal 0.44721359549992745 0 0.89442719099993118
    outer loop
      vertex 193.19999999999999 40 0.20000000000000001
      vertex 193.40000000000001 40 0.10000000000000001
      vertex 193.40000000000001 60 0.10000000000000001
    endloop
  endfacet
  facet normal 0.44721359549992745 -0 0.89442719099993118
    outer loop
      vertex 193.19999999999999 40 0.20000000000000001
      vertex 193.40000000000001 60 0.10000000000000001
      vertex 193.19999999999999 60 0.20000000000000001
    endloop
  endfacet
  facet normal 0.44721359549992745 0 0.89442719099993118
    outer loop
      vertex 193.19999999999999 60 0.20000000000000001
      vertex 193.40000000000001 60 0.10000000000000001
      vertex 193.40000000000001 80 0.10000000000000001
    endloop
  endfacet
  facet normal 0.44721359549992745 -0 0.89442719099993118
    outer loop
      vertex 193.19999999999999 60 0.20000000000000001
      vertex 193.40000000000001 80 0.10000000000000001
      vertex 193.19999999999999 80 0.20000000000000001
    endloop
  endfacet
  facet normal 0.44721359549992745 0 0.89442719099993118
    outer loop
      vertex 193.19999999999999 80 0.20000000000000001
      vertex 193.40000000000001 80 0.10000000000000001
      vertex 193.40000000000001 100 0.10000000000000001
    endloop
  endfacet
  facet normal 0.44721359549992745 -0 0.89442719099993118
    outer loop
      vertex 193.19999999999999 80 0.20000000000000001
      vertex 193.40000000000001 100 0.10000000000000001
      vertex 193.19999999999999 100 0.20000000000000001
    endloop
  endfacet
  facet normal 0 0 1
    outer loop
      vertex 193.40000000000001 -100 0
      vertex 193.59999999999999 -100 0
      vertex 193.59999999999999 -80 0
    endloop
  endfacet
  facet normal 0 0 1
    outer loop
      vertex 193.40000000000001 -100 0
      vertex 193.59999999999999 -80 0
      vertex 193.40000000000001 -80 0
    endloop
  endfacet
  facet normal 0 0 1
    outer loop
      vertex 193.40000000000001 -80 0
      vertex 193.59999999999999 -80 0
      vertex 193.59999999999999 -60 0
    endloop
  endfacet
  facet normal 0 0 1
    outer loop
      vertex 193.40000000000001 -80 0
      vertex 193.59999999999999 -60 0
      vertex 193.40000000000001 -60 0
    endloop
  endfacet
  facet normal 0 0 1
    outer loop
      vertex 193.40000000000001 -60 0
      vertex 193.59999999999999 -60 0
      vertex 193.59999999999999 -40 0
    endloop
  endfacet
  facet normal 0 0 1
    outer loop
      vertex 193.40000000000001 -60 0
      vertex 193.59999999999999 -40 0
      vertex 193.40000000000001 -40 0
    endloop
  endfacet
  facet normal 0 0 1
    outer loop
      vertex 193.40000000000001 -40 0
      vertex 193.59999999999999 -40 0
      vertex 193.59999999999999 -20 0
    endloop
  endfacet
  facet normal 0 0 1
    outer loop
      vertex 193.40000000000001 -40 0
      vertex 193.59999999999999 -20 0
      vertex 193.40000000000001 -20 0
    endloop
  endfacet
  facet normal 0 0 1
    outer loop
      vertex 193.40000000000001 -20 0
      vertex 193.59999999999999 -20 0
      vertex 193.59999999999999 -10 0
    endloop
  endfacet
  facet normal 0 0 1
    outer loop
      vertex 193.40000000000001 -20 0
      vertex 193.59999999999999 -10 0
      vertex 193.40000000000001 -10 0
    endloop
  endfacet
  facet normal 0 0 1
    outer loop
      vertex 193.40000000000001 -10 0
      vertex 193.59999999999999 -10 0
      vertex 193.59999999999999 0 0
    endloop
  endfacet
  facet normal 0 0 1
    outer loop
      vertex 193.40000000000001 -10 0
      vertex 193.59999999999999 0 0
      vertex 193.40000000000001 0 0
    endloop
  endfacet
  facet normal 0 -0.99995000374968745 0.0099995000374968734
    outer loop
      vertex 193.40000000000001 0 0
      vertex 193.59999999999999 0 0
      vertex 193.59999999999999 0.001 0.10000000000000001
    endloop
  endfacet
  facet normal 0 -0.99995000374968745 0.0099995000374968734
    outer loop
      vertex 193.40000000000001 0 0
      vertex 193.59999999999999 0.001 0.10000000000000001
      vertex 193.40000000000001 0.001 0.10000000000000001
    endloop
  endfacet
  facet normal 0 0 1
    outer loop
      vertex 193.40000000000001 0.001 0.10000000000000001
      vertex 193.59999999999999 0.001 0.10000000000000001
      vertex 193.59999999999999 10 0.10000000000000001
    endloop
  endfacet
  facet normal 0 0 1
    outer loop
      vertex 193.40000000000001 0.001 0.10000000000000001
      vertex 193.59999999999999 10 0.10000000000000001
      vertex 193.40000000000001 10 0.10000000000000001
    endloop
  endfacet
  facet normal 0 0 1
    outer loop
      vertex 193.40000000000001 10 0.10000000000000001
      vertex 193.59999999999999 10 0.10000000000000001
      vertex 193.59999999999999 20 0.10000000000000001
    endloop
  endfacet
  facet normal 0 0 1
    outer loop
      vertex 193.40000000000001 10 0.10000000000000001
      vertex 193.59999999999999 20 0.10000000000000001
      vertex 193.40000000000001 20 0.10000000000000001
    endloop
  endfacet
  facet normal 0 0 1
    outer loop
      vertex 193.40000000000001 20 0.10000000000000001
      vertex 193.59999999999999 20 0.10000000000000001
      vertex 193.59999999999999 40 0.10000000000000001
    endloop
  endfacet
  facet normal 0 0 1
    outer loop
      vertex 193.40000000000001 20 0.10000000000000001
      vertex 193.59999999999999 40 0.10000000000000001
      vertex 193.40000000000001 40 0.10000000000000001
    endloop
  endfacet
  facet normal 0 0 1
    outer loop
      vertex 193.40000000000001 40 0.10000000000000001
      vertex 193.59999999999999 40 0.10000000000000001
      vertex 193.59999999999999 60 0.10000000000000001
    endloop
  endfacet
  facet normal 0 0 1
    outer loop
      vertex 193.40000000000001 40 0.10000000000000001
      vertex 193.59999999999999 60 0.10000000000000001
      vertex 193.40000000000001 60 0.10000000000000001
    endloop
  endfacet
  facet normal 0 0 1
    outer loop
      vertex 193.40000000000001 60 0.10000000000000001
      vertex 193.59999999999999 60 0.10000000000000001
      vertex 193.59999999999999 80 0.10000000000000001
    endloop
  endfacet
  facet normal 0 0 1
    outer loop
      vertex 193.40000000000001 60 0.10000000000000001
      vertex 193.59999999999999 80 0.10000000000000001
      vertex 193.40000000000001 80 0.10000000000000001
    endloop
  endfacet
  facet normal 0 0 1
    outer loop
      vertex 193.40000000000001 80 0.10000000000000001
      vertex 193.59999999999999 80 0.10000000000000001
      vertex 193.59999999999999 100 0.10000000000000001
    endloop
  endfacet
  facet normal 0 0 1
    outer loop
      vertex 193.40000000000001 80 0.10000000000000001
      vertex 193.59999999999999 100 0.10000000000000001
      vertex 193.40000000000001 100 0.10000000000000001
    endloop
  endfacet
  facet normal 0 0 1
    outer loop
      vertex 193.59999999999999 -100 0
      vertex 193.80000000000001 -100 0
      vertex 193.80000000000001 -80 0
    endloop
  endfacet
  facet normal 0 0 1
    outer loop
      vertex 193.59999999999999 -100 0
      vertex 193.80000000000001 -80 0
      vertex 193.59999999999999 -80 0
    endloop
  endfacet
  facet normal 0 0 1
    outer loop
      vertex 193.59999999999999 -80 0
      vertex 193.80000000000001 -80 0
      vertex 193.80000000000001 -60 0
    endloop
  endfacet
  facet normal 0 0 1
    outer loop
      vertex 193.59999999999999 -80 0
      vertex 193.80000000000001 -60 0
      vertex 193.59999999999999 -60 0
    endloop
  endfacet
  facet normal 0 0 1
    outer loop
      vertex 193.59999999999999 -60 0
      vertex 193.80000000000001 -60 0
      vertex 193.80000000000001 -40 0
    endloop
  endfacet
  facet normal 0 0 1
    outer loop
      vertex 193.59999999999999 -60 0
      vertex 193.80000000000001 -40 0
      vertex 193.59999999999999 -40 0
    endloop
  endfacet
  facet normal 0 0 1
    outer loop
      vertex 193.59999999999999 -40 0
      vertex 193.80000000000001 -40 0
      vertex 193.80000000000001 -20 0
    endloop
  endfacet
  facet normal 0 0 1
    outer loop
      vertex 193.59999999999999 -40 0
      vertex 193.80000000000001 -20 0
      vertex 193.59999999999999 -20 0
    endloop
  endfacet
  facet normal 0 0 1
    outer loop
      vertex 193.59999999999999 -20 0
      vertex 193.80000000000001 -20 0
      vertex 193.80000000000001 -10 0
    endloop
  endfacet
  facet normal 0 0 1
    outer loop
      vertex 193.59999999999999 -20 0
      vertex 193.80000000000001 -10 0
      vertex 193.59999999999999 -10 0
    endloop
  endfacet
  facet normal 0 0 1
    outer loop
      vertex 193.59999999999999 -10 0
      vertex 193.80000000000001 -10 0
      vertex 193.80000000000001 0 0
    endloop
  endfacet
  facet normal 0 0 1
    outer loop
      vertex 193.59999999999999 -10 0
      vertex 193.80000000000001 0 0
      vertex 193.59999999999999 0 0
    endloop
  endfacet
  facet normal 0 0 1
    outer loop
      vertex 193.59999999999999 0 0
      vertex 193.80000000000001 0 0
      vertex 193.80000000000001 0.001 0
    endloop
  endfacet
  facet normal 0.0049996875292933974 -0.99993750585876473 0.0099993750585876465
    outer loop
      vertex 193.59999999999999 0 0
      vertex 193.80000000000001 0.001 0
      vertex 193.59999999999999 0.001 0.10000000000000001
    endloop
  endfacet
  facet normal 0.44721359549992751 0 0.89442719099993118
    outer loop
      vertex 193.59999999999999 0.001 0.10000000000000001
      vertex 193.80000000000001 0.001 0
      vertex 193.80000000000001 10 0
    endloop
  endfacet
  facet normal 0.44721359549992751 -0 0.89442719099993118
    outer loop
      vertex 193.59999999999999 0.001 0.10000000000000001
      vertex 193.80000000000001 10 0
      vertex 193.59999999999999 10 0.10000000000000001
    endloop
  endfacet
  facet normal 0.44721359549992745 0 0.89442719099993118
    outer loop
      vertex 193.59999999999999 10 0.10000000000000001
      vertex 193.80000000000001 10 0
      vertex 193.80000000000001 20 0
    endloop
  endfacet
  facet normal 0.44721359549992745 -0 0.89442719099993118
    outer loop
      vertex 193.59999999999999 10 0.10000000000000001
      vertex 193.80000000000001 20 0
      vertex 193.59999999999999 20 0.10000000000000001
    endloop
  endfacet
  facet normal 0.44721359549992745 0 0.89442719099993118
    outer loop
      vertex 193.59999999999999 20 0.10000000000000001
      vertex 193.80000000000001 20 0
      vertex 193.80000000000001 40 0
    endloop
  endfacet
  facet normal 0.44721359549992745 -0 0.89442719099993118
    outer loop
      vertex 193.59999999999999 20 0.10000000000000001
      vertex 193.80000000000001 40 0
      vertex 193.59999999999999 40 0.10000000000000001
    endloop
  endfacet
  facet normal 0.44721359549992745 0 0.89442719099993118
    outer loop
      vertex 193.59999999999999 40 0.10000000000000001
      vertex 193.80000000000001 40 0
      vertex 193.80000000000001 60 0
    endloop
  endfacet
  facet normal 0.44721359549992745 -0 0.89442719099993118
    outer loop
      vertex 193.59999999999999 40 0.10000000000000001
      vertex 193.80000000000001 60 0
      vertex 193.59999999999999 60 0.10000000000000001
    endloop
  endfacet
  facet normal 0.44721359549992745 0 0.89442719099993118
    outer loop
      vertex 193.59999999999999 60 0.10000000000000001
      vertex 193.80000000000001 60 0
      vertex 193.80000000000001 80 0
    endloop
  endfacet
  facet normal 0.44721359549992745 -0 0.89442719099993118
    outer loop
      vertex 193.59999999999999 60 0.10000000000000001
      vertex 193.80000000000001 80 0
      vertex 193.59999999999999 80 0.10000000000000001
    endloop
  endfacet
  facet normal 0.44721359549992745 0 0.89442719099993118
    outer loop
      vertex 193.59999999999999 80 0.10000000000000001
      vertex 193.80000000000001 80 0
      vertex 193.80000000000001 100 0
    endloop
  endfacet
  facet normal 0.44721359549992745 -0 0.89442719099993118
    outer loop
      vertex 193.59999999999999 80 0.10000000000000001
      vertex 193.80000000000001 100 0
      vertex 193.59999999999999 100 0.10000000000000001
    endloop
  endfacet
  facet normal 0 0 1
    outer loop
      vertex 193.80000000000001 -100 0
      vertex 194 -100 0
      vertex 194 -80 0
    endloop
  endfacet
  facet normal 0 0 1
    outer loop
      vertex 193.80000000000001 -100 0
      vertex 194 -80 0
      vertex 193.80000000000001 -80 0
    endloop
  endfacet
  facet normal 0 0 1
    outer loop
      vertex 193.80000000000001 -80 0
      vertex 194 -80 0
      vertex 194 -60 0
    endloop
  endfacet
  facet normal 0 0 1
    outer loop
      vertex 193.80000000000001 -80 0
      vertex 194 -60 0
      vertex 193.80000000000001 -60 0
    endloop
  endfacet
  facet normal 0 0 1
    outer loop
      vertex 193.80000000000001 -60 0
      vertex 194 -60 0
      vertex 194 -40 0
    endloop
  endfacet
  facet normal 0 0 1
    outer loop
      vertex 193.80000000000001 -60 0
      vertex 194 -40 0
      vertex 193.80000000000001 -40 0
    endloop
  endfacet
  facet normal 0 0 1
    outer loop
      vertex 193.80000000000001 -40 0
      vertex 194 -40 0
      vertex 194 -20 0
    endloop
  endfacet
  facet normal 0 0 1
    outer loop
      vertex 193.80000000000001 -40 0
      vertex 194 -20 0
      vertex 193.80000000000001 -20 0
    endloop
  endfacet
  facet normal 0 0 1
    outer loop
      vertex 193.80000000000001 -20 0
      vertex 194 -20 0
      vertex 194 -10 0
    endloop
  endfacet
  facet normal 0 0 1
    outer loop
      vertex 193.80000000000001 -20 0
      vertex 194 -10 0
      vertex 193.80000000000001 -10 0
    endloop
  endfacet
  facet normal 0 0 1
    outer loop
      vertex 193.80000000000001 -10 0
      vertex 194 -10 0
      vertex 194 0 0
    endloop
  endfacet
  facet normal 0 0 1
    outer loop
      vertex 193.80000000000001 -10 0
      vertex 194 0 0
      vertex 193.80000000000001 0 0
    endloop
  endfacet
  facet normal 0 0 1
    outer loop
      vertex 193.80000000000001 0 0
      vertex 194 0 0
      vertex 194 0.001 0
    endloop
  endfacet
  facet normal 0 0 1
    outer loop
      vertex 193.80000000000001 0 0
      vertex 194 0.001 0
      vertex 193.80000000000001 0.001 0
    endloop
  endfacet
  facet normal 0 0 1
    outer loop
      vertex 193.80000000000001 0.001 0
      vertex 194 0.001 0
      vertex 194 10 0
    endloop
  endfacet
  facet normal 0 0 1
    outer loop
      vertex 193.80000000000001 0.001 0
      vertex 194 10 0
      vertex 193.80000000000001 10 0
    endloop
  endfacet
  facet normal 0 0 1
    outer loop
      vertex 193.80000000000001 10 0
      vertex 194 10 0
      vertex 194 20 0
    endloop
  endfacet
  facet normal 0 0 1
    outer loop
      vertex 193.80000000000001 10 0
      vertex 194 20 0
      vertex 193.80000000000001 20 0
    endloop
  endfacet
  facet normal 0 0 1
    outer loop
      vertex 193.80000000000001 20 0
      vertex 194 20 0
      vertex 194 40 0
    endloop
  endfacet
  facet normal 0 0 1
    outer loop
      vertex 193.80000000000001 20 0
      vertex 194 40 0
      vertex 193.80000000000001 40 0
    endloop
  endfacet
  facet normal 0 0 1
    outer loop
      vertex 193.80000000000001 40 0
      vertex 194 40 0
      vertex 194 60 0
    endloop
  endfacet
  facet normal 0 0 1
    outer loop
      vertex 193.80000000000001 40 0
      vertex 194 60 0
      vertex 193.80000000000001 60 0
    endloop
  endfacet
  facet normal 0 0 1
    outer loop
      vertex 193.80000000000001 60 0
      vertex 194 60 0
      vertex 194 80 0
    endloop
  endfacet
  facet normal 0 0 1
    outer loop
      vertex 193.80000000000001 60 0
      vertex 194 80 0
      vertex 193.80000000000001 80 0
    endloop
  endfacet
  facet normal 0 0 1
    outer loop
      vertex 193.80000000000001 80 0
      vertex 194 80 0
      vertex 194 100 0
    endloop
  endfacet
  facet normal 0 0 1
    outer loop
      vertex 193.80000000000001 80 0
      vertex 194 100 0
      vertex 193.80000000000001 100 0
    endloop
  endfacet
  facet normal 0 0 1
    outer loop
      vertex 194 -100 0
      vertex 194.19999999999999 -100 0
      vertex 194.19999999999999 -80 0
    endloop
  endfacet
  facet normal 0 0 1
    outer loop
      vertex 194 -100 0
      vertex 194.19999999999999 -80 0
      vertex 194 -80 0
    endloop
  endfacet
  facet normal 0 0 1
    outer loop
      vertex 194 -80 0
      vertex 194.19999999999999 -80 0
      vertex 194.19999999999999 -60 0
    endloop
  endfacet
  facet normal 0 0 1
    outer loop
      vertex 194 -80 0
      vertex 194.19999999999999 -60 0
      vertex 194 -60 0
    endloop
  endfacet
  facet normal 0 0 1
    outer loop
      vertex 194 -60 0
      vertex 194.19999999999999 -60 0
      vertex 194.19999999999999 -40 0
    endloop
  endfacet
  facet normal 0 0 1
    outer loop
      vertex 194 -60 0
      vertex 194.19999999999999 -40 0
      vertex 194 -40 0
    endloop
  endfacet
  facet normal 0 0 1
    outer loop
      vertex 194 -40 0
      vertex 194.19999999999999 -40 0
      vertex 194.19999999999999 -20 0
    endloop
  endfacet
  facet normal 0 0 1
    outer loop
      vertex 194 -40 0
      vertex 194.19999999999999 -20 0
      vertex 194 -20 0
    endloop
  endfacet
  facet normal 0 0 1
    outer loop
      vertex 194 -20 0
      vertex 194.19999999999999 -20 0
      vertex 194.19999999999999 -10 0
    endloop
  endfacet
  facet normal 0 0 1
    outer loop
      vertex 194 -20 0
      vertex 194.19999999999999 -10 0
      vertex 194 -10 0
    endloop
  endfacet
  facet normal 0 0 1
    outer loop
      vertex 194 -10 0
      vertex 194.19999999999999 -10 0
      vertex 194.19999999999999 0 0
    endloop
  endfacet
  facet normal 0 0 1
    outer loop
      vertex 194 -10 0
      vertex 194.19999999999999 0 0
      vertex 194 0 0
    endloop
  endfacet
  facet normal 0 0 1
    outer loop
      vertex 194 0 0
      vertex 194.19999999999999 0 0
      vertex 194.19999999999999 0.001 0
    endloop
  endfacet
  facet normal 0 0 1
    outer loop
      vertex 194 0 0
      vertex 194.19999999999999 0.001 0
      vertex 194 0.001 0
    endloop
  endfacet
  facet normal 0 0 1
    outer loop
      vertex 194 0.001 0
      vertex 194.19999999999999 0.001 0
      vertex 194.19999999999999 10 0
    endloop
  endfacet
  facet normal 0 0 1
    outer loop
      vertex 194 0.001 0
      vertex 194.19999999999999 10 0
      vertex 194 10 0
    endloop
  endfacet
  facet normal 0 0 1
    outer loop
      vertex 194 10 0
      vertex 194.19999999999999 10 0
      vertex 194.19999999999999 20 0
    endloop
  endfacet
  facet normal 0 0 1
    outer loop
      vertex 194 10 0
      vertex 194.19999999999999 20 0
      vertex 194 20 0
    endloop
  endfacet
  facet normal 0 0 1
    outer loop
      vertex 194 20 0
      vertex 194.19999999999999 20 0
      vertex 194.19999999999999 40 0
    endloop
  endfacet
  facet normal 0 0 1
    outer loop
      vertex 194 20 0
      vertex 194.19999999999999 40 0
      vertex 194 40 0
    endloop
  endfacet
  facet normal 0 0 1
    outer loop
      vertex 194 40 0
      vertex 194.19999999999999 40 0
      vertex 194.19999999999999 60 0
    endloop
  endfacet
  facet normal 0 0 1
    outer loop
      vertex 194 40 0
      vertex 194.19999999999999 60 0
      vertex 194 60 0
    endloop
  endfacet
  facet normal 0 0 1
    outer loop
      vertex 194 60 0
      vertex 194.19999999999999 60 0
      vertex 194.19999999999999 80 0
    endloop
  endfacet
  facet normal 0 0 1
    outer loop
      vertex 194 60 0
      vertex 194.19999999999999 80 0
      vertex 194 80 0
    endloop
  endfacet
  facet normal 0 0 1
    outer loop
      vertex 194 80 0
      vertex 194.19999999999999 80 0
      vertex 194.19999999999999 100 0
    endloop
  endfacet
  facet normal 0 0 1
    outer loop
      vertex 194 80 0
      vertex 194.19999999999999 100 0
      vertex 194 100 0
    endloop
  endfacet
  facet normal 0 0 1
    outer loop
      vertex 194.19999999999999 -100 0
      vertex 199.19999999999999 -100 0
      vertex 199.19999999999999 -80 0
    endloop
  endfacet
  facet normal 0 0 1
    outer loop
      vertex 194.19999999999999 -100 0
      vertex 199.19999999999999 -80 0
      vertex 194.19999999999999 -80 0
    endloop
  endfacet
  facet normal 0 0 1
    outer loop
      vertex 194.19999999999999 -80 0
      vertex 199.19999999999999 -80 0
      vertex 199.19999999999999 -60 0
    endloop
  endfacet
  facet normal 0 0 1
    outer loop
      vertex 194.19999999999999 -80 0
      vertex 199.19999999999999 -60 0
      vertex 194.19999999999999 -60 0
    endloop
  endfacet
  facet normal 0 0 1
    outer loop
      vertex 194.19999999999999 -60 0
      vertex 199.19999999999999 -60 0
      vertex 199.19999999999999 -40 0
    endloop
  endfacet
  facet normal 0 0 1
    outer loop
      vertex 194.19999999999999 -60 0
      vertex 199.19999999999999 -40 0
      vertex 194.19999999999999 -40 0
    endloop
  endfacet
  facet normal 0 0 1
    outer loop
      vertex 194.19999999999999 -40 0
      vertex 199.19999999999999 -40 0
      vertex 199.19999999999999 -20 0
    endloop
  endfacet
  facet normal 0 0 1
    outer loop
      vertex 194.19999999999999 -40 0
      vertex 199.19999999999999 -20 0
      vertex 194.19999999999999 -20 0
    endloop
  endfacet
  facet normal 0 0 1
    outer loop
      vertex 194.19999999999999 -20 0
      vertex 199.19999999999999 -20 0
      vertex 199.19999999999999 -10 0
    endloop
  endfacet
  facet normal 0 0 1
    outer loop
      vertex 194.19999999999999 -20 0
      vertex 199.19999999999999 -10 0
      vertex 194.19999999999999 -10 0
    endloop
  endfacet
  facet normal 0 0 1
    outer loop
      vertex 194.19999999999999 -10 0
      vertex 199.19999999999999 -10 0
      vertex 199.19999999999999 0 0
    endloop
  endfacet
  facet normal 0 0 1
    outer loop
      vertex 194.19999999999999 -10 0
      vertex 199.19999999999999 0 0
      vertex 194.19999999999999 0 0
    endloop
  endfacet
  facet normal 0 0 1
    outer loop
      vertex 194.19999999999999 0 0
      vertex 199.19999999999999 0 0
      vertex 199.19999999999999 0.001 0
    endloop
  endfacet
  facet normal 0 0 1
    outer loop
      vertex 194.19999999999999 0 0
      vertex 199.19999999999999 0.001 0
      vertex 194.19999999999999 0.001 0
    endloop
  endfacet
  facet normal 0 0 1
    outer loop
      vertex 194.19999999999999 0.001 0
      vertex 199.19999999999999 0.001 0
      vertex 199.19999999999999 10 0
    endloop
  endfacet
  facet normal 0 0 1
    outer loop
      vertex 194.19999999999999 0.001 0
      vertex 199.19999999999999 10 0
      vertex 194.19999999999999 10 0
    endloop
  endfacet
  facet normal 0 0 1
    outer loop
      vertex 194.19999999999999 10 0
      vertex 199.19999999999999 10 0
      vertex 199.19999999999999 20 0
    endloop
  endfacet
  facet normal 0 0 1
    outer loop
      vertex 194.19999999999999 10 0
      vertex 199.19999999999999 20 0
      vertex 194.19999999999999 20 0
    endloop
  endfacet
  facet normal 0 0 1
    outer loop
      vertex 194.19999999999999 20 0
      vertex 199.19999999999999 20 0
      vertex 199.19999999999999 40 0
    endloop
  endfacet
  facet normal 0 0 1
    outer loop
      vertex 194.19999999999999 20 0
      vertex 199.19999999999999 40 0
      vertex 194.19999999999999 40 0
    endloop
  endfacet
  facet normal 0 0 1
    outer loop
      vertex 194.19999999999999 40 0
      vertex 199.19999999999999 40 0
      vertex 199.19999999999999 60 0
    endloop
  endfacet
  facet normal 0 0 1
    outer loop
      vertex 194.19999999999999 40 0
      vertex 199.19999999999999 60 0
      vertex 194.19999999999999 60 0
    endloop
  endfacet
  facet normal 0 0 1
    outer loop
      vertex 194.19999999999999 60 0
      vertex 199.19999999999999 60 0
      vertex 199.19999999999999 80 0
    endloop
  endfacet
  facet normal 0 0 1
    outer loop
      vertex 194.19999999999999 60 0
      vertex 199.19999999999999 80 0
      vertex 194.19999999999999 80 0
    endloop
  endfacet
  facet normal 0 0 1
    outer loop
      vertex 194.19999999999999 80 0
      vertex 199.19999999999999 80 0
      vertex 199.19999999999999 100 0
    endloop
  endfacet
  facet normal 0 0 1
    outer loop
      vertex 194.19999999999999 80 0
      vertex 199.19999999999999 100 0
      vertex 194.19999999999999 100 0
    endloop
  endfacet
  facet normal -0.44721359549992745 0 0.89442719099993118
    outer loop
      vertex 199.19999999999999 -100 0
      vertex 199.40000000000001 -100 0.10000000000000001
      vertex 199.40000000000001 -80 0.10000000000000001
    endloop
  endfacet
  facet normal -0.44721359549992745 0 0.89442719099993118
    outer loop
      vertex 199.19999999999999 -100 0
      vertex 199.40000000000001 -80 0.10000000000000001
      vertex 199.19999999999999 -80 0
    endloop
  endfacet
  facet normal -0.44721359549992745 0 0.89442719099993118
    outer loop
      vertex 199.19999999999999 -80 0
      vertex 199.40000000000001 -80 0.10000000000000001
      vertex 199.40000000000001 -60 0.10000000000000001
    endloop
  endfacet
  facet normal -0.44721359549992745 0 0.89442719099993118
    outer loop
      vertex 199.19999999999999 -80 0
      vertex 199.40000000000001 -60 0.10000000000000001
      vertex 199.19999999999999 -60 0
    endloop
  endfacet
  facet normal -0.44721359549992745 0 0.89442719099993118
    outer loop
      vertex 199.19999999999999 -60 0
      vertex 199.40000000000001 -60 0.10000000000000001
      vertex 199.40000000000001 -40 0.10000000000000001
    endloop
  endfacet
  facet normal -0.44721359549992745 0 0.89442719099993118
    outer loop
      vertex 199.19999999999999 -60 0
      vertex 199.40000000000001 -40 0.10000000000000001
      vertex 199.19999999999999 -40 0
    endloop
  endfacet
  facet normal -0.44721359549992745 0 0.89442719099993118
    outer loop
      vertex 199.19999999999999 -40 0
      vertex 199.40000000000001 -40 0.10000000000000001
      vertex 199.40000000000001 -20 0.10000000000000001
    endloop
  endfacet
  facet normal -0.44721359549992745 0 0.89442719099993118
    outer loop
      vertex 199.19999999999999 -40 0
      vertex 199.40000000000001 -20 0.10000000000000001
      vertex 199.19999999999999 -20 0
    endloop
  endfacet
  facet normal -0.44721359549992745 0 0.89442719099993118
    outer loop
      vertex 199.19999999999999 -20 0
      vertex 199.40000000000001 -20 0.10000000000000001
      vertex 199.40000000000001 -10 0.10000000000000001
    endloop
  endfacet
  facet normal -0.44721359549992745 0 0.89442719099993118
    outer loop
      vertex 199.19999999999999 -20 0
      vertex 199.40000000000001 -10 0.10000000000000001
      vertex 199.19999999999999 -10 0
    endloop
  endfacet
  facet normal -0.44721359549992745 0 0.89442719099993118
    outer loop
      vertex 199.19999999999999 -10 0
      vertex 199.40000000000001 -10 0.10000000000000001
      vertex 199.40000000000001 0 0.10000000000000001
    endloop
  endfacet
  facet normal -0.44721359549992745 0 0.89442719099993118
    outer loop
      vertex 199.19999999999999 -10 0
      vertex 199.40000000000001 0 0.10000000000000001
      vertex 199.19999999999999 0 0
    endloop
  endfacet
  facet normal -0.0049996875292933974 0.99993750585876473 0.0099993750585876465
    outer loop
      vertex 199.19999999999999 0 0
      vertex 199.40000000000001 0 0.10000000000000001
      vertex 199.40000000000001 0.001 0
    endloop
  endfacet
  facet normal 0 0 1
    outer loop
      vertex 199.19999999999999 0 0
      vertex 199.40000000000001 0.001 0
      vertex 199.19999999999999 0.001 0
    endloop
  endfacet
  facet normal 0 0 1
    outer loop
      vertex 199.19999999999999 0.001 0
      vertex 199.40000000000001 0.001 0
      vertex 199.40000000000001 10 0
    endloop
  endfacet
  facet normal 0 0 1
    outer loop
      vertex 199.19999999999999 0.001 0
      vertex 199.40000000000001 10 0
      vertex 199.19999999999999 10 0
    endloop
  endfacet
  facet normal 0 0 1
    outer loop
      vertex 199.19999999999999 10 0
      vertex 199.40000000000001 10 0
      vertex 199.40000000000001 20 0
    endloop
  endfacet
  facet normal 0 0 1
    outer loop
      vertex 199.19999999999999 10 0
      vertex 199.40000000000001 20 0
      vertex 199.19999999999999 20 0
    endloop
  endfacet
  facet normal 0 0 1
    outer loop
      vertex 199.19999999999999 20 0
      vertex 199.40000000000001 20 0
      vertex 199.40000000000001 40 0
    endloop
  endfacet
  facet normal 0 0 1
    outer loop
      vertex 199.19999999999999 20 0
      vertex 199.40000000000001 40 0
      vertex 199.19999999999999 40 0
    endloop
  endfacet
  facet normal 0 0 1
    outer loop
      vertex 199.19999999999999 40 0
      vertex 199.40000000000001 40 0
      vertex 199.40000000000001 60 0
    endloop
  endfacet
  facet normal 0 0 1
    outer loop
      vertex 199.19999999999999 40 0
      vertex 199.40000000000001 60 0
      vertex 199.19999999999999 60 0
    endloop
  endfacet
  facet normal 0 0 1
    outer loop
      vertex 199.19999999999999 60 0
      vertex 199.40000000000001 60 0
      vertex 199.40000000000001 80 0
    endloop
  endfacet
  facet normal 0 0 1
    outer loop
      vertex 199.19999999999999 60 0
      vertex 199.40000000000001 80 0
      vertex 199.19999999999999 80 0
    endloop
  endfacet
  facet normal 0 0 1
    outer loop
      vertex 199.19999999999999 80 0
      vertex 199.40000000000001 80 0
      vertex 199.40000000000001 100 0
    endloop
  endfacet
  facet normal 0 0 1
    outer loop
      vertex 199.19999999999999 80 0
      vertex 199.40000000000001 100 0
      vertex 199.19999999999999 100 0
    endloop
  endfacet
  facet normal 0 0 1
    outer loop
      vertex 199.40000000000001 -100 0.10000000000000001
      vertex 199.59999999999999 -100 0.10000000000000001
      vertex 199.59999999999999 -80 0.10000000000000001
    endloop
  endfacet
  facet normal 0 0 1
    outer loop
      vertex 199.40000000000001 -100 0.10000000000000001
      vertex 199.59999999999999 -80 0.10000000000000001
      vertex 199.40000000000001 -80 0.10000000000000001
    endloop
  endfacet
  facet normal 0 0 1
    outer loop
      vertex 199.40000000000001 -80 0.10000000000000001
      vertex 199.59999999999999 -80 0.10000000000000001
      vertex 199.59999999999999 -60 0.10000000000000001
    endloop
  endfacet
  facet normal 0 0 1
    outer loop
      vertex 199.40000000000001 -80 0.10000000000000001
      vertex 199.59999999999999 -60 0.10000000000000001
      vertex 199.40000000000001 -60 0.10000000000000001
    endloop
  endfacet
  facet normal 0 0 1
    outer loop
      vertex 199.40000000000001 -60 0.10000000000000001
      vertex 199.59999999999999 -60 0.10000000000000001
      vertex 199.59999999999999 -40 0.10000000000000001
    endloop
  endfacet
  facet normal 0 0 1
    outer loop
      vertex 199.40000000000001 -60 0.10000000000000001
      vertex 199.59999999999999 -40 0.10000000000000001
      vertex 199.40000000000001 -40 0.10000000000000001
    endloop
  endfacet
  facet normal 0 0 1
    outer loop
      vertex 199.40000000000001 -40 0.10000000000000001
      vertex 199.59999999999999 -40 0.10000000000000001
      vertex 199.59999999999999 -20 0.10000000000000001
    endloop
  endfacet
  facet normal 0 0 1
    outer loop
      vertex 199.40000000000001 -40 0.10000000000000001
      vertex 199.59999999999999 -20 0.10000000000000001
      vertex 199.40000000000001 -20 0.10000000000000001
    endloop
  endfacet
  facet normal 0 0 1
    outer loop
      vertex 199.40000000000001 -20 0.10000000000000001
      vertex 199.59999999999999 -20 0.10000000000000001
      vertex 199.59999999999999 -10 0.10000000000000001
    endloop
  endfacet
  facet normal 0 0 1
    outer loop
      vertex 199.40000000000001 -20 0.10000000000000001
      vertex 199.59999999999999 -10 0.10000000000000001
      vertex 199.40000000000001 -10 0.10000000000000001
    endloop
  endfacet
  facet normal 0 0 1
    outer loop
      vertex 199.40000000000001 -10 0.10000000000000001
      vertex 199.59999999999999 -10 0.10000000000000001
      vertex 199.59999999999999 0 0.10000000000000001
    endloop
  endfacet
  facet normal 0 0 1
    outer loop
      vertex 199.40000000000001 -10 0.10000000000000001
      vertex 199.59999999999999 0 0.10000000000000001
      vertex 199.40000000000001 0 0.10000000000000001
    endloop
  endfacet
  facet normal -0 0.99995000374968745 0.0099995000374968734
    outer loop
      vertex 199.40000000000001 0 0.10000000000000001
      vertex 199.59999999999999 0 0.10000000000000001
      vertex 199.59999999999999 0.001 0
    endloop
  endfacet
  facet normal 0 0.99995000374968745 0.0099995000374968734
    outer loop
      vertex 199.40000000000001 0 0.10000000000000001
      vertex 199.59999999999999 0.001 0
      vertex 199.40000000000001 0.001 0
    endloop
  endfacet
  facet normal 0 0 1
    outer loop
      vertex 199.40000000000001 0.001 0
      vertex 199.59999999999999 0.001 0
      vertex 199.59999999999999 10 0
    endloop
  endfacet
  facet normal 0 0 1
    outer loop
      vertex 199.40000000000001 0.001 0
      vertex 199.59999999999999 10 0
      vertex 199.40000000000001 10 0
    endloop
  endfacet
  facet normal 0 0 1
    outer loop
      vertex 199.40000000000001 10 0
      vertex 199.59999999999999 10 0
      vertex 199.59999999999999 20 0
    endloop
  endfacet
  facet normal 0 0 1
    outer loop
      vertex 199.40000000000001 10 0
      vertex 199.59999999999999 20 0
      vertex 199.40000000000001 20 0
    endloop
  endfacet
  facet normal 0 0 1
    outer loop
      vertex 199.40000000000001 20 0
      vertex 199.59999999999999 20 0
      vertex 199.59999999999999 40 0
    endloop
  endfacet
  facet normal 0 0 1
    outer loop
      vertex 199.40000000000001 20 0
      vertex 199.59999999999999 40 0
      vertex 199.40000000000001 40 0
    endloop
  endfacet
  facet normal 0 0 1
    outer loop
      vertex 199.40000000000001 40 0
      vertex 199.59999999999999 40 0
      vertex 199.59999999999999 60 0
    endloop
  endfacet
  facet normal 0 0 1
    outer loop
      vertex 199.40000000000001 40 0
      vertex 199.59999999999999 60 0
      vertex 199.40000000000001 60 0
    endloop
  endfacet
  facet normal 0 0 1
    outer loop
      vertex 199.40000000000001 60 0
      vertex 199.59999999999999 60 0
      vertex 199.59999999999999 80 0
    endloop
  endfacet
  facet normal 0 0 1
    outer loop
      vertex 199.40000000000001 60 0
      vertex 199.59999999999999 80 0
      vertex 199.40000000000001 80 0
    endloop
  endfacet
  facet normal 0 0 1
    outer loop
      vertex 199.40000000000001 80 0
      vertex 199.59999999999999 80 0
      vertex 199.59999999999999 100 0
    endloop
  endfacet
  facet normal 0 0 1
    outer loop
      vertex 199.40000000000001 80 0
      vertex 199.59999999999999 100 0
      vertex 199.40000000000001 100 0
    endloop
  endfacet
  facet normal 0.44721359549992745 0 0.89442719099993118
    outer loop
      vertex 199.59999999999999 -100 0.10000000000000001
      vertex 199.80000000000001 -100 0
      vertex 199.80000000000001 -80 0
    endloop
  endfacet
  facet normal 0.44721359549992745 -0 0.89442719099993118
    outer loop
      vertex 199.59999999999999 -100 0.10000000000000001
      vertex 199.80000000000001 -80 0
      vertex 199.59999999999999 -80 0.10000000000000001
    endloop
  endfacet
  facet normal 0.44721359549992745 0 0.89442719099993118
    outer loop
      vertex 199.59999999999999 -80 0.10000000000000001
      vertex 199.80000000000001 -80 0
      vertex 199.80000000000001 -60 0
    endloop
  endfacet
  facet normal 0.44721359549992745 -0 0.89442719099993118
    outer loop
      vertex 199.59999999999999 -80 0.10000000000000001
      vertex 199.80000000000001 -60 0
      vertex 199.59999999999999 -60 0.10000000000000001
    endloop
  endfacet
  facet normal 0.44721359549992745 0 0.89442719099993118
    outer loop
      vertex 199.59999999999999 -60 0.10000000000000001
      vertex 199.80000000000001 -60 0
      vertex 199.80000000000001 -40 0
    endloop
  endfacet
  facet normal 0.44721359549992745 -0 0.89442719099993118
    outer loop
      vertex 199.59999999999999 -60 0.10000000000000001
      vertex 199.80000000000001 -40 0
      vertex 199.59999999999999 -40 0.10000000000000001
    endloop
  endfacet
  facet normal 0.44721359549992745 0 0.89442719099993118
    outer loop
      vertex 199.59999999999999 -40 0.10000000000000001
      vertex 199.80000000000001 -40 0
      vertex 199.80000000000001 -20 0
    endloop
  endfacet
  facet normal 0.44721359549992745 -0 0.89442719099993118
    outer loop
      vertex 199.59999999999999 -40 0.10000000000000001
      vertex 199.80000000000001 -20 0
      vertex 199.59999999999999 -20 0.10000000000000001
    endloop
  endfacet
  facet normal 0.44721359549992745 0 0.89442719099993118
    outer loop
      vertex 199.59999999999999 -20 0.10000000000000001
      vertex 199.80000000000001 -20 0
      vertex 199.80000000000001 -10 0
    endloop
  endfacet
  facet normal 0.44721359549992745 -0 0.89442719099993118
    outer loop
      vertex 199.59999999999999 -20 0.10000000000000001
      vertex 199.80000000000001 -10 0
      vertex 199.59999999999999 -10 0.10000000000000001
    endloop
  endfacet
  facet normal 0.44721359549992745 0 0.89442719099993118
    outer loop
      vertex 199.59999999999999 -10 0.10000000000000001
      vertex 199.80000000000001 -10 0
      vertex 199.80000000000001 0 0
    endloop
  endfacet
  facet normal 0.44721359549992745 -0 0.89442719099993118
    outer loop
      vertex 199.59999999999999 -10 0.10000000000000001
      vertex 199.80000000000001 0 0
      vertex 199.59999999999999 0 0.10000000000000001
    endloop
  endfacet
  facet normal 0.44721359549992745 0 0.89442719099993107
    outer loop
      vertex 199.59999999999999 0 0.10000000000000001
      vertex 199.80000000000001 0 0
      vertex 199.80000000000001 0.001 0
    endloop
  endfacet
  facet normal 0 0.99995000374968745 0.0099995000374968734
    outer loop
      vertex 199.59999999999999 0 0.10000000000000001
      vertex 199.80000000000001 0.001 0
      vertex 199.59999999999999 0.001 0
    endloop
  endfacet
  facet normal 0 0 1
    outer loop
      vertex 199.59999999999999 0.001 0
      vertex 199.80000000000001 0.001 0
      vertex 199.80000000000001 10 0
    endloop
  endfacet
  facet normal 0 0 1
    outer loop
      vertex 199.59999999999999 0.001 0
      vertex 199.80000000000001 10 0
      vertex 199.59999999999999 10 0
    endloop
  endfacet
  facet normal 0 0 1
    outer loop
      vertex 199.59999999999999 10 0
      vertex 199.80000000000001 10 0
      vertex 199.80000000000001 20 0
    endloop
  endfacet
  facet normal 0 0 1
    outer loop
      vertex 199.59999999999999 10 0
      vertex 199.80000000000001 20 0
      vertex 199.59999999999999 20 0
    endloop
  endfacet
  facet normal 0 0 1
    outer loop
      vertex 199.59999999999999 20 0
      vertex 199.80000000000001 20 0
      vertex 199.80000000000001 40 0
    endloop
  endfacet
  facet normal 0 0 1
    outer loop
      vertex 199.59999999999999 20 0
      vertex 199.80000000000001 40 0
      vertex 199.59999999999999 40 0
    endloop
  endfacet
  facet normal 0 0 1
    outer loop
      vertex 199.59999999999999 40 0
      vertex 199.80000000000001 40 0
      vertex 199.80000000000001 60 0
    endloop
  endfacet
  facet normal 0 0 1
    outer loop
      vertex 199.59999999999999 40 0
      vertex 199.80000000000001 60 0
      vertex 199.59999999999999 60 0
    endloop
  endfacet
  facet normal 0 0 1
    outer loop
      vertex 199.59999999999999 60 0
      vertex 199.80000000000001 60 0
      vertex 199.80000000000001 80 0
    endloop
  endfacet
  facet normal 0 0 1
    outer loop
      vertex 199.59999999999999 60 0
      vertex 199.80000000000001 80 0
      vertex 199.59999999999999 80 0
    endloop
  endfacet
  facet normal 0 0 1
    outer loop
      vertex 199.59999999999999 80 0
      vertex 199.80000000000001 80 0
      vertex 199.80000000000001 100 0
    endloop
  endfacet
  facet normal 0 0 1
    outer loop
      vertex 199.59999999999999 80 0
      vertex 199.80000000000001 100 0
      vertex 199.59999999999999 100 0
    endloop
  endfacet
  facet normal 0 0 1
    outer loop
      vertex 199.80000000000001 -100 0
      vertex 204.80000000000001 -100 0
      vertex 204.80000000000001 -80 0
    endloop
  endfacet
  facet normal 0 0 1
    outer loop
      vertex 199.80000000000001 -100 0
      vertex 204.80000000000001 -80 0
      vertex 199.80000000000001 -80 0
    endloop
  endfacet
  facet normal 0 0 1
    outer loop
      vertex 199.80000000000001 -80 0
      vertex 204.80000000000001 -80 0
      vertex 204.80000000000001 -60 0
    endloop
  endfacet
  facet normal 0 0 1
    outer loop
      vertex 199.80000000000001 -80 0
      vertex 204.80000000000001 -60 0
      vertex 199.80000000000001 -60 0
    endloop
  endfacet
  facet normal 0 0 1
    outer loop
      vertex 199.80000000000001 -60 0
      vertex 204.80000000000001 -60 0
      vertex 204.80000000000001 -40 0
    endloop
  endfacet
  facet normal 0 0 1
    outer loop
      vertex 199.80000000000001 -60 0
      vertex 204.80000000000001 -40 0
      vertex 199.80000000000001 -40 0
    endloop
  endfacet
  facet normal 0 0 1
    outer loop
      vertex 199.80000000000001 -40 0
      vertex 204.80000000000001 -40 0
      vertex 204.80000000000001 -20 0
    endloop
  endfacet
  facet normal 0 0 1
    outer loop
      vertex 199.80000000000001 -40 0
      vertex 204.80000000000001 -20 0
      vertex 199.80000000000001 -20 0
    endloop
  endfacet
  facet normal 0 0 1
    outer loop
      vertex 199.80000000000001 -20 0
      vertex 204.80000000000001 -20 0
      vertex 204.80000000000001 -10 0
    endloop
  endfacet
  facet normal 0 0 1
    outer loop
      vertex 199.80000000000001 -20 0
      vertex 204.80000000000001 -10 0
      vertex 199.80000000000001 -10 0
    endloop
  endfacet
  facet normal 0 0 1
    outer loop
      vertex 199.80000000000001 -10 0
      vertex 204.80000000000001 -10 0
      vertex 204.80000000000001 0 0
    endloop
  endfacet
  facet normal 0 0 1
    outer loop
      vertex 199.80000000000001 -10 0
      vertex 204.80000000000001 0 0
      vertex 199.80000000000001 0 0
    endloop
  endfacet
  facet normal 0 0 1
    outer loop
      vertex 199.80000000000001 0 0
      vertex 204.80000000000001 0 0
      vertex 204.80000000000001 0.001 0
    endloop
  endfacet
  facet normal 0 0 1
    outer loop
      vertex 199.80000000000001 0 0
      vertex 204.80000000000001 0.001 0
      vertex 199.80000000000001 0.001 0
    endloop
  endfacet
  facet normal 0 0 1
    outer loop
      vertex 199.80000000000001 0.001 0
      vertex 204.80000000000001 0.001 0
      vertex 204.80000000000001 10 0
    endloop
  endfacet
  facet normal 0 0 1
    outer loop
      vertex 199.80000000000001 0.001 0
      vertex 204.80000000000001 10 0
      vertex 199.80000000000001 10 0
    endloop
  endfacet
  facet normal 0 0 1
    outer loop
      vertex 199.80000000000001 10 0
      vertex 204.80000000000001 10 0
      vertex 204.80000000000001 20 0
    endloop
  endfacet
  facet normal 0 0 1
    outer loop
      vertex 199.80000000000001 10 0
      vertex 204.80000000000001 20 0
      vertex 199.80000000000001 20 0
    endloop
  endfacet
  facet normal 0 0 1
    outer loop
      vertex 199.80000000000001 20 0
      vertex 204.80000000000001 20 0
      vertex 204.80000000000001 40 0
    endloop
  endfacet
  facet normal 0 0 1
    outer loop
      vertex 199.80000000000001 20 0
      vertex 204.80000000000001 40 0
      vertex 199.80000000000001 40 0
    endloop
  endfacet
  facet normal 0 0 1
    outer loop
      vertex 199.80000000000001 40 0
      vertex 204.80000000000001 40 0
      vertex 204.80000000000001 60 0
    endloop
  endfacet
  facet normal 0 0 1
    outer loop
      vertex 199.80000000000001 40 0
      vertex 204.80000000000001 60 0
      vertex 199.80000000000001 60 0
    endloop
  endfacet
  facet normal 0 0 1
    outer loop
      vertex 199.80000000000001 60 0
      vertex 204.80000000000001 60 0
      vertex 204.80000000000001 80 0
    endloop
  endfacet
  facet normal 0 0 1
    outer loop
      vertex 199.80000000000001 60 0
      vertex 204.80000000000001 80 0
      vertex 199.80000000000001 80 0
    endloop
  endfacet
  facet normal 0 0 1
    outer loop
      vertex 199.80000000000001 80 0
      vertex 204.80000000000001 80 0
      vertex 204.80000000000001 100 0
    endloop
  endfacet
  facet normal 0 0 1
    outer loop
      vertex 199.80000000000001 80 0
      vertex 204.80000000000001 100 0
      vertex 199.80000000000001 100 0
    endloop
  endfacet
  facet normal 0 0 1
    outer loop
      vertex 204.80000000000001 -100 0
      vertex 205 -100 0
      vertex 205 -80 0
    endloop
  endfacet
  facet normal 0 0 1
    outer loop
      vertex 204.80000000000001 -100 0
      vertex 205 -80 0
      vertex 204.80000000000001 -80 0
    endloop
  endfacet
  facet normal 0 0 1
    outer loop
      vertex 204.80000000000001 -80 0
      vertex 205 -80 0
      vertex 205 -60 0
    endloop
  endfacet
  facet normal 0 0 1
    outer loop
      vertex 204.80000000000001 -80 0
      vertex 205 -60 0
      vertex 204.80000000000001 -60 0
    endloop
  endfacet
  facet normal 0 0 1
    outer loop
      vertex 204.80000000000001 -60 0
      vertex 205 -60 0
      vertex 205 -40 0
    endloop
  endfacet
  facet normal 0 0 1
    outer loop
      vertex 204.80000000000001 -60 0
      vertex 205 -40 0
      vertex 204.80000000000001 -40 0
    endloop
  endfacet
  facet normal 0 0 1
    outer loop
      vertex 204.80000000000001 -40 0
      vertex 205 -40 0
      vertex 205 -20 0
    endloop
  endfacet
  facet normal 0 0 1
    outer loop
      vertex 204.80000000000001 -40 0
      vertex 205 -20 0
      vertex 204.80000000000001 -20 0
    endloop
  endfacet
  facet normal 0 0 1
    outer loop
      vertex 204.80000000000001 -20 0
      vertex 205 -20 0
      vertex 205 -10 0
    endloop
  endfacet
  facet normal 0 0 1
    outer loop
      vertex 204.80000000000001 -20 0
      vertex 205 -10 0
      vertex 204.80000000000001 -10 0
    endloop
  endfacet
  facet normal 0 0 1
    outer loop
      vertex 204.80000000000001 -10 0
      vertex 205 -10 0
      vertex 205 0 0
    endloop
  endfacet
  facet normal 0 0 1
    outer loop
      vertex 204.80000000000001 -10 0
      vertex 205 0 0
      vertex 204.80000000000001 0 0
    endloop
  endfacet
  facet normal -0 0.99980005998000698 0.019996001199600138
    outer loop
      vertex 204.80000000000001 0 0
      vertex 205 0 0
      vertex 205 0.001 -0.050000000000000003
    endloop
  endfacet
  facet normal 0.24253562503634599 -0 0.97014250014532866
    outer loop
      vertex 204.80000000000001 0 0
      vertex 205 0.001 -0.050000000000000003
      vertex 204.80000000000001 0.001 0
    endloop
  endfacet
  facet normal 0.24253562503634599 0 0.97014250014532866
    outer loop
      vertex 204.80000000000001 0.001 0
      vertex 205 0.001 -0.050000000000000003
      vertex 205 10 -0.050000000000000003
    endloop
  endfacet
  facet normal 0.24253562503634599 -0 0.97014250014532866
    outer loop
      vertex 204.80000000000001 0.001 0
      vertex 205 10 -0.050000000000000003
      vertex 204.80000000000001 10 0
    endloop
  endfacet
  facet normal 0.24253562503634593 0 0.97014250014532855
    outer loop
      vertex 204.80000000000001 10 0
      vertex 205 10 -0.050000000000000003
      vertex 205 20 -0.050000000000000003
    endloop
  endfacet
  facet normal 0.24253562503634593 -0 0.97014250014532855
    outer loop
      vertex 204.80000000000001 10 0
      vertex 205 20 -0.050000000000000003
      vertex 204.80000000000001 20 0
    endloop
  endfacet
  facet normal 0.24253562503634593 0 0.97014250014532855
    outer loop
      vertex 204.80000000000001 20 0
      vertex 205 20 -0.050000000000000003
      vertex 205 40 -0.050000000000000003
    endloop
  endfacet
  facet normal 0.24253562503634593 -0 0.97014250014532855
    outer loop
      vertex 204.80000000000001 20 0
      vertex 205 40 -0.050000000000000003
      vertex 204.80000000000001 40 0
    endloop
  endfacet
  facet normal 0.24253562503634593 0 0.97014250014532855
    outer loop
      vertex 204.80000000000001 40 0
      vertex 205 40 -0.050000000000000003
      vertex 205 60 -0.050000000000000003
    endloop
  endfacet
  facet normal 0.24253562503634593 -0 0.97014250014532855
    outer loop
      vertex 204.80000000000001 40 0
      vertex 205 60 -0.050000000000000003
      vertex 204.80000000000001 60 0
    endloop
  endfacet
  facet normal 0.24253562503634593 0 0.97014250014532855
    outer loop
      vertex 204.80000000000001 60 0
      vertex 205 60 -0.050000000000000003
      vertex 205 80 -0.050000000000000003
    endloop
  endfacet
  facet normal 0.24253562503634593 -0 0.97014250014532855
    outer loop
      vertex 204.80000000000001 60 0
      vertex 205 80 -0.050000000000000003
      vertex 204.80000000000001 80 0
    endloop
  endfacet
  facet normal 0.24253562503634593 0 0.97014250014532855
    outer loop
      vertex 204.80000000000001 80 0
      vertex 205 80 -0.050000000000000003
      vertex 205 100 -0.050000000000000003
    endloop
  endfacet
  facet normal 0.24253562503634593 -0 0.97014250014532855
    outer loop
      vertex 204.80000000000001 80 0
      vertex 205 100 -0.050000000000000003
      vertex 204.80000000000001 100 0
    endloop
  endfacet
  facet normal 0 0 1
    outer loop
      vertex 205 -100 0
      vertex 205.19999999999999 -100 0
      vertex 205.19999999999999 -80 0
    endloop
  endfacet
  facet normal 0 0 1
    outer loop
      vertex 205 -100 0
      vertex 205.19999999999999 -80 0
      vertex 205 -80 0
    endloop
  endfacet
  facet normal 0 0 1
    outer loop
      vertex 205 -80 0
      vertex 205.19999999999999 -80 0
      vertex 205.19999999999999 -60 0
    endloop
  endfacet
  facet normal 0 0 1
    outer loop
      vertex 205 -80 0
      vertex 205.19999999999999 -60 0
      vertex 205 -60 0
    endloop
  endfacet
  facet normal 0 0 1
    outer loop
      vertex 205 -60 0
      vertex 205.19999999999999 -60 0
      vertex 205.19999999999999 -40 0
    endloop
  endfacet
  facet normal 0 0 1
    outer loop
      vertex 205 -60 0
      vertex 205.19999999999999 -40 0
      vertex 205 -40 0
    endloop
  endfacet
  facet normal 0 0 1
    outer loop
      vertex 205 -40 0
      vertex 205.19999999999999 -40 0
      vertex 205.19999999999999 -20 0
    endloop
  endfacet
  facet normal 0 0 1
    outer loop
      vertex 205 -40 0
      vertex 205.19999999999999 -20 0
      vertex 205 -20 0
    endloop
  endfacet
  facet normal 0 0 1
    outer loop
      vertex 205 -20 0
      vertex 205.19999999999999 -20 0
      vertex 205.19999999999999 -10 0
    endloop
  endfacet
  facet normal 0 0 1
    outer loop
      vertex 205 -20 0
      vertex 205.19999999999999 -10 0
      vertex 205 -10 0
    endloop
  endfacet
  facet normal 0 0 1
    outer loop
      vertex 205 -10 0
      vertex 205.19999999999999 -10 0
      vertex 205.19999999999999 0 0
    endloop
  endfacet
  facet normal 0 0 1
    outer loop
      vertex 205 -10 0
      vertex 205.19999999999999 0 0
      vertex 205 0 0
    endloop
  endfacet
  facet normal -0 0.99980005998000698 0.019996001199600138
    outer loop
      vertex 205 0 0
      vertex 205.19999999999999 0 0
      vertex 205.19999999999999 0.001 -0.050000000000000003
    endloop
  endfacet
  facet normal 0 0.99980005998000698 0.019996001199600138
    outer loop
      vertex 205 0 0
      vertex 205.19999999999999 0.001 -0.050000000000000003
      vertex 205 0.001 -0.050000000000000003
    endloop
  endfacet
  facet normal 0 0 1
    outer loop
      vertex 205 0.001 -0.050000000000000003
      vertex 205.19999999999999 0.001 -0.050000000000000003
      vertex 205.19999999999999 10 -0.050000000000000003
    endloop
  endfacet
  facet normal 0 0 1
    outer loop
      vertex 205 0.001 -0.050000000000000003
      vertex 205.19999999999999 10 -0.050000000000000003
      vertex 205 10 -0.050000000000000003
    endloop
  endfacet
  facet normal 0 0 1
    outer loop
      vertex 205 10 -0.050000000000000003
      vertex 205.19999999999999 10 -0.050000000000000003
      vertex 205.19999999999999 20 -0.050000000000000003
    endloop
  endfacet
  facet normal 0 0 1
    outer loop
      vertex 205 10 -0.050000000000000003
      vertex 205.19999999999999 20 -0.050000000000000003
      vertex 205 20 -0.050000000000000003
    endloop
  endfacet
  facet normal 0 0 1
    outer loop
      vertex 205 20 -0.050000000000000003
      vertex 205.19999999999999 20 -0.050000000000000003
      vertex 205.19999999999999 40 -0.050000000000000003
    endloop
  endfacet
  facet normal 0 0 1
    outer loop
      vertex 205 20 -0.050000000000000003
      vertex 205.19999999999999 40 -0.050000000000000003
      vertex 205 40 -0.050000000000000003
    endloop
  endfacet
  facet normal 0 0 1
    outer loop
      vertex 205 40 -0.050000000000000003
      vertex 205.19999999999999 40 -0.050000000000000003
      vertex 205.19999999999999 60 -0.050000000000000003
    endloop
  endfacet
  facet normal 0 0 1
    outer loop
      vertex 205 40 -0.050000000000000003
      vertex 205.19999999999999 60 -0.050000000000000003
      vertex 205 60 -0.050000000000000003
    endloop
  endfacet
  facet normal 0 0 1
    outer loop
      vertex 205 60 -0.050000000000000003
      vertex 205.19999999999999 60 -0.050000000000000003
      vertex 205.19999999999999 80 -0.050000000000000003
    endloop
  endfacet
  facet normal 0 0 1
    outer loop
      vertex 205 60 -0.050000000000000003
      vertex 205.19999999999999 80 -0.050000000000000003
      vertex 205 80 -0.050000000000000003
    endloop
  endfacet
  facet normal 0 0 1
    outer loop
      vertex 205 80 -0.050000000000000003
      vertex 205.19999999999999 80 -0.050000000000000003
      vertex 205.19999999999999 100 -0.050000000000000003
    endloop
  endfacet
  facet normal 0 0 1
    outer loop
      vertex 205 80 -0.050000000000000003
      vertex 205.19999999999999 100 -0.050000000000000003
      vertex 205 100 -0.050000000000000003
    endloop
  endfacet
  facet normal 0 0 1
    outer loop
      vertex 205.19999999999999 -100 0
      vertex 205.40000000000001 -100 0
      vertex 205.40000000000001 -80 0
    endloop
  endfacet
  facet normal 0 0 1
    outer loop
      vertex 205.19999999999999 -100 0
      vertex 205.40000000000001 -80 0
      vertex 205.19999999999999 -80 0
    endloop
  endfacet
  facet normal 0 0 1
    outer loop
      vertex 205.19999999999999 -80 0
      vertex 205.40000000000001 -80 0
      vertex 205.40000000000001 -60 0
    endloop
  endfacet
  facet normal 0 0 1
    outer loop
      vertex 205.19999999999999 -80 0
      vertex 205.40000000000001 -60 0
      vertex 205.19999999999999 -60 0
    endloop
  endfacet
  facet normal 0 0 1
    outer loop
      vertex 205.19999999999999 -60 0
      vertex 205.40000000000001 -60 0
      vertex 205.40000000000001 -40 0
    endloop
  endfacet
  facet normal 0 0 1
    outer loop
      vertex 205.19999999999999 -60 0
      vertex 205.40000000000001 -40 0
      vertex 205.19999999999999 -40 0
    endloop
  endfacet
  facet normal 0 0 1
    outer loop
      vertex 205.19999999999999 -40 0
      vertex 205.40000000000001 -40 0
      vertex 205.40000000000001 -20 0
    endloop
  endfacet
  facet normal 0 0 1
    outer loop
      vertex 205.19999999999999 -40 0
      vertex 205.40000000000001 -20 0
      vertex 205.19999999999999 -20 0
    endloop
  endfacet
  facet normal 0 0 1
    outer loop
      vertex 205.19999999999999 -20 0
      vertex 205.40000000000001 -20 0
      vertex 205.40000000000001 -10 0
    endloop
  endfacet
  facet normal 0 0 1
    outer loop
      vertex 205.19999999999999 -20 0
      vertex 205.40000000000001 -10 0
      vertex 205.19999999999999 -10 0
    endloop
  endfacet
  facet normal 0 0 1
    outer loop
      vertex 205.19999999999999 -10 0
      vertex 205.40000000000001 -10 0
      vertex 205.40000000000001 0 0
    endloop
  endfacet
  facet normal 0 0 1
    outer loop
      vertex 205.19999999999999 -10 0
      vertex 205.40000000000001 0 0
      vertex 205.19999999999999 0 0
    endloop
  endfacet
  facet normal 0 0 1
    outer loop
      vertex 205.19999999999999 0 0
      vertex 205.40000000000001 0 0
      vertex 205.40000000000001 0.001 0
    endloop
  endfacet
  facet normal -0.0049989378385515469 0.99978756771039468 0.019995751354207891
    outer loop
      vertex 205.19999999999999 0 0
      vertex 205.40000000000001 0.001 0
      vertex 205.19999999999999 0.001 -0.050000000000000003
    endloop
  endfacet
  facet normal -0.24253562503631354 0 0.97014250014533676
    outer loop
      vertex 205.19999999999999 0.001 -0.050000000000000003
      vertex 205.40000000000001 0.001 0
      vertex 205.40000000000001 10 0
    endloop
  endfacet
  facet normal -0.24253562503631354 0 0.97014250014533676
    outer loop
      vertex 205.19999999999999 0.001 -0.050000000000000003
      vertex 205.40000000000001 10 0
      vertex 205.19999999999999 10 -0.050000000000000003
    endloop
  endfacet
  facet normal -0.24253562503631354 0 0.97014250014533687
    outer loop
      vertex 205.19999999999999 10 -0.050000000000000003
      vertex 205.40000000000001 10 0
      vertex 205.40000000000001 20 0
    endloop
  endfacet
  facet normal -0.24253562503631354 0 0.97014250014533687
    outer loop
      vertex 205.19999999999999 10 -0.050000000000000003
      vertex 205.40000000000001 20 0
      vertex 205.19999999999999 20 -0.050000000000000003
    endloop
  endfacet
  facet normal -0.24253562503631354 0 0.97014250014533687
    outer loop
      vertex 205.19999999999999 20 -0.050000000000000003
      vertex 205.40000000000001 20 0
      vertex 205.40000000000001 40 0
    endloop
  endfacet
  facet normal -0.24253562503631354 0 0.97014250014533687
    outer loop
      vertex 205.19999999999999 20 -0.050000000000000003
      vertex 205.40000000000001 40 0
      vertex 205.19999999999999 40 -0.050000000000000003
    endloop
  endfacet
  facet normal -0.24253562503631354 0 0.97014250014533687
    outer loop
      vertex 205.19999999999999 40 -0.050000000000000003
      vertex 205.40000000000001 40 0
      vertex 205.40000000000001 60 0
    endloop
  endfacet
  facet normal -0.24253562503631354 0 0.97014250014533687
    outer loop
      vertex 205.19999999999999 40 -0.050000000000000003
      vertex 205.40000000000001 60 0
      vertex 205.19999999999999 60 -0.050000000000000003
    endloop
  endfacet
  facet normal -0.24253562503631354 0 0.97014250014533687
    outer loop
      vertex 205.19999999999999 60 -0.050000000000000003
      vertex 205.40000000000001 60 0
      vertex 205.40000000000001 80 0
    endloop
  endfacet
  facet normal -0.24253562503631354 0 0.97014250014533687
    outer loop
      vertex 205.19999999999999 60 -0.050000000000000003
      vertex 205.40000000000001 80 0
      vertex 205.19999999999999 80 -0.050000000000000003
    endloop
  endfacet
  facet normal -0.24253562503631354 0 0.97014250014533687
    outer loop
      vertex 205.19999999999999 80 -0.050000000000000003
      vertex 205.40000000000001 80 0
      vertex 205.40000000000001 100 0
    endloop
  endfacet
  facet normal -0.24253562503631354 0 0.97014250014533687
    outer loop
      vertex 205.19999999999999 80 -0.050000000000000003
      vertex 205.40000000000001 100 0
      vertex 205.19999999999999 100 -0.050000000000000003
    endloop
  endfacet
  facet normal 0 0 1
    outer loop
      vertex 205.40000000000001 -100 0
      vertex 210.40000000000001 -100 0
      vertex 210.40000000000001 -80 0
    endloop
  endfacet
  facet normal 0 0 1
    outer loop
      vertex 205.40000000000001 -100 0
      vertex 210.40000000000001 -80 0
      vertex 205.40000000000001 -80 0
    endloop
  endfacet
  facet normal 0 0 1
    outer loop
      vertex 205.40000000000001 -80 0
      vertex 210.40000000000001 -80 0
      vertex 210.40000000000001 -60 0
    endloop
  endfacet
  facet normal 0 0 1
    outer loop
      vertex 205.40000000000001 -80 0
      vertex 210.40000000000001 -60 0
      vertex 205.40000000000001 -60 0
    endloop
  endfacet
  facet normal 0 0 1
    outer loop
      vertex 205.40000000000001 -60 0
      vertex 210.40000000000001 -60 0
      vertex 210.40000000000001 -40 0
    endloop
  endfacet
  facet normal 0 0 1
    outer loop
      vertex 205.40000000000001 -60 0
      vertex 210.40000000000001 -40 0
      vertex 205.40000000000001 -40 0
    endloop
  endfacet
  facet normal 0 0 1
    outer loop
      vertex 205.40000000000001 -40 0
      vertex 210.40000000000001 -40 0
      vertex 210.40000000000001 -20 0
    endloop
  endfacet
  facet normal 0 0 1
    outer loop
      vertex 205.40000000000001 -40 0
      vertex 210.40000000000001 -20 0
      vertex 205.40000000000001 -20 0
    endloop
  endfacet
  facet normal 0 0 1
    outer loop
      vertex 205.40000000000001 -20 0
      vertex 210.40000000000001 -20 0
      vertex 210.40000000000001 -10 0
    endloop
  endfacet
  facet normal 0 0 1
    outer loop
      vertex 205.40000000000001 -20 0
      vertex 210.40000000000001 -10 0
      vertex 205.40000000000001 -10 0
    endloop
  endfacet
  facet normal 0 0 1
    outer loop
      vertex 205.40000000000001 -10 0
      vertex 210.40000000000001 -10 0
      vertex 210.40000000000001 0 0
    endloop
  endfacet
  facet normal 0 0 1
    outer loop
      vertex 205.40000000000001 -10 0
      vertex 210.40000000000001 0 0
      vertex 205.40000000000001 0 0
    endloop
  endfacet
  facet normal 0 0 1
    outer loop
      vertex 205.40000000000001 0 0
      vertex 210.40000000000001 0 0
      vertex 210.40000000000001 0.001 0
    endloop
  endfacet
  facet normal 0 0 1
    outer loop
      vertex 205.40000000000001 0 0
      vertex 210.40000000000001 0.001 0
      vertex 205.40000000000001 0.001 0
    endloop
  endfacet
  facet normal 0 0 1
    outer loop
      vertex 205.40000000000001 0.001 0
      vertex 210.40000000000001 0.001 0
      vertex 210.40000000000001 10 0
    endloop
  endfacet
  facet normal 0 0 1
    outer loop
      vertex 205.40000000000001 0.001 0
      vertex 210.40000000000001 10 0
      vertex 205.40000000000001 10 0
    endloop
  endfacet
  facet normal 0 0 1
    outer loop
      vertex 205.40000000000001 10 0
      vertex 210.40000000000001 10 0
      vertex 210.40000000000001 20 0
    endloop
  endfacet
  facet normal 0 0 1
    outer loop
      vertex 205.40000000000001 10 0
      vertex 210.40000000000001 20 0
      vertex 205.40000000000001 20 0
    endloop
  endfacet
  facet normal 0 0 1
    outer loop
      vertex 205.40000000000001 20 0
      vertex 210.40000000000001 20 0
      vertex 210.40000000000001 40 0
    endloop
  endfacet
  facet normal 0 0 1
    outer loop
      vertex 205.40000000000001 20 0
      vertex 210.40000000000001 40 0
      vertex 205.40000000000001 40 0
    endloop
  endfacet
  facet normal 0 0 1
    outer loop
      vertex 205.40000000000001 40 0
      vertex 210.40000000000001 40 0
      vertex 210.40000000000001 60 0
    endloop
  endfacet
  facet normal 0 0 1
    outer loop
      vertex 205.40000000000001 40 0
      vertex 210.40000000000001 60 0
      vertex 205.40000000000001 60 0
    endloop
  endfacet
  facet normal 0 0 1
    outer loop
      vertex 205.40000000000001 60 0
      vertex 210.40000000000001 60 0
      vertex 210.40000000000001 80 0
    endloop
  endfacet
  facet normal 0 0 1
    outer loop
      vertex 205.40000000000001 60 0
      vertex 210.40000000000001 80 0
      vertex 205.40000000000001 80 0
    endloop
  endfacet
  facet normal 0 0 1
    outer loop
      vertex 205.40000000000001 80 0
      vertex 210.40000000000001 80 0
      vertex 210.40000000000001 100 0
    endloop
  endfacet
  facet normal 0 0 1
    outer loop
      vertex 205.40000000000001 80 0
      vertex 210.40000000000001 100 0
      vertex 205.40000000000001 100 0
    endloop
  endfacet
  facet normal 0 0 1
    outer loop
      vertex 210.40000000000001 -100 0
      vertex 210.59999999999999 -100 0
      vertex 210.59999999999999 -80 0
    endloop
  endfacet
  facet normal 0 0 1
    outer loop
      vertex 210.40000000000001 -100 0
      vertex 210.59999999999999 -80 0
      vertex 210.40000000000001 -80 0
    endloop
  endfacet
  facet normal 0 0 1
    outer loop
      vertex 210.40000000000001 -80 0
      vertex 210.59999999999999 -80 0
      vertex 210.59999999999999 -60 0
    endloop
  endfacet
  facet normal 0 0 1
    outer loop
      vertex 210.40000000000001 -80 0
      vertex 210.59999999999999 -60 0
      vertex 210.40000000000001 -60 0
    endloop
  endfacet
  facet normal 0 0 1
    outer loop
      vertex 210.40000000000001 -60 0
      vertex 210.59999999999999 -60 0
      vertex 210.59999999999999 -40 0
    endloop
  endfacet
  facet normal 0 0 1
    outer loop
      vertex 210.40000000000001 -60 0
      vertex 210.59999999999999 -40 0
      vertex 210.40000000000001 -40 0
    endloop
  endfacet
  facet normal 0 0 1
    outer loop
      vertex 210.40000000000001 -40 0
      vertex 210.59999999999999 -40 0
      vertex 210.59999999999999 -20 0
    endloop
  endfacet
  facet normal 0 0 1
    outer loop
      vertex 210.40000000000001 -40 0
      vertex 210.59999999999999 -20 0
      vertex 210.40000000000001 -20 0
    endloop
  endfacet
  facet normal 0 0 1
    outer loop
      vertex 210.40000000000001 -20 0
      vertex 210.59999999999999 -20 0
      vertex 210.59999999999999 -10 0
    endloop
  endfacet
  facet normal 0 0 1
    outer loop
      vertex 210.40000000000001 -20 0
      vertex 210.59999999999999 -10 0
      vertex 210.40000000000001 -10 0
    endloop
  endfacet
  facet normal 0 0 1
    outer loop
      vertex 210.40000000000001 -10 0
      vertex 210.59999999999999 -10 0
      vertex 210.59999999999999 0 0
    endloop
  endfacet
  facet normal 0 0 1
    outer loop
      vertex 210.40000000000001 -10 0
      vertex 210.59999999999999 0 0
      vertex 210.40000000000001 0 0
    endloop
  endfacet
  facet normal -0 0.99995000374968745 0.0099995000374968734
    outer loop
      vertex 210.40000000000001 0 0
      vertex 210.59999999999999 0 0
      vertex 210.59999999999999 0.001 -0.10000000000000001
    endloop
  endfacet
  facet normal 0.44721359549997836 -0 0.89442719099990575
    outer loop
      vertex 210.40000000000001 0 0
      vertex 210.59999999999999 0.001 -0.10000000000000001
      vertex 210.40000000000001 0.001 0
    endloop
  endfacet
  facet normal 0.4472135954999783 0 0.89442719099990564
    outer loop
      vertex 210.40000000000001 0.001 0
      vertex 210.59999999999999 0.001 -0.10000000000000001
      vertex 210.59999999999999 10 -0.10000000000000001
    endloop
  endfacet
  facet normal 0.4472135954999783 -0 0.89442719099990564
    outer loop
      vertex 210.40000000000001 0.001 0
      vertex 210.59999999999999 10 -0.10000000000000001
      vertex 210.40000000000001 10 0
    endloop
  endfacet
  facet normal 0.44721359549997824 0 0.89442719099990564
    outer loop
      vertex 210.40000000000001 10 0
      vertex 210.59999999999999 10 -0.10000000000000001
      vertex 210.59999999999999 20 -0.10000000000000001
    endloop
  endfacet
  facet normal 0.44721359549997824 -0 0.89442719099990564
    outer loop
      vertex 210.40000000000001 10 0
      vertex 210.59999999999999 20 -0.10000000000000001
      vertex 210.40000000000001 20 0
    endloop
  endfacet
  facet normal 0.44721359549997824 0 0.89442719099990564
    outer loop
      vertex 210.40000000000001 20 0
      vertex 210.59999999999999 20 -0.10000000000000001
      vertex 210.59999999999999 40 -0.10000000000000001
    endloop
  endfacet
  facet normal 0.44721359549997824 -0 0.89442719099990564
    outer loop
      vertex 210.40000000000001 20 0
      vertex 210.59999999999999 40 -0.10000000000000001
      vertex 210.40000000000001 40 0
    endloop
  endfacet
  facet normal 0.44721359549997824 0 0.89442719099990564
    outer loop
      vertex 210.40000000000001 40 0
      vertex 210.59999999999999 40 -0.10000000000000001
      vertex 210.59999999999999 60 -0.10000000000000001
    endloop
  endfacet
  facet normal 0.44721359549997824 -0 0.89442719099990564
    outer loop
      vertex 210.40000000000001 40 0
      vertex 210.59999999999999 60 -0.10000000000000001
      vertex 210.40000000000001 60 0
    endloop
  endfacet
  facet normal 0.44721359549997824 0 0.89442719099990564
    outer loop
      vertex 210.40000000000001 60 0
      vertex 210.59999999999999 60 -0.10000000000000001
      vertex 210.59999999999999 80 -0.10000000000000001
    endloop
  endfacet
  facet normal 0.44721359549997824 -0 0.89442719099990564
    outer loop
      vertex 210.40000000000001 60 0
      vertex 210.59999999999999 80 -0.10000000000000001
      vertex 210.40000000000001 80 0
    endloop
  endfacet
  facet normal 0.44721359549997824 0 0.89442719099990564
    outer loop
      vertex 210.40000000000001 80 0
      vertex 210.59999999999999 80 -0.10000000000000001
      vertex 210.59999999999999 100 -0.10000000000000001
    endloop
  endfacet
  facet normal 0.44721359549997824 -0 0.89442719099990564
    outer loop
      vertex 210.40000000000001 80 0
      vertex 210.59999999999999 100 -0.10000000000000001
      vertex 210.40000000000001 100 0
    endloop
  endfacet
  facet normal 0 0 1
    outer loop
      vertex 210.59999999999999 -100 0
      vertex 210.80000000000001 -100 0
      vertex 210.80000000000001 -80 0
    endloop
  endfacet
  facet normal 0 0 1
    outer loop
      vertex 210.59999999999999 -100 0
      vertex 210.80000000000001 -80 0
      vertex 210.59999999999999 -80 0
    endloop
  endfacet
  facet normal 0 0 1
    outer loop
      vertex 210.59999999999999 -80 0
      vertex 210.80000000000001 -80 0
      vertex 210.80000000000001 -60 0
    endloop
  endfacet
  facet normal 0 0 1
    outer loop
      vertex 210.59999999999999 -80 0
      vertex 210.80000000000001 -60 0
      vertex 210.59999999999999 -60 0
    endloop
  endfacet
  facet normal 0 0 1
    outer loop
      vertex 210.59999999999999 -60 0
      vertex 210.80000000000001 -60 0
      vertex 210.80000000000001 -40 0
    endloop
  endfacet
  facet normal 0 0 1
    outer loop
      vertex 210.59999999999999 -60 0
      vertex 210.80000000000001 -40 0
      vertex 210.59999999999999 -40 0
    endloop
  endfacet
  facet normal 0 0 1
    outer loop
      vertex 210.59999999999999 -40 0
      vertex 210.80000000000001 -40 0
      vertex 210.80000000000001 -20 0
    endloop
  endfacet
  facet normal 0 0 1
    outer loop
      vertex 210.59999999999999 -40 0
      vertex 210.80000000000001 -20 0
      vertex 210.59999999999999 -20 0
    endloop
  endfacet
  facet normal 0 0 1
    outer loop
      vertex 210.59999999999999 -20 0
      vertex 210.80000000000001 -20 0
      vertex 210.80000000000001 -10 0
    endloop
  endfacet
  facet normal 0 0 1
    outer loop
      vertex 210.59999999999999 -20 0
      vertex 210.80000000000001 -10 0
      vertex 210.59999999999999 -10 0
    endloop
  endfacet
  facet normal 0 0 1
    outer loop
      vertex 210.59999999999999 -10 0
      vertex 210.80000000000001 -10 0
      vertex 210.80000000000001 0 0
    endloop
  endfacet
  facet normal 0 0 1
    outer loop
      vertex 210.59999999999999 -10 0
      vertex 210.80000000000001 0 0
      vertex 210.59999999999999 0 0
    endloop
  endfacet
  facet normal -0 0.99995000374968745 0.0099995000374968734
    outer loop
      vertex 210.59999999999999 0 0
      vertex 210.80000000000001 0 0
      vertex 210.80000000000001 0.001 -0.10000000000000001
    endloop
  endfacet
  facet normal 0 0.99995000374968745 0.0099995000374968734
    outer loop
      vertex 210.59999999999999 0 0
      vertex 210.80000000000001 0.001 -0.10000000000000001
      vertex 210.59999999999999 0.001 -0.10000000000000001
    endloop
  endfacet
  facet normal 0 0 1
    outer loop
      vertex 210.59999999999999 0.001 -0.10000000000000001
      vertex 210.80000000000001 0.001 -0.10000000000000001
      vertex 210.80000000000001 10 -0.10000000000000001
    endloop
  endfacet
  facet normal 0 0 1
    outer loop
      vertex 210.59999999999999 0.001 -0.10000000000000001
      vertex 210.80000000000001 10 -0.10000000000000001
      vertex 210.59999999999999 10 -0.10000000000000001
    endloop
  endfacet
  facet normal 0 0 1
    outer loop
      vertex 210.59999999999999 10 -0.10000000000000001
      vertex 210.80000000000001 10 -0.10000000000000001
      vertex 210.80000000000001 20 -0.10000000000000001
    endloop
  endfacet
  facet normal 0 0 1
    outer loop
      vertex 210.59999999999999 10 -0.10000000000000001
      vertex 210.80000000000001 20 -0.10000000000000001
      vertex 210.59999999999999 20 -0.10000000000000001
    endloop
  endfacet
  facet normal 0 0 1
    outer loop
      vertex 210.59999999999999 20 -0.10000000000000001
      vertex 210.80000000000001 20 -0.10000000000000001
      vertex 210.80000000000001 40 -0.10000000000000001
    endloop
  endfacet
  facet normal 0 0 1
    outer loop
      vertex 210.59999999999999 20 -0.10000000000000001
      vertex 210.80000000000001 40 -0.10000000000000001
      vertex 210.59999999999999 40 -0.10000000000000001
    endloop
  endfacet
  facet normal 0 0 1
    outer loop
      vertex 210.59999999999999 40 -0.10000000000000001
      vertex 210.80000000000001 40 -0.10000000000000001
      vertex 210.80000000000001 60 -0.10000000000000001
    endloop
  endfacet
  facet normal 0 0 1
    outer loop
      vertex 210.59999999999999 40 -0.10000000000000001
      vertex 210.80000000000001 60 -0.10000000000000001
      vertex 210.59999999999999 60 -0.10000000000000001
    endloop
  endfacet
  facet normal 0 0 1
    outer loop
      vertex 210.59999999999999 60 -0.10000000000000001
      vertex 210.80000000000001 60 -0.10000000000000001
      vertex 210.80000000000001 80 -0.10000000000000001
    endloop
  endfacet
  facet normal 0 0 1
    outer loop
      vertex 210.59999999999999 60 -0.10000000000000001
      vertex 210.80000000000001 80 -0.10000000000000001
      vertex 210.59999999999999 80 -0.10000000000000001
    endloop
  endfacet
  facet normal 0 0 1
    outer loop
      vertex 210.59999999999999 80 -0.10000000000000001
      vertex 210.80000000000001 80 -0.10000000000000001
      vertex 210.80000000000001 100 -0.10000000000000001
    endloop
  endfacet
  facet normal 0 0 1
    outer loop
      vertex 210.59999999999999 80 -0.10000000000000001
      vertex 210.80000000000001 100 -0.10000000000000001
      vertex 210.59999999999999 100 -0.10000000000000001
    endloop
  endfacet
  facet normal 0 0 1
    outer loop
      vertex 210.80000000000001 -100 0
      vertex 215.80000000000001 -100 0
      vertex 215.80000000000001 -80 0
    endloop
  endfacet
  facet normal 0 0 1
    outer loop
      vertex 210.80000000000001 -100 0
      vertex 215.80000000000001 -80 0
      vertex 210.80000000000001 -80 0
    endloop
  endfacet
  facet normal 0 0 1
    outer loop
      vertex 210.80000000000001 -80 0
      vertex 215.80000000000001 -80 0
      vertex 215.80000000000001 -60 0
    endloop
  endfacet
  facet normal 0 0 1
    outer loop
      vertex 210.80000000000001 -80 0
      vertex 215.80000000000001 -60 0
      vertex 210.80000000000001 -60 0
    endloop
  endfacet
  facet normal 0 0 1
    outer loop
      vertex 210.80000000000001 -60 0
      vertex 215.80000000000001 -60 0
      vertex 215.80000000000001 -40 0
    endloop
  endfacet
  facet normal 0 0 1
    outer loop
      vertex 210.80000000000001 -60 0
      vertex 215.80000000000001 -40 0
      vertex 210.80000000000001 -40 0
    endloop
  endfacet
  facet normal 0 0 1
    outer loop
      vertex 210.80000000000001 -40 0
      vertex 215.80000000000001 -40 0
      vertex 215.80000000000001 -20 0
    endloop
  endfacet
  facet normal 0 0 1
    outer loop
      vertex 210.80000000000001 -40 0
      vertex 215.80000000000001 -20 0
      vertex 210.80000000000001 -20 0
    endloop
  endfacet
  facet normal 0 0 1
    outer loop
      vertex 210.80000000000001 -20 0
      vertex 215.80000000000001 -20 0
      vertex 215.80000000000001 -10 0
    endloop
  endfacet
  facet normal 0 0 1
    outer loop
      vertex 210.80000000000001 -20 0
      vertex 215.80000000000001 -10 0
      vertex 210.80000000000001 -10 0
    endloop
  endfacet
  facet normal 0 0 1
    outer loop
      vertex 210.80000000000001 -10 0
      vertex 215.80000000000001 -10 0
      vertex 215.80000000000001 0 0
    endloop
  endfacet
  facet normal 0 0 1
    outer loop
      vertex 210.80000000000001 -10 0
      vertex 215.80000000000001 0 0
      vertex 210.80000000000001 0 0
    endloop
  endfacet
  facet normal -0 0.99995000374968768 0.0099995000374968768
    outer loop
      vertex 210.80000000000001 0 0
      vertex 215.80000000000001 0 0
      vertex 215.80000000000001 0.001 -0.10000000000000001
    endloop
  endfacet
  facet normal 0 0.99995000374968768 0.0099995000374968768
    outer loop
      vertex 210.80000000000001 0 0
      vertex 215.80000000000001 0.001 -0.10000000000000001
      vertex 210.80000000000001 0.001 -0.10000000000000001
    endloop
  endfacet
  facet normal 0 0 1
    outer loop
      vertex 210.80000000000001 0.001 -0.10000000000000001
      vertex 215.80000000000001 0.001 -0.10000000000000001
      vertex 215.80000000000001 10 -0.10000000000000001
    endloop
  endfacet
  facet normal 0 0 1
    outer loop
      vertex 210.80000000000001 0.001 -0.10000000000000001
      vertex 215.80000000000001 10 -0.10000000000000001
      vertex 210.80000000000001 10 -0.10000000000000001
    endloop
  endfacet
  facet normal 0 0 1
    outer loop
      vertex 210.80000000000001 10 -0.10000000000000001
      vertex 215.80000000000001 10 -0.10000000000000001
      vertex 215.80000000000001 20 -0.10000000000000001
    endloop
  endfacet
  facet normal 0 0 1
    outer loop
      vertex 210.80000000000001 10 -0.10000000000000001
      vertex 215.80000000000001 20 -0.10000000000000001
      vertex 210.80000000000001 20 -0.10000000000000001
    endloop
  endfacet
  facet normal 0 0 1
    outer loop
      vertex 210.80000000000001 20 -0.10000000000000001
      vertex 215.80000000000001 20 -0.10000000000000001
      vertex 215.80000000000001 40 -0.10000000000000001
    endloop
  endfacet
  facet normal 0 0 1
    outer loop
      vertex 210.80000000000001 20 -0.10000000000000001
      vertex 215.80000000000001 40 -0.10000000000000001
      vertex 210.80000000000001 40 -0.10000000000000001
    endloop
  endfacet
  facet normal 0 0 1
    outer loop
      vertex 210.80000000000001 40 -0.10000000000000001
      vertex 215.80000000000001 40 -0.10000000000000001
      vertex 215.80000000000001 60 -0.10000000000000001
    endloop
  endfacet
  facet normal 0 0 1
    outer loop
      vertex 210.80000000000001 40 -0.10000000000000001
      vertex 215.80000000000001 60 -0.10000000000000001
      vertex 210.80000000000001 60 -0.10000000000000001
    endloop
  endfacet
  facet normal 0 0 1
    outer loop
      vertex 210.80000000000001 60 -0.10000000000000001
      vertex 215.80000000000001 60 -0.10000000000000001
      vertex 215.80000000000001 80 -0.10000000000000001
    endloop
  endfacet
  facet normal 0 0 1
    outer loop
      vertex 210.80000000000001 60 -0.10000000000000001
      vertex 215.80000000000001 80 -0.10000000000000001
      vertex 210.80000000000001 80 -0.10000000000000001
    endloop
  endfacet
  facet normal 0 0 1
    outer loop
      vertex 210.80000000000001 80 -0.10000000000000001
      vertex 215.80000000000001 80 -0.10000000000000001
      vertex 215.80000000000001 100 -0.10000000000000001
    endloop
  endfacet
  facet normal 0 0 1
    outer loop
      vertex 210.80000000000001 80 -0.10000000000000001
      vertex 215.80000000000001 100 -0.10000000000000001
      vertex 210.80000000000001 100 -0.10000000000000001
    endloop
  endfacet
  facet normal 0 0 1
    outer loop
      vertex 215.80000000000001 -100 0
      vertex 216 -100 0
      vertex 216 -80 0
    endloop
  endfacet
  facet normal 0 0 1
    outer loop
      vertex 215.80000000000001 -100 0
      vertex 216 -80 0
      vertex 215.80000000000001 -80 0
    endloop
  endfacet
  facet normal 0 0 1
    outer loop
      vertex 215.80000000000001 -80 0
      vertex 216 -80 0
      vertex 216 -60 0
    endloop
  endfacet
  facet normal 0 0 1
    outer loop
      vertex 215.80000000000001 -80 0
      vertex 216 -60 0
      vertex 215.80000000000001 -60 0
    endloop
  endfacet
  facet normal 0 0 1
    outer loop
      vertex 215.80000000000001 -60 0
      vertex 216 -60 0
      vertex 216 -40 0
    endloop
  endfacet
  facet normal 0 0 1
    outer loop
      vertex 215.80000000000001 -60 0
      vertex 216 -40 0
      vertex 215.80000000000001 -40 0
    endloop
  endfacet
  facet normal 0 0 1
    outer loop
      vertex 215.80000000000001 -40 0
      vertex 216 -40 0
      vertex 216 -20 0
    endloop
  endfacet
  facet normal 0 0 1
    outer loop
      vertex 215.80000000000001 -40 0
      vertex 216 -20 0
      vertex 215.80000000000001 -20 0
    endloop
  endfacet
  facet normal 0 0 1
    outer loop
      vertex 215.80000000000001 -20 0
      vertex 216 -20 0
      vertex 216 -10 0
    endloop
  endfacet
  facet normal 0 0 1
    outer loop
      vertex 215.80000000000001 -20 0
      vertex 216 -10 0
      vertex 215.80000000000001 -10 0
    endloop
  endfacet
  facet normal 0 0 1
    outer loop
      vertex 215.80000000000001 -10 0
      vertex 216 -10 0
      vertex 216 0 0
    endloop
  endfacet
  facet normal 0 0 1
    outer loop
      vertex 215.80000000000001 -10 0
      vertex 216 0 0
      vertex 215.80000000000001 0 0
    endloop
  endfacet
  facet normal -0 0.99995000374968745 0.0099995000374968734
    outer loop
      vertex 215.80000000000001 0 0
      vertex 216 0 0
      vertex 216 0.001 -0.10000000000000001
    endloop
  endfacet
  facet normal 0 0.99995000374968745 0.0099995000374968734
    outer loop
      vertex 215.80000000000001 0 0
      vertex 216 0.001 -0.10000000000000001
      vertex 215.80000000000001 0.001 -0.10000000000000001
    endloop
  endfacet
  facet normal 0 0 1
    outer loop
      vertex 215.80000000000001 0.001 -0.10000000000000001
      vertex 216 0.001 -0.10000000000000001
      vertex 216 10 -0.10000000000000001
    endloop
  endfacet
  facet normal 0 0 1
    outer loop
      vertex 215.80000000000001 0.001 -0.10000000000000001
      vertex 216 10 -0.10000000000000001
      vertex 215.80000000000001 10 -0.10000000000000001
    endloop
  endfacet
  facet normal 0 0 1
    outer loop
      vertex 215.80000000000001 10 -0.10000000000000001
      vertex 216 10 -0.10000000000000001
      vertex 216 20 -0.10000000000000001
    endloop
  endfacet
  facet normal 0 0 1
    outer loop
      vertex 215.80000000000001 10 -0.10000000000000001
      vertex 216 20 -0.10000000000000001
      vertex 215.80000000000001 20 -0.10000000000000001
    endloop
  endfacet
  facet normal 0 0 1
    outer loop
      vertex 215.80000000000001 20 -0.10000000000000001
      vertex 216 20 -0.10000000000000001
      vertex 216 40 -0.10000000000000001
    endloop
  endfacet
  facet normal 0 0 1
    outer loop
      vertex 215.80000000000001 20 -0.10000000000000001
      vertex 216 40 -0.10000000000000001
      vertex 215.80000000000001 40 -0.10000000000000001
    endloop
  endfacet
  facet normal 0 0 1
    outer loop
      vertex 215.80000000000001 40 -0.10000000000000001
      vertex 216 40 -0.10000000000000001
      vertex 216 60 -0.10000000000000001
    endloop
  endfacet
  facet normal 0 0 1
    outer loop
      vertex 215.80000000000001 40 -0.10000000000000001
      vertex 216 60 -0.10000000000000001
      vertex 215.80000000000001 60 -0.10000000000000001
    endloop
  endfacet
  facet normal 0 0 1
    outer loop
      vertex 215.80000000000001 60 -0.10000000000000001
      vertex 216 60 -0.10000000000000001
      vertex 216 80 -0.10000000000000001
    endloop
  endfacet
  facet normal 0 0 1
    outer loop
      vertex 215.80000000000001 60 -0.10000000000000001
      vertex 216 80 -0.10000000000000001
      vertex 215.80000000000001 80 -0.10000000000000001
    endloop
  endfacet
  facet normal 0 0 1
    outer loop
      vertex 215.80000000000001 80 -0.10000000000000001
      vertex 216 80 -0.10000000000000001
      vertex 216 100 -0.10000000000000001
    endloop
  endfacet
  facet normal 0 0 1
    outer loop
      vertex 215.80000000000001 80 -0.10000000000000001
      vertex 216 100 -0.10000000000000001
      vertex 215.80000000000001 100 -0.10000000000000001
    endloop
  endfacet
  facet normal 0 0 1
    outer loop
      vertex 216 -100 0
      vertex 216.19999999999999 -100 0
      vertex 216.19999999999999 -80 0
    endloop
  endfacet
  facet normal 0 0 1
    outer loop
      vertex 216 -100 0
      vertex 216.19999999999999 -80 0
      vertex 216 -80 0
    endloop
  endfacet
  facet normal 0 0 1
    outer loop
      vertex 216 -80 0
      vertex 216.19999999999999 -80 0
      vertex 216.19999999999999 -60 0
    endloop
  endfacet
  facet normal 0 0 1
    outer loop
      vertex 216 -80 0
      vertex 216.19999999999999 -60 0
      vertex 216 -60 0
    endloop
  endfacet
  facet normal 0 0 1
    outer loop
      vertex 216 -60 0
      vertex 216.19999999999999 -60 0
      vertex 216.19999999999999 -40 0
    endloop
  endfacet
  facet normal 0 0 1
    outer loop
      vertex 216 -60 0
      vertex 216.19999999999999 -40 0
      vertex 216 -40 0
    endloop
  endfacet
  facet normal 0 0 1
    outer loop
      vertex 216 -40 0
      vertex 216.19999999999999 -40 0
      vertex 216.19999999999999 -20 0
    endloop
  endfacet
  facet normal 0 0 1
    outer loop
      vertex 216 -40 0
      vertex 216.19999999999999 -20 0
      vertex 216 -20 0
    endloop
  endfacet
  facet normal 0 0 1
    outer loop
      vertex 216 -20 0
      vertex 216.19999999999999 -20 0
      vertex 216.19999999999999 -10 0
    endloop
  endfacet
  facet normal 0 0 1
    outer loop
      vertex 216 -20 0
      vertex 216.19999999999999 -10 0
      vertex 216 -10 0
    endloop
  endfacet
  facet normal 0 0 1
    outer loop
      vertex 216 -10 0
      vertex 216.19999999999999 -10 0
      vertex 216.19999999999999 0 0
    endloop
  endfacet
  facet normal 0 0 1
    outer loop
      vertex 216 -10 0
      vertex 216.19999999999999 0 0
      vertex 216 0 0
    endloop
  endfacet
  facet normal 0 0 1
    outer loop
      vertex 216 0 0
      vertex 216.19999999999999 0 0
      vertex 216.19999999999999 0.001 0
    endloop
  endfacet
  facet normal -0.0049996875292941077 0.99993750585876473 0.0099993750585876465
    outer loop
      vertex 216 0 0
      vertex 216.19999999999999 0.001 0
      vertex 216 0.001 -0.10000000000000001
    endloop
  endfacet
  facet normal -0.4472135954999783 0 0.89442719099990564
    outer loop
      vertex 216 0.001 -0.10000000000000001
      vertex 216.19999999999999 0.001 0
      vertex 216.19999999999999 10 0
    endloop
  endfacet
  facet normal -0.4472135954999783 0 0.89442719099990564
    outer loop
      vertex 216 0.001 -0.10000000000000001
      vertex 216.19999999999999 10 0
      vertex 216 10 -0.10000000000000001
    endloop
  endfacet
  facet normal -0.44721359549997824 0 0.89442719099990564
    outer loop
      vertex 216 10 -0.10000000000000001
      vertex 216.19999999999999 10 0
      vertex 216.19999999999999 20 0
    endloop
  endfacet
  facet normal -0.44721359549997824 0 0.89442719099990564
    outer loop
      vertex 216 10 -0.10000000000000001
      vertex 216.19999999999999 20 0
      vertex 216 20 -0.10000000000000001
    endloop
  endfacet
  facet normal -0.44721359549997824 0 0.89442719099990564
    outer loop
      vertex 216 20 -0.10000000000000001
      vertex 216.19999999999999 20 0
      vertex 216.19999999999999 40 0
    endloop
  endfacet
  facet normal -0.44721359549997824 0 0.89442719099990564
    outer loop
      vertex 216 20 -0.10000000000000001
      vertex 216.19999999999999 40 0
      vertex 216 40 -0.10000000000000001
    endloop
  endfacet
  facet normal -0.44721359549997824 0 0.89442719099990564
    outer loop
      vertex 216 40 -0.10000000000000001
      vertex 216.19999999999999 40 0
      vertex 216.19999999999999 60 0
    endloop
  endfacet
  facet normal -0.44721359549997824 0 0.89442719099990564
    outer loop
      vertex 216 40 -0.10000000000000001
      vertex 216.19999999999999 60 0
      vertex 216 60 -0.10000000000000001
    endloop
  endfacet
  facet normal -0.44721359549997824 0 0.89442719099990564
    outer loop
      vertex 216 60 -0.10000000000000001
      vertex 216.19999999999999 60 0
      vertex 216.19999999999999 80 0
    endloop
  endfacet
  facet normal -0.44721359549997824 0 0.89442719099990564
    outer loop
      vertex 216 60 -0.10000000000000001
      vertex 216.19999999999999 80 0
      vertex 216 80 -0.10000000000000001
    endloop
  endfacet
  facet normal -0.44721359549997824 0 0.89442719099990564
    outer loop
      vertex 216 80 -0.10000000000000001
      vertex 216.19999999999999 80 0
      vertex 216.19999999999999 100 0
    endloop
  endfacet
  facet normal -0.44721359549997824 0 0.89442719099990564
    outer loop
      vertex 216 80 -0.10000000000000001
      vertex 216.19999999999999 100 0
      vertex 216 100 -0.10000000000000001
    endloop
  endfacet
  facet normal 0 0 1
    outer loop
      vertex 216.19999999999999 -100 0
      vertex 216.40000000000001 -100 0
      vertex 216.40000000000001 -80 0
    endloop
  endfacet
  facet normal 0 0 1
    outer loop
      vertex 216.19999999999999 -100 0
      vertex 216.40000000000001 -80 0
      vertex 216.19999999999999 -80 0
    endloop
  endfacet
  facet normal 0 0 1
    outer loop
      vertex 216.19999999999999 -80 0
      vertex 216.40000000000001 -80 0
      vertex 216.40000000000001 -60 0
    endloop
  endfacet
  facet normal 0 0 1
    outer loop
      vertex 216.19999999999999 -80 0
      vertex 216.40000000000001 -60 0
      vertex 216.19999999999999 -60 0
    endloop
  endfacet
  facet normal 0 0 1
    outer loop
      vertex 216.19999999999999 -60 0
      vertex 216.40000000000001 -60 0
      vertex 216.40000000000001 -40 0
    endloop
  endfacet
  facet normal 0 0 1
    outer loop
      vertex 216.19999999999999 -60 0
      vertex 216.40000000000001 -40 0
      vertex 216.19999999999999 -40 0
    endloop
  endfacet
  facet normal 0 0 1
    outer loop
      vertex 216.19999999999999 -40 0
      vertex 216.40000000000001 -40 0
      vertex 216.40000000000001 -20 0
    endloop
  endfacet
  facet normal 0 0 1
    outer loop
      vertex 216.19999999999999 -40 0
      vertex 216.40000000000001 -20 0
      vertex 216.19999999999999 -20 0
    endloop
  endfacet
  facet normal 0 0 1
    outer loop
      vertex 216.19999999999999 -20 0
      vertex 216.40000000000001 -20 0
      vertex 216.40000000000001 -10 0
    endloop
  endfacet
  facet normal 0 0 1
    outer loop
      vertex 216.19999999999999 -20 0
      vertex 216.40000000000001 -10 0
      vertex 216.19999999999999 -10 0
    endloop
  endfacet
  facet normal 0 0 1
    outer loop
      vertex 216.19999999999999 -10 0
      vertex 216.40000000000001 -10 0
      vertex 216.40000000000001 0 0
    endloop
  endfacet
  facet normal 0 0 1
    outer loop
      vertex 216.19999999999999 -10 0
      vertex 216.40000000000001 0 0
      vertex 216.19999999999999 0 0
    endloop
  endfacet
  facet normal 0 0 1
    outer loop
      vertex 216.19999999999999 0 0
      vertex 216.40000000000001 0 0
      vertex 216.40000000000001 0.001 0
    endloop
  endfacet
  facet normal 0 0 1
    outer loop
      vertex 216.19999999999999 0 0
      vertex 216.40000000000001 0.001 0
      vertex 216.19999999999999 0.001 0
    endloop
  endfacet
  facet normal 0 0 1
    outer loop
      vertex 216.19999999999999 0.001 0
      vertex 216.40000000000001 0.001 0
      vertex 216.40000000000001 10 0
    endloop
  endfacet
  facet normal 0 0 1
    outer loop
      vertex 216.19999999999999 0.001 0
      vertex 216.40000000000001 10 0
      vertex 216.19999999999999 10 0
    endloop
  endfacet
  facet normal 0 0 1
    outer loop
      vertex 216.19999999999999 10 0
      vertex 216.40000000000001 10 0
      vertex 216.40000000000001 20 0
    endloop
  endfacet
  facet normal 0 0 1
    outer loop
      vertex 216.19999999999999 10 0
      vertex 216.40000000000001 20 0
      vertex 216.19999999999999 20 0
    endloop
  endfacet
  facet normal 0 0 1
    outer loop
      vertex 216.19999999999999 20 0
      vertex 216.40000000000001 20 0
      vertex 216.40000000000001 40 0
    endloop
  endfacet
  facet normal 0 0 1
    outer loop
      vertex 216.19999999999999 20 0
      vertex 216.40000000000001 40 0
      vertex 216.19999999999999 40 0
    endloop
  endfacet
  facet normal 0 0 1
    outer loop
      vertex 216.19999999999999 40 0
      vertex 216.40000000000001 40 0
      vertex 216.40000000000001 60 0
    endloop
  endfacet
  facet normal 0 0 1
    outer loop
      vertex 216.19999999999999 40 0
      vertex 216.40000000000001 60 0
      vertex 216.19999999999999 60 0
    endloop
  endfacet
  facet normal 0 0 1
    outer loop
      vertex 216.19999999999999 60 0
      vertex 216.40000000000001 60 0
      vertex 216.40000000000001 80 0
    endloop
  endfacet
  facet normal 0 0 1
    outer loop
      vertex 216.19999999999999 60 0
      vertex 216.40000000000001 80 0
      vertex 216.19999999999999 80 0
    endloop
  endfacet
  facet normal 0 0 1
    outer loop
      vertex 216.19999999999999 80 0
      vertex 216.40000000000001 80 0
      vertex 216.40000000000001 100 0
    endloop
  endfacet
  facet normal 0 0 1
    outer loop
      vertex 216.19999999999999 80 0
      vertex 216.40000000000001 100 0
      vertex 216.19999999999999 100 0
    endloop
  endfacet
  facet normal 0 0 1
    outer loop
      vertex 216.40000000000001 -100 0
      vertex 216.59999999999999 -100 0
      vertex 216.59999999999999 -80 0
    endloop
  endfacet
  facet normal 0 0 1
    outer loop
      vertex 216.40000000000001 -100 0
      vertex 216.59999999999999 -80 0
      vertex 216.40000000000001 -80 0
    endloop
  endfacet
  facet normal 0 0 1
    outer loop
      vertex 216.40000000000001 -80 0
      vertex 216.59999999999999 -80 0
      vertex 216.59999999999999 -60 0
    endloop
  endfacet
  facet normal 0 0 1
    outer loop
      vertex 216.40000000000001 -80 0
      vertex 216.59999999999999 -60 0
      vertex 216.40000000000001 -60 0
    endloop
  endfacet
  facet normal 0 0 1
    outer loop
      vertex 216.40000000000001 -60 0
      vertex 216.59999999999999 -60 0
      vertex 216.59999999999999 -40 0
    endloop
  endfacet
  facet normal 0 0 1
    outer loop
      vertex 216.40000000000001 -60 0
      vertex 216.59999999999999 -40 0
      vertex 216.40000000000001 -40 0
    endloop
  endfacet
  facet normal 0 0 1
    outer loop
      vertex 216.40000000000001 -40 0
      vertex 216.59999999999999 -40 0
      vertex 216.59999999999999 -20 0
    endloop
  endfacet
  facet normal 0 0 1
    outer loop
      vertex 216.40000000000001 -40 0
      vertex 216.59999999999999 -20 0
      vertex 216.40000000000001 -20 0
    endloop
  endfacet
  facet normal 0 0 1
    outer loop
      vertex 216.40000000000001 -20 0
      vertex 216.59999999999999 -20 0
      vertex 216.59999999999999 -10 0
    endloop
  endfacet
  facet normal 0 0 1
    outer loop
      vertex 216.40000000000001 -20 0
      vertex 216.59999999999999 -10 0
      vertex 216.40000000000001 -10 0
    endloop
  endfacet
  facet normal 0 0 1
    outer loop
      vertex 216.40000000000001 -10 0
      vertex 216.59999999999999 -10 0
      vertex 216.59999999999999 0 0
    endloop
  endfacet
  facet normal 0 0 1
    outer loop
      vertex 216.40000000000001 -10 0
      vertex 216.59999999999999 0 0
      vertex 216.40000000000001 0 0
    endloop
  endfacet
  facet normal 0 0 1
    outer loop
      vertex 216.40000000000001 0 0
      vertex 216.59999999999999 0 0
      vertex 216.59999999999999 0.001 0
    endloop
  endfacet
  facet normal 0 0 1
    outer loop
      vertex 216.40000000000001 0 0
      vertex 216.59999999999999 0.001 0
      vertex 216.40000000000001 0.001 0
    endloop
  endfacet
  facet normal 0 0 1
    outer loop
      vertex 216.40000000000001 0.001 0
      vertex 216.59999999999999 0.001 0
      vertex 216.59999999999999 10 0
    endloop
  endfacet
  facet normal 0 0 1
    outer loop
      vertex 216.40000000000001 0.001 0
      vertex 216.59999999999999 10 0
      vertex 216.40000000000001 10 0
    endloop
  endfacet
  facet normal 0 0 1
    outer loop
      vertex 216.40000000000001 10 0
      vertex 216.59999999999999 10 0
      vertex 216.59999999999999 20 0
    endloop
  endfacet
  facet normal 0 0 1
    outer loop
      vertex 216.40000000000001 10 0
      vertex 216.59999999999999 20 0
      vertex 216.40000000000001 20 0
    endloop
  endfacet
  facet normal 0 0 1
    outer loop
      vertex 216.40000000000001 20 0
      vertex 216.59999999999999 20 0
      vertex 216.59999999999999 40 0
    endloop
  endfacet
  facet normal 0 0 1
    outer loop
      vertex 216.40000000000001 20 0
      vertex 216.59999999999999 40 0
      vertex 216.40000000000001 40 0
    endloop
  endfacet
  facet normal 0 0 1
    outer loop
      vertex 216.40000000000001 40 0
      vertex 216.59999999999999 40 0
      vertex 216.59999999999999 60 0
    endloop
  endfacet
  facet normal 0 0 1
    outer loop
      vertex 216.40000000000001 40 0
      vertex 216.59999999999999 60 0
      vertex 216.40000000000001 60 0
    endloop
  endfacet
  facet normal 0 0 1
    outer loop
      vertex 216.40000000000001 60 0
      vertex 216.59999999999999 60 0
      vertex 216.59999999999999 80 0
    endloop
  endfacet
  facet normal 0 0 1
    outer loop
      vertex 216.40000000000001 60 0
      vertex 216.59999999999999 80 0
      vertex 216.40000000000001 80 0
    endloop
  endfacet
  facet normal 0 0 1
    outer loop
      vertex 216.40000000000001 80 0
      vertex 216.59999999999999 80 0
      vertex 216.59999999999999 100 0
    endloop
  endfacet
  facet normal 0 0 1
    outer loop
      vertex 216.40000000000001 80 0
      vertex 216.59999999999999 100 0
      vertex 216.40000000000001 100 0
    endloop
  endfacet
  facet normal 0 0 1
    outer loop
      vertex 216.59999999999999 -100 0
      vertex 216.80000000000001 -100 0
      vertex 216.80000000000001 -80 0
    endloop
  endfacet
  facet normal 0 0 1
    outer loop
      vertex 216.59999999999999 -100 0
      vertex 216.80000000000001 -80 0
      vertex 216.59999999999999 -80 0
    endloop
  endfacet
  facet normal 0 0 1
    outer loop
      vertex 216.59999999999999 -80 0
      vertex 216.80000000000001 -80 0
      vertex 216.80000000000001 -60 0
    endloop
  endfacet
  facet normal 0 0 1
    outer loop
      vertex 216.59999999999999 -80 0
      vertex 216.80000000000001 -60 0
      vertex 216.59999999999999 -60 0
    endloop
  endfacet
  facet normal 0 0 1
    outer loop
      vertex 216.59999999999999 -60 0
      vertex 216.80000000000001 -60 0
      vertex 216.80000000000001 -40 0
    endloop
  endfacet
  facet normal 0 0 1
    outer loop
      vertex 216.59999999999999 -60 0
      vertex 216.80000000000001 -40 0
      vertex 216.59999999999999 -40 0
    endloop
  endfacet
  facet normal 0 0 1
    outer loop
      vertex 216.59999999999999 -40 0
      vertex 216.80000000000001 -40 0
      vertex 216.80000000000001 -20 0
    endloop
  endfacet
  facet normal 0 0 1
    outer loop
      vertex 216.59999999999999 -40 0
      vertex 216.80000000000001 -20 0
      vertex 216.59999999999999 -20 0
    endloop
  endfacet
  facet normal 0 0 1
    outer loop
      vertex 216.59999999999999 -20 0
      vertex 216.80000000000001 -20 0
      vertex 216.80000000000001 -10 0
    endloop
  endfacet
  facet normal 0 0 1
    outer loop
      vertex 216.59999999999999 -20 0
      vertex 216.80000000000001 -10 0
      vertex 216.59999999999999 -10 0
    endloop
  endfacet
  facet normal 0 0 1
    outer loop
      vertex 216.59999999999999 -10 0
      vertex 216.80000000000001 -10 0
      vertex 216.80000000000001 0 0
    endloop
  endfacet
  facet normal 0 0 1
    outer loop
      vertex 216.59999999999999 -10 0
      vertex 216.80000000000001 0 0
      vertex 216.59999999999999 0 0
    endloop
  endfacet
  facet normal 0 0 1
    outer loop
      vertex 216.59999999999999 0 0
      vertex 216.80000000000001 0 0
      vertex 216.80000000000001 0.001 0
    endloop
  endfacet
  facet normal 0 0 1
    outer loop
      vertex 216.59999999999999 0 0
      vertex 216.80000000000001 0.001 0
      vertex 216.59999999999999 0.001 0
    endloop
  endfacet
  facet normal 0 0 1
    outer loop
      vertex 216.59999999999999 0.001 0
      vertex 216.80000000000001 0.001 0
      vertex 216.80000000000001 10 0
    endloop
  endfacet
  facet normal 0 0 1
    outer loop
      vertex 216.59999999999999 0.001 0
      vertex 216.80000000000001 10 0
      vertex 216.59999999999999 10 0
    endloop
  endfacet
  facet normal 0 0 1
    outer loop
      vertex 216.59999999999999 10 0
      vertex 216.80000000000001 10 0
      vertex 216.80000000000001 20 0
    endloop
  endfacet
  facet normal 0 0 1
    outer loop
      vertex 216.59999999999999 10 0
      vertex 216.80000000000001 20 0
      vertex 216.59999999999999 20 0
    endloop
  endfacet
  facet normal 0 0 1
    outer loop
      vertex 216.59999999999999 20 0
      vertex 216.80000000000001 20 0
      vertex 216.80000000000001 40 0
    endloop
  endfacet
  facet normal 0 0 1
    outer loop
      vertex 216.59999999999999 20 0
      vertex 216.80000000000001 40 0
      vertex 216.59999999999999 40 0
    endloop
  endfacet
  facet normal 0 0 1
    outer loop
      vertex 216.59999999999999 40 0
      vertex 216.80000000000001 40 0
      vertex 216.80000000000001 60 0
    endloop
  endfacet
  facet normal 0 0 1
    outer loop
      vertex 216.59999999999999 40 0
      vertex 216.80000000000001 60 0
      vertex 216.59999999999999 60 0
    endloop
  endfacet
  facet normal 0 0 1
    outer loop
      vertex 216.59999999999999 60 0
      vertex 216.80000000000001 60 0
      vertex 216.80000000000001 80 0
    endloop
  endfacet
  facet normal 0 0 1
    outer loop
      vertex 216.59999999999999 60 0
      vertex 216.80000000000001 80 0
      vertex 216.59999999999999 80 0
    endloop
  endfacet
  facet normal 0 0 1
    outer loop
      vertex 216.59999999999999 80 0
      vertex 216.80000000000001 80 0
      vertex 216.80000000000001 100 0
    endloop
  endfacet
  facet normal 0 0 1
    outer loop
      vertex 216.59999999999999 80 0
      vertex 216.80000000000001 100 0
      vertex 216.59999999999999 100 0
    endloop
  endfacet
  facet normal 0 0 1
    outer loop
      vertex 216.80000000000001 -100 0
      vertex 217 -100 0
      vertex 217 -80 0
    endloop
  endfacet
  facet normal 0 0 1
    outer loop
      vertex 216.80000000000001 -100 0
      vertex 217 -80 0
      vertex 216.80000000000001 -80 0
    endloop
  endfacet
  facet normal 0 0 1
    outer loop
      vertex 216.80000000000001 -80 0
      vertex 217 -80 0
      vertex 217 -60 0
    endloop
  endfacet
  facet normal 0 0 1
    outer loop
      vertex 216.80000000000001 -80 0
      vertex 217 -60 0
      vertex 216.80000000000001 -60 0
    endloop
  endfacet
  facet normal 0 0 1
    outer loop
      vertex 216.80000000000001 -60 0
      vertex 217 -60 0
      vertex 217 -40 0
    endloop
  endfacet
  facet normal 0 0 1
    outer loop
      vertex 216.80000000000001 -60 0
      vertex 217 -40 0
      vertex 216.80000000000001 -40 0
    endloop
  endfacet
  facet normal 0 0 1
    outer loop
      vertex 216.80000000000001 -40 0
      vertex 217 -40 0
      vertex 217 -20 0
    endloop
  endfacet
  facet normal 0 0 1
    outer loop
      vertex 216.80000000000001 -40 0
      vertex 217 -20 0
      vertex 216.80000000000001 -20 0
    endloop
  endfacet
  facet normal 0 0 1
    outer loop
      vertex 216.80000000000001 -20 0
      vertex 217 -20 0
      vertex 217 -10 0
    endloop
  endfacet
  facet normal 0 0 1
    outer loop
      vertex 216.80000000000001 -20 0
      vertex 217 -10 0
      vertex 216.80000000000001 -10 0
    endloop
  endfacet
  facet normal 0 0 1
    outer loop
      vertex 216.80000000000001 -10 0
      vertex 217 -10 0
      vertex 217 0 0
    endloop
  endfacet
  facet normal 0 0 1
    outer loop
      vertex 216.80000000000001 -10 0
      vertex 217 0 0
      vertex 216.80000000000001 0 0
    endloop
  endfacet
  facet normal 0 0 1
    outer loop
      vertex 216.80000000000001 0 0
      vertex 217 0 0
      vertex 217 0.001 0
    endloop
  endfacet
  facet normal 0 0 1
    outer loop
      vertex 216.80000000000001 0 0
      vertex 217 0.001 0
      vertex 216.80000000000001 0.001 0
    endloop
  endfacet
  facet normal 0 0 1
    outer loop
      vertex 216.80000000000001 0.001 0
      vertex 217 0.001 0
      vertex 217 10 0
    endloop
  endfacet
  facet normal 0 0 1
    outer loop
      vertex 216.80000000000001 0.001 0
      vertex 217 10 0
      vertex 216.80000000000001 10 0
    endloop
  endfacet
  facet normal 0 0 1
    outer loop
      vertex 216.80000000000001 10 0
      vertex 217 10 0
      vertex 217 20 0
    endloop
  endfacet
  facet normal 0 0 1
    outer loop
      vertex 216.80000000000001 10 0
      vertex 217 20 0
      vertex 216.80000000000001 20 0
    endloop
  endfacet
  facet normal 0 0 1
    outer loop
      vertex 216.80000000000001 20 0
      vertex 217 20 0
      vertex 217 40 0
    endloop
  endfacet
  facet normal 0 0 1
    outer loop
      vertex 216.80000000000001 20 0
      vertex 217 40 0
      vertex 216.80000000000001 40 0
    endloop
  endfacet
  facet normal 0 0 1
    outer loop
      vertex 216.80000000000001 40 0
      vertex 217 40 0
      vertex 217 60 0
    endloop
  endfacet
  facet normal 0 0 1
    outer loop
      vertex 216.80000000000001 40 0
      vertex 217 60 0
      vertex 216.80000000000001 60 0
    endloop
  endfacet
  facet normal 0 0 1
    outer loop
      vertex 216.80000000000001 60 0
      vertex 217 60 0
      vertex 217 80 0
    endloop
  endfacet
  facet normal 0 0 1
    outer loop
      vertex 216.80000000000001 60 0
      vertex 217 80 0
      vertex 216.80000000000001 80 0
    endloop
  endfacet
  facet normal 0 0 1
    outer loop
      vertex 216.80000000000001 80 0
      vertex 217 80 0
      vertex 217 100 0
    endloop
  endfacet
  facet normal 0 0 1
    outer loop
      vertex 216.80000000000001 80 0
      vertex 217 100 0
      vertex 216.80000000000001 100 0
    endloop
  endfacet
  facet normal 0 0 1
    outer loop
      vertex 217 -100 0
      vertex 217.19999999999999 -100 0
      vertex 217.19999999999999 -80 0
    endloop
  endfacet
  facet normal 0 0 1
    outer loop
      vertex 217 -100 0
      vertex 217.19999999999999 -80 0
      vertex 217 -80 0
    endloop
  endfacet
  facet normal 0 0 1
    outer loop
      vertex 217 -80 0
      vertex 217.19999999999999 -80 0
      vertex 217.19999999999999 -60 0
    endloop
  endfacet
  facet normal 0 0 1
    outer loop
      vertex 217 -80 0
      vertex 217.19999999999999 -60 0
      vertex 217 -60 0
    endloop
  endfacet
  facet normal 0 0 1
    outer loop
      vertex 217 -60 0
      vertex 217.19999999999999 -60 0
      vertex 217.19999999999999 -40 0
    endloop
  endfacet
  facet normal 0 0 1
    outer loop
      vertex 217 -60 0
      vertex 217.19999999999999 -40 0
      vertex 217 -40 0
    endloop
  endfacet
  facet normal 0 0 1
    outer loop
      vertex 217 -40 0
      vertex 217.19999999999999 -40 0
      vertex 217.19999999999999 -20 0
    endloop
  endfacet
  facet normal 0 0 1
    outer loop
      vertex 217 -40 0
      vertex 217.19999999999999 -20 0
      vertex 217 -20 0
    endloop
  endfacet
  facet normal 0 0 1
    outer loop
      vertex 217 -20 0
      vertex 217.19999999999999 -20 0
      vertex 217.19999999999999 -10 0
    endloop
  endfacet
  facet normal 0 0 1
    outer loop
      vertex 217 -20 0
      vertex 217.19999999999999 -10 0
      vertex 217 -10 0
    endloop
  endfacet
  facet normal 0 0 1
    outer loop
      vertex 217 -10 0
      vertex 217.19999999999999 -10 0
      vertex 217.19999999999999 0 0
    endloop
  endfacet
  facet normal 0 0 1
    outer loop
      vertex 217 -10 0
      vertex 217.19999999999999 0 0
      vertex 217 0 0
    endloop
  endfacet
  facet normal 0 0 1
    outer loop
      vertex 217 0 0
      vertex 217.19999999999999 0 0
      vertex 217.19999999999999 0.001 0
    endloop
  endfacet
  facet normal 0 0 1
    outer loop
      vertex 217 0 0
      vertex 217.19999999999999 0.001 0
      vertex 217 0.001 0
    endloop
  endfacet
  facet normal 0 0 1
    outer loop
      vertex 217 0.001 0
      vertex 217.19999999999999 0.001 0
      vertex 217.19999999999999 10 0
    endloop
  endfacet
  facet normal 0 0 1
    outer loop
      vertex 217 0.001 0
      vertex 217.19999999999999 10 0
      vertex 217 10 0
    endloop
  endfacet
  facet normal 0 0 1
    outer loop
      vertex 217 10 0
      vertex 217.19999999999999 10 0
      vertex 217.19999999999999 20 0
    endloop
  endfacet
  facet normal 0 0 1
    outer loop
      vertex 217 10 0
      vertex 217.19999999999999 20 0
      vertex 217 20 0
    endloop
  endfacet
  facet normal 0 0 1
    outer loop
      vertex 217 20 0
      vertex 217.19999999999999 20 0
      vertex 217.19999999999999 40 0
    endloop
  endfacet
  facet normal 0 0 1
    outer loop
      vertex 217 20 0
      vertex 217.19999999999999 40 0
      vertex 217 40 0
    endloop
  endfacet
  facet normal 0 0 1
    outer loop
      vertex 217 40 0
      vertex 217.19999999999999 40 0
      vertex 217.19999999999999 60 0
    endloop
  endfacet
  facet normal 0 0 1
    outer loop
      vertex 217 40 0
      vertex 217.19999999999999 60 0
      vertex 217 60 0
    endloop
  endfacet
  facet normal 0 0 1
    outer loop
      vertex 217 60 0
      vertex 217.19999999999999 60 0
      vertex 217.19999999999999 80 0
    endloop
  endfacet
  facet normal 0 0 1
    outer loop
      vertex 217 60 0
      vertex 217.19999999999999 80 0
      vertex 217 80 0
    endloop
  endfacet
  facet normal 0 0 1
    outer loop
      vertex 217 80 0
      vertex 217.19999999999999 80 0
      vertex 217.19999999999999 100 0
    endloop
  endfacet
  facet normal 0 0 1
    outer loop
      vertex 217 80 0
      vertex 217.19999999999999 100 0
      vertex 217 100 0
    endloop
  endfacet
  facet normal 0 0 1
    outer loop
      vertex 217.19999999999999 -100 0
      vertex 217.40000000000001 -100 0
      vertex 217.40000000000001 -80 0
    endloop
  endfacet
  facet normal 0 0 1
    outer loop
      vertex 217.19999999999999 -100 0
      vertex 217.40000000000001 -80 0
      vertex 217.19999999999999 -80 0
    endloop
  endfacet
  facet normal 0 0 1
    outer loop
      vertex 217.19999999999999 -80 0
      vertex 217.40000000000001 -80 0
      vertex 217.40000000000001 -60 0
    endloop
  endfacet
  facet normal 0 0 1
    outer loop
      vertex 217.19999999999999 -80 0
      vertex 217.40000000000001 -60 0
      vertex 217.19999999999999 -60 0
    endloop
  endfacet
  facet normal 0 0 1
    outer loop
      vertex 217.19999999999999 -60 0
      vertex 217.40000000000001 -60 0
      vertex 217.40000000000001 -40 0
    endloop
  endfacet
  facet normal 0 0 1
    outer loop
      vertex 217.19999999999999 -60 0
      vertex 217.40000000000001 -40 0
      vertex 217.19999999999999 -40 0
    endloop
  endfacet
  facet normal 0 0 1
    outer loop
      vertex 217.19999999999999 -40 0
      vertex 217.40000000000001 -40 0
      vertex 217.40000000000001 -20 0
    endloop
  endfacet
  facet normal 0 0 1
    outer loop
      vertex 217.19999999999999 -40 0
      vertex 217.40000000000001 -20 0
      vertex 217.19999999999999 -20 0
    endloop
  endfacet
  facet normal 0 0 1
    outer loop
      vertex 217.19999999999999 -20 0
      vertex 217.40000000000001 -20 0
      vertex 217.40000000000001 -10 0
    endloop
  endfacet
  facet normal 0 0 1
    outer loop
      vertex 217.19999999999999 -20 0
      vertex 217.40000000000001 -10 0
      vertex 217.19999999999999 -10 0
    endloop
  endfacet
  facet normal 0 0 1
    outer loop
      vertex 217.19999999999999 -10 0
      vertex 217.40000000000001 -10 0
      vertex 217.40000000000001 0 0
    endloop
  endfacet
  facet normal 0 0 1
    outer loop
      vertex 217.19999999999999 -10 0
      vertex 217.40000000000001 0 0
      vertex 217.19999999999999 0 0
    endloop
  endfacet
  facet normal 0 0 1
    outer loop
      vertex 217.19999999999999 0 0
      vertex 217.40000000000001 0 0
      vertex 217.40000000000001 0.001 0
    endloop
  endfacet
  facet normal 0 0 1
    outer loop
      vertex 217.19999999999999 0 0
      vertex 217.40000000000001 0.001 0
      vertex 217.19999999999999 0.001 0
    endloop
  endfacet
  facet normal 0 0 1
    outer loop
      vertex 217.19999999999999 0.001 0
      vertex 217.40000000000001 0.001 0
      vertex 217.40000000000001 10 0
    endloop
  endfacet
  facet normal 0 0 1
    outer loop
      vertex 217.19999999999999 0.001 0
      vertex 217.40000000000001 10 0
      vertex 217.19999999999999 10 0
    endloop
  endfacet
  facet normal 0 0 1
    outer loop
      vertex 217.19999999999999 10 0
      vertex 217.40000000000001 10 0
      vertex 217.40000000000001 20 0
    endloop
  endfacet
  facet normal 0 0 1
    outer loop
      vertex 217.19999999999999 10 0
      vertex 217.40000000000001 20 0
      vertex 217.19999999999999 20 0
    endloop
  endfacet
  facet normal 0 0 1
    outer loop
      vertex 217.19999999999999 20 0
      vertex 217.40000000000001 20 0
      vertex 217.40000000000001 40 0
    endloop
  endfacet
  facet normal 0 0 1
    outer loop
      vertex 217.19999999999999 20 0
      vertex 217.40000000000001 40 0
      vertex 217.19999999999999 40 0
    endloop
  endfacet
  facet normal 0 0 1
    outer loop
      vertex 217.19999999999999 40 0
      vertex 217.40000000000001 40 0
      vertex 217.40000000000001 60 0
    endloop
  endfacet
  facet normal 0 0 1
    outer loop
      vertex 217.19999999999999 40 0
      vertex 217.40000000000001 60 0
      vertex 217.19999999999999 60 0
    endloop
  endfacet
  facet normal 0 0 1
    outer loop
      vertex 217.19999999999999 60 0
      vertex 217.40000000000001 60 0
      vertex 217.40000000000001 80 0
    endloop
  endfacet
  facet normal 0 0 1
    outer loop
      vertex 217.19999999999999 60 0
      vertex 217.40000000000001 80 0
      vertex 217.19999999999999 80 0
    endloop
  endfacet
  facet normal 0 0 1
    outer loop
      vertex 217.19999999999999 80 0
      vertex 217.40000000000001 80 0
      vertex 217.40000000000001 100 0
    endloop
  endfacet
  facet normal 0 0 1
    outer loop
      vertex 217.19999999999999 80 0
      vertex 217.40000000000001 100 0
      vertex 217.19999999999999 100 0
    endloop
  endfacet
  facet normal 0 0 1
    outer loop
      vertex 217.40000000000001 -100 0
      vertex 217.59999999999999 -100 0
      vertex 217.59999999999999 -80 0
    endloop
  endfacet
  facet normal 0 0 1
    outer loop
      vertex 217.40000000000001 -100 0
      vertex 217.59999999999999 -80 0
      vertex 217.40000000000001 -80 0
    endloop
  endfacet
  facet normal 0 0 1
    outer loop
      vertex 217.40000000000001 -80 0
      vertex 217.59999999999999 -80 0
      vertex 217.59999999999999 -60 0
    endloop
  endfacet
  facet normal 0 0 1
    outer loop
      vertex 217.40000000000001 -80 0
      vertex 217.59999999999999 -60 0
      vertex 217.40000000000001 -60 0
    endloop
  endfacet
  facet normal 0 0 1
    outer loop
      vertex 217.40000000000001 -60 0
      vertex 217.59999999999999 -60 0
      vertex 217.59999999999999 -40 0
    endloop
  endfacet
  facet normal 0 0 1
    outer loop
      vertex 217.40000000000001 -60 0
      vertex 217.59999999999999 -40 0
      vertex 217.40000000000001 -40 0
    endloop
  endfacet
  facet normal 0 0 1
    outer loop
      vertex 217.40000000000001 -40 0
      vertex 217.59999999999999 -40 0
      vertex 217.59999999999999 -20 0
    endloop
  endfacet
  facet normal 0 0 1
    outer loop
      vertex 217.40000000000001 -40 0
      vertex 217.59999999999999 -20 0
      vertex 217.40000000000001 -20 0
    endloop
  endfacet
  facet normal 0 0 1
    outer loop
      vertex 217.40000000000001 -20 0
      vertex 217.59999999999999 -20 0
      vertex 217.59999999999999 -10 0
    endloop
  endfacet
  facet normal 0 0 1
    outer loop
      vertex 217.40000000000001 -20 0
      vertex 217.59999999999999 -10 0
      vertex 217.40000000000001 -10 0
    endloop
  endfacet
  facet normal 0 0 1
    outer loop
      vertex 217.40000000000001 -10 0
      vertex 217.59999999999999 -10 0
      vertex 217.59999999999999 0 0
    endloop
  endfacet
  facet normal 0 0 1
    outer loop
      vertex 217.40000000000001 -10 0
      vertex 217.59999999999999 0 0
      vertex 217.40000000000001 0 0
    endloop
  endfacet
  facet normal 0 0 1
    outer loop
      vertex 217.40000000000001 0 0
      vertex 217.59999999999999 0 0
      vertex 217.59999999999999 0.001 0
    endloop
  endfacet
  facet normal 0 0 1
    outer loop
      vertex 217.40000000000001 0 0
      vertex 217.59999999999999 0.001 0
      vertex 217.40000000000001 0.001 0
    endloop
  endfacet
  facet normal 0 0 1
    outer loop
      vertex 217.40000000000001 0.001 0
      vertex 217.59999999999999 0.001 0
      vertex 217.59999999999999 10 0
    endloop
  endfacet
  facet normal 0 0 1
    outer loop
      vertex 217.40000000000001 0.001 0
      vertex 217.59999999999999 10 0
      vertex 217.40000000000001 10 0
    endloop
  endfacet
  facet normal 0 0 1
    outer loop
      vertex 217.40000000000001 10 0
      vertex 217.59999999999999 10 0
      vertex 217.59999999999999 20 0
    endloop
  endfacet
  facet normal 0 0 1
    outer loop
      vertex 217.40000000000001 10 0
      vertex 217.59999999999999 20 0
      vertex 217.40000000000001 20 0
    endloop
  endfacet
  facet normal 0 0 1
    outer loop
      vertex 217.40000000000001 20 0
      vertex 217.59999999999999 20 0
      vertex 217.59999999999999 40 0
    endloop
  endfacet
  facet normal 0 0 1
    outer loop
      vertex 217.40000000000001 20 0
      vertex 217.59999999999999 40 0
      vertex 217.40000000000001 40 0
    endloop
  endfacet
  facet normal 0 0 1
    outer loop
      vertex 217.40000000000001 40 0
      vertex 217.59999999999999 40 0
      vertex 217.59999999999999 60 0
    endloop
  endfacet
  facet normal 0 0 1
    outer loop
      vertex 217.40000000000001 40 0
      vertex 217.59999999999999 60 0
      vertex 217.40000000000001 60 0
    endloop
  endfacet
  facet normal 0 0 1
    outer loop
      vertex 217.40000000000001 60 0
      vertex 217.59999999999999 60 0
      vertex 217.59999999999999 80 0
    endloop
  endfacet
  facet normal 0 0 1
    outer loop
      vertex 217.40000000000001 60 0
      vertex 217.59999999999999 80 0
      vertex 217.40000000000001 80 0
    endloop
  endfacet
  facet normal 0 0 1
    outer loop
      vertex 217.40000000000001 80 0
      vertex 217.59999999999999 80 0
      vertex 217.59999999999999 100 0
    endloop
  endfacet
  facet normal 0 0 1
    outer loop
      vertex 217.40000000000001 80 0
      vertex 217.59999999999999 100 0
      vertex 217.40000000000001 100 0
    endloop
  endfacet
  facet normal 0 0 1
    outer loop
      vertex 217.59999999999999 -100 0
      vertex 217.80000000000001 -100 0
      vertex 217.80000000000001 -80 0
    endloop
  endfacet
  facet normal 0 0 1
    outer loop
      vertex 217.59999999999999 -100 0
      vertex 217.80000000000001 -80 0
      vertex 217.59999999999999 -80 0
    endloop
  endfacet
  facet normal 0 0 1
    outer loop
      vertex 217.59999999999999 -80 0
      vertex 217.80000000000001 -80 0
      vertex 217.80000000000001 -60 0
    endloop
  endfacet
  facet normal 0 0 1
    outer loop
      vertex 217.59999999999999 -80 0
      vertex 217.80000000000001 -60 0
      vertex 217.59999999999999 -60 0
    endloop
  endfacet
  facet normal 0 0 1
    outer loop
      vertex 217.59999999999999 -60 0
      vertex 217.80000000000001 -60 0
      vertex 217.80000000000001 -40 0
    endloop
  endfacet
  facet normal 0 0 1
    outer loop
      vertex 217.59999999999999 -60 0
      vertex 217.80000000000001 -40 0
      vertex 217.59999999999999 -40 0
    endloop
  endfacet
  facet normal 0 0 1
    outer loop
      vertex 217.59999999999999 -40 0
      vertex 217.80000000000001 -40 0
      vertex 217.80000000000001 -20 0
    endloop
  endfacet
  facet normal 0 0 1
    outer loop
      vertex 217.59999999999999 -40 0
      vertex 217.80000000000001 -20 0
      vertex 217.59999999999999 -20 0
    endloop
  endfacet
  facet normal 0 0 1
    outer loop
      vertex 217.59999999999999 -20 0
      vertex 217.80000000000001 -20 0
      vertex 217.80000000000001 -10 0
    endloop
  endfacet
  facet normal 0 0 1
    outer loop
      vertex 217.59999999999999 -20 0
      vertex 217.80000000000001 -10 0
      vertex 217.59999999999999 -10 0
    endloop
  endfacet
  facet normal 0 0 1
    outer loop
      vertex 217.59999999999999 -10 0
      vertex 217.80000000000001 -10 0
      vertex 217.80000000000001 0 0
    endloop
  endfacet
  facet normal 0 0 1
    outer loop
      vertex 217.59999999999999 -10 0
      vertex 217.80000000000001 0 0
      vertex 217.59999999999999 0 0
    endloop
  endfacet
  facet normal 0 0 1
    outer loop
      vertex 217.59999999999999 0 0
      vertex 217.80000000000001 0 0
      vertex 217.80000000000001 0.001 0
    endloop
  endfacet
  facet normal 0 0 1
    outer loop
      vertex 217.59999999999999 0 0
      vertex 217.80000000000001 0.001 0
      vertex 217.59999999999999 0.001 0
    endloop
  endfacet
  facet normal 0 0 1
    outer loop
      vertex 217.59999999999999 0.001 0
      vertex 217.80000000000001 0.001 0
      vertex 217.80000000000001 10 0
    endloop
  endfacet
  facet normal 0 0 1
    outer loop
      vertex 217.59999999999999 0.001 0
      vertex 217.80000000000001 10 0
      vertex 217.59999999999999 10 0
    endloop
  endfacet
  facet normal 0 0 1
    outer loop
      vertex 217.59999999999999 10 0
      vertex 217.80000000000001 10 0
      vertex 217.80000000000001 20 0
    endloop
  endfacet
  facet normal 0 0 1
    outer loop
      vertex 217.59999999999999 10 0
      vertex 217.80000000000001 20 0
      vertex 217.59999999999999 20 0
    endloop
  endfacet
  facet normal 0 0 1
    outer loop
      vertex 217.59999999999999 20 0
      vertex 217.80000000000001 20 0
      vertex 217.80000000000001 40 0
    endloop
  endfacet
  facet normal 0 0 1
    outer loop
      vertex 217.59999999999999 20 0
      vertex 217.80000000000001 40 0
      vertex 217.59999999999999 40 0
    endloop
  endfacet
  facet normal 0 0 1
    outer loop
      vertex 217.59999999999999 40 0
      vertex 217.80000000000001 40 0
      vertex 217.80000000000001 60 0
    endloop
  endfacet
  facet normal 0 0 1
    outer loop
      vertex 217.59999999999999 40 0
      vertex 217.80000000000001 60 0
      vertex 217.59999999999999 60 0
    endloop
  endfacet
  facet normal 0 0 1
    outer loop
      vertex 217.59999999999999 60 0
      vertex 217.80000000000001 60 0
      vertex 217.80000000000001 80 0
    endloop
  endfacet
  facet normal 0 0 1
    outer loop
      vertex 217.59999999999999 60 0
      vertex 217.80000000000001 80 0
      vertex 217.59999999999999 80 0
    endloop
  endfacet
  facet normal 0 0 1
    outer loop
      vertex 217.59999999999999 80 0
      vertex 217.80000000000001 80 0
      vertex 217.80000000000001 100 0
    endloop
  endfacet
  facet normal 0 0 1
    outer loop
      vertex 217.59999999999999 80 0
      vertex 217.80000000000001 100 0
      vertex 217.59999999999999 100 0
    endloop
  endfacet
  facet normal 0 0 1
    outer loop
      vertex 217.80000000000001 -100 0
      vertex 218 -100 0
      vertex 218 -80 0
    endloop
  endfacet
  facet normal 0 0 1
    outer loop
      vertex 217.80000000000001 -100 0
      vertex 218 -80 0
      vertex 217.80000000000001 -80 0
    endloop
  endfacet
  facet normal 0 0 1
    outer loop
      vertex 217.80000000000001 -80 0
      vertex 218 -80 0
      vertex 218 -60 0
    endloop
  endfacet
  facet normal 0 0 1
    outer loop
      vertex 217.80000000000001 -80 0
      vertex 218 -60 0
      vertex 217.80000000000001 -60 0
    endloop
  endfacet
  facet normal 0 0 1
    outer loop
      vertex 217.80000000000001 -60 0
      vertex 218 -60 0
      vertex 218 -40 0
    endloop
  endfacet
  facet normal 0 0 1
    outer loop
      vertex 217.80000000000001 -60 0
      vertex 218 -40 0
      vertex 217.80000000000001 -40 0
    endloop
  endfacet
  facet normal 0 0 1
    outer loop
      vertex 217.80000000000001 -40 0
      vertex 218 -40 0
      vertex 218 -20 0
    endloop
  endfacet
  facet normal 0 0 1
    outer loop
      vertex 217.80000000000001 -40 0
      vertex 218 -20 0
      vertex 217.80000000000001 -20 0
    endloop
  endfacet
  facet normal 0 0 1
    outer loop
      vertex 217.80000000000001 -20 0
      vertex 218 -20 0
      vertex 218 -10 0
    endloop
  endfacet
  facet normal 0 0 1
    outer loop
      vertex 217.80000000000001 -20 0
      vertex 218 -10 0
      vertex 217.80000000000001 -10 0
    endloop
  endfacet
  facet normal 0 0 1
    outer loop
      vertex 217.80000000000001 -10 0
      vertex 218 -10 0
      vertex 218 0 0
    endloop
  endfacet
  facet normal 0 0 1
    outer loop
      vertex 217.80000000000001 -10 0
      vertex 218 0 0
      vertex 217.80000000000001 0 0
    endloop
  endfacet
  facet normal 0 0 1
    outer loop
      vertex 217.80000000000001 0 0
      vertex 218 0 0
      vertex 218 0.001 0
    endloop
  endfacet
  facet normal 0 0 1
    outer loop
      vertex 217.80000000000001 0 0
      vertex 218 0.001 0
      vertex 217.80000000000001 0.001 0
    endloop
  endfacet
  facet normal 0 0 1
    outer loop
      vertex 217.80000000000001 0.001 0
      vertex 218 0.001 0
      vertex 218 10 0
    endloop
  endfacet
  facet normal 0 0 1
    outer loop
      vertex 217.80000000000001 0.001 0
      vertex 218 10 0
      vertex 217.80000000000001 10 0
    endloop
  endfacet
  facet normal 0 0 1
    outer loop
      vertex 217.80000000000001 10 0
      vertex 218 10 0
      vertex 218 20 0
    endloop
  endfacet
  facet normal 0 0 1
    outer loop
      vertex 217.80000000000001 10 0
      vertex 218 20 0
      vertex 217.80000000000001 20 0
    endloop
  endfacet
  facet normal 0 0 1
    outer loop
      vertex 217.80000000000001 20 0
      vertex 218 20 0
      vertex 218 40 0
    endloop
  endfacet
  facet normal 0 0 1
    outer loop
      vertex 217.80000000000001 20 0
      vertex 218 40 0
      vertex 217.80000000000001 40 0
    endloop
  endfacet
  facet normal 0 0 1
    outer loop
      vertex 217.80000000000001 40 0
      vertex 218 40 0
      vertex 218 60 0
    endloop
  endfacet
  facet normal 0 0 1
    outer loop
      vertex 217.80000000000001 40 0
      vertex 218 60 0
      vertex 217.80000000000001 60 0
    endloop
  endfacet
  facet normal 0 0 1
    outer loop
      vertex 217.80000000000001 60 0
      vertex 218 60 0
      vertex 218 80 0
    endloop
  endfacet
  facet normal 0 0 1
    outer loop
      vertex 217.80000000000001 60 0
      vertex 218 80 0
      vertex 217.80000000000001 80 0
    endloop
  endfacet
  facet normal 0 0 1
    outer loop
      vertex 217.80000000000001 80 0
      vertex 218 80 0
      vertex 218 100 0
    endloop
  endfacet
  facet normal 0 0 1
    outer loop
      vertex 217.80000000000001 80 0
      vertex 218 100 0
      vertex 217.80000000000001 100 0
    endloop
  endfacet
  facet normal 0 0 1
    outer loop
      vertex 218 -100 0
      vertex 218.19999999999999 -100 0
      vertex 218.19999999999999 -80 0
    endloop
  endfacet
  facet normal 0 0 1
    outer loop
      vertex 218 -100 0
      vertex 218.19999999999999 -80 0
      vertex 218 -80 0
    endloop
  endfacet
  facet normal 0 0 1
    outer loop
      vertex 218 -80 0
      vertex 218.19999999999999 -80 0
      vertex 218.19999999999999 -60 0
    endloop
  endfacet
  facet normal 0 0 1
    outer loop
      vertex 218 -80 0
      vertex 218.19999999999999 -60 0
      vertex 218 -60 0
    endloop
  endfacet
  facet normal 0 0 1
    outer loop
      vertex 218 -60 0
      vertex 218.19999999999999 -60 0
      vertex 218.19999999999999 -40 0
    endloop
  endfacet
  facet normal 0 0 1
    outer loop
      vertex 218 -60 0
      vertex 218.19999999999999 -40 0
      vertex 218 -40 0
    endloop
  endfacet
  facet normal 0 0 1
    outer loop
      vertex 218 -40 0
      vertex 218.19999999999999 -40 0
      vertex 218.19999999999999 -20 0
    endloop
  endfacet
  facet normal 0 0 1
    outer loop
      vertex 218 -40 0
      vertex 218.19999999999999 -20 0
      vertex 218 -20 0
    endloop
  endfacet
  facet normal 0 0 1
    outer loop
      vertex 218 -20 0
      vertex 218.19999999999999 -20 0
      vertex 218.19999999999999 -10 0
    endloop
  endfacet
  facet normal 0 0 1
    outer loop
      vertex 218 -20 0
      vertex 218.19999999999999 -10 0
      vertex 218 -10 0
    endloop
  endfacet
  facet normal 0 0 1
    outer loop
      vertex 218 -10 0
      vertex 218.19999999999999 -10 0
      vertex 218.19999999999999 0 0
    endloop
  endfacet
  facet normal 0 0 1
    outer loop
      vertex 218 -10 0
      vertex 218.19999999999999 0 0
      vertex 218 0 0
    endloop
  endfacet
  facet normal 0 0 1
    outer loop
      vertex 218 0 0
      vertex 218.19999999999999 0 0
      vertex 218.19999999999999 0.001 0
    endloop
  endfacet
  facet normal 0 0 1
    outer loop
      vertex 218 0 0
      vertex 218.19999999999999 0.001 0
      vertex 218 0.001 0
    endloop
  endfacet
  facet normal 0 0 1
    outer loop
      vertex 218 0.001 0
      vertex 218.19999999999999 0.001 0
      vertex 218.19999999999999 10 0
    endloop
  endfacet
  facet normal 0 0 1
    outer loop
      vertex 218 0.001 0
      vertex 218.19999999999999 10 0
      vertex 218 10 0
    endloop
  endfacet
  facet normal 0 0 1
    outer loop
      vertex 218 10 0
      vertex 218.19999999999999 10 0
      vertex 218.19999999999999 20 0
    endloop
  endfacet
  facet normal 0 0 1
    outer loop
      vertex 218 10 0
      vertex 218.19999999999999 20 0
      vertex 218 20 0
    endloop
  endfacet
  facet normal 0 0 1
    outer loop
      vertex 218 20 0
      vertex 218.19999999999999 20 0
      vertex 218.19999999999999 40 0
    endloop
  endfacet
  facet normal 0 0 1
    outer loop
      vertex 218 20 0
      vertex 218.19999999999999 40 0
      vertex 218 40 0
    endloop
  endfacet
  facet normal 0 0 1
    outer loop
      vertex 218 40 0
      vertex 218.19999999999999 40 0
      vertex 218.19999999999999 60 0
    endloop
  endfacet
  facet normal 0 0 1
    outer loop
      vertex 218 40 0
      vertex 218.19999999999999 60 0
      vertex 218 60 0
    endloop
  endfacet
  facet normal 0 0 1
    outer loop
      vertex 218 60 0
      vertex 218.19999999999999 60 0
      vertex 218.19999999999999 80 0
    endloop
  endfacet
  facet normal 0 0 1
    outer loop
      vertex 218 60 0
      vertex 218.19999999999999 80 0
      vertex 218 80 0
    endloop
  endfacet
  facet normal 0 0 1
    outer loop
      vertex 218 80 0
      vertex 218.19999999999999 80 0
      vertex 218.19999999999999 100 0
    endloop
  endfacet
  facet normal 0 0 1
    outer loop
      vertex 218 80 0
      vertex 218.19999999999999 100 0
      vertex 218 100 0
    endloop
  endfacet
endsolid terrain_z_xy
