solid terrain_band_6
  facet normal 0 0 1
    outer loop
      vertex -20 -100 0
      vertex 0 -100 0
      vertex 0 -80.200000000000003 0
    endloop
  endfacet
  facet normal 0 0 1
    outer loop
      vertex -20 -100 0
      vertex 0 -80.200000000000003 0
      vertex -20 -80.200000000000003 0
    endloop
  endfacet
  facet normal 0 0 1
    outer loop
      vertex -20 -80.200000000000003 0
      vertex 0 -80.200000000000003 0
      vertex 0 -80 0
    endloop
  endfacet
  facet normal 0 0 1
    outer loop
      vertex -20 -80.200000000000003 0
      vertex 0 -80 0
      vertex -20 -80 0
    endloop
  endfacet
  facet normal 0 0 1
    outer loop
      vertex -20 -80 0
      vertex 0 -80 0
      vertex 0 -60.200000000000003 0
    endloop
  endfacet
  facet normal 0 0 1
    outer loop
      vertex -20 -80 0
      vertex 0 -60.200000000000003 0
      vertex -20 -60.200000000000003 0
    endloop
  endfacet
  facet normal 0 0 1
    outer loop
      vertex -20 -60.200000000000003 0
      vertex 0 -60.200000000000003 0
      vertex 0 -60 0
    endloop
  endfacet
  facet normal 0 0 1
    outer loop
      vertex -20 -60.200000000000003 0
      vertex 0 -60 0
      vertex -20 -60 0
    endloop
  endfacet
  facet normal 0 0 1
    outer loop
      vertex -20 -60 0
      vertex 0 -60 0
      vertex 0 -40.200000000000003 0
    endloop
  endfacet
  facet normal 0 0 1
    outer loop
      vertex -20 -60 0
      vertex 0 -40.200000000000003 0
      vertex -20 -40.200000000000003 0
    endloop
  endfacet
  facet normal 0 0 1
    outer loop
      vertex -20 -40.200000000000003 0
      vertex 0 -40.200000000000003 0
      vertex 0 -40 0
    endloop
  endfacet
  facet normal 0 0 1
    outer loop
      vertex -20 -40.200000000000003 0
      vertex 0 -40 0
      vertex -20 -40 0
    endloop
  endfacet
  facet normal 0 0 1
    outer loop
      vertex -20 -40 0
      vertex 0 -40 0
      vertex 0 -20.199999999999999 0
    endloop
  endfacet
  facet normal 0 0 1
    outer loop
      vertex -20 -40 0
      vertex 0 -20.199999999999999 0
      vertex -20 -20.199999999999999 0
    endloop
  endfacet
  facet normal 0 0 1
    outer loop
      vertex -20 -20.199999999999999 0
      vertex 0 -20.199999999999999 0
      vertex 0 -20 0
    endloop
  endfacet
  facet normal 0 0 1
    outer loop
      vertex -20 -20.199999999999999 0
      vertex 0 -20 0
      vertex -20 -20 0
    endloop
  endfacet
  facet normal 0 0 1
    outer loop
      vertex -20 -20 0
      vertex 0 -20 0
      vertex 0 -10.199999999999999 0
    endloop
  endfacet
  facet normal 0 0 1
    outer loop
      vertex -20 -20 0
      vertex 0 -10.199999999999999 0
      vertex -20 -10.199999999999999 0
    endloop
  endfacet
  facet normal 0 0 1
    outer loop
      vertex -20 -10.199999999999999 0
      vertex 0 -10.199999999999999 0
      vertex 0 -10 0
    endloop
  endfacet
  facet normal 0 0 1
    outer loop
      vertex -20 -10.199999999999999 0
      vertex 0 -10 0
      vertex -20 -10 0
    endloop
  endfacet
  facet normal 0 0 1
    outer loop
      vertex -20 -10 0
      vertex 0 -10 0
      vertex 0 0 0
    endloop
  endfacet
  facet normal 0 0 1
    outer loop
      vertex -20 -10 0
      vertex 0 0 0
      vertex -20 0 0
    endloop
  endfacet
  facet normal 0 0 1
    outer loop
      vertex -20 0 0
      vertex 0 0 0
      vertex 0 0.20000000000000001 0
    endloop
  endfacet
  facet normal 0 0 1
    outer loop
      vertex -20 0 0
      vertex 0 0.20000000000000001 0
      vertex -20 0.20000000000000001 0
    endloop
  endfacet
  facet normal 0 0 1
    outer loop
      vertex -20 0.20000000000000001 0
      vertex 0 0.20000000000000001 0
      vertex 0 10 0
    endloop
  endfacet
  facet normal 0 0 1
    outer loop
      vertex -20 0.20000000000000001 0
      vertex 0 10 0
      vertex -20 10 0
    endloop
  endfacet
  facet normal 0 0 1
    outer loop
      vertex -20 10 0
      vertex 0 10 0
      vertex 0 10.199999999999999 0
    endloop
  endfacet
  facet normal 0 0 1
    outer loop
      vertex -20 10 0
      vertex 0 10.199999999999999 0
      vertex -20 10.199999999999999 0
    endloop
  endfacet
  facet normal 0 0 1
    outer loop
      vertex -20 10.199999999999999 0
      vertex 0 10.199999999999999 0
      vertex 0 20 0
    endloop
  endfacet
  facet normal 0 0 1
    outer loop
      vertex -20 10.199999999999999 0
      vertex 0 20 0
      vertex -20 20 0
    endloop
  endfacet
  facet normal 0 0 1
    outer loop
      vertex -20 20 0
      vertex 0 20 0
      vertex 0 20.199999999999999 0
    endloop
  endfacet
  facet normal 0 0 1
    outer loop
      vertex -20 20 0
      vertex 0 20.199999999999999 0
      vertex -20 20.199999999999999 0
    endloop
  endfacet
  facet normal 0 0 1
    outer loop
      vertex -20 20.199999999999999 0
      vertex 0 20.199999999999999 0
      vertex 0 40 0
    endloop
  endfacet
  facet normal 0 0 1
    outer loop
      vertex -20 20.199999999999999 0
      vertex 0 40 0
      vertex -20 40 0
    endloop
  endfacet
  facet normal 0 0 1
    outer loop
      vertex -20 40 0
      vertex 0 40 0
      vertex 0 40.200000000000003 0
    endloop
  endfacet
  facet normal 0 0 1
    outer loop
      vertex -20 40 0
      vertex 0 40.200000000000003 0
      vertex -20 40.200000000000003 0
    endloop
  endfacet
  facet normal 0 0 1
    outer loop
      vertex -20 40.200000000000003 0
      vertex 0 40.200000000000003 0
      vertex 0 60 0
    endloop
  endfacet
  facet normal 0 0 1
    outer loop
      vertex -20 40.200000000000003 0
      vertex 0 60 0
      vertex -20 60 0
    endloop
  endfacet
  facet normal 0 0 1
    outer loop
      vertex -20 60 0
      vertex 0 60 0
      vertex 0 60.200000000000003 0
    endloop
  endfacet
  facet normal 0 0 1
    outer loop
      vertex -20 60 0
      vertex 0 60.200000000000003 0
      vertex -20 60.200000000000003 0
    endloop
  endfacet
  facet normal 0 0 1
    outer loop
      vertex -20 60.200000000000003 0
      vertex 0 60.200000000000003 0
      vertex 0 80 0
    endloop
  endfacet
  facet normal 0 0 1
    outer loop
      vertex -20 60.200000000000003 0
      vertex 0 80 0
      vertex -20 80 0
    endloop
  endfacet
  facet normal 0 0 1
    outer loop
      vertex -20 80 0
      vertex 0 80 0
      vertex 0 80.200000000000003 0
    endloop
  endfacet
  facet normal 0 0 1
    outer loop
      vertex -20 80 0
      vertex 0 80.200000000000003 0
      vertex -20 80.200000000000003 0
    endloop
  endfacet
  facet normal 0 0 1
    outer loop
      vertex -20 80.200000000000003 0
      vertex 0 80.200000000000003 0
      vertex 0 100 0
    endloop
  endfacet
  facet normal 0 0 1
    outer loop
      vertex -20 80.200000000000003 0
      vertex 0 100 0
      vertex -20 100 0
    endloop
  endfacet
  facet normal 0 0 1
    outer loop
      vertex 0 -100 0
      vertex 150 -100 0
      vertex 150 -80.200000000000003 0
    endloop
  endfacet
  facet normal 0 0 1
    outer loop
      vertex 0 -100 0
      vertex 150 -80.200000000000003 0
      vertex 0 -80.200000000000003 0
    endloop
  endfacet
  facet normal 0 0 1
    outer loop
      vertex 0 -80.200000000000003 0
      vertex 150 -80.200000000000003 0
      vertex 150 -80 0
    endloop
  endfacet
  facet normal 0 0 1
    outer loop
      vertex 0 -80.200000000000003 0
      vertex 150 -80 0
      vertex 0 -80 0
    endloop
  endfacet
  facet normal 0 0 1
    outer loop
      vertex 0 -80 0
      vertex 150 -80 0
      vertex 150 -60.200000000000003 0
    endloop
  endfacet
  facet normal 0 0 1
    outer loop
      vertex 0 -80 0
      vertex 150 -60.200000000000003 0
      vertex 0 -60.200000000000003 0
    endloop
  endfacet
  facet normal 0 0 1
    outer loop
      vertex 0 -60.200000000000003 0
      vertex 150 -60.200000000000003 0
      vertex 150 -60 0
    endloop
  endfacet
  facet normal 0 0 1
    outer loop
      vertex 0 -60.200000000000003 0
      vertex 150 -60 0
      vertex 0 -60 0
    endloop
  endfacet
  facet normal 0 0 1
    outer loop
      vertex 0 -60 0
      vertex 150 -60 0
      vertex 150 -40.200000000000003 0
    endloop
  endfacet
  facet normal 0 0 1
    outer loop
      vertex 0 -60 0
      vertex 150 -40.200000000000003 0
      vertex 0 -40.200000000000003 0
    endloop
  endfacet
  facet normal 0 0 1
    outer loop
      vertex 0 -40.200000000000003 0
      vertex 150 -40.200000000000003 0
      vertex 150 -40 0
    endloop
  endfacet
  facet normal 0 0 1
    outer loop
      vertex 0 -40.200000000000003 0
      vertex 150 -40 0
      vertex 0 -40 0
    endloop
  endfacet
  facet normal 0 0 1
    outer loop
      vertex 0 -40 0
      vertex 150 -40 0
      vertex 150 -20.199999999999999 0
    endloop
  endfacet
  facet normal 0 0 1
    outer loop
      vertex 0 -40 0
      vertex 150 -20.199999999999999 0
      vertex 0 -20.199999999999999 0
    endloop
  endfacet
  facet normal 0 0 1
    outer loop
      vertex 0 -20.199999999999999 0
      vertex 150 -20.199999999999999 0
      vertex 150 -20 0
    endloop
  endfacet
  facet normal 0 0 1
    outer loop
      vertex 0 -20.199999999999999 0
      vertex 150 -20 0
      vertex 0 -20 0
    endloop
  endfacet
  facet normal 0 0 1
    outer loop
      vertex 0 -20 0
      vertex 150 -20 0
      vertex 150 -10.199999999999999 0
    endloop
  endfacet
  facet normal 0 0 1
    outer loop
      vertex 0 -20 0
      vertex 150 -10.199999999999999 0
      vertex 0 -10.199999999999999 0
    endloop
  endfacet
  facet normal 0 0 1
    outer loop
      vertex 0 -10.199999999999999 0
      vertex 150 -10.199999999999999 0
      vertex 150 -10 0
    endloop
  endfacet
  facet normal 0 0 1
    outer loop
      vertex 0 -10.199999999999999 0
      vertex 150 -10 0
      vertex 0 -10 0
    endloop
  endfacet
  facet normal 0 0 1
    outer loop
      vertex 0 -10 0
      vertex 150 -10 0
      vertex 150 0 0
    endloop
  endfacet
  facet normal 0 0 1
    outer loop
      vertex 0 -10 0
      vertex 150 0 0
      vertex 0 0 0
    endloop
  endfacet
  facet normal 0 0 1
    outer loop
      vertex 0 0 0
      vertex 150 0 0
      vertex 150 0.20000000000000001 0
    endloop
  endfacet
  facet normal 0 0 1
    outer loop
      vertex 0 0 0
      vertex 150 0.20000000000000001 0
      vertex 0 0.20000000000000001 0
    endloop
  endfacet
  facet normal 0 0 1
    outer loop
      vertex 0 0.20000000000000001 0
      vertex 150 0.20000000000000001 0
      vertex 150 10 0
    endloop
  endfacet
  facet normal 0 0 1
    outer loop
      vertex 0 0.20000000000000001 0
      vertex 150 10 0
      vertex 0 10 0
    endloop
  endfacet
  facet normal 0 0 1
    outer loop
      vertex 0 10 0
      vertex 150 10 0
      vertex 150 10.199999999999999 0
    endloop
  endfacet
  facet normal 0 0 1
    outer loop
      vertex 0 10 0
      vertex 150 10.199999999999999 0
      vertex 0 10.199999999999999 0
    endloop
  endfacet
  facet normal 0 0 1
    outer loop
      vertex 0 10.199999999999999 0
      vertex 150 10.199999999999999 0
      vertex 150 20 0
    endloop
  endfacet
  facet normal 0 0 1
    outer loop
      vertex 0 10.199999999999999 0
      vertex 150 20 0
      vertex 0 20 0
    endloop
  endfacet
  facet normal 0 0 1
    outer loop
      vertex 0 20 0
      vertex 150 20 0
      vertex 150 20.199999999999999 0
    endloop
  endfacet
  facet normal 0 0 1
    outer loop
      vertex 0 20 0
      vertex 150 20.199999999999999 0
      vertex 0 20.199999999999999 0
    endloop
  endfacet
  facet normal 0 0 1
    outer loop
      vertex 0 20.199999999999999 0
      vertex 150 20.199999999999999 0
      vertex 150 40 0
    endloop
  endfacet
  facet normal 0 0 1
    outer loop
      vertex 0 20.199999999999999 0
      vertex 150 40 0
      vertex 0 40 0
    endloop
  endfacet
  facet normal 0 0 1
    outer loop
      vertex 0 40 0
      vertex 150 40 0
      vertex 150 40.200000000000003 0
    endloop
  endfacet
  facet normal 0 0 1
    outer loop
      vertex 0 40 0
      vertex 150 40.200000000000003 0
      vertex 0 40.200000000000003 0
    endloop
  endfacet
  facet normal 0 0 1
    outer loop
      vertex 0 40.200000000000003 0
      vertex 150 40.200000000000003 0
      vertex 150 60 0
    endloop
  endfacet
  facet normal 0 0 1
    outer loop
      vertex 0 40.200000000000003 0
      vertex 150 60 0
      vertex 0 60 0
    endloop
  endfacet
  facet normal 0 0 1
    outer loop
      vertex 0 60 0
      vertex 150 60 0
      vertex 150 60.200000000000003 0
    endloop
  endfacet
  facet normal 0 0 1
    outer loop
      vertex 0 60 0
      vertex 150 60.200000000000003 0
      vertex 0 60.200000000000003 0
    endloop
  endfacet
  facet normal 0 0 1
    outer loop
      vertex 0 60.200000000000003 0
      vertex 150 60.200000000000003 0
      vertex 150 80 0
    endloop
  endfacet
  facet normal 0 0 1
    outer loop
      vertex 0 60.200000000000003 0
      vertex 150 80 0
      vertex 0 80 0
    endloop
  endfacet
  facet normal 0 0 1
    outer loop
      vertex 0 80 0
      vertex 150 80 0
      vertex 150 80.200000000000003 0
    endloop
  endfacet
  facet normal 0 0 1
    outer loop
      vertex 0 80 0
      vertex 150 80.200000000000003 0
      vertex 0 80.200000000000003 0
    endloop
  endfacet
  facet normal 0 0 1
    outer loop
      vertex 0 80.200000000000003 0
      vertex 150 80.200000000000003 0
      vertex 150 100 0
    endloop
  endfacet
  facet normal 0 0 1
    outer loop
      vertex 0 80.200000000000003 0
      vertex 150 100 0
      vertex 0 100 0
    endloop
  endfacet
  facet normal -0.24253562503633805 0 0.97014250014533066
    outer loop
      vertex 150.16 -84.159999999999997 0.040000000000000036
      vertex 150 -100 0
      vertex 150.16 -100 0.040000000000000036
    endloop
  endfacet
  facet normal -0.24253562503633794 0 0.97014250014533066
    outer loop
      vertex 150 -100 0
      vertex 150.16 -84.159999999999982 0.040000000000000036
      vertex 150.16 -80.200000000000003 0.040000000000000036
    endloop
  endfacet
  facet normal -0.24253562503633805 0 0.97014250014533066
    outer loop
      vertex 150 -100 0
      vertex 150.16 -80.200000000000003 0.040000000000000036
      vertex 150 -80.200000000000003 0
    endloop
  endfacet
  facet normal -0.21821789023599608 -0.43643578047199216 0.87287156094396501
    outer loop
      vertex 150.05333333333334 -80.146666666666675 0.040000000000000036
      vertex 150 -80.200000000000003 0
      vertex 150.16 -80.200000000000003 0.040000000000000036
    endloop
  endfacet
  facet normal -0.59999999999994036 0 0.80000000000004468
    outer loop
      vertex 150 -80.200000000000003 0
      vertex 150.05333333333334 -80.146666666666675 0.040000000000000036
      vertex 150.05333333333334 -80 0.040000000000000036
    endloop
  endfacet
  facet normal -0.59999999999994036 0 0.80000000000004468
    outer loop
      vertex 150 -80.200000000000003 0
      vertex 150.05333333333334 -80 0.040000000000000036
      vertex 150 -80 0
    endloop
  endfacet
  facet normal -0.59999999999994025 0 0.80000000000004479
    outer loop
      vertex 150.05333333333334 -74.719999999999999 0.040000000000000036
      vertex 150 -80 0
      vertex 150.05333333333334 -80 0.040000000000000036
    endloop
  endfacet
  facet normal -0.59999999999994025 0 0.80000000000004468
    outer loop
      vertex 150 -80 0
      vertex 150.05333333333334 -74.719999999999999 0.040000000000000036
      vertex 150.05333333333334 -60.200000000000003 0.040000000000000036
    endloop
  endfacet
  facet normal -0.59999999999994025 0 0.80000000000004479
    outer loop
      vertex 150 -80 0
      vertex 150.05333333333334 -60.200000000000003 0.040000000000000036
      vertex 150 -60.200000000000003 0
    endloop
  endfacet
  facet normal -0.58834840541451583 0.19611613513799775 0.78446454055280979
    outer loop
      vertex 150.07999999999998 -60.120000000000005 0.040000000000000036
      vertex 150 -60.200000000000003 0
      vertex 150.05333333333334 -60.200000000000003 0.040000000000000036
    endloop
  endfacet
  facet normal -0.44721359550002954 0 0.89442719099988011
    outer loop
      vertex 150 -60.200000000000003 0
      vertex 150.07999999999998 -60.120000000000005 0.040000000000000036
      vertex 150.07999999999998 -60 0.040000000000000036
    endloop
  endfacet
  facet normal -0.44721359550002948 0 0.89442719099988022
    outer loop
      vertex 150 -60.200000000000003 0
      vertex 150.07999999999998 -60 0.040000000000000036
      vertex 150 -60 0
    endloop
  endfacet
  facet normal -0.44721359550002948 0 0.89442719099988022
    outer loop
      vertex 150.07999999999998 -52.079999999999998 0.040000000000000036
      vertex 150 -60 0
      vertex 150.07999999999998 -60 0.040000000000000036
    endloop
  endfacet
  facet normal -0.44721359550002943 0 0.89442719099988011
    outer loop
      vertex 150 -60 0
      vertex 150.07999999999998 -52.079999999999991 0.040000000000000036
      vertex 150.07999999999998 -40.200000000000003 0.040000000000000036
    endloop
  endfacet
  facet normal -0.44721359550002948 0 0.89442719099988022
    outer loop
      vertex 150 -60 0
      vertex 150.07999999999998 -40.200000000000003 0.040000000000000036
      vertex 150 -40.200000000000003 0
    endloop
  endfacet
  facet normal -0.43643578047204845 0.21821789023605329 0.87287156094392249
    outer loop
      vertex 150.16 -40.039999999999999 0.040000000000000036
      vertex 150 -40.200000000000003 0
      vertex 150.07999999999998 -40.200000000000003 0.040000000000000036
    endloop
  endfacet
  facet normal -0.24253562503633819 0 0.97014250014533066
    outer loop
      vertex 150 -40.200000000000003 0
      vertex 150.16 -40.039999999999999 0.040000000000000036
      vertex 150.16 -40 0.040000000000000036
    endloop
  endfacet
  facet normal -0.24253562503633805 0 0.97014250014533054
    outer loop
      vertex 150 -40.200000000000003 0
      vertex 150.16 -40 0.040000000000000036
      vertex 150 -40 0
    endloop
  endfacet
  facet normal -0.24253562503633805 0 0.97014250014533066
    outer loop
      vertex 150.16 -24.159999999999986 0.040000000000000036
      vertex 150 -40 0
      vertex 150.16 -40 0.040000000000000036
    endloop
  endfacet
  facet normal -0.24253562503633794 0 0.97014250014533066
    outer loop
      vertex 150 -40 0
      vertex 150.16 -24.159999999999986 0.040000000000000036
      vertex 150.16 -20.199999999999999 0.040000000000000036
    endloop
  endfacet
  facet normal -0.24253562503633802 0 0.97014250014533054
    outer loop
      vertex 150 -40 0
      vertex 150.16 -20.199999999999999 0.040000000000000036
      vertex 150 -20.199999999999999 0
    endloop
  endfacet
  facet normal -0.23570226039551817 -0.23570226039556005 0.9428090415820517
    outer loop
      vertex 150.07999999999998 -20.120000000000001 0.040000000000000036
      vertex 150 -20.199999999999999 0
      vertex 150.16 -20.199999999999999 0.040000000000000036
    endloop
  endfacet
  facet normal -0.44721359550002948 0 0.89442719099988011
    outer loop
      vertex 150 -20.199999999999999 0
      vertex 150.07999999999998 -20.120000000000001 0.040000000000000036
      vertex 150.07999999999998 -20 0.040000000000000036
    endloop
  endfacet
  facet normal -0.44721359550002943 0 0.89442719099988
    outer loop
      vertex 150 -20.199999999999999 0
      vertex 150.07999999999998 -20 0.040000000000000036
      vertex 150 -20 0
    endloop
  endfacet
  facet normal -0.44721359550002943 0 0.89442719099988011
    outer loop
      vertex 150.07999999999998 -16.079999999999998 0.040000000000000036
      vertex 150 -20 0
      vertex 150.07999999999998 -20 0.040000000000000036
    endloop
  endfacet
  facet normal -0.44721359550002943 0 0.89442719099988
    outer loop
      vertex 150 -20 0
      vertex 150.07999999999998 -16.079999999999995 0.040000000000000036
      vertex 150.07999999999998 -10.199999999999999 0.040000000000000036
    endloop
  endfacet
  facet normal -0.44721359550002948 0 0.89442719099988011
    outer loop
      vertex 150 -20 0
      vertex 150.07999999999998 -10.199999999999999 0.040000000000000036
      vertex 150 -10.199999999999999 0
    endloop
  endfacet
  facet normal -0.43643578047206988 -0.21821789023583868 0.87287156094396534
    outer loop
      vertex 150.05333333333334 -10.146666666666667 0.040000000000000036
      vertex 150 -10.199999999999999 0
      vertex 150.07999999999998 -10.199999999999999 0.040000000000000036
    endloop
  endfacet
  facet normal -0.59999999999994036 0 0.8000000000000449
    outer loop
      vertex 150 -10.199999999999999 0
      vertex 150.05333333333334 -10.146666666666667 0.040000000000000036
      vertex 150.05333333333334 -10 0.040000000000000036
    endloop
  endfacet
  facet normal -0.59999999999994036 0 0.80000000000004479
    outer loop
      vertex 150 -10.199999999999999 0
      vertex 150.05333333333334 -10 0.040000000000000036
      vertex 150 -10 0
    endloop
  endfacet
  facet normal -0.59999999999994025 0 0.80000000000004479
    outer loop
      vertex 150.05333333333334 -7.3333333333333304 0.040000000000000036
      vertex 150 -10 0
      vertex 150.05333333333334 -10 0.040000000000000036
    endloop
  endfacet
  facet normal -0.59999999999994025 0 0.80000000000004479
    outer loop
      vertex 150 -10 0
      vertex 150.05333333333334 -7.3333333333333304 0.040000000000000036
      vertex 150.05333333333334 0 0.040000000000000036
    endloop
  endfacet
  facet normal -0.59999999999994036 0 0.80000000000004479
    outer loop
      vertex 150 -10 0
      vertex 150.05333333333334 0 0.040000000000000036
      vertex 150 0 0
    endloop
  endfacet
  facet normal -0.5883484054145165 0.19611613513799361 0.78446454055281056
    outer loop
      vertex 150.07999999999998 0.080000000000000071 0.040000000000000036
      vertex 150 0 0
      vertex 150.05333333333334 0 0.040000000000000036
    endloop
  endfacet
  facet normal -0.44721359550002943 0 0.89442719099988022
    outer loop
      vertex 150 0 0
      vertex 150.07999999999998 0.080000000000000071 0.040000000000000036
      vertex 150.07999999999998 0.20000000000000001 0.040000000000000036
    endloop
  endfacet
  facet normal -0.44721359550002943 0 0.89442719099988022
    outer loop
      vertex 150 0 0
      vertex 150.07999999999998 0.20000000000000001 0.040000000000000036
      vertex 150 0.20000000000000001 0
    endloop
  endfacet
  facet normal -0.44721359550002943 0 0.89442719099988011
    outer loop
      vertex 150.07999999999998 4.1200000000000028 0.040000000000000036
      vertex 150 0.20000000000000001 0
      vertex 150.07999999999998 0.20000000000000001 0.040000000000000036
    endloop
  endfacet
  facet normal -0.44721359550002954 0 0.89442719099988011
    outer loop
      vertex 150 0.20000000000000001 0
      vertex 150.07999999999998 4.1200000000000037 0.040000000000000036
      vertex 150.07999999999998 10 0.040000000000000036
    endloop
  endfacet
  facet normal -0.44721359550002948 0 0.89442719099988011
    outer loop
      vertex 150 0.20000000000000001 0
      vertex 150.07999999999998 10 0.040000000000000036
      vertex 150 10 0
    endloop
  endfacet
  facet normal -0.43643578047206988 -0.21821789023583868 0.87287156094396534
    outer loop
      vertex 150.05333333333334 10.053333333333333 0.040000000000000036
      vertex 150 10 0
      vertex 150.07999999999998 10 0.040000000000000036
    endloop
  endfacet
  facet normal -0.59999999999994036 0 0.8000000000000449
    outer loop
      vertex 150 10 0
      vertex 150.05333333333334 10.053333333333333 0.040000000000000036
      vertex 150.05333333333334 10.199999999999999 0.040000000000000036
    endloop
  endfacet
  facet normal -0.59999999999994036 0 0.80000000000004479
    outer loop
      vertex 150 10 0
      vertex 150.05333333333334 10.199999999999999 0.040000000000000036
      vertex 150 10.199999999999999 0
    endloop
  endfacet
  facet normal -0.59999999999994036 0 0.80000000000004479
    outer loop
      vertex 150.05333333333334 12.813333333333336 0.040000000000000036
      vertex 150 10.199999999999999 0
      vertex 150.05333333333334 10.199999999999999 0.040000000000000036
    endloop
  endfacet
  facet normal -0.59999999999994036 0 0.80000000000004479
    outer loop
      vertex 150 10.199999999999999 0
      vertex 150.05333333333334 12.813333333333336 0.040000000000000036
      vertex 150.05333333333334 20 0.040000000000000036
    endloop
  endfacet
  facet normal -0.59999999999994025 0 0.80000000000004468
    outer loop
      vertex 150 10.199999999999999 0
      vertex 150.05333333333334 20 0.040000000000000036
      vertex 150 20 0
    endloop
  endfacet
  facet normal -0.58834840541451583 0.19611613513799775 0.78446454055280979
    outer loop
      vertex 150.07999999999998 20.079999999999998 0.040000000000000036
      vertex 150 20 0
      vertex 150.05333333333334 20 0.040000000000000036
    endloop
  endfacet
  facet normal -0.44721359550002948 0 0.89442719099988011
    outer loop
      vertex 150 20 0
      vertex 150.07999999999998 20.079999999999998 0.040000000000000036
      vertex 150.07999999999998 20.199999999999999 0.040000000000000036
    endloop
  endfacet
  facet normal -0.44721359550002943 0 0.89442719099988
    outer loop
      vertex 150 20 0
      vertex 150.07999999999998 20.199999999999999 0.040000000000000036
      vertex 150 20.199999999999999 0
    endloop
  endfacet
  facet normal -0.44721359550002937 0 0.89442719099988011
    outer loop
      vertex 150.07999999999998 28.120000000000005 0.040000000000000036
      vertex 150 20.199999999999999 0
      vertex 150.07999999999998 20.199999999999999 0.040000000000000036
    endloop
  endfacet
  facet normal -0.44721359550002943 0 0.89442719099988022
    outer loop
      vertex 150 20.199999999999999 0
      vertex 150.07999999999998 28.120000000000005 0.040000000000000036
      vertex 150.07999999999998 40 0.040000000000000036
    endloop
  endfacet
  facet normal -0.44721359550002943 0 0.89442719099988022
    outer loop
      vertex 150 20.199999999999999 0
      vertex 150.07999999999998 40 0.040000000000000036
      vertex 150 40 0
    endloop
  endfacet
  facet normal -0.43643578047204845 0.21821789023605329 0.87287156094392249
    outer loop
      vertex 150.16 40.160000000000004 0.040000000000000036
      vertex 150 40 0
      vertex 150.07999999999998 40 0.040000000000000036
    endloop
  endfacet
  facet normal -0.24253562503633819 0 0.97014250014533066
    outer loop
      vertex 150 40 0
      vertex 150.16 40.160000000000004 0.040000000000000036
      vertex 150.16 40.200000000000003 0.040000000000000036
    endloop
  endfacet
  facet normal -0.24253562503633805 0 0.97014250014533054
    outer loop
      vertex 150 40 0
      vertex 150.16 40.200000000000003 0.040000000000000036
      vertex 150 40.200000000000003 0
    endloop
  endfacet
  facet normal -0.24253562503633802 0 0.97014250014533066
    outer loop
      vertex 150.16 56.040000000000013 0.040000000000000036
      vertex 150 40.200000000000003 0
      vertex 150.16 40.200000000000003 0.040000000000000036
    endloop
  endfacet
  facet normal -0.2425356250363381 0 0.97014250014533066
    outer loop
      vertex 150 40.200000000000003 0
      vertex 150.16 56.040000000000013 0.040000000000000036
      vertex 150.16 60 0.040000000000000036
    endloop
  endfacet
  facet normal -0.24253562503633805 0 0.97014250014533066
    outer loop
      vertex 150 40.200000000000003 0
      vertex 150.16 60 0.040000000000000036
      vertex 150 60 0
    endloop
  endfacet
  facet normal -0.23570226039551817 -0.23570226039556005 0.9428090415820517
    outer loop
      vertex 150.07999999999998 60.079999999999998 0.040000000000000036
      vertex 150 60 0
      vertex 150.16 60 0.040000000000000036
    endloop
  endfacet
  facet normal -0.44721359550002954 0 0.89442719099988011
    outer loop
      vertex 150 60 0
      vertex 150.07999999999998 60.079999999999998 0.040000000000000036
      vertex 150.07999999999998 60.200000000000003 0.040000000000000036
    endloop
  endfacet
  facet normal -0.44721359550002948 0 0.89442719099988022
    outer loop
      vertex 150 60 0
      vertex 150.07999999999998 60.200000000000003 0.040000000000000036
      vertex 150 60.200000000000003 0
    endloop
  endfacet
  facet normal -0.44721359550002948 0 0.89442719099988022
    outer loop
      vertex 150.07999999999998 68.120000000000005 0.040000000000000036
      vertex 150 60.200000000000003 0
      vertex 150.07999999999998 60.200000000000003 0.040000000000000036
    endloop
  endfacet
  facet normal -0.44721359550002943 0 0.89442719099988011
    outer loop
      vertex 150 60.200000000000003 0
      vertex 150.07999999999998 68.120000000000005 0.040000000000000036
      vertex 150.07999999999998 80 0.040000000000000036
    endloop
  endfacet
  facet normal -0.44721359550002948 0 0.89442719099988022
    outer loop
      vertex 150 60.200000000000003 0
      vertex 150.07999999999998 80 0.040000000000000036
      vertex 150 80 0
    endloop
  endfacet
  facet normal -0.40824829046391742 0.40824829046391742 0.81649658092767163
    outer loop
      vertex 150 80 0
      vertex 150.07999999999998 80 0.040000000000000036
      vertex 150.19999999999999 80.120000000000005 0.040000000000000036
    endloop
  endfacet
  facet normal -0.40824829046389333 0.40824829046386429 0.81649658092771038
    outer loop
      vertex 150 80 0
      vertex 150.19999999999999 80.120000000000005 0.040000000000000036
      vertex 150.19999999999999 80.200000000000003 0
    endloop
  endfacet
  facet normal 0 0 1
    outer loop
      vertex 150 80 0
      vertex 150.19999999999999 80.200000000000003 0
      vertex 150 80.200000000000003 0
    endloop
  endfacet
  facet normal 0 0 1
    outer loop
      vertex 150 80.200000000000003 0
      vertex 150.19999999999999 80.200000000000003 0
      vertex 150.19999999999999 100 0
    endloop
  endfacet
  facet normal 0 0 1
    outer loop
      vertex 150 80.200000000000003 0
      vertex 150.19999999999999 100 0
      vertex 150 100 0
    endloop
  endfacet
  facet normal -0 0.44721359549996592 0.89442719099991197
    outer loop
      vertex 150.31999999999999 80.120000000000005 0.040000000000000036
      vertex 150.40000000000001 80.120000000000005 0.040000000000000036
      vertex 150.40000000000001 80.200000000000003 0
    endloop
  endfacet
  facet normal -0 0.44721359549996592 0.89442719099991197
    outer loop
      vertex 150.19999999999999 80.120000000000005 0.040000000000000036
      vertex 150.31999999999999 80.120000000000005 0.040000000000000036
      vertex 150.40000000000001 80.200000000000003 0
    endloop
  endfacet
  facet normal 0 0.44721359549996587 0.89442719099991197
    outer loop
      vertex 150.19999999999999 80.120000000000005 0.040000000000000036
      vertex 150.40000000000001 80.200000000000003 0
      vertex 150.19999999999999 80.200000000000003 0
    endloop
  endfacet
  facet normal 0 0 1
    outer loop
      vertex 150.19999999999999 80.200000000000003 0
      vertex 150.40000000000001 80.200000000000003 0
      vertex 150.40000000000001 100 0
    endloop
  endfacet
  facet normal 0 0 1
    outer loop
      vertex 150.19999999999999 80.200000000000003 0
      vertex 150.40000000000001 100 0
      vertex 150.19999999999999 100 0
    endloop
  endfacet
  facet normal -0 0.44721359549996592 0.89442719099991197
    outer loop
      vertex 153.40000000000001 80.120000000000005 0.040000000000000036
      vertex 155.40000000000001 80.120000000000005 0.040000000000000036
      vertex 155.40000000000001 80.200000000000003 0
    endloop
  endfacet
  facet normal -0 0.44721359549996592 0.89442719099991197
    outer loop
      vertex 150.40000000000001 80.120000000000005 0.040000000000000036
      vertex 153.40000000000001 80.120000000000005 0.040000000000000036
      vertex 155.40000000000001 80.200000000000003 0
    endloop
  endfacet
  facet normal 0 0.44721359549996592 0.89442719099991197
    outer loop
      vertex 150.40000000000001 80.120000000000005 0.040000000000000036
      vertex 155.40000000000001 80.200000000000003 0
      vertex 150.40000000000001 80.200000000000003 0
    endloop
  endfacet
  facet normal 0 0 1
    outer loop
      vertex 150.40000000000001 80.200000000000003 0
      vertex 155.40000000000001 80.200000000000003 0
      vertex 155.40000000000001 100 0
    endloop
  endfacet
  facet normal 0 0 1
    outer loop
      vertex 150.40000000000001 80.200000000000003 0
      vertex 155.40000000000001 100 0
      vertex 150.40000000000001 100 0
    endloop
  endfacet
  facet normal -0 0.44721359549996587 0.89442719099991186
    outer loop
      vertex 155.52000000000001 80.120000000000005 0.040000000000000036
      vertex 155.59999999999999 80.120000000000005 0.040000000000000036
      vertex 155.59999999999999 80.200000000000003 0
    endloop
  endfacet
  facet normal -0 0.44721359549996592 0.89442719099991197
    outer loop
      vertex 155.40000000000001 80.120000000000005 0.040000000000000036
      vertex 155.52000000000001 80.120000000000005 0.040000000000000036
      vertex 155.59999999999999 80.200000000000003 0
    endloop
  endfacet
  facet normal 0 0.44721359549996592 0.89442719099991186
    outer loop
      vertex 155.40000000000001 80.120000000000005 0.040000000000000036
      vertex 155.59999999999999 80.200000000000003 0
      vertex 155.40000000000001 80.200000000000003 0
    endloop
  endfacet
  facet normal 0 0 1
    outer loop
      vertex 155.40000000000001 80.200000000000003 0
      vertex 155.59999999999999 80.200000000000003 0
      vertex 155.59999999999999 100 0
    endloop
  endfacet
  facet normal 0 0 1
    outer loop
      vertex 155.40000000000001 80.200000000000003 0
      vertex 155.59999999999999 100 0
      vertex 155.40000000000001 100 0
    endloop
  endfacet
  facet normal 0.24253562503629753 0 0.97014250014534087
    outer loop
      vertex 155.63999999999999 -96.04000000000002 0.040000000000000036
      vertex 155.63999999999999 -100 0.040000000000000036
      vertex 155.80000000000001 -100 0
    endloop
  endfacet
  facet normal 0.2425356250362975 0 0.97014250014534087
    outer loop
      vertex 155.63999999999999 -96.04000000000002 0.040000000000000036
      vertex 155.80000000000001 -100 0
      vertex 155.80000000000001 -80.200000000000003 0
    endloop
  endfacet
  facet normal 0.2425356250362975 -0 0.97014250014534076
    outer loop
      vertex 155.63999999999999 -96.04000000000002 0.040000000000000036
      vertex 155.80000000000001 -80.200000000000003 0
      vertex 155.63999999999999 -80.200000000000003 0.040000000000000036
    endloop
  endfacet
  facet normal 0.2425356250362975 0 0.97014250014534076
    outer loop
      vertex 155.63999999999999 -80.159999999999997 0.040000000000000036
      vertex 155.63999999999999 -80.200000000000003 0.040000000000000036
      vertex 155.80000000000001 -80.200000000000003 0
    endloop
  endfacet
  facet normal 0.24253562503629755 0 0.97014250014534076
    outer loop
      vertex 155.63999999999999 -80.159999999999997 0.040000000000000036
      vertex 155.80000000000001 -80.200000000000003 0
      vertex 155.80000000000001 -80 0
    endloop
  endfacet
  facet normal 0.55708601453109419 -0.37139067635412876 0.74278135270824108
    outer loop
      vertex 155.63999999999999 -80.159999999999997 0.040000000000000036
      vertex 155.80000000000001 -80 0
      vertex 155.74666666666667 -80 0.040000000000000036
    endloop
  endfacet
  facet normal 0.59999999999994025 0 0.80000000000004479
    outer loop
      vertex 155.74666666666667 -65.480000000000004 0.040000000000000036
      vertex 155.74666666666667 -80 0.040000000000000036
      vertex 155.80000000000001 -80 0
    endloop
  endfacet
  facet normal 0.59999999999994025 0 0.8000000000000449
    outer loop
      vertex 155.74666666666667 -65.480000000000004 0.040000000000000036
      vertex 155.80000000000001 -80 0
      vertex 155.80000000000001 -60.200000000000003 0
    endloop
  endfacet
  facet normal 0.59999999999994025 -0 0.80000000000004479
    outer loop
      vertex 155.74666666666667 -65.480000000000004 0.040000000000000036
      vertex 155.80000000000001 -60.200000000000003 0
      vertex 155.74666666666667 -60.200000000000003 0.040000000000000036
    endloop
  endfacet
  facet normal 0.59999999999994025 0 0.80000000000004479
    outer loop
      vertex 155.74666666666667 -60.053333333333335 0.040000000000000036
      vertex 155.74666666666667 -60.200000000000003 0.040000000000000036
      vertex 155.80000000000001 -60.200000000000003 0
    endloop
  endfacet
  facet normal 0.59999999999994036 0 0.80000000000004468
    outer loop
      vertex 155.74666666666667 -60.053333333333335 0.040000000000000036
      vertex 155.80000000000001 -60.200000000000003 0
      vertex 155.80000000000001 -60 0
    endloop
  endfacet
  facet normal 0.43643578047193038 0.21821789023599425 0.87287156094399632
    outer loop
      vertex 155.74666666666667 -60.053333333333335 0.040000000000000036
      vertex 155.80000000000001 -60 0
      vertex 155.72 -60 0.040000000000000036
    endloop
  endfacet
  facet normal 0.44721359549990236 0 0.89442719099994372
    outer loop
      vertex 155.72 -48.120000000000012 0.040000000000000036
      vertex 155.72 -60 0.040000000000000036
      vertex 155.80000000000001 -60 0
    endloop
  endfacet
  facet normal 0.44721359549990231 0 0.89442719099994372
    outer loop
      vertex 155.72 -48.120000000000012 0.040000000000000036
      vertex 155.80000000000001 -60 0
      vertex 155.80000000000001 -40.200000000000003 0
    endloop
  endfacet
  facet normal 0.44721359549990236 -0 0.89442719099994372
    outer loop
      vertex 155.72 -48.120000000000005 0.040000000000000036
      vertex 155.80000000000001 -40.200000000000003 0
      vertex 155.72 -40.200000000000003 0.040000000000000036
    endloop
  endfacet
  facet normal 0.44721359549990236 0 0.89442719099994372
    outer loop
      vertex 155.72 -40.079999999999998 0.040000000000000036
      vertex 155.72 -40.200000000000003 0.040000000000000036
      vertex 155.80000000000001 -40.200000000000003 0
    endloop
  endfacet
  facet normal 0.44721359549990242 0 0.89442719099994372
    outer loop
      vertex 155.72 -40.079999999999998 0.040000000000000036
      vertex 155.80000000000001 -40.200000000000003 0
      vertex 155.80000000000001 -40 0
    endloop
  endfacet
  facet normal 0.23570226039548095 0.23570226039552283 0.94280904158207035
    outer loop
      vertex 155.72 -40.079999999999998 0.040000000000000036
      vertex 155.80000000000001 -40 0
      vertex 155.63999999999999 -40 0.040000000000000036
    endloop
  endfacet
  facet normal 0.2425356250362975 0 0.97014250014534076
    outer loop
      vertex 155.63999999999999 -36.040000000000013 0.040000000000000036
      vertex 155.63999999999999 -40 0.040000000000000036
      vertex 155.80000000000001 -40 0
    endloop
  endfacet
  facet normal 0.2425356250362975 0 0.97014250014534087
    outer loop
      vertex 155.63999999999999 -36.040000000000013 0.040000000000000036
      vertex 155.80000000000001 -40 0
      vertex 155.80000000000001 -20.199999999999999 0
    endloop
  endfacet
  facet normal 0.2425356250362975 -0 0.97014250014534076
    outer loop
      vertex 155.63999999999999 -36.040000000000013 0.040000000000000036
      vertex 155.80000000000001 -20.199999999999999 0
      vertex 155.63999999999999 -20.199999999999999 0.040000000000000036
    endloop
  endfacet
  facet normal 0.24253562503629753 0 0.97014250014534087
    outer loop
      vertex 155.63999999999999 -20.16 0.040000000000000036
      vertex 155.63999999999999 -20.199999999999999 0.040000000000000036
      vertex 155.80000000000001 -20.199999999999999 0
    endloop
  endfacet
  facet normal 0.24253562503629753 0 0.97014250014534087
    outer loop
      vertex 155.63999999999999 -20.16 0.040000000000000036
      vertex 155.80000000000001 -20.199999999999999 0
      vertex 155.80000000000001 -20 0
    endloop
  endfacet
  facet normal 0.55708601453109585 -0.3713906763541216 0.7427813527082433
    outer loop
      vertex 155.63999999999999 -20.16 0.040000000000000036
      vertex 155.80000000000001 -20 0
      vertex 155.74666666666667 -20 0.040000000000000036
    endloop
  endfacet
  facet normal 0.59999999999994036 0 0.80000000000004468
    outer loop
      vertex 155.74666666666667 -12.813333333333336 0.040000000000000036
      vertex 155.74666666666667 -20 0.040000000000000036
      vertex 155.80000000000001 -20 0
    endloop
  endfacet
  facet normal 0.59999999999994036 0 0.80000000000004479
    outer loop
      vertex 155.74666666666667 -12.813333333333336 0.040000000000000036
      vertex 155.80000000000001 -20 0
      vertex 155.80000000000001 -10.199999999999999 0
    endloop
  endfacet
  facet normal 0.59999999999994036 -0 0.80000000000004479
    outer loop
      vertex 155.74666666666667 -12.813333333333336 0.040000000000000036
      vertex 155.80000000000001 -10.199999999999999 0
      vertex 155.74666666666667 -10.199999999999999 0.040000000000000036
    endloop
  endfacet
  facet normal 0.59999999999994025 0 0.80000000000004468
    outer loop
      vertex 155.74666666666667 -10.053333333333333 0.040000000000000036
      vertex 155.74666666666667 -10.199999999999999 0.040000000000000036
      vertex 155.80000000000001 -10.199999999999999 0
    endloop
  endfacet
  facet normal 0.59999999999994036 0 0.80000000000004468
    outer loop
      vertex 155.74666666666667 -10.053333333333333 0.040000000000000036
      vertex 155.80000000000001 -10.199999999999999 0
      vertex 155.80000000000001 -10 0
    endloop
  endfacet
  facet normal 0.69631062382283271 -0.1740776559559227 0.6963106238226936
    outer loop
      vertex 155.74666666666667 -10.053333333333333 0.040000000000000036
      vertex 155.80000000000001 -10 0
      vertex 155.76000000000002 -10 0.040000000000000036
    endloop
  endfacet
  facet normal 0.70710678118661818 0 0.70710678118647685
    outer loop
      vertex 155.76000000000002 -2.0000000000000018 0.040000000000000036
      vertex 155.76000000000002 -10 0.040000000000000036
      vertex 155.80000000000001 -10 0
    endloop
  endfacet
  facet normal 0.70710678118661829 0 0.70710678118647696
    outer loop
      vertex 155.76000000000002 -2.0000000000000018 0.040000000000000036
      vertex 155.80000000000001 -10 0
      vertex 155.80000000000001 0 0
    endloop
  endfacet
  facet normal 0.70710678118661818 -0 0.70710678118647685
    outer loop
      vertex 155.76000000000002 -2.0000000000000018 0.040000000000000036
      vertex 155.80000000000001 0 0
      vertex 155.76000000000002 0 0.040000000000000036
    endloop
  endfacet
  facet normal 0.70710678118661807 0 0.70710678118647685
    outer loop
      vertex 155.76000000000002 0.15999999999999998 0.040000000000000036
      vertex 155.76000000000002 0 0.040000000000000036
      vertex 155.80000000000001 0 0
    endloop
  endfacet
  facet normal 0.70710678118661818 0 0.70710678118647696
    outer loop
      vertex 155.76000000000002 0.15999999999999998 0.040000000000000036
      vertex 155.80000000000001 0 0
      vertex 155.80000000000001 0.20000000000000001 0
    endloop
  endfacet
  facet normal 0.40824829046378602 0.40824829046399447 0.81649658092769883
    outer loop
      vertex 155.76000000000002 0.15999999999999998 0.040000000000000036
      vertex 155.80000000000001 0.20000000000000001 0
      vertex 155.72 0.20000000000000001 0.040000000000000036
    endloop
  endfacet
  facet normal 0.44721359549990231 0 0.89442719099994372
    outer loop
      vertex 155.72 6.0799999999999965 0.040000000000000036
      vertex 155.72 0.20000000000000001 0.040000000000000036
      vertex 155.80000000000001 0.20000000000000001 0
    endloop
  endfacet
  facet normal 0.44721359549990231 0 0.89442719099994372
    outer loop
      vertex 155.72 6.0799999999999965 0.040000000000000036
      vertex 155.80000000000001 0.20000000000000001 0
      vertex 155.80000000000001 10 0
    endloop
  endfacet
  facet normal 0.44721359549990231 -0 0.89442719099994361
    outer loop
      vertex 155.72 6.0799999999999974 0.040000000000000036
      vertex 155.80000000000001 10 0
      vertex 155.72 10 0.040000000000000036
    endloop
  endfacet
  facet normal 0.44721359549990231 0 0.89442719099994372
    outer loop
      vertex 155.72 10.119999999999999 0.040000000000000036
      vertex 155.72 10 0.040000000000000036
      vertex 155.80000000000001 10 0
    endloop
  endfacet
  facet normal 0.44721359549990236 0 0.89442719099994383
    outer loop
      vertex 155.72 10.119999999999999 0.040000000000000036
      vertex 155.80000000000001 10 0
      vertex 155.80000000000001 10.199999999999999 0
    endloop
  endfacet
  facet normal 0.58834840541449229 -0.19611613513819456 0.78446454055277837
    outer loop
      vertex 155.72 10.119999999999999 0.040000000000000036
      vertex 155.80000000000001 10.199999999999999 0
      vertex 155.74666666666667 10.199999999999999 0.040000000000000036
    endloop
  endfacet
  facet normal 0.59999999999994036 0 0.80000000000004468
    outer loop
      vertex 155.74666666666667 17.386666666666663 0.040000000000000036
      vertex 155.74666666666667 10.199999999999999 0.040000000000000036
      vertex 155.80000000000001 10.199999999999999 0
    endloop
  endfacet
  facet normal 0.59999999999994036 0 0.80000000000004479
    outer loop
      vertex 155.74666666666667 17.386666666666663 0.040000000000000036
      vertex 155.80000000000001 10.199999999999999 0
      vertex 155.80000000000001 20 0
    endloop
  endfacet
  facet normal 0.59999999999994036 -0 0.80000000000004479
    outer loop
      vertex 155.74666666666667 17.386666666666663 0.040000000000000036
      vertex 155.80000000000001 20 0
      vertex 155.74666666666667 20 0.040000000000000036
    endloop
  endfacet
  facet normal 0.59999999999994025 0 0.80000000000004468
    outer loop
      vertex 155.74666666666667 20.146666666666665 0.040000000000000036
      vertex 155.74666666666667 20 0.040000000000000036
      vertex 155.80000000000001 20 0
    endloop
  endfacet
  facet normal 0.59999999999994036 0 0.80000000000004468
    outer loop
      vertex 155.74666666666667 20.146666666666665 0.040000000000000036
      vertex 155.80000000000001 20 0
      vertex 155.80000000000001 20.199999999999999 0
    endloop
  endfacet
  facet normal 0.43643578047193038 0.21821789023599425 0.87287156094399632
    outer loop
      vertex 155.74666666666667 20.146666666666665 0.040000000000000036
      vertex 155.80000000000001 20.199999999999999 0
      vertex 155.72 20.199999999999999 0.040000000000000036
    endloop
  endfacet
  facet normal 0.44721359549990231 0 0.89442719099994361
    outer loop
      vertex 155.72 32.079999999999991 0.040000000000000036
      vertex 155.72 20.199999999999999 0.040000000000000036
      vertex 155.80000000000001 20.199999999999999 0
    endloop
  endfacet
  facet normal 0.44721359549990231 0 0.89442719099994372
    outer loop
      vertex 155.72 32.079999999999991 0.040000000000000036
      vertex 155.80000000000001 20.199999999999999 0
      vertex 155.80000000000001 40 0
    endloop
  endfacet
  facet normal 0.44721359549990231 -0 0.89442719099994372
    outer loop
      vertex 155.72 32.079999999999991 0.040000000000000036
      vertex 155.80000000000001 40 0
      vertex 155.72 40 0.040000000000000036
    endloop
  endfacet
  facet normal 0.44721359549990236 0 0.89442719099994372
    outer loop
      vertex 155.72 40.120000000000005 0.040000000000000036
      vertex 155.72 40 0.040000000000000036
      vertex 155.80000000000001 40 0
    endloop
  endfacet
  facet normal 0.44721359549990242 0 0.89442719099994372
    outer loop
      vertex 155.72 40.120000000000005 0.040000000000000036
      vertex 155.80000000000001 40 0
      vertex 155.80000000000001 40.200000000000003 0
    endloop
  endfacet
  facet normal 0.23570226039548095 0.23570226039552283 0.94280904158207035
    outer loop
      vertex 155.72 40.120000000000005 0.040000000000000036
      vertex 155.80000000000001 40.200000000000003 0
      vertex 155.63999999999999 40.200000000000003 0.040000000000000036
    endloop
  endfacet
  facet normal 0.2425356250362975 0 0.97014250014534076
    outer loop
      vertex 155.63999999999999 44.159999999999989 0.040000000000000036
      vertex 155.63999999999999 40.200000000000003 0.040000000000000036
      vertex 155.80000000000001 40.200000000000003 0
    endloop
  endfacet
  facet normal 0.2425356250362975 0 0.97014250014534087
    outer loop
      vertex 155.63999999999999 44.159999999999989 0.040000000000000036
      vertex 155.80000000000001 40.200000000000003 0
      vertex 155.80000000000001 60 0
    endloop
  endfacet
  facet normal 0.2425356250362975 -0 0.97014250014534076
    outer loop
      vertex 155.63999999999999 44.159999999999989 0.040000000000000036
      vertex 155.80000000000001 60 0
      vertex 155.63999999999999 60 0.040000000000000036
    endloop
  endfacet
  facet normal 0.24253562503629753 0 0.97014250014534087
    outer loop
      vertex 155.63999999999999 60.039999999999999 0.040000000000000036
      vertex 155.63999999999999 60 0.040000000000000036
      vertex 155.80000000000001 60 0
    endloop
  endfacet
  facet normal 0.24253562503629755 0 0.97014250014534076
    outer loop
      vertex 155.63999999999999 60.039999999999999 0.040000000000000036
      vertex 155.80000000000001 60 0
      vertex 155.80000000000001 60.200000000000003 0
    endloop
  endfacet
  facet normal 0.43643578047193038 -0.21821789023599425 0.87287156094399632
    outer loop
      vertex 155.63999999999999 60.039999999999999 0.040000000000000036
      vertex 155.80000000000001 60.200000000000003 0
      vertex 155.72 60.200000000000003 0.040000000000000036
    endloop
  endfacet
  facet normal 0.44721359549990231 0 0.89442719099994372
    outer loop
      vertex 155.72 72.079999999999998 0.040000000000000036
      vertex 155.72 60.200000000000003 0.040000000000000036
      vertex 155.80000000000001 60.200000000000003 0
    endloop
  endfacet
  facet normal 0.44721359549990231 0 0.89442719099994372
    outer loop
      vertex 155.72 72.079999999999998 0.040000000000000036
      vertex 155.80000000000001 60.200000000000003 0
      vertex 155.80000000000001 80 0
    endloop
  endfacet
  facet normal 0.44721359549990236 -0 0.89442719099994372
    outer loop
      vertex 155.72 72.079999999999998 0.040000000000000036
      vertex 155.80000000000001 80 0
      vertex 155.72 80 0.040000000000000036
    endloop
  endfacet
  facet normal 0.44721359549990236 0 0.89442719099994372
    outer loop
      vertex 155.72 80.120000000000005 0.040000000000000036
      vertex 155.72 80 0.040000000000000036
      vertex 155.80000000000001 80 0
    endloop
  endfacet
  facet normal 0.44721359549990242 0 0.89442719099994372
    outer loop
      vertex 155.72 80.120000000000005 0.040000000000000036
      vertex 155.80000000000001 80 0
      vertex 155.80000000000001 80.200000000000003 0
    endloop
  endfacet
  facet normal -0 0.44721359549996592 0.89442719099991197
    outer loop
      vertex 155.59999999999999 80.120000000000005 0.040000000000000036
      vertex 155.72 80.120000000000005 0.040000000000000036
      vertex 155.80000000000001 80.200000000000003 0
    endloop
  endfacet
  facet normal 0 0.44721359549996587 0.89442719099991197
    outer loop
      vertex 155.59999999999999 80.120000000000005 0.040000000000000036
      vertex 155.80000000000001 80.200000000000003 0
      vertex 155.59999999999999 80.200000000000003 0
    endloop
  endfacet
  facet normal 0 0 1
    outer loop
      vertex 155.59999999999999 80.200000000000003 0
      vertex 155.80000000000001 80.200000000000003 0
      vertex 155.80000000000001 100 0
    endloop
  endfacet
  facet normal 0 0 1
    outer loop
      vertex 155.59999999999999 80.200000000000003 0
      vertex 155.80000000000001 100 0
      vertex 155.59999999999999 100 0
    endloop
  endfacet
  facet normal 0 0 1
    outer loop
      vertex 155.80000000000001 -100 0
      vertex 156 -100 0
      vertex 156 -80.200000000000003 0
    endloop
  endfacet
  facet normal 0 0 1
    outer loop
      vertex 155.80000000000001 -100 0
      vertex 156 -80.200000000000003 0
      vertex 155.80000000000001 -80.200000000000003 0
    endloop
  endfacet
  facet normal 0 0 1
    outer loop
      vertex 155.80000000000001 -80.200000000000003 0
      vertex 156 -80.200000000000003 0
      vertex 156 -80 0
    endloop
  endfacet
  facet normal 0 0 1
    outer loop
      vertex 155.80000000000001 -80.200000000000003 0
      vertex 156 -80 0
      vertex 155.80000000000001 -80 0
    endloop
  endfacet
  facet normal 0 0 1
    outer loop
      vertex 155.80000000000001 -80 0
      vertex 156 -80 0
      vertex 156 -60.200000000000003 0
    endloop
  endfacet
  facet normal 0 0 1
    outer loop
      vertex 155.80000000000001 -80 0
      vertex 156 -60.200000000000003 0
      vertex 155.80000000000001 -60.200000000000003 0
    endloop
  endfacet
  facet normal 0 0 1
    outer loop
      vertex 155.80000000000001 -60.200000000000003 0
      vertex 156 -60.200000000000003 0
      vertex 156 -60 0
    endloop
  endfacet
  facet normal 0 0 1
    outer loop
      vertex 155.80000000000001 -60.200000000000003 0
      vertex 156 -60 0
      vertex 155.80000000000001 -60 0
    endloop
  endfacet
  facet normal 0 0 1
    outer loop
      vertex 155.80000000000001 -60 0
      vertex 156 -60 0
      vertex 156 -40.200000000000003 0
    endloop
  endfacet
  facet normal 0 0 1
    outer loop
      vertex 155.80000000000001 -60 0
      vertex 156 -40.200000000000003 0
      vertex 155.80000000000001 -40.200000000000003 0
    endloop
  endfacet
  facet normal 0 0 1
    outer loop
      vertex 155.80000000000001 -40.200000000000003 0
      vertex 156 -40.200000000000003 0
      vertex 156 -40 0
    endloop
  endfacet
  facet normal 0 0 1
    outer loop
      vertex 155.80000000000001 -40.200000000000003 0
      vertex 156 -40 0
      vertex 155.80000000000001 -40 0
    endloop
  endfacet
  facet normal 0 0 1
    outer loop
      vertex 155.80000000000001 -40 0
      vertex 156 -40 0
      vertex 156 -20.199999999999999 0
    endloop
  endfacet
  facet normal 0 0 1
    outer loop
      vertex 155.80000000000001 -40 0
      vertex 156 -20.199999999999999 0
      vertex 155.80000000000001 -20.199999999999999 0
    endloop
  endfacet
  facet normal 0 0 1
    outer loop
      vertex 155.80000000000001 -20.199999999999999 0
      vertex 156 -20.199999999999999 0
      vertex 156 -20 0
    endloop
  endfacet
  facet normal 0 0 1
    outer loop
      vertex 155.80000000000001 -20.199999999999999 0
      vertex 156 -20 0
      vertex 155.80000000000001 -20 0
    endloop
  endfacet
  facet normal 0 0 1
    outer loop
      vertex 155.80000000000001 -20 0
      vertex 156 -20 0
      vertex 156 -10.199999999999999 0
    endloop
  endfacet
  facet normal 0 0 1
    outer loop
      vertex 155.80000000000001 -20 0
      vertex 156 -10.199999999999999 0
      vertex 155.80000000000001 -10.199999999999999 0
    endloop
  endfacet
  facet normal 0 0 1
    outer loop
      vertex 155.80000000000001 -10.199999999999999 0
      vertex 156 -10.199999999999999 0
      vertex 156 -10 0
    endloop
  endfacet
  facet normal 0 0 1
    outer loop
      vertex 155.80000000000001 -10.199999999999999 0
      vertex 156 -10 0
      vertex 155.80000000000001 -10 0
    endloop
  endfacet
  facet normal 0 0 1
    outer loop
      vertex 155.80000000000001 -10 0
      vertex 156 -10 0
      vertex 156 0 0
    endloop
  endfacet
  facet normal 0 0 1
    outer loop
      vertex 155.80000000000001 -10 0
      vertex 156 0 0
      vertex 155.80000000000001 0 0
    endloop
  endfacet
  facet normal 0 0 1
    outer loop
      vertex 155.80000000000001 0 0
      vertex 156 0 0
      vertex 156 0.20000000000000001 0
    endloop
  endfacet
  facet normal 0 0 1
    outer loop
      vertex 155.80000000000001 0 0
      vertex 156 0.20000000000000001 0
      vertex 155.80000000000001 0.20000000000000001 0
    endloop
  endfacet
  facet normal 0 0 1
    outer loop
      vertex 155.80000000000001 0.20000000000000001 0
      vertex 156 0.20000000000000001 0
      vertex 156 10 0
    endloop
  endfacet
  facet normal 0 0 1
    outer loop
      vertex 155.80000000000001 0.20000000000000001 0
      vertex 156 10 0
      vertex 155.80000000000001 10 0
    endloop
  endfacet
  facet normal 0 0 1
    outer loop
      vertex 155.80000000000001 10 0
      vertex 156 10 0
      vertex 156 10.199999999999999 0
    endloop
  endfacet
  facet normal 0 0 1
    outer loop
      vertex 155.80000000000001 10 0
      vertex 156 10.199999999999999 0
      vertex 155.80000000000001 10.199999999999999 0
    endloop
  endfacet
  facet normal 0 0 1
    outer loop
      vertex 155.80000000000001 10.199999999999999 0
      vertex 156 10.199999999999999 0
      vertex 156 20 0
    endloop
  endfacet
  facet normal 0 0 1
    outer loop
      vertex 155.80000000000001 10.199999999999999 0
      vertex 156 20 0
      vertex 155.80000000000001 20 0
    endloop
  endfacet
  facet normal 0 0 1
    outer loop
      vertex 155.80000000000001 20 0
      vertex 156 20 0
      vertex 156 20.199999999999999 0
    endloop
  endfacet
  facet normal 0 0 1
    outer loop
      vertex 155.80000000000001 20 0
      vertex 156 20.199999999999999 0
      vertex 155.80000000000001 20.199999999999999 0
    endloop
  endfacet
  facet normal 0 0 1
    outer loop
      vertex 155.80000000000001 20.199999999999999 0
      vertex 156 20.199999999999999 0
      vertex 156 40 0
    endloop
  endfacet
  facet normal 0 0 1
    outer loop
      vertex 155.80000000000001 20.199999999999999 0
      vertex 156 40 0
      vertex 155.80000000000001 40 0
    endloop
  endfacet
  facet normal 0 0 1
    outer loop
      vertex 155.80000000000001 40 0
      vertex 156 40 0
      vertex 156 40.200000000000003 0
    endloop
  endfacet
  facet normal 0 0 1
    outer loop
      vertex 155.80000000000001 40 0
      vertex 156 40.200000000000003 0
      vertex 155.80000000000001 40.200000000000003 0
    endloop
  endfacet
  facet normal 0 0 1
    outer loop
      vertex 155.80000000000001 40.200000000000003 0
      vertex 156 40.200000000000003 0
      vertex 156 60 0
    endloop
  endfacet
  facet normal 0 0 1
    outer loop
      vertex 155.80000000000001 40.200000000000003 0
      vertex 156 60 0
      vertex 155.80000000000001 60 0
    endloop
  endfacet
  facet normal 0 0 1
    outer loop
      vertex 155.80000000000001 60 0
      vertex 156 60 0
      vertex 156 60.200000000000003 0
    endloop
  endfacet
  facet normal 0 0 1
    outer loop
      vertex 155.80000000000001 60 0
      vertex 156 60.200000000000003 0
      vertex 155.80000000000001 60.200000000000003 0
    endloop
  endfacet
  facet normal 0 0 1
    outer loop
      vertex 155.80000000000001 60.200000000000003 0
      vertex 156 60.200000000000003 0
      vertex 156 80 0
    endloop
  endfacet
  facet normal 0 0 1
    outer loop
      vertex 155.80000000000001 60.200000000000003 0
      vertex 156 80 0
      vertex 155.80000000000001 80 0
    endloop
  endfacet
  facet normal 0 0 1
    outer loop
      vertex 155.80000000000001 80 0
      vertex 156 80 0
      vertex 156 80.200000000000003 0
    endloop
  endfacet
  facet normal 0 0 1
    outer loop
      vertex 155.80000000000001 80 0
      vertex 156 80.200000000000003 0
      vertex 155.80000000000001 80.200000000000003 0
    endloop
  endfacet
  facet normal 0 0 1
    outer loop
      vertex 155.80000000000001 80.200000000000003 0
      vertex 156 80.200000000000003 0
      vertex 156 100 0
    endloop
  endfacet
  facet normal 0 0 1
    outer loop
      vertex 155.80000000000001 80.200000000000003 0
      vertex 156 100 0
      vertex 155.80000000000001 100 0
    endloop
  endfacet
  facet normal 0 0 1
    outer loop
      vertex 156 -100 0
      vertex 156.19999999999999 -100 0
      vertex 156.19999999999999 -80.200000000000003 0
    endloop
  endfacet
  facet normal 0 0 1
    outer loop
      vertex 156 -100 0
      vertex 156.19999999999999 -80.200000000000003 0
      vertex 156 -80.200000000000003 0
    endloop
  endfacet
  facet normal 0 0 1
    outer loop
      vertex 156 -80.200000000000003 0
      vertex 156.19999999999999 -80.200000000000003 0
      vertex 156.19999999999999 -80 0
    endloop
  endfacet
  facet normal 0 0 1
    outer loop
      vertex 156 -80.200000000000003 0
      vertex 156.19999999999999 -80 0
      vertex 156 -80 0
    endloop
  endfacet
  facet normal 0 0 1
    outer loop
      vertex 156 -80 0
      vertex 156.19999999999999 -80 0
      vertex 156.19999999999999 -60.200000000000003 0
    endloop
  endfacet
  facet normal 0 0 1
    outer loop
      vertex 156 -80 0
      vertex 156.19999999999999 -60.200000000000003 0
      vertex 156 -60.200000000000003 0
    endloop
  endfacet
  facet normal 0 0 1
    outer loop
      vertex 156 -60.200000000000003 0
      vertex 156.19999999999999 -60.200000000000003 0
      vertex 156.19999999999999 -60 0
    endloop
  endfacet
  facet normal 0 0 1
    outer loop
      vertex 156 -60.200000000000003 0
      vertex 156.19999999999999 -60 0
      vertex 156 -60 0
    endloop
  endfacet
  facet normal 0 0 1
    outer loop
      vertex 156 -60 0
      vertex 156.19999999999999 -60 0
      vertex 156.19999999999999 -40.200000000000003 0
    endloop
  endfacet
  facet normal 0 0 1
    outer loop
      vertex 156 -60 0
      vertex 156.19999999999999 -40.200000000000003 0
      vertex 156 -40.200000000000003 0
    endloop
  endfacet
  facet normal 0 0 1
    outer loop
      vertex 156 -40.200000000000003 0
      vertex 156.19999999999999 -40.200000000000003 0
      vertex 156.19999999999999 -40 0
    endloop
  endfacet
  facet normal 0 0 1
    outer loop
      vertex 156 -40.200000000000003 0
      vertex 156.19999999999999 -40 0
      vertex 156 -40 0
    endloop
  endfacet
  facet normal 0 0 1
    outer loop
      vertex 156 -40 0
      vertex 156.19999999999999 -40 0
      vertex 156.19999999999999 -20.199999999999999 0
    endloop
  endfacet
  facet normal 0 0 1
    outer loop
      vertex 156 -40 0
      vertex 156.19999999999999 -20.199999999999999 0
      vertex 156 -20.199999999999999 0
    endloop
  endfacet
  facet normal 0 0 1
    outer loop
      vertex 156 -20.199999999999999 0
      vertex 156.19999999999999 -20.199999999999999 0
      vertex 156.19999999999999 -20 0
    endloop
  endfacet
  facet normal 0 0 1
    outer loop
      vertex 156 -20.199999999999999 0
      vertex 156.19999999999999 -20 0
      vertex 156 -20 0
    endloop
  endfacet
  facet normal 0 0 1
    outer loop
      vertex 156 -20 0
      vertex 156.19999999999999 -20 0
      vertex 156.19999999999999 -10.199999999999999 0
    endloop
  endfacet
  facet normal 0 0 1
    outer loop
      vertex 156 -20 0
      vertex 156.19999999999999 -10.199999999999999 0
      vertex 156 -10.199999999999999 0
    endloop
  endfacet
  facet normal 0 0 1
    outer loop
      vertex 156 -10.199999999999999 0
      vertex 156.19999999999999 -10.199999999999999 0
      vertex 156.19999999999999 -10 0
    endloop
  endfacet
  facet normal 0 0 1
    outer loop
      vertex 156 -10.199999999999999 0
      vertex 156.19999999999999 -10 0
      vertex 156 -10 0
    endloop
  endfacet
  facet normal 0 0 1
    outer loop
      vertex 156 -10 0
      vertex 156.19999999999999 -10 0
      vertex 156.19999999999999 0 0
    endloop
  endfacet
  facet normal 0 0 1
    outer loop
      vertex 156 -10 0
      vertex 156.19999999999999 0 0
      vertex 156 0 0
    endloop
  endfacet
  facet normal 0 0 1
    outer loop
      vertex 156 0 0
      vertex 156.19999999999999 0 0
      vertex 156.19999999999999 0.20000000000000001 0
    endloop
  endfacet
  facet normal 0 0 1
    outer loop
      vertex 156 0 0
      vertex 156.19999999999999 0.20000000000000001 0
      vertex 156 0.20000000000000001 0
    endloop
  endfacet
  facet normal 0 0 1
    outer loop
      vertex 156 0.20000000000000001 0
      vertex 156.19999999999999 0.20000000000000001 0
      vertex 156.19999999999999 10 0
    endloop
  endfacet
  facet normal 0 0 1
    outer loop
      vertex 156 0.20000000000000001 0
      vertex 156.19999999999999 10 0
      vertex 156 10 0
    endloop
  endfacet
  facet normal 0 0 1
    outer loop
      vertex 156 10 0
      vertex 156.19999999999999 10 0
      vertex 156.19999999999999 10.199999999999999 0
    endloop
  endfacet
  facet normal 0 0 1
    outer loop
      vertex 156 10 0
      vertex 156.19999999999999 10.199999999999999 0
      vertex 156 10.199999999999999 0
    endloop
  endfacet
  facet normal 0 0 1
    outer loop
      vertex 156 10.199999999999999 0
      vertex 156.19999999999999 10.199999999999999 0
      vertex 156.19999999999999 20 0
    endloop
  endfacet
  facet normal 0 0 1
    outer loop
      vertex 156 10.199999999999999 0
      vertex 156.19999999999999 20 0
      vertex 156 20 0
    endloop
  endfacet
  facet normal 0 0 1
    outer loop
      vertex 156 20 0
      vertex 156.19999999999999 20 0
      vertex 156.19999999999999 20.199999999999999 0
    endloop
  endfacet
  facet normal 0 0 1
    outer loop
      vertex 156 20 0
      vertex 156.19999999999999 20.199999999999999 0
      vertex 156 20.199999999999999 0
    endloop
  endfacet
  facet normal 0 0 1
    outer loop
      vertex 156 20.199999999999999 0
      vertex 156.19999999999999 20.199999999999999 0
      vertex 156.19999999999999 40 0
    endloop
  endfacet
  facet normal 0 0 1
    outer loop
      vertex 156 20.199999999999999 0
      vertex 156.19999999999999 40 0
      vertex 156 40 0
    endloop
  endfacet
  facet normal 0 0 1
    outer loop
      vertex 156 40 0
      vertex 156.19999999999999 40 0
      vertex 156.19999999999999 40.200000000000003 0
    endloop
  endfacet
  facet normal 0 0 1
    outer loop
      vertex 156 40 0
      vertex 156.19999999999999 40.200000000000003 0
      vertex 156 40.200000000000003 0
    endloop
  endfacet
  facet normal 0 0 1
    outer loop
      vertex 156 40.200000000000003 0
      vertex 156.19999999999999 40.200000000000003 0
      vertex 156.19999999999999 60 0
    endloop
  endfacet
  facet normal 0 0 1
    outer loop
      vertex 156 40.200000000000003 0
      vertex 156.19999999999999 60 0
      vertex 156 60 0
    endloop
  endfacet
  facet normal 0 0 1
    outer loop
      vertex 156 60 0
      vertex 156.19999999999999 60 0
      vertex 156.19999999999999 60.200000000000003 0
    endloop
  endfacet
  facet normal 0 0 1
    outer loop
      vertex 156 60 0
      vertex 156.19999999999999 60.200000000000003 0
      vertex 156 60.200000000000003 0
    endloop
  endfacet
  facet normal 0 0 1
    outer loop
      vertex 156 60.200000000000003 0
      vertex 156.19999999999999 60.200000000000003 0
      vertex 156.19999999999999 80 0
    endloop
  endfacet
  facet normal 0 0 1
    outer loop
      vertex 156 60.200000000000003 0
      vertex 156.19999999999999 80 0
      vertex 156 80 0
    endloop
  endfacet
  facet normal 0 0 1
    outer loop
      vertex 156 80 0
      vertex 156.19999999999999 80 0
      vertex 156.19999999999999 80.200000000000003 0
    endloop
  endfacet
  facet normal 0 0 1
    outer loop
      vertex 156 80 0
      vertex 156.19999999999999 80.200000000000003 0
      vertex 156 80.200000000000003 0
    endloop
  endfacet
  facet normal 0 0 1
    outer loop
      vertex 156 80.200000000000003 0
      vertex 156.19999999999999 80.200000000000003 0
      vertex 156.19999999999999 100 0
    endloop
  endfacet
  facet normal 0 0 1
    outer loop
      vertex 156 80.200000000000003 0
      vertex 156.19999999999999 100 0
      vertex 156 100 0
    endloop
  endfacet
  facet normal 0 0 1
    outer loop
      vertex 156.19999999999999 -100 0
      vertex 161.19999999999999 -100 0
      vertex 161.19999999999999 -80.200000000000003 0
    endloop
  endfacet
  facet normal 0 0 1
    outer loop
      vertex 156.19999999999999 -100 0
      vertex 161.19999999999999 -80.200000000000003 0
      vertex 156.19999999999999 -80.200000000000003 0
    endloop
  endfacet
  facet normal 0 0 1
    outer loop
      vertex 156.19999999999999 -80.200000000000003 0
      vertex 161.19999999999999 -80.200000000000003 0
      vertex 161.19999999999999 -80 0
    endloop
  endfacet
  facet normal 0 0 1
    outer loop
      vertex 156.19999999999999 -80.200000000000003 0
      vertex 161.19999999999999 -80 0
      vertex 156.19999999999999 -80 0
    endloop
  endfacet
  facet normal 0 0 1
    outer loop
      vertex 156.19999999999999 -80 0
      vertex 161.19999999999999 -80 0
      vertex 161.19999999999999 -60.200000000000003 0
    endloop
  endfacet
  facet normal 0 0 1
    outer loop
      vertex 156.19999999999999 -80 0
      vertex 161.19999999999999 -60.200000000000003 0
      vertex 156.19999999999999 -60.200000000000003 0
    endloop
  endfacet
  facet normal 0 0 1
    outer loop
      vertex 156.19999999999999 -60.200000000000003 0
      vertex 161.19999999999999 -60.200000000000003 0
      vertex 161.19999999999999 -60 0
    endloop
  endfacet
  facet normal 0 0 1
    outer loop
      vertex 156.19999999999999 -60.200000000000003 0
      vertex 161.19999999999999 -60 0
      vertex 156.19999999999999 -60 0
    endloop
  endfacet
  facet normal 0 0 1
    outer loop
      vertex 156.19999999999999 -60 0
      vertex 161.19999999999999 -60 0
      vertex 161.19999999999999 -40.200000000000003 0
    endloop
  endfacet
  facet normal 0 0 1
    outer loop
      vertex 156.19999999999999 -60 0
      vertex 161.19999999999999 -40.200000000000003 0
      vertex 156.19999999999999 -40.200000000000003 0
    endloop
  endfacet
  facet normal 0 0 1
    outer loop
      vertex 156.19999999999999 -40.200000000000003 0
      vertex 161.19999999999999 -40.200000000000003 0
      vertex 161.19999999999999 -40 0
    endloop
  endfacet
  facet normal 0 0 1
    outer loop
      vertex 156.19999999999999 -40.200000000000003 0
      vertex 161.19999999999999 -40 0
      vertex 156.19999999999999 -40 0
    endloop
  endfacet
  facet normal 0 0 1
    outer loop
      vertex 156.19999999999999 -40 0
      vertex 161.19999999999999 -40 0
      vertex 161.19999999999999 -20.199999999999999 0
    endloop
  endfacet
  facet normal 0 0 1
    outer loop
      vertex 156.19999999999999 -40 0
      vertex 161.19999999999999 -20.199999999999999 0
      vertex 156.19999999999999 -20.199999999999999 0
    endloop
  endfacet
  facet normal 0 0 1
    outer loop
      vertex 156.19999999999999 -20.199999999999999 0
      vertex 161.19999999999999 -20.199999999999999 0
      vertex 161.19999999999999 -20 0
    endloop
  endfacet
  facet normal 0 0 1
    outer loop
      vertex 156.19999999999999 -20.199999999999999 0
      vertex 161.19999999999999 -20 0
      vertex 156.19999999999999 -20 0
    endloop
  endfacet
  facet normal 0 0 1
    outer loop
      vertex 156.19999999999999 -20 0
      vertex 161.19999999999999 -20 0
      vertex 161.19999999999999 -10.199999999999999 0
    endloop
  endfacet
  facet normal 0 0 1
    outer loop
      vertex 156.19999999999999 -20 0
      vertex 161.19999999999999 -10.199999999999999 0
      vertex 156.19999999999999 -10.199999999999999 0
    endloop
  endfacet
  facet normal 0 0 1
    outer loop
      vertex 156.19999999999999 -10.199999999999999 0
      vertex 161.19999999999999 -10.199999999999999 0
      vertex 161.19999999999999 -10 0
    endloop
  endfacet
  facet normal 0 0 1
    outer loop
      vertex 156.19999999999999 -10.199999999999999 0
      vertex 161.19999999999999 -10 0
      vertex 156.19999999999999 -10 0
    endloop
  endfacet
  facet normal 0 0 1
    outer loop
      vertex 156.19999999999999 -10 0
      vertex 161.19999999999999 -10 0
      vertex 161.19999999999999 0 0
    endloop
  endfacet
  facet normal 0 0 1
    outer loop
      vertex 156.19999999999999 -10 0
      vertex 161.19999999999999 0 0
      vertex 156.19999999999999 0 0
    endloop
  endfacet
  facet normal 0 0 1
    outer loop
      vertex 156.19999999999999 0 0
      vertex 161.19999999999999 0 0
      vertex 161.19999999999999 0.20000000000000001 0
    endloop
  endfacet
  facet normal 0 0 1
    outer loop
      vertex 156.19999999999999 0 0
      vertex 161.19999999999999 0.20000000000000001 0
      vertex 156.19999999999999 0.20000000000000001 0
    endloop
  endfacet
  facet normal 0 0 1
    outer loop
      vertex 156.19999999999999 0.20000000000000001 0
      vertex 161.19999999999999 0.20000000000000001 0
      vertex 161.19999999999999 10 0
    endloop
  endfacet
  facet normal 0 0 1
    outer loop
      vertex 156.19999999999999 0.20000000000000001 0
      vertex 161.19999999999999 10 0
      vertex 156.19999999999999 10 0
    endloop
  endfacet
  facet normal 0 0 1
    outer loop
      vertex 156.19999999999999 10 0
      vertex 161.19999999999999 10 0
      vertex 161.19999999999999 10.199999999999999 0
    endloop
  endfacet
  facet normal 0 0 1
    outer loop
      vertex 156.19999999999999 10 0
      vertex 161.19999999999999 10.199999999999999 0
      vertex 156.19999999999999 10.199999999999999 0
    endloop
  endfacet
  facet normal 0 0 1
    outer loop
      vertex 156.19999999999999 10.199999999999999 0
      vertex 161.19999999999999 10.199999999999999 0
      vertex 161.19999999999999 20 0
    endloop
  endfacet
  facet normal 0 0 1
    outer loop
      vertex 156.19999999999999 10.199999999999999 0
      vertex 161.19999999999999 20 0
      vertex 156.19999999999999 20 0
    endloop
  endfacet
  facet normal 0 0 1
    outer loop
      vertex 156.19999999999999 20 0
      vertex 161.19999999999999 20 0
      vertex 161.19999999999999 20.199999999999999 0
    endloop
  endfacet
  facet normal 0 0 1
    outer loop
      vertex 156.19999999999999 20 0
      vertex 161.19999999999999 20.199999999999999 0
      vertex 156.19999999999999 20.199999999999999 0
    endloop
  endfacet
  facet normal 0 0 1
    outer loop
      vertex 156.19999999999999 20.199999999999999 0
      vertex 161.19999999999999 20.199999999999999 0
      vertex 161.19999999999999 40 0
    endloop
  endfacet
  facet normal 0 0 1
    outer loop
      vertex 156.19999999999999 20.199999999999999 0
      vertex 161.19999999999999 40 0
      vertex 156.19999999999999 40 0
    endloop
  endfacet
  facet normal 0 0 1
    outer loop
      vertex 156.19999999999999 40 0
      vertex 161.19999999999999 40 0
      vertex 161.19999999999999 40.200000000000003 0
    endloop
  endfacet
  facet normal 0 0 1
    outer loop
      vertex 156.19999999999999 40 0
      vertex 161.19999999999999 40.200000000000003 0
      vertex 156.19999999999999 40.200000000000003 0
    endloop
  endfacet
  facet normal 0 0 1
    outer loop
      vertex 156.19999999999999 40.200000000000003 0
      vertex 161.19999999999999 40.200000000000003 0
      vertex 161.19999999999999 60 0
    endloop
  endfacet
  facet normal 0 0 1
    outer loop
      vertex 156.19999999999999 40.200000000000003 0
      vertex 161.19999999999999 60 0
      vertex 156.19999999999999 60 0
    endloop
  endfacet
  facet normal 0 0 1
    outer loop
      vertex 156.19999999999999 60 0
      vertex 161.19999999999999 60 0
      vertex 161.19999999999999 60.200000000000003 0
    endloop
  endfacet
  facet normal 0 0 1
    outer loop
      vertex 156.19999999999999 60 0
      vertex 161.19999999999999 60.200000000000003 0
      vertex 156.19999999999999 60.200000000000003 0
    endloop
  endfacet
  facet normal 0 0 1
    outer loop
      vertex 156.19999999999999 60.200000000000003 0
      vertex 161.19999999999999 60.200000000000003 0
      vertex 161.19999999999999 80 0
    endloop
  endfacet
  facet normal 0 0 1
    outer loop
      vertex 156.19999999999999 60.200000000000003 0
      vertex 161.19999999999999 80 0
      vertex 156.19999999999999 80 0
    endloop
  endfacet
  facet normal 0 0 1
    outer loop
      vertex 156.19999999999999 80 0
      vertex 161.19999999999999 80 0
      vertex 161.19999999999999 80.200000000000003 0
    endloop
  endfacet
  facet normal 0 0 1
    outer loop
      vertex 156.19999999999999 80 0
      vertex 161.19999999999999 80.200000000000003 0
      vertex 156.19999999999999 80.200000000000003 0
    endloop
  endfacet
  facet normal 0 0 1
    outer loop
      vertex 156.19999999999999 80.200000000000003 0
      vertex 161.19999999999999 80.200000000000003 0
      vertex 161.19999999999999 100 0
    endloop
  endfacet
  facet normal 0 0 1
    outer loop
      vertex 156.19999999999999 80.200000000000003 0
      vertex 161.19999999999999 100 0
      vertex 156.19999999999999 100 0
    endloop
  endfacet
  facet normal 0 0 1
    outer loop
      vertex 161.19999999999999 -100 0
      vertex 161.40000000000001 -100 0
      vertex 161.40000000000001 -80.200000000000003 0
    endloop
  endfacet
  facet normal 0 0 1
    outer loop
      vertex 161.19999999999999 -100 0
      vertex 161.40000000000001 -80.200000000000003 0
      vertex 161.19999999999999 -80.200000000000003 0
    endloop
  endfacet
  facet normal 0 0 1
    outer loop
      vertex 161.19999999999999 -80.200000000000003 0
      vertex 161.40000000000001 -80.200000000000003 0
      vertex 161.40000000000001 -80 0
    endloop
  endfacet
  facet normal 0 0 1
    outer loop
      vertex 161.19999999999999 -80.200000000000003 0
      vertex 161.40000000000001 -80 0
      vertex 161.19999999999999 -80 0
    endloop
  endfacet
  facet normal 0 0 1
    outer loop
      vertex 161.19999999999999 -80 0
      vertex 161.40000000000001 -80 0
      vertex 161.40000000000001 -60.200000000000003 0
    endloop
  endfacet
  facet normal 0 0 1
    outer loop
      vertex 161.19999999999999 -80 0
      vertex 161.40000000000001 -60.200000000000003 0
      vertex 161.19999999999999 -60.200000000000003 0
    endloop
  endfacet
  facet normal 0 0 1
    outer loop
      vertex 161.19999999999999 -60.200000000000003 0
      vertex 161.40000000000001 -60.200000000000003 0
      vertex 161.40000000000001 -60 0
    endloop
  endfacet
  facet normal 0 0 1
    outer loop
      vertex 161.19999999999999 -60.200000000000003 0
      vertex 161.40000000000001 -60 0
      vertex 161.19999999999999 -60 0
    endloop
  endfacet
  facet normal 0 0 1
    outer loop
      vertex 161.19999999999999 -60 0
      vertex 161.40000000000001 -60 0
      vertex 161.40000000000001 -40.200000000000003 0
    endloop
  endfacet
  facet normal 0 0 1
    outer loop
      vertex 161.19999999999999 -60 0
      vertex 161.40000000000001 -40.200000000000003 0
      vertex 161.19999999999999 -40.200000000000003 0
    endloop
  endfacet
  facet normal 0 0 1
    outer loop
      vertex 161.19999999999999 -40.200000000000003 0
      vertex 161.40000000000001 -40.200000000000003 0
      vertex 161.40000000000001 -40 0
    endloop
  endfacet
  facet normal 0 0 1
    outer loop
      vertex 161.19999999999999 -40.200000000000003 0
      vertex 161.40000000000001 -40 0
      vertex 161.19999999999999 -40 0
    endloop
  endfacet
  facet normal 0 0 1
    outer loop
      vertex 161.19999999999999 -40 0
      vertex 161.40000000000001 -40 0
      vertex 161.40000000000001 -20.199999999999999 0
    endloop
  endfacet
  facet normal 0 0 1
    outer loop
      vertex 161.19999999999999 -40 0
      vertex 161.40000000000001 -20.199999999999999 0
      vertex 161.19999999999999 -20.199999999999999 0
    endloop
  endfacet
  facet normal 0 0 1
    outer loop
      vertex 161.19999999999999 -20.199999999999999 0
      vertex 161.40000000000001 -20.199999999999999 0
      vertex 161.40000000000001 -20 0
    endloop
  endfacet
  facet normal 0 0 1
    outer loop
      vertex 161.19999999999999 -20.199999999999999 0
      vertex 161.40000000000001 -20 0
      vertex 161.19999999999999 -20 0
    endloop
  endfacet
  facet normal 0 0 1
    outer loop
      vertex 161.19999999999999 -20 0
      vertex 161.40000000000001 -20 0
      vertex 161.40000000000001 -10.199999999999999 0
    endloop
  endfacet
  facet normal 0 0 1
    outer loop
      vertex 161.19999999999999 -20 0
      vertex 161.40000000000001 -10.199999999999999 0
      vertex 161.19999999999999 -10.199999999999999 0
    endloop
  endfacet
  facet normal 0 0 1
    outer loop
      vertex 161.19999999999999 -10.199999999999999 0
      vertex 161.40000000000001 -10.199999999999999 0
      vertex 161.40000000000001 -10 0
    endloop
  endfacet
  facet normal 0 0 1
    outer loop
      vertex 161.19999999999999 -10.199999999999999 0
      vertex 161.40000000000001 -10 0
      vertex 161.19999999999999 -10 0
    endloop
  endfacet
  facet normal 0 0 1
    outer loop
      vertex 161.19999999999999 -10 0
      vertex 161.40000000000001 -10 0
      vertex 161.40000000000001 0 0
    endloop
  endfacet
  facet normal 0 0 1
    outer loop
      vertex 161.19999999999999 -10 0
      vertex 161.40000000000001 0 0
      vertex 161.19999999999999 0 0
    endloop
  endfacet
  facet normal 0 0 1
    outer loop
      vertex 161.19999999999999 20 0
      vertex 161.40000000000001 20.199999999999999 0
      vertex 161.19999999999999 20.199999999999999 0
    endloop
  endfacet
  facet normal 0 0 1
    outer loop
      vertex 161.19999999999999 20.199999999999999 0
      vertex 161.40000000000001 20.199999999999999 0
      vertex 161.40000000000001 40 0
    endloop
  endfacet
  facet normal 0 0 1
    outer loop
      vertex 161.19999999999999 20.199999999999999 0
      vertex 161.40000000000001 40 0
      vertex 161.19999999999999 40 0
    endloop
  endfacet
  facet normal 0 0 1
    outer loop
      vertex 161.40000000000001 -100 0
      vertex 161.59999999999999 -100 0
      vertex 161.59999999999999 -80.200000000000003 0
    endloop
  endfacet
  facet normal 0 0 1
    outer loop
      vertex 161.40000000000001 -100 0
      vertex 161.59999999999999 -80.200000000000003 0
      vertex 161.40000000000001 -80.200000000000003 0
    endloop
  endfacet
  facet normal 0 0 1
    outer loop
      vertex 161.40000000000001 -80.200000000000003 0
      vertex 161.59999999999999 -80.200000000000003 0
      vertex 161.59999999999999 -80 0
    endloop
  endfacet
  facet normal 0 0 1
    outer loop
      vertex 161.40000000000001 -80.200000000000003 0
      vertex 161.59999999999999 -80 0
      vertex 161.40000000000001 -80 0
    endloop
  endfacet
  facet normal 0 0 1
    outer loop
      vertex 161.40000000000001 -80 0
      vertex 161.59999999999999 -80 0
      vertex 161.59999999999999 -60.200000000000003 0
    endloop
  endfacet
  facet normal 0 0 1
    outer loop
      vertex 161.40000000000001 -80 0
      vertex 161.59999999999999 -60.200000000000003 0
      vertex 161.40000000000001 -60.200000000000003 0
    endloop
  endfacet
  facet normal 0 0 1
    outer loop
      vertex 161.40000000000001 -60.200000000000003 0
      vertex 161.59999999999999 -60.200000000000003 0
      vertex 161.59999999999999 -60 0
    endloop
  endfacet
  facet normal 0 0 1
    outer loop
      vertex 161.40000000000001 -60.200000000000003 0
      vertex 161.59999999999999 -60 0
      vertex 161.40000000000001 -60 0
    endloop
  endfacet
  facet normal 0 0 1
    outer loop
      vertex 161.40000000000001 -60 0
      vertex 161.59999999999999 -60 0
      vertex 161.59999999999999 -40.200000000000003 0
    endloop
  endfacet
  facet normal 0 0 1
    outer loop
      vertex 161.40000000000001 -60 0
      vertex 161.59999999999999 -40.200000000000003 0
      vertex 161.40000000000001 -40.200000000000003 0
    endloop
  endfacet
  facet normal 0 0 1
    outer loop
      vertex 161.40000000000001 -40.200000000000003 0
      vertex 161.59999999999999 -40.200000000000003 0
      vertex 161.59999999999999 -40 0
    endloop
  endfacet
  facet normal 0 0 1
    outer loop
      vertex 161.40000000000001 -40.200000000000003 0
      vertex 161.59999999999999 -40 0
      vertex 161.40000000000001 -40 0
    endloop
  endfacet
  facet normal 0 0 1
    outer loop
      vertex 161.40000000000001 -40 0
      vertex 161.59999999999999 -40 0
      vertex 161.59999999999999 -20.199999999999999 0
    endloop
  endfacet
  facet normal 0 0 1
    outer loop
      vertex 161.40000000000001 -40 0
      vertex 161.59999999999999 -20.199999999999999 0
      vertex 161.40000000000001 -20.199999999999999 0
    endloop
  endfacet
  facet normal 0 0 1
    outer loop
      vertex 161.40000000000001 -20.199999999999999 0
      vertex 161.59999999999999 -20.199999999999999 0
      vertex 161.59999999999999 -20 0
    endloop
  endfacet
  facet normal 0 0 1
    outer loop
      vertex 161.40000000000001 -20.199999999999999 0
      vertex 161.59999999999999 -20 0
      vertex 161.40000000000001 -20 0
    endloop
  endfacet
  facet normal 0 0 1
    outer loop
      vertex 161.40000000000001 -20 0
      vertex 161.59999999999999 -20 0
      vertex 161.59999999999999 -10.199999999999999 0
    endloop
  endfacet
  facet normal 0 0 1
    outer loop
      vertex 161.40000000000001 -20 0
      vertex 161.59999999999999 -10.199999999999999 0
      vertex 161.40000000000001 -10.199999999999999 0
    endloop
  endfacet
  facet normal 0 0 1
    outer loop
      vertex 161.40000000000001 -10.199999999999999 0
      vertex 161.59999999999999 -10.199999999999999 0
      vertex 161.59999999999999 -10 0
    endloop
  endfacet
  facet normal 0 0 1
    outer loop
      vertex 161.40000000000001 -10.199999999999999 0
      vertex 161.59999999999999 -10 0
      vertex 161.40000000000001 -10 0
    endloop
  endfacet
  facet normal 0 0 1
    outer loop
      vertex 161.40000000000001 -10 0
      vertex 161.59999999999999 -10 0
      vertex 161.59999999999999 0 0
    endloop
  endfacet
  facet normal 0 0 1
    outer loop
      vertex 161.40000000000001 -10 0
      vertex 161.59999999999999 0 0
      vertex 161.40000000000001 0 0
    endloop
  endfacet
  facet normal 0 0 1
    outer loop
      vertex 161.40000000000001 20.199999999999999 0
      vertex 161.59999999999999 20.199999999999999 0
      vertex 161.59999999999999 40 0
    endloop
  endfacet
  facet normal 0 0 1
    outer loop
      vertex 161.40000000000001 20.199999999999999 0
      vertex 161.59999999999999 40 0
      vertex 161.40000000000001 40 0
    endloop
  endfacet
  facet normal 0 0 1
    outer loop
      vertex 161.59999999999999 -100 0
      vertex 166.59999999999999 -100 0
      vertex 166.59999999999999 -80.200000000000003 0
    endloop
  endfacet
  facet normal 0 0 1
    outer loop
      vertex 161.59999999999999 -100 0
      vertex 166.59999999999999 -80.200000000000003 0
      vertex 161.59999999999999 -80.200000000000003 0
    endloop
  endfacet
  facet normal 0 0 1
    outer loop
      vertex 161.59999999999999 -80.200000000000003 0
      vertex 166.59999999999999 -80.200000000000003 0
      vertex 166.59999999999999 -80 0
    endloop
  endfacet
  facet normal 0 0 1
    outer loop
      vertex 161.59999999999999 -80.200000000000003 0
      vertex 166.59999999999999 -80 0
      vertex 161.59999999999999 -80 0
    endloop
  endfacet
  facet normal 0 0 1
    outer loop
      vertex 161.59999999999999 -80 0
      vertex 166.59999999999999 -80 0
      vertex 166.59999999999999 -60.200000000000003 0
    endloop
  endfacet
  facet normal 0 0 1
    outer loop
      vertex 161.59999999999999 -80 0
      vertex 166.59999999999999 -60.200000000000003 0
      vertex 161.59999999999999 -60.200000000000003 0
    endloop
  endfacet
  facet normal 0 0 1
    outer loop
      vertex 161.59999999999999 -60.200000000000003 0
      vertex 166.59999999999999 -60.200000000000003 0
      vertex 166.59999999999999 -60 0
    endloop
  endfacet
  facet normal 0 0 1
    outer loop
      vertex 161.59999999999999 -60.200000000000003 0
      vertex 166.59999999999999 -60 0
      vertex 161.59999999999999 -60 0
    endloop
  endfacet
  facet normal 0 0 1
    outer loop
      vertex 161.59999999999999 -60 0
      vertex 166.59999999999999 -60 0
      vertex 166.59999999999999 -40.200000000000003 0
    endloop
  endfacet
  facet normal 0 0 1
    outer loop
      vertex 161.59999999999999 -60 0
      vertex 166.59999999999999 -40.200000000000003 0
      vertex 161.59999999999999 -40.200000000000003 0
    endloop
  endfacet
  facet normal 0 0 1
    outer loop
      vertex 161.59999999999999 -40.200000000000003 0
      vertex 166.59999999999999 -40.200000000000003 0
      vertex 166.59999999999999 -40 0
    endloop
  endfacet
  facet normal 0 0 1
    outer loop
      vertex 161.59999999999999 -40.200000000000003 0
      vertex 166.59999999999999 -40 0
      vertex 161.59999999999999 -40 0
    endloop
  endfacet
  facet normal 0 0 1
    outer loop
      vertex 161.59999999999999 -40 0
      vertex 166.59999999999999 -40 0
      vertex 166.59999999999999 -20.199999999999999 0
    endloop
  endfacet
  facet normal 0 0 1
    outer loop
      vertex 161.59999999999999 -40 0
      vertex 166.59999999999999 -20.199999999999999 0
      vertex 161.59999999999999 -20.199999999999999 0
    endloop
  endfacet
  facet normal 0 0 1
    outer loop
      vertex 161.59999999999999 -20.199999999999999 0
      vertex 166.59999999999999 -20.199999999999999 0
      vertex 166.59999999999999 -20 0
    endloop
  endfacet
  facet normal 0 0 1
    outer loop
      vertex 161.59999999999999 -20.199999999999999 0
      vertex 166.59999999999999 -20 0
      vertex 161.59999999999999 -20 0
    endloop
  endfacet
  facet normal 0 0 1
    outer loop
      vertex 161.59999999999999 -20 0
      vertex 166.59999999999999 -20 0
      vertex 166.59999999999999 -10.199999999999999 0
    endloop
  endfacet
  facet normal 0 0 1
    outer loop
      vertex 161.59999999999999 -20 0
      vertex 166.59999999999999 -10.199999999999999 0
      vertex 161.59999999999999 -10.199999999999999 0
    endloop
  endfacet
  facet normal 0 0 1
    outer loop
      vertex 161.59999999999999 -10.199999999999999 0
      vertex 166.59999999999999 -10.199999999999999 0
      vertex 166.59999999999999 -10 0
    endloop
  endfacet
  facet normal 0 0 1
    outer loop
      vertex 161.59999999999999 -10.199999999999999 0
      vertex 166.59999999999999 -10 0
      vertex 161.59999999999999 -10 0
    endloop
  endfacet
  facet normal 0 0 1
    outer loop
      vertex 161.59999999999999 -10 0
      vertex 166.59999999999999 -10 0
      vertex 166.59999999999999 0 0
    endloop
  endfacet
  facet normal 0 0 1
    outer loop
      vertex 161.59999999999999 -10 0
      vertex 166.59999999999999 0 0
      vertex 161.59999999999999 0 0
    endloop
  endfacet
  facet normal 0 0 1
    outer loop
      vertex 161.59999999999999 20.199999999999999 0
      vertex 166.59999999999999 20.199999999999999 0
      vertex 166.59999999999999 40 0
    endloop
  endfacet
  facet normal 0 0 1
    outer loop
      vertex 161.59999999999999 20.199999999999999 0
      vertex 166.59999999999999 40 0
      vertex 161.59999999999999 40 0
    endloop
  endfacet
  facet normal 0 0 1
    outer loop
      vertex 166.59999999999999 -100 0
      vertex 166.80000000000001 -100 0
      vertex 166.80000000000001 -80.200000000000003 0
    endloop
  endfacet
  facet normal 0 0 1
    outer loop
      vertex 166.59999999999999 -100 0
      vertex 166.80000000000001 -80.200000000000003 0
      vertex 166.59999999999999 -80.200000000000003 0
    endloop
  endfacet
  facet normal 0 0 1
    outer loop
      vertex 166.59999999999999 -80.200000000000003 0
      vertex 166.80000000000001 -80.200000000000003 0
      vertex 166.80000000000001 -80 0
    endloop
  endfacet
  facet normal 0 0 1
    outer loop
      vertex 166.59999999999999 -80.200000000000003 0
      vertex 166.80000000000001 -80 0
      vertex 166.59999999999999 -80 0
    endloop
  endfacet
  facet normal 0 0 1
    outer loop
      vertex 166.59999999999999 -80 0
      vertex 166.80000000000001 -80 0
      vertex 166.80000000000001 -60.200000000000003 0
    endloop
  endfacet
  facet normal 0 0 1
    outer loop
      vertex 166.59999999999999 -80 0
      vertex 166.80000000000001 -60.200000000000003 0
      vertex 166.59999999999999 -60.200000000000003 0
    endloop
  endfacet
  facet normal 0 0 1
    outer loop
      vertex 166.59999999999999 -60.200000000000003 0
      vertex 166.80000000000001 -60.200000000000003 0
      vertex 166.80000000000001 -60 0
    endloop
  endfacet
  facet normal 0 0 1
    outer loop
      vertex 166.59999999999999 -60.200000000000003 0
      vertex 166.80000000000001 -60 0
      vertex 166.59999999999999 -60 0
    endloop
  endfacet
  facet normal 0 0 1
    outer loop
      vertex 166.59999999999999 -60 0
      vertex 166.80000000000001 -60 0
      vertex 166.80000000000001 -40.200000000000003 0
    endloop
  endfacet
  facet normal 0 0 1
    outer loop
      vertex 166.59999999999999 -60 0
      vertex 166.80000000000001 -40.200000000000003 0
      vertex 166.59999999999999 -40.200000000000003 0
    endloop
  endfacet
  facet normal 0 0 1
    outer loop
      vertex 166.59999999999999 -40.200000000000003 0
      vertex 166.80000000000001 -40.200000000000003 0
      vertex 166.80000000000001 -40 0
    endloop
  endfacet
  facet normal 0 0 1
    outer loop
      vertex 166.59999999999999 -40.200000000000003 0
      vertex 166.80000000000001 -40 0
      vertex 166.59999999999999 -40 0
    endloop
  endfacet
  facet normal 0 0 1
    outer loop
      vertex 166.59999999999999 -40 0
      vertex 166.80000000000001 -40 0
      vertex 166.80000000000001 -20.199999999999999 0
    endloop
  endfacet
  facet normal 0 0 1
    outer loop
      vertex 166.59999999999999 -40 0
      vertex 166.80000000000001 -20.199999999999999 0
      vertex 166.59999999999999 -20.199999999999999 0
    endloop
  endfacet
  facet normal 0 0 1
    outer loop
      vertex 166.59999999999999 -20.199999999999999 0
      vertex 166.80000000000001 -20.199999999999999 0
      vertex 166.80000000000001 -20 0
    endloop
  endfacet
  facet normal 0 0 1
    outer loop
      vertex 166.59999999999999 -20.199999999999999 0
      vertex 166.80000000000001 -20 0
      vertex 166.59999999999999 -20 0
    endloop
  endfacet
  facet normal 0 0 1
    outer loop
      vertex 166.59999999999999 -20 0
      vertex 166.80000000000001 -20 0
      vertex 166.80000000000001 -10.199999999999999 0
    endloop
  endfacet
  facet normal 0 0 1
    outer loop
      vertex 166.59999999999999 -20 0
      vertex 166.80000000000001 -10.199999999999999 0
      vertex 166.59999999999999 -10.199999999999999 0
    endloop
  endfacet
  facet normal 0 0 1
    outer loop
      vertex 166.59999999999999 -10.199999999999999 0
      vertex 166.80000000000001 -10.199999999999999 0
      vertex 166.80000000000001 -10 0
    endloop
  endfacet
  facet normal 0 0 1
    outer loop
      vertex 166.59999999999999 -10.199999999999999 0
      vertex 166.80000000000001 -10 0
      vertex 166.59999999999999 -10 0
    endloop
  endfacet
  facet normal 0 0 1
    outer loop
      vertex 166.59999999999999 -10 0
      vertex 166.80000000000001 -10 0
      vertex 166.80000000000001 0 0
    endloop
  endfacet
  facet normal 0 0 1
    outer loop
      vertex 166.59999999999999 -10 0
      vertex 166.80000000000001 0 0
      vertex 166.59999999999999 0 0
    endloop
  endfacet
  facet normal 0 0 1
    outer loop
      vertex 166.59999999999999 20.199999999999999 0
      vertex 166.80000000000001 20.199999999999999 0
      vertex 166.80000000000001 40 0
    endloop
  endfacet
  facet normal 0 0 1
    outer loop
      vertex 166.59999999999999 20.199999999999999 0
      vertex 166.80000000000001 40 0
      vertex 166.59999999999999 40 0
    endloop
  endfacet
  facet normal 0 0 1
    outer loop
      vertex 166.80000000000001 -100 0
      vertex 171.80000000000001 -100 0
      vertex 171.80000000000001 -80.200000000000003 0
    endloop
  endfacet
  facet normal 0 0 1
    outer loop
      vertex 166.80000000000001 -100 0
      vertex 171.80000000000001 -80.200000000000003 0
      vertex 166.80000000000001 -80.200000000000003 0
    endloop
  endfacet
  facet normal 0 0 1
    outer loop
      vertex 166.80000000000001 -80.200000000000003 0
      vertex 171.80000000000001 -80.200000000000003 0
      vertex 171.80000000000001 -80 0
    endloop
  endfacet
  facet normal 0 0 1
    outer loop
      vertex 166.80000000000001 -80.200000000000003 0
      vertex 171.80000000000001 -80 0
      vertex 166.80000000000001 -80 0
    endloop
  endfacet
  facet normal 0 0 1
    outer loop
      vertex 166.80000000000001 -80 0
      vertex 171.80000000000001 -80 0
      vertex 171.80000000000001 -60.200000000000003 0
    endloop
  endfacet
  facet normal 0 0 1
    outer loop
      vertex 166.80000000000001 -80 0
      vertex 171.80000000000001 -60.200000000000003 0
      vertex 166.80000000000001 -60.200000000000003 0
    endloop
  endfacet
  facet normal 0 0 1
    outer loop
      vertex 166.80000000000001 -60.200000000000003 0
      vertex 171.80000000000001 -60.200000000000003 0
      vertex 171.80000000000001 -60 0
    endloop
  endfacet
  facet normal 0 0 1
    outer loop
      vertex 166.80000000000001 -60.200000000000003 0
      vertex 171.80000000000001 -60 0
      vertex 166.80000000000001 -60 0
    endloop
  endfacet
  facet normal 0 0 1
    outer loop
      vertex 166.80000000000001 -60 0
      vertex 171.80000000000001 -60 0
      vertex 171.80000000000001 -40.200000000000003 0
    endloop
  endfacet
  facet normal 0 0 1
    outer loop
      vertex 166.80000000000001 -60 0
      vertex 171.80000000000001 -40.200000000000003 0
      vertex 166.80000000000001 -40.200000000000003 0
    endloop
  endfacet
  facet normal 0 0 1
    outer loop
      vertex 166.80000000000001 -40.200000000000003 0
      vertex 171.80000000000001 -40.200000000000003 0
      vertex 171.80000000000001 -40 0
    endloop
  endfacet
  facet normal 0 0 1
    outer loop
      vertex 166.80000000000001 -40.200000000000003 0
      vertex 171.80000000000001 -40 0
      vertex 166.80000000000001 -40 0
    endloop
  endfacet
  facet normal 0 0 1
    outer loop
      vertex 166.80000000000001 -40 0
      vertex 171.80000000000001 -40 0
      vertex 171.80000000000001 -20.199999999999999 0
    endloop
  endfacet
  facet normal 0 0 1
    outer loop
      vertex 166.80000000000001 -40 0
      vertex 171.80000000000001 -20.199999999999999 0
      vertex 166.80000000000001 -20.199999999999999 0
    endloop
  endfacet
  facet normal 0 0 1
    outer loop
      vertex 166.80000000000001 -20.199999999999999 0
      vertex 171.80000000000001 -20.199999999999999 0
      vertex 171.80000000000001 -20 0
    endloop
  endfacet
  facet normal 0 0 1
    outer loop
      vertex 166.80000000000001 -20.199999999999999 0
      vertex 171.80000000000001 -20 0
      vertex 166.80000000000001 -20 0
    endloop
  endfacet
  facet normal 0 0 1
    outer loop
      vertex 166.80000000000001 -20 0
      vertex 171.80000000000001 -20 0
      vertex 171.80000000000001 -10.199999999999999 0
    endloop
  endfacet
  facet normal 0 0 1
    outer loop
      vertex 166.80000000000001 -20 0
      vertex 171.80000000000001 -10.199999999999999 0
      vertex 166.80000000000001 -10.199999999999999 0
    endloop
  endfacet
  facet normal 0 0 1
    outer loop
      vertex 166.80000000000001 -10.199999999999999 0
      vertex 171.80000000000001 -10.199999999999999 0
      vertex 171.80000000000001 -10 0
    endloop
  endfacet
  facet normal 0 0 1
    outer loop
      vertex 166.80000000000001 -10.199999999999999 0
      vertex 171.80000000000001 -10 0
      vertex 166.80000000000001 -10 0
    endloop
  endfacet
  facet normal 0 0 1
    outer loop
      vertex 166.80000000000001 -10 0
      vertex 171.80000000000001 -10 0
      vertex 171.80000000000001 0 0
    endloop
  endfacet
  facet normal 0 0 1
    outer loop
      vertex 166.80000000000001 -10 0
      vertex 171.80000000000001 0 0
      vertex 166.80000000000001 0 0
    endloop
  endfacet
  facet normal 0 0 1
    outer loop
      vertex 166.80000000000001 0 0
      vertex 171.80000000000001 0 0
      vertex 171.80000000000001 0.20000000000000001 0
    endloop
  endfacet
  facet normal 0 0 1
    outer loop
      vertex 166.80000000000001 20.199999999999999 0
      vertex 171.80000000000001 20.199999999999999 0
      vertex 171.80000000000001 40 0
    endloop
  endfacet
  facet normal 0 0 1
    outer loop
      vertex 166.80000000000001 20.199999999999999 0
      vertex 171.80000000000001 40 0
      vertex 166.80000000000001 40 0
    endloop
  endfacet
  facet normal 0 0 1
    outer loop
      vertex 166.80000000000001 40 0
      vertex 171.80000000000001 40 0
      vertex 171.80000000000001 40.200000000000003 0
    endloop
  endfacet
  facet normal 0 0 1
    outer loop
      vertex 171.80000000000001 -100 0
      vertex 172 -100 0
      vertex 172 -80.200000000000003 0
    endloop
  endfacet
  facet normal 0 0 1
    outer loop
      vertex 171.80000000000001 -100 0
      vertex 172 -80.200000000000003 0
      vertex 171.80000000000001 -80.200000000000003 0
    endloop
  endfacet
  facet normal 0 0 1
    outer loop
      vertex 171.80000000000001 -80.200000000000003 0
      vertex 172 -80.200000000000003 0
      vertex 172 -80 0
    endloop
  endfacet
  facet normal 0 0 1
    outer loop
      vertex 171.80000000000001 -80.200000000000003 0
      vertex 172 -80 0
      vertex 171.80000000000001 -80 0
    endloop
  endfacet
  facet normal 0 0 1
    outer loop
      vertex 171.80000000000001 -80 0
      vertex 172 -80 0
      vertex 172 -60.200000000000003 0
    endloop
  endfacet
  facet normal 0 0 1
    outer loop
      vertex 171.80000000000001 -80 0
      vertex 172 -60.200000000000003 0
      vertex 171.80000000000001 -60.200000000000003 0
    endloop
  endfacet
  facet normal 0 0 1
    outer loop
      vertex 171.80000000000001 -60.200000000000003 0
      vertex 172 -60.200000000000003 0
      vertex 172 -60 0
    endloop
  endfacet
  facet normal 0 0 1
    outer loop
      vertex 171.80000000000001 -60.200000000000003 0
      vertex 172 -60 0
      vertex 171.80000000000001 -60 0
    endloop
  endfacet
  facet normal 0 0 1
    outer loop
      vertex 171.80000000000001 -60 0
      vertex 172 -60 0
      vertex 172 -40.200000000000003 0
    endloop
  endfacet
  facet normal 0 0 1
    outer loop
      vertex 171.80000000000001 -60 0
      vertex 172 -40.200000000000003 0
      vertex 171.80000000000001 -40.200000000000003 0
    endloop
  endfacet
  facet normal 0 0 1
    outer loop
      vertex 171.80000000000001 -40.200000000000003 0
      vertex 172 -40.200000000000003 0
      vertex 172 -40 0
    endloop
  endfacet
  facet normal 0 0 1
    outer loop
      vertex 171.80000000000001 -40.200000000000003 0
      vertex 172 -40 0
      vertex 171.80000000000001 -40 0
    endloop
  endfacet
  facet normal 0 0 1
    outer loop
      vertex 171.80000000000001 -40 0
      vertex 172 -40 0
      vertex 172 -20.199999999999999 0
    endloop
  endfacet
  facet normal 0 0 1
    outer loop
      vertex 171.80000000000001 -40 0
      vertex 172 -20.199999999999999 0
      vertex 171.80000000000001 -20.199999999999999 0
    endloop
  endfacet
  facet normal 0 0 1
    outer loop
      vertex 171.80000000000001 -20.199999999999999 0
      vertex 172 -20.199999999999999 0
      vertex 172 -20 0
    endloop
  endfacet
  facet normal 0 0 1
    outer loop
      vertex 171.80000000000001 -20.199999999999999 0
      vertex 172 -20 0
      vertex 171.80000000000001 -20 0
    endloop
  endfacet
  facet normal 0 0 1
    outer loop
      vertex 171.80000000000001 -20 0
      vertex 172 -20 0
      vertex 172 -10.199999999999999 0
    endloop
  endfacet
  facet normal 0 0 1
    outer loop
      vertex 171.80000000000001 -20 0
      vertex 172 -10.199999999999999 0
      vertex 171.80000000000001 -10.199999999999999 0
    endloop
  endfacet
  facet normal 0 0 1
    outer loop
      vertex 171.80000000000001 -10.199999999999999 0
      vertex 172 -10.199999999999999 0
      vertex 172 -10 0
    endloop
  endfacet
  facet normal 0 0 1
    outer loop
      vertex 171.80000000000001 -10.199999999999999 0
      vertex 172 -10 0
      vertex 171.80000000000001 -10 0
    endloop
  endfacet
  facet normal 0 0 1
    outer loop
      vertex 171.80000000000001 -10 0
      vertex 172 -10 0
      vertex 172 0 0
    endloop
  endfacet
  facet normal 0 0 1
    outer loop
      vertex 171.80000000000001 -10 0
      vertex 172 0 0
      vertex 171.80000000000001 0 0
    endloop
  endfacet
  facet normal 0 -0.24253562503633294 0.97014250014533177
    outer loop
      vertex 171.96000000000001 0.16000000000000014 0.040000000000000036
      vertex 171.80000000000001 0 0
      vertex 172 0 0
    endloop
  endfacet
  facet normal 0 -0.24253562503633297 0.97014250014533188
    outer loop
      vertex 171.96000000000001 0.16000000000000014 0.040000000000000036
      vertex 172 0 0
      vertex 172 0.16000000000000014 0.040000000000000036
    endloop
  endfacet
  facet normal -0.24253562503633791 0 0.97014250014533066
    outer loop
      vertex 171.80000000000001 0 0
      vertex 171.96000000000001 0.16000000000000014 0.040000000000000036
      vertex 171.96000000000001 0.20000000000000001 0.040000000000000036
    endloop
  endfacet
  facet normal -0.24253562503633799 0 0.97014250014533054
    outer loop
      vertex 171.80000000000001 0 0
      vertex 171.96000000000001 0.20000000000000001 0.040000000000000036
      vertex 171.80000000000001 0.20000000000000001 0
    endloop
  endfacet
  facet normal -0.24253562503633805 0 0.97014250014533054
    outer loop
      vertex 171.96000000000001 8.0400000000000063 0.040000000000000036
      vertex 171.80000000000001 0.20000000000000001 0
      vertex 171.96000000000001 0.20000000000000001 0.040000000000000036
    endloop
  endfacet
  facet normal -0.24253562503633797 0 0.97014250014533066
    outer loop
      vertex 171.80000000000001 0.20000000000000001 0
      vertex 171.96000000000001 8.040000000000008 0.040000000000000036
      vertex 171.96000000000001 10 0.040000000000000036
    endloop
  endfacet
  facet normal -0.24253562503633805 0 0.97014250014533054
    outer loop
      vertex 171.80000000000001 0.20000000000000001 0
      vertex 171.96000000000001 10 0.040000000000000036
      vertex 171.80000000000001 10 0
    endloop
  endfacet
  facet normal -0.23570226039551848 -0.23570226039555511 0.94280904158205292
    outer loop
      vertex 171.88 10.08 0.040000000000000036
      vertex 171.80000000000001 10 0
      vertex 171.96000000000001 10 0.040000000000000036
    endloop
  endfacet
  facet normal -0.44721359550002954 0 0.89442719099988011
    outer loop
      vertex 171.80000000000001 10 0
      vertex 171.88 10.08 0.040000000000000036
      vertex 171.88 10.199999999999999 0.040000000000000036
    endloop
  endfacet
  facet normal -0.44721359550002943 0 0.89442719099988
    outer loop
      vertex 171.80000000000001 10 0
      vertex 171.88 10.199999999999999 0.040000000000000036
      vertex 171.80000000000001 10.199999999999999 0
    endloop
  endfacet
  facet normal -0.44721359550002943 0 0.89442719099988011
    outer loop
      vertex 171.88 14.120000000000003 0.040000000000000036
      vertex 171.80000000000001 10.199999999999999 0
      vertex 171.88 10.199999999999999 0.040000000000000036
    endloop
  endfacet
  facet normal -0.44721359550002954 0 0.89442719099988011
    outer loop
      vertex 171.80000000000001 10.199999999999999 0
      vertex 171.88 14.120000000000003 0.040000000000000036
      vertex 171.88 20 0.040000000000000036
    endloop
  endfacet
  facet normal -0.44721359550002948 0 0.89442719099988011
    outer loop
      vertex 171.80000000000001 10.199999999999999 0
      vertex 171.88 20 0.040000000000000036
      vertex 171.80000000000001 20 0
    endloop
  endfacet
  facet normal -0.43643578047204801 0.21821789023605792 0.87287156094392149
    outer loop
      vertex 171.96000000000001 20.16 0.040000000000000036
      vertex 171.80000000000001 20 0
      vertex 171.88 20 0.040000000000000036
    endloop
  endfacet
  facet normal -0.24253562503633819 0 0.97014250014533066
    outer loop
      vertex 171.80000000000001 20 0
      vertex 171.96000000000001 20.16 0.040000000000000036
      vertex 171.96000000000001 20.199999999999999 0.040000000000000036
    endloop
  endfacet
  facet normal -0.24253562503633808 0 0.97014250014533066
    outer loop
      vertex 171.80000000000001 20 0
      vertex 171.96000000000001 20.199999999999999 0.040000000000000036
      vertex 171.80000000000001 20.199999999999999 0
    endloop
  endfacet
  facet normal -0.24253562503633805 0 0.97014250014533066
    outer loop
      vertex 171.96000000000001 36.040000000000013 0.040000000000000036
      vertex 171.80000000000001 20.199999999999999 0
      vertex 171.96000000000001 20.199999999999999 0.040000000000000036
    endloop
  endfacet
  facet normal -0.24253562503633794 0 0.97014250014533066
    outer loop
      vertex 171.80000000000001 20.199999999999999 0
      vertex 171.96000000000001 36.040000000000013 0.040000000000000036
      vertex 171.96000000000001 40 0.040000000000000036
    endloop
  endfacet
  facet normal -0.24253562503633802 0 0.97014250014533054
    outer loop
      vertex 171.80000000000001 20.199999999999999 0
      vertex 171.96000000000001 40 0.040000000000000036
      vertex 171.80000000000001 40 0
    endloop
  endfacet
  facet normal -0.21821789023600163 -0.43643578047194509 0.87287156094398699
    outer loop
      vertex 171.85333333333335 40.053333333333335 0.040000000000000036
      vertex 171.80000000000001 40 0
      vertex 171.96000000000001 40 0.040000000000000036
    endloop
  endfacet
  facet normal -0.59999999999994036 0 0.80000000000004479
    outer loop
      vertex 171.80000000000001 40 0
      vertex 171.85333333333335 40.053333333333335 0.040000000000000036
      vertex 171.85333333333335 40.200000000000003 0.040000000000000036
    endloop
  endfacet
  facet normal -0.59999999999994036 0 0.80000000000004468
    outer loop
      vertex 171.80000000000001 40 0
      vertex 171.85333333333335 40.200000000000003 0.040000000000000036
      vertex 171.80000000000001 40.200000000000003 0
    endloop
  endfacet
  facet normal -0.59999999999994025 0 0.80000000000004479
    outer loop
      vertex 171.85333333333335 45.480000000000004 0.040000000000000036
      vertex 171.80000000000001 40.200000000000003 0
      vertex 171.85333333333335 40.200000000000003 0.040000000000000036
    endloop
  endfacet
  facet normal -0.59999999999994025 0 0.80000000000004468
    outer loop
      vertex 171.80000000000001 40.200000000000003 0
      vertex 171.85333333333335 45.480000000000004 0.040000000000000036
      vertex 171.85333333333335 60 0.040000000000000036
    endloop
  endfacet
  facet normal -0.59999999999994025 0 0.80000000000004479
    outer loop
      vertex 171.80000000000001 40.200000000000003 0
      vertex 171.85333333333335 60 0.040000000000000036
      vertex 171.80000000000001 60 0
    endloop
  endfacet
  facet normal -0.55708601453111817 0.37139067635402923 0.74278135270827284
    outer loop
      vertex 171.96000000000001 60.160000000000004 0.040000000000000036
      vertex 171.80000000000001 60 0
      vertex 171.85333333333335 60 0.040000000000000036
    endloop
  endfacet
  facet normal -0.24253562503633819 0 0.97014250014533066
    outer loop
      vertex 171.80000000000001 60 0
      vertex 171.96000000000001 60.160000000000004 0.040000000000000036
      vertex 171.96000000000001 60.200000000000003 0.040000000000000036
    endloop
  endfacet
  facet normal -0.24253562503633805 0 0.97014250014533054
    outer loop
      vertex 171.80000000000001 60 0
      vertex 171.96000000000001 60.200000000000003 0.040000000000000036
      vertex 171.80000000000001 60.200000000000003 0
    endloop
  endfacet
  facet normal -0.24253562503633805 0 0.97014250014533066
    outer loop
      vertex 171.96000000000001 76.04000000000002 0.040000000000000036
      vertex 171.80000000000001 60.200000000000003 0
      vertex 171.96000000000001 60.200000000000003 0.040000000000000036
    endloop
  endfacet
  facet normal -0.24253562503633794 0 0.97014250014533066
    outer loop
      vertex 171.80000000000001 60.200000000000003 0
      vertex 171.96000000000001 76.04000000000002 0.040000000000000036
      vertex 171.96000000000001 80 0.040000000000000036
    endloop
  endfacet
  facet normal -0.24253562503633805 0 0.97014250014533066
    outer loop
      vertex 171.80000000000001 60.200000000000003 0
      vertex 171.96000000000001 80 0.040000000000000036
      vertex 171.80000000000001 80 0
    endloop
  endfacet
  facet normal -0.24253562503633805 0 0.97014250014533066
    outer loop
      vertex 171.96000000000001 80.159999999999997 0.040000000000000036
      vertex 171.80000000000001 80 0
      vertex 171.96000000000001 80 0.040000000000000036
    endloop
  endfacet
  facet normal -0.24253562503633816 0 0.97014250014533054
    outer loop
      vertex 171.80000000000001 80 0
      vertex 171.96000000000001 80.159999999999997 0.040000000000000036
      vertex 171.96000000000001 80.200000000000003 0.040000000000000036
    endloop
  endfacet
  facet normal -0.24253562503633805 0 0.97014250014533054
    outer loop
      vertex 171.80000000000001 80 0
      vertex 171.96000000000001 80.200000000000003 0.040000000000000036
      vertex 171.80000000000001 80.200000000000003 0
    endloop
  endfacet
  facet normal -0.24253562503633805 0 0.97014250014533066
    outer loop
      vertex 171.96000000000001 96.04000000000002 0.040000000000000036
      vertex 171.80000000000001 80.200000000000003 0
      vertex 171.96000000000001 80.200000000000003 0.040000000000000036
    endloop
  endfacet
  facet normal -0.24253562503633794 0 0.97014250014533066
    outer loop
      vertex 171.80000000000001 80.200000000000003 0
      vertex 171.96000000000001 96.04000000000002 0.040000000000000036
      vertex 171.96000000000001 100 0.040000000000000036
    endloop
  endfacet
  facet normal -0.24253562503633805 0 0.97014250014533066
    outer loop
      vertex 171.80000000000001 80.200000000000003 0
      vertex 171.96000000000001 100 0.040000000000000036
      vertex 171.80000000000001 100 0
    endloop
  endfacet
  facet normal 0 0 1
    outer loop
      vertex 172 -100 0
      vertex 172.19999999999999 -100 0
      vertex 172.19999999999999 -80.200000000000003 0
    endloop
  endfacet
  facet normal 0 0 1
    outer loop
      vertex 172 -100 0
      vertex 172.19999999999999 -80.200000000000003 0
      vertex 172 -80.200000000000003 0
    endloop
  endfacet
  facet normal 0 0 1
    outer loop
      vertex 172 -80.200000000000003 0
      vertex 172.19999999999999 -80.200000000000003 0
      vertex 172.19999999999999 -80 0
    endloop
  endfacet
  facet normal 0 0 1
    outer loop
      vertex 172 -80.200000000000003 0
      vertex 172.19999999999999 -80 0
      vertex 172 -80 0
    endloop
  endfacet
  facet normal 0 0 1
    outer loop
      vertex 172 -80 0
      vertex 172.19999999999999 -80 0
      vertex 172.19999999999999 -60.200000000000003 0
    endloop
  endfacet
  facet normal 0 0 1
    outer loop
      vertex 172 -80 0
      vertex 172.19999999999999 -60.200000000000003 0
      vertex 172 -60.200000000000003 0
    endloop
  endfacet
  facet normal 0 0 1
    outer loop
      vertex 172 -60.200000000000003 0
      vertex 172.19999999999999 -60.200000000000003 0
      vertex 172.19999999999999 -60 0
    endloop
  endfacet
  facet normal 0 0 1
    outer loop
      vertex 172 -60.200000000000003 0
      vertex 172.19999999999999 -60 0
      vertex 172 -60 0
    endloop
  endfacet
  facet normal 0 0 1
    outer loop
      vertex 172 -60 0
      vertex 172.19999999999999 -60 0
      vertex 172.19999999999999 -40.200000000000003 0
    endloop
  endfacet
  facet normal 0 0 1
    outer loop
      vertex 172 -60 0
      vertex 172.19999999999999 -40.200000000000003 0
      vertex 172 -40.200000000000003 0
    endloop
  endfacet
  facet normal 0 0 1
    outer loop
      vertex 172 -40.200000000000003 0
      vertex 172.19999999999999 -40.200000000000003 0
      vertex 172.19999999999999 -40 0
    endloop
  endfacet
  facet normal 0 0 1
    outer loop
      vertex 172 -40.200000000000003 0
      vertex 172.19999999999999 -40 0
      vertex 172 -40 0
    endloop
  endfacet
  facet normal 0 0 1
    outer loop
      vertex 172 -40 0
      vertex 172.19999999999999 -40 0
      vertex 172.19999999999999 -20.199999999999999 0
    endloop
  endfacet
  facet normal 0 0 1
    outer loop
      vertex 172 -40 0
      vertex 172.19999999999999 -20.199999999999999 0
      vertex 172 -20.199999999999999 0
    endloop
  endfacet
  facet normal 0 0 1
    outer loop
      vertex 172 -20.199999999999999 0
      vertex 172.19999999999999 -20.199999999999999 0
      vertex 172.19999999999999 -20 0
    endloop
  endfacet
  facet normal 0 0 1
    outer loop
      vertex 172 -20.199999999999999 0
      vertex 172.19999999999999 -20 0
      vertex 172 -20 0
    endloop
  endfacet
  facet normal 0 0 1
    outer loop
      vertex 172 -20 0
      vertex 172.19999999999999 -20 0
      vertex 172.19999999999999 -10.199999999999999 0
    endloop
  endfacet
  facet normal 0 0 1
    outer loop
      vertex 172 -20 0
      vertex 172.19999999999999 -10.199999999999999 0
      vertex 172 -10.199999999999999 0
    endloop
  endfacet
  facet normal 0 0 1
    outer loop
      vertex 172 -10.199999999999999 0
      vertex 172.19999999999999 -10.199999999999999 0
      vertex 172.19999999999999 -10 0
    endloop
  endfacet
  facet normal 0 0 1
    outer loop
      vertex 172 -10.199999999999999 0
      vertex 172.19999999999999 -10 0
      vertex 172 -10 0
    endloop
  endfacet
  facet normal 0 0 1
    outer loop
      vertex 172 -10 0
      vertex 172.19999999999999 -10 0
      vertex 172.19999999999999 0 0
    endloop
  endfacet
  facet normal 0 0 1
    outer loop
      vertex 172 -10 0
      vertex 172.19999999999999 0 0
      vertex 172 0 0
    endloop
  endfacet
  facet normal 0 -0.24253562503633294 0.97014250014533177
    outer loop
      vertex 172.16 0.16000000000000014 0.040000000000000036
      vertex 172 0 0
      vertex 172.19999999999999 0 0
    endloop
  endfacet
  facet normal 0 -0.24253562503633297 0.97014250014533188
    outer loop
      vertex 172.16 0.16000000000000014 0.040000000000000036
      vertex 172.19999999999999 0 0
      vertex 172.19999999999999 0.16000000000000014 0.040000000000000036
    endloop
  endfacet
  facet normal 0 -0.24253562503633297 0.97014250014533188
    outer loop
      vertex 172 0.16000000000000014 0.040000000000000036
      vertex 172 0 0
      vertex 172.16 0.16000000000000014 0.040000000000000036
    endloop
  endfacet
  facet normal 0 0 1
    outer loop
      vertex 172.19999999999999 -100 0
      vertex 172.40000000000001 -100 0
      vertex 172.40000000000001 -80.200000000000003 0
    endloop
  endfacet
  facet normal 0 0 1
    outer loop
      vertex 172.19999999999999 -100 0
      vertex 172.40000000000001 -80.200000000000003 0
      vertex 172.19999999999999 -80.200000000000003 0
    endloop
  endfacet
  facet normal 0 0 1
    outer loop
      vertex 172.19999999999999 -80.200000000000003 0
      vertex 172.40000000000001 -80.200000000000003 0
      vertex 172.40000000000001 -80 0
    endloop
  endfacet
  facet normal 0 0 1
    outer loop
      vertex 172.19999999999999 -80.200000000000003 0
      vertex 172.40000000000001 -80 0
      vertex 172.19999999999999 -80 0
    endloop
  endfacet
  facet normal 0 0 1
    outer loop
      vertex 172.19999999999999 -80 0
      vertex 172.40000000000001 -80 0
      vertex 172.40000000000001 -60.200000000000003 0
    endloop
  endfacet
  facet normal 0 0 1
    outer loop
      vertex 172.19999999999999 -80 0
      vertex 172.40000000000001 -60.200000000000003 0
      vertex 172.19999999999999 -60.200000000000003 0
    endloop
  endfacet
  facet normal 0 0 1
    outer loop
      vertex 172.19999999999999 -60.200000000000003 0
      vertex 172.40000000000001 -60.200000000000003 0
      vertex 172.40000000000001 -60 0
    endloop
  endfacet
  facet normal 0 0 1
    outer loop
      vertex 172.19999999999999 -60.200000000000003 0
      vertex 172.40000000000001 -60 0
      vertex 172.19999999999999 -60 0
    endloop
  endfacet
  facet normal 0 0 1
    outer loop
      vertex 172.19999999999999 -60 0
      vertex 172.40000000000001 -60 0
      vertex 172.40000000000001 -40.200000000000003 0
    endloop
  endfacet
  facet normal 0 0 1
    outer loop
      vertex 172.19999999999999 -60 0
      vertex 172.40000000000001 -40.200000000000003 0
      vertex 172.19999999999999 -40.200000000000003 0
    endloop
  endfacet
  facet normal 0 0 1
    outer loop
      vertex 172.19999999999999 -40.200000000000003 0
      vertex 172.40000000000001 -40.200000000000003 0
      vertex 172.40000000000001 -40 0
    endloop
  endfacet
  facet normal 0 0 1
    outer loop
      vertex 172.19999999999999 -40.200000000000003 0
      vertex 172.40000000000001 -40 0
      vertex 172.19999999999999 -40 0
    endloop
  endfacet
  facet normal 0 0 1
    outer loop
      vertex 172.19999999999999 -40 0
      vertex 172.40000000000001 -40 0
      vertex 172.40000000000001 -20.199999999999999 0
    endloop
  endfacet
  facet normal 0 0 1
    outer loop
      vertex 172.19999999999999 -40 0
      vertex 172.40000000000001 -20.199999999999999 0
      vertex 172.19999999999999 -20.199999999999999 0
    endloop
  endfacet
  facet normal 0 0 1
    outer loop
      vertex 172.19999999999999 -20.199999999999999 0
      vertex 172.40000000000001 -20.199999999999999 0
      vertex 172.40000000000001 -20 0
    endloop
  endfacet
  facet normal 0 0 1
    outer loop
      vertex 172.19999999999999 -20.199999999999999 0
      vertex 172.40000000000001 -20 0
      vertex 172.19999999999999 -20 0
    endloop
  endfacet
  facet normal 0 0 1
    outer loop
      vertex 172.19999999999999 -20 0
      vertex 172.40000000000001 -20 0
      vertex 172.40000000000001 -10.199999999999999 0
    endloop
  endfacet
  facet normal 0 0 1
    outer loop
      vertex 172.19999999999999 -20 0
      vertex 172.40000000000001 -10.199999999999999 0
      vertex 172.19999999999999 -10.199999999999999 0
    endloop
  endfacet
  facet normal 0 0 1
    outer loop
      vertex 172.19999999999999 -10.199999999999999 0
      vertex 172.40000000000001 -10.199999999999999 0
      vertex 172.40000000000001 -10 0
    endloop
  endfacet
  facet normal 0 0 1
    outer loop
      vertex 172.19999999999999 -10.199999999999999 0
      vertex 172.40000000000001 -10 0
      vertex 172.19999999999999 -10 0
    endloop
  endfacet
  facet normal 0 0 1
    outer loop
      vertex 172.19999999999999 -10 0
      vertex 172.40000000000001 -10 0
      vertex 172.40000000000001 0 0
    endloop
  endfacet
  facet normal 0 0 1
    outer loop
      vertex 172.19999999999999 -10 0
      vertex 172.40000000000001 0 0
      vertex 172.19999999999999 0 0
    endloop
  endfacet
  facet normal 0 0 1
    outer loop
      vertex 172.19999999999999 0 0
      vertex 172.40000000000001 0 0
      vertex 172.40000000000001 0.20000000000000001 0
    endloop
  endfacet
  facet normal 0.23570226039549688 -0.23570226039551698 0.94280904158206791
    outer loop
      vertex 172.19999999999999 0.16000000000000014 0.040000000000000036
      vertex 172.19999999999999 0 0
      vertex 172.40000000000001 0.20000000000000001 0
    endloop
  endfacet
  facet normal 0.23570226039548584 -0.23570226039543971 0.94280904158208989
    outer loop
      vertex 172.19999999999999 0.16000000000000014 0.040000000000000036
      vertex 172.40000000000001 0.20000000000000001 0
      vertex 172.23999999999998 0.20000000000000001 0.040000000000000036
    endloop
  endfacet
  facet normal 0.2425356250362975 0 0.97014250014534076
    outer loop
      vertex 172.23999999999998 2.1599999999999921 0.040000000000000036
      vertex 172.23999999999998 0.20000000000000001 0.040000000000000036
      vertex 172.40000000000001 0.20000000000000001 0
    endloop
  endfacet
  facet normal 0.24253562503629747 0 0.97014250014534065
    outer loop
      vertex 172.23999999999998 2.1599999999999921 0.040000000000000036
      vertex 172.40000000000001 0.20000000000000001 0
      vertex 172.40000000000001 10 0
    endloop
  endfacet
  facet normal 0.24253562503629747 -0 0.97014250014534065
    outer loop
      vertex 172.23999999999998 2.1599999999999939 0.040000000000000036
      vertex 172.40000000000001 10 0
      vertex 172.23999999999998 10 0.040000000000000036
    endloop
  endfacet
  facet normal 0.24253562503629753 0 0.97014250014534087
    outer loop
      vertex 172.23999999999998 10.039999999999999 0.040000000000000036
      vertex 172.23999999999998 10 0.040000000000000036
      vertex 172.40000000000001 10 0
    endloop
  endfacet
  facet normal 0.24253562503629753 0 0.97014250014534087
    outer loop
      vertex 172.23999999999998 10.039999999999999 0.040000000000000036
      vertex 172.40000000000001 10 0
      vertex 172.40000000000001 10.199999999999999 0
    endloop
  endfacet
  facet normal 0.43643578047192982 -0.21821789023599883 0.87287156094399532
    outer loop
      vertex 172.23999999999998 10.039999999999999 0.040000000000000036
      vertex 172.40000000000001 10.199999999999999 0
      vertex 172.31999999999999 10.199999999999999 0.040000000000000036
    endloop
  endfacet
  facet normal 0.44721359549990231 0 0.89442719099994361
    outer loop
      vertex 172.31999999999999 16.079999999999995 0.040000000000000036
      vertex 172.31999999999999 10.199999999999999 0.040000000000000036
      vertex 172.40000000000001 10.199999999999999 0
    endloop
  endfacet
  facet normal 0.44721359549990231 0 0.89442719099994372
    outer loop
      vertex 172.31999999999999 16.079999999999995 0.040000000000000036
      vertex 172.40000000000001 10.199999999999999 0
      vertex 172.40000000000001 20 0
    endloop
  endfacet
  facet normal 0.44721359549990231 -0 0.89442719099994361
    outer loop
      vertex 172.31999999999999 16.079999999999998 0.040000000000000036
      vertex 172.40000000000001 20 0
      vertex 172.31999999999999 20 0.040000000000000036
    endloop
  endfacet
  facet normal 0.44721359549990236 0 0.89442719099994372
    outer loop
      vertex 172.31999999999999 20.120000000000001 0.040000000000000036
      vertex 172.31999999999999 20 0.040000000000000036
      vertex 172.40000000000001 20 0
    endloop
  endfacet
  facet normal 0.44721359549990247 0 0.89442719099994372
    outer loop
      vertex 172.31999999999999 20.120000000000001 0.040000000000000036
      vertex 172.40000000000001 20 0
      vertex 172.40000000000001 20.199999999999999 0
    endloop
  endfacet
  facet normal 0.23570226039548095 0.23570226039552283 0.94280904158207035
    outer loop
      vertex 172.31999999999999 20.120000000000001 0.040000000000000036
      vertex 172.40000000000001 20.199999999999999 0
      vertex 172.23999999999998 20.199999999999999 0.040000000000000036
    endloop
  endfacet
  facet normal 0.2425356250362975 0 0.97014250014534076
    outer loop
      vertex 172.23999999999998 24.159999999999986 0.040000000000000036
      vertex 172.23999999999998 20.199999999999999 0.040000000000000036
      vertex 172.40000000000001 20.199999999999999 0
    endloop
  endfacet
  facet normal 0.2425356250362975 0 0.97014250014534087
    outer loop
      vertex 172.23999999999998 24.159999999999986 0.040000000000000036
      vertex 172.40000000000001 20.199999999999999 0
      vertex 172.40000000000001 40 0
    endloop
  endfacet
  facet normal 0.2425356250362975 -0 0.97014250014534076
    outer loop
      vertex 172.23999999999998 24.159999999999986 0.040000000000000036
      vertex 172.40000000000001 40 0
      vertex 172.23999999999998 40 0.040000000000000036
    endloop
  endfacet
  facet normal 0.24253562503629753 0 0.97014250014534087
    outer loop
      vertex 172.23999999999998 40.039999999999999 0.040000000000000036
      vertex 172.23999999999998 40 0.040000000000000036
      vertex 172.40000000000001 40 0
    endloop
  endfacet
  facet normal 0.24253562503629755 0 0.97014250014534076
    outer loop
      vertex 172.23999999999998 40.039999999999999 0.040000000000000036
      vertex 172.40000000000001 40 0
      vertex 172.40000000000001 40.200000000000003 0
    endloop
  endfacet
  facet normal 0.55708601453109763 -0.37139067635411455 0.74278135270824552
    outer loop
      vertex 172.23999999999998 40.039999999999999 0.040000000000000036
      vertex 172.40000000000001 40.200000000000003 0
      vertex 172.34666666666666 40.200000000000003 0.040000000000000036
    endloop
  endfacet
  facet normal 0.59999999999994025 0 0.80000000000004479
    outer loop
      vertex 172.34666666666666 54.719999999999999 0.040000000000000036
      vertex 172.34666666666666 40.200000000000003 0.040000000000000036
      vertex 172.40000000000001 40.200000000000003 0
    endloop
  endfacet
  facet normal 0.59999999999994025 0 0.8000000000000449
    outer loop
      vertex 172.34666666666666 54.719999999999999 0.040000000000000036
      vertex 172.40000000000001 40.200000000000003 0
      vertex 172.40000000000001 60 0
    endloop
  endfacet
  facet normal 0.59999999999994025 -0 0.80000000000004479
    outer loop
      vertex 172.34666666666666 54.719999999999999 0.040000000000000036
      vertex 172.40000000000001 60 0
      vertex 172.34666666666666 60 0.040000000000000036
    endloop
  endfacet
  facet normal 0.59999999999994025 0 0.80000000000004479
    outer loop
      vertex 172.34666666666666 60.146666666666668 0.040000000000000036
      vertex 172.34666666666666 60 0.040000000000000036
      vertex 172.40000000000001 60 0
    endloop
  endfacet
  facet normal 0.59999999999994036 0 0.80000000000004468
    outer loop
      vertex 172.34666666666666 60.146666666666668 0.040000000000000036
      vertex 172.40000000000001 60 0
      vertex 172.40000000000001 60.200000000000003 0
    endloop
  endfacet
  facet normal 0.21821789023596105 0.43643578047198023 0.87287156094397977
    outer loop
      vertex 172.34666666666666 60.146666666666668 0.040000000000000036
      vertex 172.40000000000001 60.200000000000003 0
      vertex 172.23999999999998 60.200000000000003 0.040000000000000036
    endloop
  endfacet
  facet normal 0.24253562503629753 0 0.97014250014534087
    outer loop
      vertex 172.23999999999998 64.159999999999982 0.040000000000000036
      vertex 172.23999999999998 60.200000000000003 0.040000000000000036
      vertex 172.40000000000001 60.200000000000003 0
    endloop
  endfacet
  facet normal 0.2425356250362975 0 0.97014250014534087
    outer loop
      vertex 172.23999999999998 64.159999999999982 0.040000000000000036
      vertex 172.40000000000001 60.200000000000003 0
      vertex 172.40000000000001 80 0
    endloop
  endfacet
  facet normal 0.24253562503629747 -0 0.97014250014534076
    outer loop
      vertex 172.23999999999998 64.159999999999997 0.040000000000000036
      vertex 172.40000000000001 80 0
      vertex 172.23999999999998 80 0.040000000000000036
    endloop
  endfacet
  facet normal 0.2425356250362975 0 0.97014250014534076
    outer loop
      vertex 172.23999999999998 80.040000000000006 0.040000000000000036
      vertex 172.23999999999998 80 0.040000000000000036
      vertex 172.40000000000001 80 0
    endloop
  endfacet
  facet normal 0.24253562503629755 0 0.97014250014534076
    outer loop
      vertex 172.23999999999998 80.040000000000006 0.040000000000000036
      vertex 172.40000000000001 80 0
      vertex 172.40000000000001 80.200000000000003 0
    endloop
  endfacet
  facet normal 0.24253562503629753 -0 0.97014250014534087
    outer loop
      vertex 172.23999999999998 80.040000000000006 0.040000000000000036
      vertex 172.40000000000001 80.200000000000003 0
      vertex 172.23999999999998 80.200000000000003 0.040000000000000036
    endloop
  endfacet
  facet normal 0.24253562503629753 0 0.97014250014534087
    outer loop
      vertex 172.23999999999998 84.159999999999982 0.040000000000000036
      vertex 172.23999999999998 80.200000000000003 0.040000000000000036
      vertex 172.40000000000001 80.200000000000003 0
    endloop
  endfacet
  facet normal 0.2425356250362975 0 0.97014250014534087
    outer loop
      vertex 172.23999999999998 84.159999999999982 0.040000000000000036
      vertex 172.40000000000001 80.200000000000003 0
      vertex 172.40000000000001 100 0
    endloop
  endfacet
  facet normal 0.24253562503629747 -0 0.97014250014534076
    outer loop
      vertex 172.23999999999998 84.159999999999997 0.040000000000000036
      vertex 172.40000000000001 100 0
      vertex 172.23999999999998 100 0.040000000000000036
    endloop
  endfacet
  facet normal 0.0079997440122869124 -0.59998080092155248 0.7999744012287332
    outer loop
      vertex 174.40000000000001 -80.120000000000005 0.040000000000000036
      vertex 172.40000000000001 -80.200000000000003 0
      vertex 177.40000000000001 -80.13333333333334 0
    endloop
  endfacet
  facet normal 0.0079997440122878006 -0.5999808009214912 0.79997440122877927
    outer loop
      vertex 174.40000000000001 -80.120000000000005 0.040000000000000036
      vertex 177.40000000000001 -80.13333333333334 0
      vertex 177.40000000000001 -80.079999999999998 0.040000000000000036
    endloop
  endfacet
  facet normal -0.019996001199600162 0 0.99980005998000709
    outer loop
      vertex 172.40000000000001 -80.200000000000003 0
      vertex 174.40000000000001 -80.120000000000005 0.040000000000000036
      vertex 174.40000000000001 -80 0.040000000000000036
    endloop
  endfacet
  facet normal -0.019996001199600159 0 0.99980005998000687
    outer loop
      vertex 172.40000000000001 -80.200000000000003 0
      vertex 174.40000000000001 -80 0.040000000000000036
      vertex 172.40000000000001 -80 0
    endloop
  endfacet
  facet normal -0.019996001199600159 0 0.99980005998000698
    outer loop
      vertex 174.40000000000001 -72.079999999999998 0.040000000000000036
      vertex 172.40000000000001 -80 0
      vertex 174.40000000000001 -80 0.040000000000000036
    endloop
  endfacet
  facet normal -0.019996001199600155 0 0.99980005998000698
    outer loop
      vertex 172.40000000000001 -80 0
      vertex 174.40000000000001 -72.079999999999998 0.040000000000000036
      vertex 174.40000000000001 -60.200000000000003 0.040000000000000036
    endloop
  endfacet
  facet normal -0.019996001199600155 0 0.99980005998000698
    outer loop
      vertex 172.40000000000001 -80 0
      vertex 174.40000000000001 -60.200000000000003 0.040000000000000036
      vertex 172.40000000000001 -60.200000000000003 0
    endloop
  endfacet
  facet normal -0.019399198732644226 0.24248998415804721 0.96995993663221036
    outer loop
      vertex 176.40000000000001 -60.039999999999999 0.040000000000000036
      vertex 172.40000000000001 -60.200000000000003 0
      vertex 174.40000000000001 -60.200000000000003 0.040000000000000036
    endloop
  endfacet
  facet normal -0.0099995000374968872 0 0.99995000374968768
    outer loop
      vertex 172.40000000000001 -60.200000000000003 0
      vertex 176.40000000000001 -60.039999999999999 0.040000000000000036
      vertex 176.40000000000001 -60 0.040000000000000036
    endloop
  endfacet
  facet normal -0.0099995000374968855 0 0.99995000374968745
    outer loop
      vertex 172.40000000000001 -60.200000000000003 0
      vertex 176.40000000000001 -60 0.040000000000000036
      vertex 172.40000000000001 -60 0
    endloop
  endfacet
  facet normal -0.0099995000374968838 0 0.99995000374968757
    outer loop
      vertex 176.40000000000001 -44.159999999999989 0.040000000000000036
      vertex 172.40000000000001 -60 0
      vertex 176.40000000000001 -60 0.040000000000000036
    endloop
  endfacet
  facet normal -0.0099995000374968872 0 0.99995000374968757
    outer loop
      vertex 172.40000000000001 -60 0
      vertex 176.40000000000001 -44.159999999999989 0.040000000000000036
      vertex 176.40000000000001 -40.200000000000003 0.040000000000000036
    endloop
  endfacet
  facet normal -0.0099995000374968838 0 0.99995000374968757
    outer loop
      vertex 172.40000000000001 -60 0
      vertex 176.40000000000001 -40.200000000000003 0.040000000000000036
      vertex 172.40000000000001 -40.200000000000003 0
    endloop
  endfacet
  facet normal -0.0097009684960298465 -0.24252421240075134 0.97009684960298381
    outer loop
      vertex 174.40000000000001 -40.120000000000005 0.040000000000000036
      vertex 172.40000000000001 -40.200000000000003 0
      vertex 176.40000000000001 -40.200000000000003 0.040000000000000036
    endloop
  endfacet
  facet normal -0.019996001199600162 0 0.99980005998000709
    outer loop
      vertex 172.40000000000001 -40.200000000000003 0
      vertex 174.40000000000001 -40.120000000000005 0.040000000000000036
      vertex 174.40000000000001 -40 0.040000000000000036
    endloop
  endfacet
  facet normal -0.019996001199600159 0 0.99980005998000687
    outer loop
      vertex 172.40000000000001 -40.200000000000003 0
      vertex 174.40000000000001 -40 0.040000000000000036
      vertex 172.40000000000001 -40 0
    endloop
  endfacet
  facet normal -0.019996001199600159 0 0.99980005998000698
    outer loop
      vertex 174.40000000000001 -32.079999999999991 0.040000000000000036
      vertex 172.40000000000001 -40 0
      vertex 174.40000000000001 -40 0.040000000000000036
    endloop
  endfacet
  facet normal -0.019996001199600155 0 0.99980005998000698
    outer loop
      vertex 172.40000000000001 -40 0
      vertex 174.40000000000001 -32.079999999999991 0.040000000000000036
      vertex 174.40000000000001 -20.199999999999999 0.040000000000000036
    endloop
  endfacet
  facet normal -0.019996001199600155 0 0.99980005998000698
    outer loop
      vertex 172.40000000000001 -40 0
      vertex 174.40000000000001 -20.199999999999999 0.040000000000000036
      vertex 172.40000000000001 -20.199999999999999 0
    endloop
  endfacet
  facet normal -0.019399198732644198 0.24248998415805226 0.96995993663220903
    outer loop
      vertex 176.40000000000001 -20.039999999999999 0.040000000000000036
      vertex 172.40000000000001 -20.199999999999999 0
      vertex 174.40000000000001 -20.199999999999999 0.040000000000000036
    endloop
  endfacet
  facet normal -0.0099995000374968872 0 0.99995000374968768
    outer loop
      vertex 172.40000000000001 -20.199999999999999 0
      vertex 176.40000000000001 -20.039999999999999 0.040000000000000036
      vertex 176.40000000000001 -20 0.040000000000000036
    endloop
  endfacet
  facet normal -0.0099995000374968838 0 0.99995000374968745
    outer loop
      vertex 172.40000000000001 -20.199999999999999 0
      vertex 176.40000000000001 -20 0.040000000000000036
      vertex 172.40000000000001 -20 0
    endloop
  endfacet
  facet normal -0.0099995000374968838 0 0.99995000374968757
    outer loop
      vertex 176.40000000000001 -12.159999999999993 0.040000000000000036
      vertex 172.40000000000001 -20 0
      vertex 176.40000000000001 -20 0.040000000000000036
    endloop
  endfacet
  facet normal -0.009999500037496889 0 0.99995000374968757
    outer loop
      vertex 172.40000000000001 -20 0
      vertex 176.40000000000001 -12.159999999999993 0.040000000000000036
      vertex 176.40000000000001 -10.199999999999999 0.040000000000000036
    endloop
  endfacet
  facet normal -0.0099995000374968855 0 0.99995000374968757
    outer loop
      vertex 172.40000000000001 -20 0
      vertex 176.40000000000001 -10.199999999999999 0.040000000000000036
      vertex 172.40000000000001 -10.199999999999999 0
    endloop
  endfacet
  facet normal -0.0097009684960298603 -0.24252421240074629 0.97009684960298515
    outer loop
      vertex 174.40000000000001 -10.119999999999999 0.040000000000000036
      vertex 172.40000000000001 -10.199999999999999 0
      vertex 176.40000000000001 -10.199999999999999 0.040000000000000036
    endloop
  endfacet
  facet normal -0.019996001199600159 0 0.99980005998000698
    outer loop
      vertex 172.40000000000001 -10.199999999999999 0
      vertex 174.40000000000001 -10.119999999999999 0.040000000000000036
      vertex 174.40000000000001 -10 0.040000000000000036
    endloop
  endfacet
  facet normal -0.019996001199600159 0 0.99980005998000687
    outer loop
      vertex 172.40000000000001 -10.199999999999999 0
      vertex 174.40000000000001 -10 0.040000000000000036
      vertex 172.40000000000001 -10 0
    endloop
  endfacet
  facet normal -0.019996001199600159 0 0.99980005998000709
    outer loop
      vertex 174.40000000000001 -5.9999999999999964 0.040000000000000036
      vertex 172.40000000000001 -10 0
      vertex 174.40000000000001 -10 0.040000000000000036
    endloop
  endfacet
  facet normal -0.019996001199600159 0 0.99980005998000698
    outer loop
      vertex 172.40000000000001 -10 0
      vertex 174.40000000000001 -5.9999999999999964 0.040000000000000036
      vertex 174.40000000000001 0 0.040000000000000036
    endloop
  endfacet
  facet normal -0.019996001199600159 0 0.99980005998000709
    outer loop
      vertex 172.40000000000001 -10 0
      vertex 174.40000000000001 0 0.040000000000000036
      vertex 172.40000000000001 0 0
    endloop
  endfacet
  facet normal -0.017885682339724086 0.44714205849310235 0.89428411698620347
    outer loop
      vertex 172.40000000000001 0 0
      vertex 174.40000000000001 0 0.040000000000000036
      vertex 177.40000000000001 0.11999999999999994 0.040000000000000036
    endloop
  endfacet
  facet normal -0.017885682339724075 0.44714205849310185 0.89428411698620369
    outer loop
      vertex 172.40000000000001 0 0
      vertex 177.40000000000001 0.11999999999999994 0.040000000000000036
      vertex 177.40000000000001 0.20000000000000001 0
    endloop
  endfacet
  facet normal 0 0 1
    outer loop
      vertex 172.40000000000001 0 0
      vertex 177.40000000000001 0.20000000000000001 0
      vertex 172.40000000000001 0.20000000000000001 0
    endloop
  endfacet
  facet normal 0 0 1
    outer loop
      vertex 172.40000000000001 0.20000000000000001 0
      vertex 177.40000000000001 0.20000000000000001 0
      vertex 177.40000000000001 10 0
    endloop
  endfacet
  facet normal 0 0 1
    outer loop
      vertex 172.40000000000001 0.20000000000000001 0
      vertex 177.40000000000001 10 0
      vertex 172.40000000000001 10 0
    endloop
  endfacet
  facet normal 0 0 1
    outer loop
      vertex 172.40000000000001 10 0
      vertex 177.40000000000001 10 0
      vertex 177.40000000000001 10.199999999999999 0
    endloop
  endfacet
  facet normal 0 0 1
    outer loop
      vertex 172.40000000000001 10 0
      vertex 177.40000000000001 10.199999999999999 0
      vertex 172.40000000000001 10.199999999999999 0
    endloop
  endfacet
  facet normal 0 0 1
    outer loop
      vertex 172.40000000000001 10.199999999999999 0
      vertex 177.40000000000001 10.199999999999999 0
      vertex 177.40000000000001 20 0
    endloop
  endfacet
  facet normal 0 0 1
    outer loop
      vertex 172.40000000000001 10.199999999999999 0
      vertex 177.40000000000001 20 0
      vertex 172.40000000000001 20 0
    endloop
  endfacet
  facet normal 0 0 1
    outer loop
      vertex 172.40000000000001 20 0
      vertex 177.40000000000001 20 0
      vertex 177.40000000000001 20.199999999999999 0
    endloop
  endfacet
  facet normal 0 0 1
    outer loop
      vertex 172.40000000000001 20 0
      vertex 177.40000000000001 20.199999999999999 0
      vertex 172.40000000000001 20.199999999999999 0
    endloop
  endfacet
  facet normal 0 0 1
    outer loop
      vertex 172.40000000000001 20.199999999999999 0
      vertex 177.40000000000001 20.199999999999999 0
      vertex 177.40000000000001 40 0
    endloop
  endfacet
  facet normal 0 0 1
    outer loop
      vertex 172.40000000000001 20.199999999999999 0
      vertex 177.40000000000001 40 0
      vertex 172.40000000000001 40 0
    endloop
  endfacet
  facet normal 0 0 1
    outer loop
      vertex 172.40000000000001 40 0
      vertex 177.40000000000001 40 0
      vertex 177.40000000000001 40.200000000000003 0
    endloop
  endfacet
  facet normal 0 0 1
    outer loop
      vertex 172.40000000000001 40 0
      vertex 177.40000000000001 40.200000000000003 0
      vertex 172.40000000000001 40.200000000000003 0
    endloop
  endfacet
  facet normal 0 0 1
    outer loop
      vertex 172.40000000000001 40.200000000000003 0
      vertex 177.40000000000001 40.200000000000003 0
      vertex 177.40000000000001 60 0
    endloop
  endfacet
  facet normal 0 0 1
    outer loop
      vertex 172.40000000000001 40.200000000000003 0
      vertex 177.40000000000001 60 0
      vertex 172.40000000000001 60 0
    endloop
  endfacet
  facet normal 0 0 1
    outer loop
      vertex 172.40000000000001 60 0
      vertex 177.40000000000001 60 0
      vertex 177.40000000000001 60.200000000000003 0
    endloop
  endfacet
  facet normal 0 0 1
    outer loop
      vertex 172.40000000000001 60 0
      vertex 177.40000000000001 60.200000000000003 0
      vertex 172.40000000000001 60.200000000000003 0
    endloop
  endfacet
  facet normal 0 0 1
    outer loop
      vertex 172.40000000000001 60.200000000000003 0
      vertex 177.40000000000001 60.200000000000003 0
      vertex 177.40000000000001 80 0
    endloop
  endfacet
  facet normal 0 0 1
    outer loop
      vertex 172.40000000000001 60.200000000000003 0
      vertex 177.40000000000001 80 0
      vertex 172.40000000000001 80 0
    endloop
  endfacet
  facet normal 0 0 1
    outer loop
      vertex 172.40000000000001 80 0
      vertex 177.40000000000001 80 0
      vertex 177.40000000000001 80.200000000000003 0
    endloop
  endfacet
  facet normal 0 0 1
    outer loop
      vertex 172.40000000000001 80 0
      vertex 177.40000000000001 80.200000000000003 0
      vertex 172.40000000000001 80.200000000000003 0
    endloop
  endfacet
  facet normal 0 0 1
    outer loop
      vertex 172.40000000000001 80.200000000000003 0
      vertex 177.40000000000001 80.200000000000003 0
      vertex 177.40000000000001 100 0
    endloop
  endfacet
  facet normal 0 0 1
    outer loop
      vertex 172.40000000000001 80.200000000000003 0
      vertex 177.40000000000001 100 0
      vertex 172.40000000000001 100 0
    endloop
  endfacet
  facet normal 0 -0.59999999999994025 0.80000000000004479
    outer loop
      vertex 177.52000000000001 -80.079999999999998 0.040000000000000036
      vertex 177.46666666666667 -80.13333333333334 0
      vertex 177.59999999999999 -80.13333333333334 0
    endloop
  endfacet
  facet normal 0 -0.59999999999994025 0.80000000000004479
    outer loop
      vertex 177.52000000000001 -80.079999999999998 0.040000000000000036
      vertex 177.59999999999999 -80.13333333333334 0
      vertex 177.59999999999999 -80.079999999999998 0.040000000000000036
    endloop
  endfacet
  facet normal 0 -0.59999999999994025 0.80000000000004479
    outer loop
      vertex 177.40000000000001 -80.079999999999998 0.040000000000000036
      vertex 177.40000000000001 -80.13333333333334 0
      vertex 177.46666666666667 -80.13333333333334 0
    endloop
  endfacet
  facet normal 0 -0.59999999999994036 0.8000000000000449
    outer loop
      vertex 177.40000000000001 -80.079999999999998 0.040000000000000036
      vertex 177.46666666666667 -80.13333333333334 0
      vertex 177.52000000000001 -80.079999999999998 0.040000000000000036
    endloop
  endfacet
  facet normal -0 0.44721359549995793 0.89442719099991586
    outer loop
      vertex 177.52000000000001 0.11999999999999994 0.040000000000000036
      vertex 177.59999999999999 0.11999999999999994 0.040000000000000036
      vertex 177.59999999999999 0.20000000000000001 0
    endloop
  endfacet
  facet normal -0 0.44721359549995793 0.89442719099991586
    outer loop
      vertex 177.40000000000001 0.11999999999999994 0.040000000000000036
      vertex 177.52000000000001 0.11999999999999994 0.040000000000000036
      vertex 177.59999999999999 0.20000000000000001 0
    endloop
  endfacet
  facet normal 0 0.44721359549995798 0.89442719099991597
    outer loop
      vertex 177.40000000000001 0.11999999999999994 0.040000000000000036
      vertex 177.59999999999999 0.20000000000000001 0
      vertex 177.40000000000001 0.20000000000000001 0
    endloop
  endfacet
  facet normal 0 0 1
    outer loop
      vertex 177.40000000000001 0.20000000000000001 0
      vertex 177.59999999999999 0.20000000000000001 0
      vertex 177.59999999999999 10 0
    endloop
  endfacet
  facet normal 0 0 1
    outer loop
      vertex 177.40000000000001 0.20000000000000001 0
      vertex 177.59999999999999 10 0
      vertex 177.40000000000001 10 0
    endloop
  endfacet
  facet normal 0 0 1
    outer loop
      vertex 177.40000000000001 10 0
      vertex 177.59999999999999 10 0
      vertex 177.59999999999999 10.199999999999999 0
    endloop
  endfacet
  facet normal 0 0 1
    outer loop
      vertex 177.40000000000001 10 0
      vertex 177.59999999999999 10.199999999999999 0
      vertex 177.40000000000001 10.199999999999999 0
    endloop
  endfacet
  facet normal 0 0 1
    outer loop
      vertex 177.40000000000001 10.199999999999999 0
      vertex 177.59999999999999 10.199999999999999 0
      vertex 177.59999999999999 20 0
    endloop
  endfacet
  facet normal 0 0 1
    outer loop
      vertex 177.40000000000001 10.199999999999999 0
      vertex 177.59999999999999 20 0
      vertex 177.40000000000001 20 0
    endloop
  endfacet
  facet normal 0 0 1
    outer loop
      vertex 177.40000000000001 20 0
      vertex 177.59999999999999 20 0
      vertex 177.59999999999999 20.199999999999999 0
    endloop
  endfacet
  facet normal 0 0 1
    outer loop
      vertex 177.40000000000001 20 0
      vertex 177.59999999999999 20.199999999999999 0
      vertex 177.40000000000001 20.199999999999999 0
    endloop
  endfacet
  facet normal 0 0 1
    outer loop
      vertex 177.40000000000001 20.199999999999999 0
      vertex 177.59999999999999 20.199999999999999 0
      vertex 177.59999999999999 40 0
    endloop
  endfacet
  facet normal 0 0 1
    outer loop
      vertex 177.40000000000001 20.199999999999999 0
      vertex 177.59999999999999 40 0
      vertex 177.40000000000001 40 0
    endloop
  endfacet
  facet normal 0 0 1
    outer loop
      vertex 177.40000000000001 40 0
      vertex 177.59999999999999 40 0
      vertex 177.59999999999999 40.200000000000003 0
    endloop
  endfacet
  facet normal 0 0 1
    outer loop
      vertex 177.40000000000001 40 0
      vertex 177.59999999999999 40.200000000000003 0
      vertex 177.40000000000001 40.200000000000003 0
    endloop
  endfacet
  facet normal 0 0 1
    outer loop
      vertex 177.40000000000001 40.200000000000003 0
      vertex 177.59999999999999 40.200000000000003 0
      vertex 177.59999999999999 60 0
    endloop
  endfacet
  facet normal 0 0 1
    outer loop
      vertex 177.40000000000001 40.200000000000003 0
      vertex 177.59999999999999 60 0
      vertex 177.40000000000001 60 0
    endloop
  endfacet
  facet normal 0 0 1
    outer loop
      vertex 177.40000000000001 60 0
      vertex 177.59999999999999 60 0
      vertex 177.59999999999999 60.200000000000003 0
    endloop
  endfacet
  facet normal 0 0 1
    outer loop
      vertex 177.40000000000001 60 0
      vertex 177.59999999999999 60.200000000000003 0
      vertex 177.40000000000001 60.200000000000003 0
    endloop
  endfacet
  facet normal 0 0 1
    outer loop
      vertex 177.40000000000001 60.200000000000003 0
      vertex 177.59999999999999 60.200000000000003 0
      vertex 177.59999999999999 80 0
    endloop
  endfacet
  facet normal 0 0 1
    outer loop
      vertex 177.40000000000001 60.200000000000003 0
      vertex 177.59999999999999 80 0
      vertex 177.40000000000001 80 0
    endloop
  endfacet
  facet normal 0 0 1
    outer loop
      vertex 177.40000000000001 80 0
      vertex 177.59999999999999 80 0
      vertex 177.59999999999999 80.200000000000003 0
    endloop
  endfacet
  facet normal 0 0 1
    outer loop
      vertex 177.40000000000001 80 0
      vertex 177.59999999999999 80.200000000000003 0
      vertex 177.40000000000001 80.200000000000003 0
    endloop
  endfacet
  facet normal 0 0 1
    outer loop
      vertex 177.40000000000001 80.200000000000003 0
      vertex 177.59999999999999 80.200000000000003 0
      vertex 177.59999999999999 100 0
    endloop
  endfacet
  facet normal 0 0 1
    outer loop
      vertex 177.40000000000001 80.200000000000003 0
      vertex 177.59999999999999 100 0
      vertex 177.40000000000001 100 0
    endloop
  endfacet
  facet normal 0 -0.59999999999994036 0.80000000000004468
    outer loop
      vertex 178.79999999999998 -80.079999999999998 0.040000000000000036
      vertex 178.26666666666665 -80.13333333333334 0
      vertex 179.59999999999999 -80.13333333333334 0
    endloop
  endfacet
  facet normal 0 -0.59999999999994036 0.80000000000004468
    outer loop
      vertex 178.79999999999998 -80.079999999999998 0.040000000000000036
      vertex 179.59999999999999 -80.13333333333334 0
      vertex 179.59999999999999 -80.079999999999998 0.040000000000000036
    endloop
  endfacet
  facet normal 0 -0.59999999999994025 0.80000000000004468
    outer loop
      vertex 177.59999999999999 -80.079999999999998 0.040000000000000036
      vertex 177.59999999999999 -80.13333333333334 0
      vertex 178.26666666666665 -80.13333333333334 0
    endloop
  endfacet
  facet normal 0 -0.59999999999994025 0.80000000000004468
    outer loop
      vertex 177.59999999999999 -80.079999999999998 0.040000000000000036
      vertex 178.26666666666665 -80.13333333333334 0
      vertex 178.79999999999998 -80.079999999999998 0.040000000000000036
    endloop
  endfacet
  facet normal -0 0.44721359549995793 0.89442719099991586
    outer loop
      vertex 178.79999999999998 0.11999999999999994 0.040000000000000036
      vertex 179.59999999999999 0.11999999999999994 0.040000000000000036
      vertex 179.59999999999999 0.20000000000000001 0
    endloop
  endfacet
  facet normal -0 0.44721359549995793 0.89442719099991586
    outer loop
      vertex 177.59999999999999 0.11999999999999994 0.040000000000000036
      vertex 178.79999999999998 0.11999999999999994 0.040000000000000036
      vertex 179.59999999999999 0.20000000000000001 0
    endloop
  endfacet
  facet normal 0 0.44721359549995793 0.89442719099991586
    outer loop
      vertex 177.59999999999999 0.11999999999999994 0.040000000000000036
      vertex 179.59999999999999 0.20000000000000001 0
      vertex 177.59999999999999 0.20000000000000001 0
    endloop
  endfacet
  facet normal 0 0 1
    outer loop
      vertex 177.59999999999999 0.20000000000000001 0
      vertex 179.59999999999999 0.20000000000000001 0
      vertex 179.59999999999999 10 0
    endloop
  endfacet
  facet normal 0 0 1
    outer loop
      vertex 177.59999999999999 0.20000000000000001 0
      vertex 179.59999999999999 10 0
      vertex 177.59999999999999 10 0
    endloop
  endfacet
  facet normal 0 0 1
    outer loop
      vertex 177.59999999999999 10 0
      vertex 179.59999999999999 10 0
      vertex 179.59999999999999 10.199999999999999 0
    endloop
  endfacet
  facet normal 0 0 1
    outer loop
      vertex 177.59999999999999 10 0
      vertex 179.59999999999999 10.199999999999999 0
      vertex 177.59999999999999 10.199999999999999 0
    endloop
  endfacet
  facet normal 0 0 1
    outer loop
      vertex 177.59999999999999 10.199999999999999 0
      vertex 179.59999999999999 10.199999999999999 0
      vertex 179.59999999999999 20 0
    endloop
  endfacet
  facet normal 0 0 1
    outer loop
      vertex 177.59999999999999 10.199999999999999 0
      vertex 179.59999999999999 20 0
      vertex 177.59999999999999 20 0
    endloop
  endfacet
  facet normal 0 0 1
    outer loop
      vertex 177.59999999999999 20 0
      vertex 179.59999999999999 20 0
      vertex 179.59999999999999 20.199999999999999 0
    endloop
  endfacet
  facet normal 0 0 1
    outer loop
      vertex 177.59999999999999 20 0
      vertex 179.59999999999999 20.199999999999999 0
      vertex 177.59999999999999 20.199999999999999 0
    endloop
  endfacet
  facet normal 0 0 1
    outer loop
      vertex 177.59999999999999 20.199999999999999 0
      vertex 179.59999999999999 20.199999999999999 0
      vertex 179.59999999999999 40 0
    endloop
  endfacet
  facet normal 0 0 1
    outer loop
      vertex 177.59999999999999 20.199999999999999 0
      vertex 179.59999999999999 40 0
      vertex 177.59999999999999 40 0
    endloop
  endfacet
  facet normal 0 0 1
    outer loop
      vertex 177.59999999999999 40 0
      vertex 179.59999999999999 40 0
      vertex 179.59999999999999 40.200000000000003 0
    endloop
  endfacet
  facet normal 0 0 1
    outer loop
      vertex 177.59999999999999 40 0
      vertex 179.59999999999999 40.200000000000003 0
      vertex 177.59999999999999 40.200000000000003 0
    endloop
  endfacet
  facet normal 0 0 1
    outer loop
      vertex 177.59999999999999 40.200000000000003 0
      vertex 179.59999999999999 40.200000000000003 0
      vertex 179.59999999999999 60 0
    endloop
  endfacet
  facet normal 0 0 1
    outer loop
      vertex 177.59999999999999 40.200000000000003 0
      vertex 179.59999999999999 60 0
      vertex 177.59999999999999 60 0
    endloop
  endfacet
  facet normal 0 0 1
    outer loop
      vertex 177.59999999999999 60 0
      vertex 179.59999999999999 60 0
      vertex 179.59999999999999 60.200000000000003 0
    endloop
  endfacet
  facet normal 0 0 1
    outer loop
      vertex 177.59999999999999 60 0
      vertex 179.59999999999999 60.200000000000003 0
      vertex 177.59999999999999 60.200000000000003 0
    endloop
  endfacet
  facet normal 0 0 1
    outer loop
      vertex 177.59999999999999 60.200000000000003 0
      vertex 179.59999999999999 60.200000000000003 0
      vertex 179.59999999999999 80 0
    endloop
  endfacet
  facet normal 0 0 1
    outer loop
      vertex 177.59999999999999 60.200000000000003 0
      vertex 179.59999999999999 80 0
      vertex 177.59999999999999 80 0
    endloop
  endfacet
  facet normal 0 0 1
    outer loop
      vertex 177.59999999999999 80 0
      vertex 179.59999999999999 80 0
      vertex 179.59999999999999 80.200000000000003 0
    endloop
  endfacet
  facet normal 0 0 1
    outer loop
      vertex 177.59999999999999 80 0
      vertex 179.59999999999999 80.200000000000003 0
      vertex 177.59999999999999 80.200000000000003 0
    endloop
  endfacet
  facet normal 0 0 1
    outer loop
      vertex 177.59999999999999 80.200000000000003 0
      vertex 179.59999999999999 80.200000000000003 0
      vertex 179.59999999999999 100 0
    endloop
  endfacet
  facet normal 0 0 1
    outer loop
      vertex 177.59999999999999 80.200000000000003 0
      vertex 179.59999999999999 100 0
      vertex 177.59999999999999 100 0
    endloop
  endfacet
  facet normal 0 -0.59999999999994036 0.80000000000004479
    outer loop
      vertex 179.72 -80.079999999999998 0.040000000000000036
      vertex 179.66666666666666 -80.13333333333334 0
      vertex 179.80000000000001 -80.13333333333334 0
    endloop
  endfacet
  facet normal 0 -0.59999999999994025 0.80000000000004479
    outer loop
      vertex 179.72 -80.079999999999998 0.040000000000000036
      vertex 179.80000000000001 -80.13333333333334 0
      vertex 179.80000000000001 -80.079999999999998 0.040000000000000036
    endloop
  endfacet
  facet normal 0 -0.59999999999994025 0.80000000000004479
    outer loop
      vertex 179.59999999999999 -80.079999999999998 0.040000000000000036
      vertex 179.59999999999999 -80.13333333333334 0
      vertex 179.66666666666666 -80.13333333333334 0
    endloop
  endfacet
  facet normal 0 -0.59999999999994036 0.8000000000000449
    outer loop
      vertex 179.59999999999999 -80.079999999999998 0.040000000000000036
      vertex 179.66666666666666 -80.13333333333334 0
      vertex 179.72 -80.079999999999998 0.040000000000000036
    endloop
  endfacet
  facet normal -0 0.44721359549995793 0.89442719099991586
    outer loop
      vertex 179.72 0.11999999999999994 0.040000000000000036
      vertex 179.80000000000001 0.11999999999999994 0.040000000000000036
      vertex 179.80000000000001 0.20000000000000001 0
    endloop
  endfacet
  facet normal -0 0.44721359549995793 0.89442719099991586
    outer loop
      vertex 179.59999999999999 0.11999999999999994 0.040000000000000036
      vertex 179.72 0.11999999999999994 0.040000000000000036
      vertex 179.80000000000001 0.20000000000000001 0
    endloop
  endfacet
  facet normal 0 0.44721359549995798 0.89442719099991597
    outer loop
      vertex 179.59999999999999 0.11999999999999994 0.040000000000000036
      vertex 179.80000000000001 0.20000000000000001 0
      vertex 179.59999999999999 0.20000000000000001 0
    endloop
  endfacet
  facet normal 0 0 1
    outer loop
      vertex 179.59999999999999 0.20000000000000001 0
      vertex 179.80000000000001 0.20000000000000001 0
      vertex 179.80000000000001 10 0
    endloop
  endfacet
  facet normal 0 0 1
    outer loop
      vertex 179.59999999999999 0.20000000000000001 0
      vertex 179.80000000000001 10 0
      vertex 179.59999999999999 10 0
    endloop
  endfacet
  facet normal 0 0 1
    outer loop
      vertex 179.59999999999999 10 0
      vertex 179.80000000000001 10 0
      vertex 179.80000000000001 10.199999999999999 0
    endloop
  endfacet
  facet normal 0 0 1
    outer loop
      vertex 179.59999999999999 10 0
      vertex 179.80000000000001 10.199999999999999 0
      vertex 179.59999999999999 10.199999999999999 0
    endloop
  endfacet
  facet normal 0 0 1
    outer loop
      vertex 179.59999999999999 10.199999999999999 0
      vertex 179.80000000000001 10.199999999999999 0
      vertex 179.80000000000001 20 0
    endloop
  endfacet
  facet normal 0 0 1
    outer loop
      vertex 179.59999999999999 10.199999999999999 0
      vertex 179.80000000000001 20 0
      vertex 179.59999999999999 20 0
    endloop
  endfacet
  facet normal 0 0 1
    outer loop
      vertex 179.59999999999999 20 0
      vertex 179.80000000000001 20 0
      vertex 179.80000000000001 20.199999999999999 0
    endloop
  endfacet
  facet normal 0 0 1
    outer loop
      vertex 179.59999999999999 20 0
      vertex 179.80000000000001 20.199999999999999 0
      vertex 179.59999999999999 20.199999999999999 0
    endloop
  endfacet
  facet normal 0 0 1
    outer loop
      vertex 179.59999999999999 20.199999999999999 0
      vertex 179.80000000000001 20.199999999999999 0
      vertex 179.80000000000001 40 0
    endloop
  endfacet
  facet normal 0 0 1
    outer loop
      vertex 179.59999999999999 20.199999999999999 0
      vertex 179.80000000000001 40 0
      vertex 179.59999999999999 40 0
    endloop
  endfacet
  facet normal 0 0 1
    outer loop
      vertex 179.59999999999999 40 0
      vertex 179.80000000000001 40 0
      vertex 179.80000000000001 40.200000000000003 0
    endloop
  endfacet
  facet normal 0 0 1
    outer loop
      vertex 179.59999999999999 40 0
      vertex 179.80000000000001 40.200000000000003 0
      vertex 179.59999999999999 40.200000000000003 0
    endloop
  endfacet
  facet normal 0 0 1
    outer loop
      vertex 179.59999999999999 40.200000000000003 0
      vertex 179.80000000000001 40.200000000000003 0
      vertex 179.80000000000001 60 0
    endloop
  endfacet
  facet normal 0 0 1
    outer loop
      vertex 179.59999999999999 40.200000000000003 0
      vertex 179.80000000000001 60 0
      vertex 179.59999999999999 60 0
    endloop
  endfacet
  facet normal 0 0 1
    outer loop
      vertex 179.59999999999999 60 0
      vertex 179.80000000000001 60 0
      vertex 179.80000000000001 60.200000000000003 0
    endloop
  endfacet
  facet normal 0 0 1
    outer loop
      vertex 179.59999999999999 60 0
      vertex 179.80000000000001 60.200000000000003 0
      vertex 179.59999999999999 60.200000000000003 0
    endloop
  endfacet
  facet normal 0 0 1
    outer loop
      vertex 179.59999999999999 60.200000000000003 0
      vertex 179.80000000000001 60.200000000000003 0
      vertex 179.80000000000001 80 0
    endloop
  endfacet
  facet normal 0 0 1
    outer loop
      vertex 179.59999999999999 60.200000000000003 0
      vertex 179.80000000000001 80 0
      vertex 179.59999999999999 80 0
    endloop
  endfacet
  facet normal 0 0 1
    outer loop
      vertex 179.59999999999999 80 0
      vertex 179.80000000000001 80 0
      vertex 179.80000000000001 80.200000000000003 0
    endloop
  endfacet
  facet normal 0 0 1
    outer loop
      vertex 179.59999999999999 80 0
      vertex 179.80000000000001 80.200000000000003 0
      vertex 179.59999999999999 80.200000000000003 0
    endloop
  endfacet
  facet normal 0 0 1
    outer loop
      vertex 179.59999999999999 80.200000000000003 0
      vertex 179.80000000000001 80.200000000000003 0
      vertex 179.80000000000001 100 0
    endloop
  endfacet
  facet normal 0 0 1
    outer loop
      vertex 179.59999999999999 80.200000000000003 0
      vertex 179.80000000000001 100 0
      vertex 179.59999999999999 100 0
    endloop
  endfacet
  facet normal 0.37139067635410594 -0.55708601453109963 0.7427813527082483
    outer loop
      vertex 179.80000000000001 -80.079999999999998 0.040000000000000036
      vertex 179.80000000000001 -80.13333333333334 0
      vertex 180 -80 0
    endloop
  endfacet
  facet normal 0.37139067635413792 -0.55708601453123985 0.74278135270812728
    outer loop
      vertex 179.80000000000001 -80.079999999999998 0.040000000000000036
      vertex 180 -80 0
      vertex 179.92000000000002 -80 0.040000000000000036
    endloop
  endfacet
  facet normal 0.44721359550002943 0 0.89442719099988011
    outer loop
      vertex 179.92000000000002 -68.120000000000005 0.040000000000000036
      vertex 179.92000000000002 -80 0.040000000000000036
      vertex 180 -80 0
    endloop
  endfacet
  facet normal 0.44721359550002948 0 0.89442719099988022
    outer loop
      vertex 179.92000000000002 -68.120000000000005 0.040000000000000036
      vertex 180 -80 0
      vertex 180 -60.200000000000003 0
    endloop
  endfacet
  facet normal 0.44721359550002948 -0 0.89442719099988022
    outer loop
      vertex 179.92000000000002 -68.120000000000005 0.040000000000000036
      vertex 180 -60.200000000000003 0
      vertex 179.92000000000002 -60.200000000000003 0.040000000000000036
    endloop
  endfacet
  facet normal 0.44721359550002943 0 0.89442719099988011
    outer loop
      vertex 179.92000000000002 -60.079999999999998 0.040000000000000036
      vertex 179.92000000000002 -60.200000000000003 0.040000000000000036
      vertex 180 -60.200000000000003 0
    endloop
  endfacet
  facet normal 0.44721359550002948 0 0.89442719099988022
    outer loop
      vertex 179.92000000000002 -60.079999999999998 0.040000000000000036
      vertex 180 -60.200000000000003 0
      vertex 180 -60 0
    endloop
  endfacet
  facet normal 0.23570226039551817 0.23570226039556005 0.9428090415820517
    outer loop
      vertex 179.92000000000002 -60.079999999999998 0.040000000000000036
      vertex 180 -60 0
      vertex 179.84 -60 0.040000000000000036
    endloop
  endfacet
  facet normal 0.24253562503633802 0 0.97014250014533066
    outer loop
      vertex 179.84 -56.040000000000013 0.040000000000000036
      vertex 179.84 -60 0.040000000000000036
      vertex 180 -60 0
    endloop
  endfacet
  facet normal 0.24253562503633802 0 0.97014250014533066
    outer loop
      vertex 179.84 -56.040000000000013 0.040000000000000036
      vertex 180 -60 0
      vertex 180 -40.200000000000003 0
    endloop
  endfacet
  facet normal 0.24253562503633802 -0 0.97014250014533066
    outer loop
      vertex 179.84 -56.040000000000013 0.040000000000000036
      vertex 180 -40.200000000000003 0
      vertex 179.84 -40.200000000000003 0.040000000000000036
    endloop
  endfacet
  facet normal 0.24253562503633805 0 0.97014250014533066
    outer loop
      vertex 179.84 -40.160000000000004 0.040000000000000036
      vertex 179.84 -40.200000000000003 0.040000000000000036
      vertex 180 -40.200000000000003 0
    endloop
  endfacet
  facet normal 0.24253562503633805 0 0.97014250014533054
    outer loop
      vertex 179.84 -40.160000000000004 0.040000000000000036
      vertex 180 -40.200000000000003 0
      vertex 180 -40 0
    endloop
  endfacet
  facet normal 0.43643578047204845 -0.21821789023605329 0.87287156094392249
    outer loop
      vertex 179.84 -40.160000000000004 0.040000000000000036
      vertex 180 -40 0
      vertex 179.92000000000002 -40 0.040000000000000036
    endloop
  endfacet
  facet normal 0.44721359550002943 0 0.89442719099988011
    outer loop
      vertex 179.92000000000002 -28.120000000000005 0.040000000000000036
      vertex 179.92000000000002 -40 0.040000000000000036
      vertex 180 -40 0
    endloop
  endfacet
  facet normal 0.44721359550002943 0 0.89442719099988011
    outer loop
      vertex 179.92000000000002 -28.120000000000005 0.040000000000000036
      vertex 180 -40 0
      vertex 180 -20.199999999999999 0
    endloop
  endfacet
  facet normal 0.44721359550002937 -0 0.89442719099988011
    outer loop
      vertex 179.92000000000002 -28.120000000000005 0.040000000000000036
      vertex 180 -20.199999999999999 0
      vertex 179.92000000000002 -20.199999999999999 0.040000000000000036
    endloop
  endfacet
  facet normal 0.44721359550002948 0 0.89442719099988022
    outer loop
      vertex 179.92000000000002 -20.079999999999998 0.040000000000000036
      vertex 179.92000000000002 -20.199999999999999 0.040000000000000036
      vertex 180 -20.199999999999999 0
    endloop
  endfacet
  facet normal 0.44721359550002943 0 0.89442719099988
    outer loop
      vertex 179.92000000000002 -20.079999999999998 0.040000000000000036
      vertex 180 -20.199999999999999 0
      vertex 180 -20 0
    endloop
  endfacet
  facet normal 0.23570226039551817 0.23570226039556005 0.9428090415820517
    outer loop
      vertex 179.92000000000002 -20.079999999999998 0.040000000000000036
      vertex 180 -20 0
      vertex 179.84 -20 0.040000000000000036
    endloop
  endfacet
  facet normal 0.24253562503633802 0 0.97014250014533066
    outer loop
      vertex 179.84 -18.040000000000006 0.040000000000000036
      vertex 179.84 -20 0.040000000000000036
      vertex 180 -20 0
    endloop
  endfacet
  facet normal 0.24253562503633802 0 0.97014250014533054
    outer loop
      vertex 179.84 -18.040000000000006 0.040000000000000036
      vertex 180 -20 0
      vertex 180 -10.199999999999999 0
    endloop
  endfacet
  facet normal 0.24253562503633805 -0 0.97014250014533077
    outer loop
      vertex 179.84 -18.040000000000006 0.040000000000000036
      vertex 180 -10.199999999999999 0
      vertex 179.84 -10.199999999999999 0.040000000000000036
    endloop
  endfacet
  facet normal 0.24253562503633805 0 0.97014250014533066
    outer loop
      vertex 179.84 -10.16 0.040000000000000036
      vertex 179.84 -10.199999999999999 0.040000000000000036
      vertex 180 -10.199999999999999 0
    endloop
  endfacet
  facet normal 0.24253562503633808 0 0.97014250014533066
    outer loop
      vertex 179.84 -10.16 0.040000000000000036
      vertex 180 -10.199999999999999 0
      vertex 180 -10 0
    endloop
  endfacet
  facet normal 0.43643578047204801 -0.21821789023605792 0.87287156094392149
    outer loop
      vertex 179.84 -10.16 0.040000000000000036
      vertex 180 -10 0
      vertex 179.92000000000002 -10 0.040000000000000036
    endloop
  endfacet
  facet normal 0.44721359550002937 0 0.89442719099988
    outer loop
      vertex 179.92000000000002 -4.0000000000000036 0.040000000000000036
      vertex 179.92000000000002 -10 0.040000000000000036
      vertex 180 -10 0
    endloop
  endfacet
  facet normal 0.44721359550002948 0 0.89442719099988022
    outer loop
      vertex 179.92000000000002 -4.0000000000000036 0.040000000000000036
      vertex 180 -10 0
      vertex 180 0 0
    endloop
  endfacet
  facet normal 0.44721359550002943 -0 0.89442719099988011
    outer loop
      vertex 179.92000000000002 -4.0000000000000036 0.040000000000000036
      vertex 180 0 0
      vertex 179.92000000000002 0 0.040000000000000036
    endloop
  endfacet
  facet normal 0.44721359550002943 0 0.89442719099988011
    outer loop
      vertex 179.92000000000002 0.11999999999999994 0.040000000000000036
      vertex 179.92000000000002 0 0.040000000000000036
      vertex 180 0 0
    endloop
  endfacet
  facet normal 0.44721359550002943 0 0.89442719099988022
    outer loop
      vertex 179.92000000000002 0.11999999999999994 0.040000000000000036
      vertex 180 0 0
      vertex 180 0.20000000000000001 0
    endloop
  endfacet
  facet normal -0 0.44721359549995793 0.89442719099991586
    outer loop
      vertex 179.80000000000001 0.11999999999999994 0.040000000000000036
      vertex 179.92000000000002 0.11999999999999994 0.040000000000000036
      vertex 180 0.20000000000000001 0
    endloop
  endfacet
  facet normal 0 0.44721359549995798 0.89442719099991597
    outer loop
      vertex 179.80000000000001 0.11999999999999994 0.040000000000000036
      vertex 180 0.20000000000000001 0
      vertex 179.80000000000001 0.20000000000000001 0
    endloop
  endfacet
  facet normal 0 0 1
    outer loop
      vertex 179.80000000000001 0.20000000000000001 0
      vertex 180 0.20000000000000001 0
      vertex 180 10 0
    endloop
  endfacet
  facet normal 0 0 1
    outer loop
      vertex 179.80000000000001 0.20000000000000001 0
      vertex 180 10 0
      vertex 179.80000000000001 10 0
    endloop
  endfacet
  facet normal 0 0 1
    outer loop
      vertex 179.80000000000001 10 0
      vertex 180 10 0
      vertex 180 10.199999999999999 0
    endloop
  endfacet
  facet normal 0 0 1
    outer loop
      vertex 179.80000000000001 10 0
      vertex 180 10.199999999999999 0
      vertex 179.80000000000001 10.199999999999999 0
    endloop
  endfacet
  facet normal 0 0 1
    outer loop
      vertex 179.80000000000001 10.199999999999999 0
      vertex 180 10.199999999999999 0
      vertex 180 20 0
    endloop
  endfacet
  facet normal 0 0 1
    outer loop
      vertex 179.80000000000001 10.199999999999999 0
      vertex 180 20 0
      vertex 179.80000000000001 20 0
    endloop
  endfacet
  facet normal 0 0 1
    outer loop
      vertex 179.80000000000001 20 0
      vertex 180 20 0
      vertex 180 20.199999999999999 0
    endloop
  endfacet
  facet normal 0 0 1
    outer loop
      vertex 179.80000000000001 20 0
      vertex 180 20.199999999999999 0
      vertex 179.80000000000001 20.199999999999999 0
    endloop
  endfacet
  facet normal 0 0 1
    outer loop
      vertex 179.80000000000001 20.199999999999999 0
      vertex 180 20.199999999999999 0
      vertex 180 40 0
    endloop
  endfacet
  facet normal 0 0 1
    outer loop
      vertex 179.80000000000001 20.199999999999999 0
      vertex 180 40 0
      vertex 179.80000000000001 40 0
    endloop
  endfacet
  facet normal 0 0 1
    outer loop
      vertex 179.80000000000001 40 0
      vertex 180 40 0
      vertex 180 40.200000000000003 0
    endloop
  endfacet
  facet normal 0 0 1
    outer loop
      vertex 179.80000000000001 40 0
      vertex 180 40.200000000000003 0
      vertex 179.80000000000001 40.200000000000003 0
    endloop
  endfacet
  facet normal 0 0 1
    outer loop
      vertex 179.80000000000001 40.200000000000003 0
      vertex 180 40.200000000000003 0
      vertex 180 60 0
    endloop
  endfacet
  facet normal 0 0 1
    outer loop
      vertex 179.80000000000001 40.200000000000003 0
      vertex 180 60 0
      vertex 179.80000000000001 60 0
    endloop
  endfacet
  facet normal 0 0 1
    outer loop
      vertex 179.80000000000001 60 0
      vertex 180 60 0
      vertex 180 60.200000000000003 0
    endloop
  endfacet
  facet normal 0 0 1
    outer loop
      vertex 179.80000000000001 60 0
      vertex 180 60.200000000000003 0
      vertex 179.80000000000001 60.200000000000003 0
    endloop
  endfacet
  facet normal 0 0 1
    outer loop
      vertex 179.80000000000001 60.200000000000003 0
      vertex 180 60.200000000000003 0
      vertex 180 80 0
    endloop
  endfacet
  facet normal 0 0 1
    outer loop
      vertex 179.80000000000001 60.200000000000003 0
      vertex 180 80 0
      vertex 179.80000000000001 80 0
    endloop
  endfacet
  facet normal 0 0 1
    outer loop
      vertex 179.80000000000001 80 0
      vertex 180 80 0
      vertex 180 80.200000000000003 0
    endloop
  endfacet
  facet normal 0 0 1
    outer loop
      vertex 179.80000000000001 80 0
      vertex 180 80.200000000000003 0
      vertex 179.80000000000001 80.200000000000003 0
    endloop
  endfacet
  facet normal 0 0 1
    outer loop
      vertex 179.80000000000001 80.200000000000003 0
      vertex 180 80.200000000000003 0
      vertex 180 100 0
    endloop
  endfacet
  facet normal 0 0 1
    outer loop
      vertex 179.80000000000001 80.200000000000003 0
      vertex 180 100 0
      vertex 179.80000000000001 100 0
    endloop
  endfacet
  facet normal 0 0 1
    outer loop
      vertex 180 -100 0
      vertex 180.19999999999999 -100 0
      vertex 180.19999999999999 -80.200000000000003 0
    endloop
  endfacet
  facet normal 0 0 1
    outer loop
      vertex 180 -100 0
      vertex 180.19999999999999 -80.200000000000003 0
      vertex 180 -80.200000000000003 0
    endloop
  endfacet
  facet normal 0 0 1
    outer loop
      vertex 180 -80.200000000000003 0
      vertex 180.19999999999999 -80.200000000000003 0
      vertex 180.19999999999999 -80 0
    endloop
  endfacet
  facet normal 0 0 1
    outer loop
      vertex 180 -80.200000000000003 0
      vertex 180.19999999999999 -80 0
      vertex 180 -80 0
    endloop
  endfacet
  facet normal 0 0 1
    outer loop
      vertex 180 -80 0
      vertex 180.19999999999999 -80 0
      vertex 180.19999999999999 -60.200000000000003 0
    endloop
  endfacet
  facet normal 0 0 1
    outer loop
      vertex 180 -80 0
      vertex 180.19999999999999 -60.200000000000003 0
      vertex 180 -60.200000000000003 0
    endloop
  endfacet
  facet normal 0 0 1
    outer loop
      vertex 180 -60.200000000000003 0
      vertex 180.19999999999999 -60.200000000000003 0
      vertex 180.19999999999999 -60 0
    endloop
  endfacet
  facet normal 0 0 1
    outer loop
      vertex 180 -60.200000000000003 0
      vertex 180.19999999999999 -60 0
      vertex 180 -60 0
    endloop
  endfacet
  facet normal 0 0 1
    outer loop
      vertex 180 -60 0
      vertex 180.19999999999999 -60 0
      vertex 180.19999999999999 -40.200000000000003 0
    endloop
  endfacet
  facet normal 0 0 1
    outer loop
      vertex 180 -60 0
      vertex 180.19999999999999 -40.200000000000003 0
      vertex 180 -40.200000000000003 0
    endloop
  endfacet
  facet normal 0 0 1
    outer loop
      vertex 180 -40.200000000000003 0
      vertex 180.19999999999999 -40.200000000000003 0
      vertex 180.19999999999999 -40 0
    endloop
  endfacet
  facet normal 0 0 1
    outer loop
      vertex 180 -40.200000000000003 0
      vertex 180.19999999999999 -40 0
      vertex 180 -40 0
    endloop
  endfacet
  facet normal 0 0 1
    outer loop
      vertex 180 -40 0
      vertex 180.19999999999999 -40 0
      vertex 180.19999999999999 -20.199999999999999 0
    endloop
  endfacet
  facet normal 0 0 1
    outer loop
      vertex 180 -40 0
      vertex 180.19999999999999 -20.199999999999999 0
      vertex 180 -20.199999999999999 0
    endloop
  endfacet
  facet normal 0 0 1
    outer loop
      vertex 180 -20.199999999999999 0
      vertex 180.19999999999999 -20.199999999999999 0
      vertex 180.19999999999999 -20 0
    endloop
  endfacet
  facet normal 0 0 1
    outer loop
      vertex 180 -20.199999999999999 0
      vertex 180.19999999999999 -20 0
      vertex 180 -20 0
    endloop
  endfacet
  facet normal 0 0 1
    outer loop
      vertex 180 -20 0
      vertex 180.19999999999999 -20 0
      vertex 180.19999999999999 -10.199999999999999 0
    endloop
  endfacet
  facet normal 0 0 1
    outer loop
      vertex 180 -20 0
      vertex 180.19999999999999 -10.199999999999999 0
      vertex 180 -10.199999999999999 0
    endloop
  endfacet
  facet normal 0 0 1
    outer loop
      vertex 180 -10.199999999999999 0
      vertex 180.19999999999999 -10.199999999999999 0
      vertex 180.19999999999999 -10 0
    endloop
  endfacet
  facet normal 0 0 1
    outer loop
      vertex 180 -10.199999999999999 0
      vertex 180.19999999999999 -10 0
      vertex 180 -10 0
    endloop
  endfacet
  facet normal 0 0 1
    outer loop
      vertex 180 -10 0
      vertex 180.19999999999999 -10 0
      vertex 180.19999999999999 0 0
    endloop
  endfacet
  facet normal 0 0 1
    outer loop
      vertex 180 -10 0
      vertex 180.19999999999999 0 0
      vertex 180 0 0
    endloop
  endfacet
  facet normal 0 0 1
    outer loop
      vertex 180 0 0
      vertex 180.19999999999999 0 0
      vertex 180.19999999999999 0.20000000000000001 0
    endloop
  endfacet
  facet normal 0 0 1
    outer loop
      vertex 180 0 0
      vertex 180.19999999999999 0.20000000000000001 0
      vertex 180 0.20000000000000001 0
    endloop
  endfacet
  facet normal 0 0 1
    outer loop
      vertex 180 0.20000000000000001 0
      vertex 180.19999999999999 0.20000000000000001 0
      vertex 180.19999999999999 10 0
    endloop
  endfacet
  facet normal 0 0 1
    outer loop
      vertex 180 0.20000000000000001 0
      vertex 180.19999999999999 10 0
      vertex 180 10 0
    endloop
  endfacet
  facet normal 0 0 1
    outer loop
      vertex 180 10 0
      vertex 180.19999999999999 10 0
      vertex 180.19999999999999 10.199999999999999 0
    endloop
  endfacet
  facet normal 0 0 1
    outer loop
      vertex 180 10 0
      vertex 180.19999999999999 10.199999999999999 0
      vertex 180 10.199999999999999 0
    endloop
  endfacet
  facet normal 0 0 1
    outer loop
      vertex 180 10.199999999999999 0
      vertex 180.19999999999999 10.199999999999999 0
      vertex 180.19999999999999 20 0
    endloop
  endfacet
  facet normal 0 0 1
    outer loop
      vertex 180 10.199999999999999 0
      vertex 180.19999999999999 20 0
      vertex 180 20 0
    endloop
  endfacet
  facet normal 0 0 1
    outer loop
      vertex 180 20 0
      vertex 180.19999999999999 20 0
      vertex 180.19999999999999 20.199999999999999 0
    endloop
  endfacet
  facet normal 0 0 1
    outer loop
      vertex 180 20 0
      vertex 180.19999999999999 20.199999999999999 0
      vertex 180 20.199999999999999 0
    endloop
  endfacet
  facet normal 0 0 1
    outer loop
      vertex 180 20.199999999999999 0
      vertex 180.19999999999999 20.199999999999999 0
      vertex 180.19999999999999 40 0
    endloop
  endfacet
  facet normal 0 0 1
    outer loop
      vertex 180 20.199999999999999 0
      vertex 180.19999999999999 40 0
      vertex 180 40 0
    endloop
  endfacet
  facet normal 0 0 1
    outer loop
      vertex 180 40 0
      vertex 180.19999999999999 40 0
      vertex 180.19999999999999 40.200000000000003 0
    endloop
  endfacet
  facet normal 0 0 1
    outer loop
      vertex 180 40 0
      vertex 180.19999999999999 40.200000000000003 0
      vertex 180 40.200000000000003 0
    endloop
  endfacet
  facet normal 0 0 1
    outer loop
      vertex 180 40.200000000000003 0
      vertex 180.19999999999999 40.200000000000003 0
      vertex 180.19999999999999 60 0
    endloop
  endfacet
  facet normal 0 0 1
    outer loop
      vertex 180 40.200000000000003 0
      vertex 180.19999999999999 60 0
      vertex 180 60 0
    endloop
  endfacet
  facet normal 0 0 1
    outer loop
      vertex 180 60 0
      vertex 180.19999999999999 60 0
      vertex 180.19999999999999 60.200000000000003 0
    endloop
  endfacet
  facet normal 0 0 1
    outer loop
      vertex 180 60 0
      vertex 180.19999999999999 60.200000000000003 0
      vertex 180 60.200000000000003 0
    endloop
  endfacet
  facet normal 0 0 1
    outer loop
      vertex 180 60.200000000000003 0
      vertex 180.19999999999999 60.200000000000003 0
      vertex 180.19999999999999 80 0
    endloop
  endfacet
  facet normal 0 0 1
    outer loop
      vertex 180 60.200000000000003 0
      vertex 180.19999999999999 80 0
      vertex 180 80 0
    endloop
  endfacet
  facet normal 0 0 1
    outer loop
      vertex 180 80 0
      vertex 180.19999999999999 80 0
      vertex 180.19999999999999 80.200000000000003 0
    endloop
  endfacet
  facet normal 0 0 1
    outer loop
      vertex 180 80 0
      vertex 180.19999999999999 80.200000000000003 0
      vertex 180 80.200000000000003 0
    endloop
  endfacet
  facet normal 0 0 1
    outer loop
      vertex 180 80.200000000000003 0
      vertex 180.19999999999999 80.200000000000003 0
      vertex 180.19999999999999 100 0
    endloop
  endfacet
  facet normal 0 0 1
    outer loop
      vertex 180 80.200000000000003 0
      vertex 180.19999999999999 100 0
      vertex 180 100 0
    endloop
  endfacet
  facet normal 0 0 1
    outer loop
      vertex 180.19999999999999 -100 0
      vertex 180.40000000000001 -100 0
      vertex 180.40000000000001 -80.200000000000003 0
    endloop
  endfacet
  facet normal 0 0 1
    outer loop
      vertex 180.19999999999999 -100 0
      vertex 180.40000000000001 -80.200000000000003 0
      vertex 180.19999999999999 -80.200000000000003 0
    endloop
  endfacet
  facet normal 0 0 1
    outer loop
      vertex 180.19999999999999 -80.200000000000003 0
      vertex 180.40000000000001 -80.200000000000003 0
      vertex 180.40000000000001 -80 0
    endloop
  endfacet
  facet normal 0 0 1
    outer loop
      vertex 180.19999999999999 -80.200000000000003 0
      vertex 180.40000000000001 -80 0
      vertex 180.19999999999999 -80 0
    endloop
  endfacet
  facet normal 0 0 1
    outer loop
      vertex 180.19999999999999 -80 0
      vertex 180.40000000000001 -80 0
      vertex 180.40000000000001 -60.200000000000003 0
    endloop
  endfacet
  facet normal 0 0 1
    outer loop
      vertex 180.19999999999999 -80 0
      vertex 180.40000000000001 -60.200000000000003 0
      vertex 180.19999999999999 -60.200000000000003 0
    endloop
  endfacet
  facet normal 0 0 1
    outer loop
      vertex 180.19999999999999 -60.200000000000003 0
      vertex 180.40000000000001 -60.200000000000003 0
      vertex 180.40000000000001 -60 0
    endloop
  endfacet
  facet normal 0 0 1
    outer loop
      vertex 180.19999999999999 -60.200000000000003 0
      vertex 180.40000000000001 -60 0
      vertex 180.19999999999999 -60 0
    endloop
  endfacet
  facet normal 0 0 1
    outer loop
      vertex 180.19999999999999 -60 0
      vertex 180.40000000000001 -60 0
      vertex 180.40000000000001 -40.200000000000003 0
    endloop
  endfacet
  facet normal 0 0 1
    outer loop
      vertex 180.19999999999999 -60 0
      vertex 180.40000000000001 -40.200000000000003 0
      vertex 180.19999999999999 -40.200000000000003 0
    endloop
  endfacet
  facet normal 0 0 1
    outer loop
      vertex 180.19999999999999 -40.200000000000003 0
      vertex 180.40000000000001 -40.200000000000003 0
      vertex 180.40000000000001 -40 0
    endloop
  endfacet
  facet normal 0 0 1
    outer loop
      vertex 180.19999999999999 -40.200000000000003 0
      vertex 180.40000000000001 -40 0
      vertex 180.19999999999999 -40 0
    endloop
  endfacet
  facet normal 0 0 1
    outer loop
      vertex 180.19999999999999 -40 0
      vertex 180.40000000000001 -40 0
      vertex 180.40000000000001 -20.199999999999999 0
    endloop
  endfacet
  facet normal 0 0 1
    outer loop
      vertex 180.19999999999999 -40 0
      vertex 180.40000000000001 -20.199999999999999 0
      vertex 180.19999999999999 -20.199999999999999 0
    endloop
  endfacet
  facet normal 0 0 1
    outer loop
      vertex 180.19999999999999 -20.199999999999999 0
      vertex 180.40000000000001 -20.199999999999999 0
      vertex 180.40000000000001 -20 0
    endloop
  endfacet
  facet normal 0 0 1
    outer loop
      vertex 180.19999999999999 -20.199999999999999 0
      vertex 180.40000000000001 -20 0
      vertex 180.19999999999999 -20 0
    endloop
  endfacet
  facet normal 0 0 1
    outer loop
      vertex 180.19999999999999 -20 0
      vertex 180.40000000000001 -20 0
      vertex 180.40000000000001 -10.199999999999999 0
    endloop
  endfacet
  facet normal 0 0 1
    outer loop
      vertex 180.19999999999999 -20 0
      vertex 180.40000000000001 -10.199999999999999 0
      vertex 180.19999999999999 -10.199999999999999 0
    endloop
  endfacet
  facet normal 0 0 1
    outer loop
      vertex 180.19999999999999 -10.199999999999999 0
      vertex 180.40000000000001 -10.199999999999999 0
      vertex 180.40000000000001 -10 0
    endloop
  endfacet
  facet normal 0 0 1
    outer loop
      vertex 180.19999999999999 -10.199999999999999 0
      vertex 180.40000000000001 -10 0
      vertex 180.19999999999999 -10 0
    endloop
  endfacet
  facet normal 0 0 1
    outer loop
      vertex 180.19999999999999 -10 0
      vertex 180.40000000000001 -10 0
      vertex 180.40000000000001 0 0
    endloop
  endfacet
  facet normal 0 0 1
    outer loop
      vertex 180.19999999999999 -10 0
      vertex 180.40000000000001 0 0
      vertex 180.19999999999999 0 0
    endloop
  endfacet
  facet normal 0 0 1
    outer loop
      vertex 180.19999999999999 0 0
      vertex 180.40000000000001 0 0
      vertex 180.40000000000001 0.20000000000000001 0
    endloop
  endfacet
  facet normal 0 0 1
    outer loop
      vertex 180.19999999999999 0 0
      vertex 180.40000000000001 0.20000000000000001 0
      vertex 180.19999999999999 0.20000000000000001 0
    endloop
  endfacet
  facet normal 0 0 1
    outer loop
      vertex 180.19999999999999 0.20000000000000001 0
      vertex 180.40000000000001 0.20000000000000001 0
      vertex 180.40000000000001 10 0
    endloop
  endfacet
  facet normal 0 0 1
    outer loop
      vertex 180.19999999999999 0.20000000000000001 0
      vertex 180.40000000000001 10 0
      vertex 180.19999999999999 10 0
    endloop
  endfacet
  facet normal 0 0 1
    outer loop
      vertex 180.19999999999999 10 0
      vertex 180.40000000000001 10 0
      vertex 180.40000000000001 10.199999999999999 0
    endloop
  endfacet
  facet normal 0 0 1
    outer loop
      vertex 180.19999999999999 10 0
      vertex 180.40000000000001 10.199999999999999 0
      vertex 180.19999999999999 10.199999999999999 0
    endloop
  endfacet
  facet normal 0 0 1
    outer loop
      vertex 180.19999999999999 10.199999999999999 0
      vertex 180.40000000000001 10.199999999999999 0
      vertex 180.40000000000001 20 0
    endloop
  endfacet
  facet normal 0 0 1
    outer loop
      vertex 180.19999999999999 10.199999999999999 0
      vertex 180.40000000000001 20 0
      vertex 180.19999999999999 20 0
    endloop
  endfacet
  facet normal 0 0 1
    outer loop
      vertex 180.19999999999999 20 0
      vertex 180.40000000000001 20 0
      vertex 180.40000000000001 20.199999999999999 0
    endloop
  endfacet
  facet normal 0 0 1
    outer loop
      vertex 180.19999999999999 20 0
      vertex 180.40000000000001 20.199999999999999 0
      vertex 180.19999999999999 20.199999999999999 0
    endloop
  endfacet
  facet normal 0 0 1
    outer loop
      vertex 180.19999999999999 20.199999999999999 0
      vertex 180.40000000000001 20.199999999999999 0
      vertex 180.40000000000001 40 0
    endloop
  endfacet
  facet normal 0 0 1
    outer loop
      vertex 180.19999999999999 20.199999999999999 0
      vertex 180.40000000000001 40 0
      vertex 180.19999999999999 40 0
    endloop
  endfacet
  facet normal 0 0 1
    outer loop
      vertex 180.19999999999999 40 0
      vertex 180.40000000000001 40 0
      vertex 180.40000000000001 40.200000000000003 0
    endloop
  endfacet
  facet normal 0 0 1
    outer loop
      vertex 180.19999999999999 40 0
      vertex 180.40000000000001 40.200000000000003 0
      vertex 180.19999999999999 40.200000000000003 0
    endloop
  endfacet
  facet normal 0 0 1
    outer loop
      vertex 180.19999999999999 40.200000000000003 0
      vertex 180.40000000000001 40.200000000000003 0
      vertex 180.40000000000001 60 0
    endloop
  endfacet
  facet normal 0 0 1
    outer loop
      vertex 180.19999999999999 40.200000000000003 0
      vertex 180.40000000000001 60 0
      vertex 180.19999999999999 60 0
    endloop
  endfacet
  facet normal 0 0 1
    outer loop
      vertex 180.19999999999999 60 0
      vertex 180.40000000000001 60 0
      vertex 180.40000000000001 60.200000000000003 0
    endloop
  endfacet
  facet normal 0 0 1
    outer loop
      vertex 180.19999999999999 60 0
      vertex 180.40000000000001 60.200000000000003 0
      vertex 180.19999999999999 60.200000000000003 0
    endloop
  endfacet
  facet normal 0 0 1
    outer loop
      vertex 180.19999999999999 60.200000000000003 0
      vertex 180.40000000000001 60.200000000000003 0
      vertex 180.40000000000001 80 0
    endloop
  endfacet
  facet normal 0 0 1
    outer loop
      vertex 180.19999999999999 60.200000000000003 0
      vertex 180.40000000000001 80 0
      vertex 180.19999999999999 80 0
    endloop
  endfacet
  facet normal 0 0 1
    outer loop
      vertex 180.19999999999999 80 0
      vertex 180.40000000000001 80 0
      vertex 180.40000000000001 80.200000000000003 0
    endloop
  endfacet
  facet normal 0 0 1
    outer loop
      vertex 180.19999999999999 80 0
      vertex 180.40000000000001 80.200000000000003 0
      vertex 180.19999999999999 80.200000000000003 0
    endloop
  endfacet
  facet normal 0 0 1
    outer loop
      vertex 180.19999999999999 80.200000000000003 0
      vertex 180.40000000000001 80.200000000000003 0
      vertex 180.40000000000001 100 0
    endloop
  endfacet
  facet normal 0 0 1
    outer loop
      vertex 180.19999999999999 80.200000000000003 0
      vertex 180.40000000000001 100 0
      vertex 180.19999999999999 100 0
    endloop
  endfacet
  facet normal 0 0 1
    outer loop
      vertex 180.40000000000001 -100 0
      vertex 180.59999999999999 -100 0
      vertex 180.59999999999999 -80.200000000000003 0
    endloop
  endfacet
  facet normal 0 0 1
    outer loop
      vertex 180.40000000000001 -100 0
      vertex 180.59999999999999 -80.200000000000003 0
      vertex 180.40000000000001 -80.200000000000003 0
    endloop
  endfacet
  facet normal 0 0 1
    outer loop
      vertex 180.40000000000001 -80.200000000000003 0
      vertex 180.59999999999999 -80.200000000000003 0
      vertex 180.59999999999999 -80 0
    endloop
  endfacet
  facet normal 0 0 1
    outer loop
      vertex 180.40000000000001 -80.200000000000003 0
      vertex 180.59999999999999 -80 0
      vertex 180.40000000000001 -80 0
    endloop
  endfacet
  facet normal 0 0 1
    outer loop
      vertex 180.40000000000001 -80 0
      vertex 180.59999999999999 -80 0
      vertex 180.59999999999999 -60.200000000000003 0
    endloop
  endfacet
  facet normal 0 0 1
    outer loop
      vertex 180.40000000000001 -80 0
      vertex 180.59999999999999 -60.200000000000003 0
      vertex 180.40000000000001 -60.200000000000003 0
    endloop
  endfacet
  facet normal 0 0 1
    outer loop
      vertex 180.40000000000001 -60.200000000000003 0
      vertex 180.59999999999999 -60.200000000000003 0
      vertex 180.59999999999999 -60 0
    endloop
  endfacet
  facet normal 0 0 1
    outer loop
      vertex 180.40000000000001 -60.200000000000003 0
      vertex 180.59999999999999 -60 0
      vertex 180.40000000000001 -60 0
    endloop
  endfacet
  facet normal 0 0 1
    outer loop
      vertex 180.40000000000001 -60 0
      vertex 180.59999999999999 -60 0
      vertex 180.59999999999999 -40.200000000000003 0
    endloop
  endfacet
  facet normal 0 0 1
    outer loop
      vertex 180.40000000000001 -60 0
      vertex 180.59999999999999 -40.200000000000003 0
      vertex 180.40000000000001 -40.200000000000003 0
    endloop
  endfacet
  facet normal 0 0 1
    outer loop
      vertex 180.40000000000001 -40.200000000000003 0
      vertex 180.59999999999999 -40.200000000000003 0
      vertex 180.59999999999999 -40 0
    endloop
  endfacet
  facet normal 0 0 1
    outer loop
      vertex 180.40000000000001 -40.200000000000003 0
      vertex 180.59999999999999 -40 0
      vertex 180.40000000000001 -40 0
    endloop
  endfacet
  facet normal 0 0 1
    outer loop
      vertex 180.40000000000001 -40 0
      vertex 180.59999999999999 -40 0
      vertex 180.59999999999999 -20.199999999999999 0
    endloop
  endfacet
  facet normal 0 0 1
    outer loop
      vertex 180.40000000000001 -40 0
      vertex 180.59999999999999 -20.199999999999999 0
      vertex 180.40000000000001 -20.199999999999999 0
    endloop
  endfacet
  facet normal 0 0 1
    outer loop
      vertex 180.40000000000001 -20.199999999999999 0
      vertex 180.59999999999999 -20.199999999999999 0
      vertex 180.59999999999999 -20 0
    endloop
  endfacet
  facet normal 0 0 1
    outer loop
      vertex 180.40000000000001 -20.199999999999999 0
      vertex 180.59999999999999 -20 0
      vertex 180.40000000000001 -20 0
    endloop
  endfacet
  facet normal 0 0 1
    outer loop
      vertex 180.40000000000001 -20 0
      vertex 180.59999999999999 -20 0
      vertex 180.59999999999999 -10.199999999999999 0
    endloop
  endfacet
  facet normal 0 0 1
    outer loop
      vertex 180.40000000000001 -20 0
      vertex 180.59999999999999 -10.199999999999999 0
      vertex 180.40000000000001 -10.199999999999999 0
    endloop
  endfacet
  facet normal 0 0 1
    outer loop
      vertex 180.40000000000001 -10.199999999999999 0
      vertex 180.59999999999999 -10.199999999999999 0
      vertex 180.59999999999999 -10 0
    endloop
  endfacet
  facet normal 0 0 1
    outer loop
      vertex 180.40000000000001 -10.199999999999999 0
      vertex 180.59999999999999 -10 0
      vertex 180.40000000000001 -10 0
    endloop
  endfacet
  facet normal 0 0 1
    outer loop
      vertex 180.40000000000001 -10 0
      vertex 180.59999999999999 -10 0
      vertex 180.59999999999999 0 0
    endloop
  endfacet
  facet normal 0 0 1
    outer loop
      vertex 180.40000000000001 -10 0
      vertex 180.59999999999999 0 0
      vertex 180.40000000000001 0 0
    endloop
  endfacet
  facet normal 0 0 1
    outer loop
      vertex 180.40000000000001 0 0
      vertex 180.59999999999999 0 0
      vertex 180.59999999999999 0.20000000000000001 0
    endloop
  endfacet
  facet normal 0 0 1
    outer loop
      vertex 180.40000000000001 0 0
      vertex 180.59999999999999 0.20000000000000001 0
      vertex 180.40000000000001 0.20000000000000001 0
    endloop
  endfacet
  facet normal 0 0 1
    outer loop
      vertex 180.40000000000001 0.20000000000000001 0
      vertex 180.59999999999999 0.20000000000000001 0
      vertex 180.59999999999999 10 0
    endloop
  endfacet
  facet normal 0 0 1
    outer loop
      vertex 180.40000000000001 0.20000000000000001 0
      vertex 180.59999999999999 10 0
      vertex 180.40000000000001 10 0
    endloop
  endfacet
  facet normal 0 0 1
    outer loop
      vertex 180.40000000000001 10 0
      vertex 180.59999999999999 10 0
      vertex 180.59999999999999 10.199999999999999 0
    endloop
  endfacet
  facet normal 0 0 1
    outer loop
      vertex 180.40000000000001 10 0
      vertex 180.59999999999999 10.199999999999999 0
      vertex 180.40000000000001 10.199999999999999 0
    endloop
  endfacet
  facet normal 0 0 1
    outer loop
      vertex 180.40000000000001 10.199999999999999 0
      vertex 180.59999999999999 10.199999999999999 0
      vertex 180.59999999999999 20 0
    endloop
  endfacet
  facet normal 0 0 1
    outer loop
      vertex 180.40000000000001 10.199999999999999 0
      vertex 180.59999999999999 20 0
      vertex 180.40000000000001 20 0
    endloop
  endfacet
  facet normal 0 0 1
    outer loop
      vertex 180.40000000000001 20 0
      vertex 180.59999999999999 20 0
      vertex 180.59999999999999 20.199999999999999 0
    endloop
  endfacet
  facet normal 0 0 1
    outer loop
      vertex 180.40000000000001 20 0
      vertex 180.59999999999999 20.199999999999999 0
      vertex 180.40000000000001 20.199999999999999 0
    endloop
  endfacet
  facet normal 0 0 1
    outer loop
      vertex 180.40000000000001 20.199999999999999 0
      vertex 180.59999999999999 20.199999999999999 0
      vertex 180.59999999999999 40 0
    endloop
  endfacet
  facet normal 0 0 1
    outer loop
      vertex 180.40000000000001 20.199999999999999 0
      vertex 180.59999999999999 40 0
      vertex 180.40000000000001 40 0
    endloop
  endfacet
  facet normal 0 0 1
    outer loop
      vertex 180.40000000000001 40 0
      vertex 180.59999999999999 40 0
      vertex 180.59999999999999 40.200000000000003 0
    endloop
  endfacet
  facet normal 0 0 1
    outer loop
      vertex 180.40000000000001 40 0
      vertex 180.59999999999999 40.200000000000003 0
      vertex 180.40000000000001 40.200000000000003 0
    endloop
  endfacet
  facet normal 0 0 1
    outer loop
      vertex 180.40000000000001 40.200000000000003 0
      vertex 180.59999999999999 40.200000000000003 0
      vertex 180.59999999999999 60 0
    endloop
  endfacet
  facet normal 0 0 1
    outer loop
      vertex 180.40000000000001 40.200000000000003 0
      vertex 180.59999999999999 60 0
      vertex 180.40000000000001 60 0
    endloop
  endfacet
  facet normal 0 0 1
    outer loop
      vertex 180.40000000000001 60 0
      vertex 180.59999999999999 60 0
      vertex 180.59999999999999 60.200000000000003 0
    endloop
  endfacet
  facet normal 0 0 1
    outer loop
      vertex 180.40000000000001 60 0
      vertex 180.59999999999999 60.200000000000003 0
      vertex 180.40000000000001 60.200000000000003 0
    endloop
  endfacet
  facet normal 0 0 1
    outer loop
      vertex 180.40000000000001 60.200000000000003 0
      vertex 180.59999999999999 60.200000000000003 0
      vertex 180.59999999999999 80 0
    endloop
  endfacet
  facet normal 0 0 1
    outer loop
      vertex 180.40000000000001 60.200000000000003 0
      vertex 180.59999999999999 80 0
      vertex 180.40000000000001 80 0
    endloop
  endfacet
  facet normal 0 0 1
    outer loop
      vertex 180.40000000000001 80 0
      vertex 180.59999999999999 80 0
      vertex 180.59999999999999 80.200000000000003 0
    endloop
  endfacet
  facet normal 0 0 1
    outer loop
      vertex 180.40000000000001 80 0
      vertex 180.59999999999999 80.200000000000003 0
      vertex 180.40000000000001 80.200000000000003 0
    endloop
  endfacet
  facet normal 0 0 1
    outer loop
      vertex 180.40000000000001 80.200000000000003 0
      vertex 180.59999999999999 80.200000000000003 0
      vertex 180.59999999999999 100 0
    endloop
  endfacet
  facet normal 0 0 1
    outer loop
      vertex 180.40000000000001 80.200000000000003 0
      vertex 180.59999999999999 100 0
      vertex 180.40000000000001 100 0
    endloop
  endfacet
  facet normal 0 0 1
    outer loop
      vertex 180.59999999999999 -100 0
      vertex 180.80000000000001 -100 0
      vertex 180.80000000000001 -80.200000000000003 0
    endloop
  endfacet
  facet normal 0 0 1
    outer loop
      vertex 180.59999999999999 -100 0
      vertex 180.80000000000001 -80.200000000000003 0
      vertex 180.59999999999999 -80.200000000000003 0
    endloop
  endfacet
  facet normal 0 0 1
    outer loop
      vertex 180.59999999999999 -80.200000000000003 0
      vertex 180.80000000000001 -80.200000000000003 0
      vertex 180.80000000000001 -80 0
    endloop
  endfacet
  facet normal 0 0 1
    outer loop
      vertex 180.59999999999999 -80.200000000000003 0
      vertex 180.80000000000001 -80 0
      vertex 180.59999999999999 -80 0
    endloop
  endfacet
  facet normal 0 0 1
    outer loop
      vertex 180.59999999999999 -80 0
      vertex 180.80000000000001 -80 0
      vertex 180.80000000000001 -60.200000000000003 0
    endloop
  endfacet
  facet normal 0 0 1
    outer loop
      vertex 180.59999999999999 -80 0
      vertex 180.80000000000001 -60.200000000000003 0
      vertex 180.59999999999999 -60.200000000000003 0
    endloop
  endfacet
  facet normal 0 0 1
    outer loop
      vertex 180.59999999999999 -60.200000000000003 0
      vertex 180.80000000000001 -60.200000000000003 0
      vertex 180.80000000000001 -60 0
    endloop
  endfacet
  facet normal 0 0 1
    outer loop
      vertex 180.59999999999999 -60.200000000000003 0
      vertex 180.80000000000001 -60 0
      vertex 180.59999999999999 -60 0
    endloop
  endfacet
  facet normal 0 0 1
    outer loop
      vertex 180.59999999999999 -60 0
      vertex 180.80000000000001 -60 0
      vertex 180.80000000000001 -40.200000000000003 0
    endloop
  endfacet
  facet normal 0 0 1
    outer loop
      vertex 180.59999999999999 -60 0
      vertex 180.80000000000001 -40.200000000000003 0
      vertex 180.59999999999999 -40.200000000000003 0
    endloop
  endfacet
  facet normal 0 0 1
    outer loop
      vertex 180.59999999999999 -40.200000000000003 0
      vertex 180.80000000000001 -40.200000000000003 0
      vertex 180.80000000000001 -40 0
    endloop
  endfacet
  facet normal 0 0 1
    outer loop
      vertex 180.59999999999999 -40.200000000000003 0
      vertex 180.80000000000001 -40 0
      vertex 180.59999999999999 -40 0
    endloop
  endfacet
  facet normal 0 0 1
    outer loop
      vertex 180.59999999999999 -40 0
      vertex 180.80000000000001 -40 0
      vertex 180.80000000000001 -20.199999999999999 0
    endloop
  endfacet
  facet normal 0 0 1
    outer loop
      vertex 180.59999999999999 -40 0
      vertex 180.80000000000001 -20.199999999999999 0
      vertex 180.59999999999999 -20.199999999999999 0
    endloop
  endfacet
  facet normal 0 0 1
    outer loop
      vertex 180.59999999999999 -20.199999999999999 0
      vertex 180.80000000000001 -20.199999999999999 0
      vertex 180.80000000000001 -20 0
    endloop
  endfacet
  facet normal 0 0 1
    outer loop
      vertex 180.59999999999999 -20.199999999999999 0
      vertex 180.80000000000001 -20 0
      vertex 180.59999999999999 -20 0
    endloop
  endfacet
  facet normal 0 0 1
    outer loop
      vertex 180.59999999999999 -20 0
      vertex 180.80000000000001 -20 0
      vertex 180.80000000000001 -10.199999999999999 0
    endloop
  endfacet
  facet normal 0 0 1
    outer loop
      vertex 180.59999999999999 -20 0
      vertex 180.80000000000001 -10.199999999999999 0
      vertex 180.59999999999999 -10.199999999999999 0
    endloop
  endfacet
  facet normal 0 0 1
    outer loop
      vertex 180.59999999999999 -10.199999999999999 0
      vertex 180.80000000000001 -10.199999999999999 0
      vertex 180.80000000000001 -10 0
    endloop
  endfacet
  facet normal 0 0 1
    outer loop
      vertex 180.59999999999999 -10.199999999999999 0
      vertex 180.80000000000001 -10 0
      vertex 180.59999999999999 -10 0
    endloop
  endfacet
  facet normal 0 0 1
    outer loop
      vertex 180.59999999999999 -10 0
      vertex 180.80000000000001 -10 0
      vertex 180.80000000000001 0 0
    endloop
  endfacet
  facet normal 0 0 1
    outer loop
      vertex 180.59999999999999 -10 0
      vertex 180.80000000000001 0 0
      vertex 180.59999999999999 0 0
    endloop
  endfacet
  facet normal 0 0 1
    outer loop
      vertex 180.59999999999999 0 0
      vertex 180.80000000000001 0 0
      vertex 180.80000000000001 0.20000000000000001 0
    endloop
  endfacet
  facet normal 0 0 1
    outer loop
      vertex 180.59999999999999 0 0
      vertex 180.80000000000001 0.20000000000000001 0
      vertex 180.59999999999999 0.20000000000000001 0
    endloop
  endfacet
  facet normal 0 0 1
    outer loop
      vertex 180.59999999999999 0.20000000000000001 0
      vertex 180.80000000000001 0.20000000000000001 0
      vertex 180.80000000000001 10 0
    endloop
  endfacet
  facet normal 0 0 1
    outer loop
      vertex 180.59999999999999 0.20000000000000001 0
      vertex 180.80000000000001 10 0
      vertex 180.59999999999999 10 0
    endloop
  endfacet
  facet normal 0 0 1
    outer loop
      vertex 180.59999999999999 10 0
      vertex 180.80000000000001 10 0
      vertex 180.80000000000001 10.199999999999999 0
    endloop
  endfacet
  facet normal 0 0 1
    outer loop
      vertex 180.59999999999999 10 0
      vertex 180.80000000000001 10.199999999999999 0
      vertex 180.59999999999999 10.199999999999999 0
    endloop
  endfacet
  facet normal 0 0 1
    outer loop
      vertex 180.59999999999999 10.199999999999999 0
      vertex 180.80000000000001 10.199999999999999 0
      vertex 180.80000000000001 20 0
    endloop
  endfacet
  facet normal 0 0 1
    outer loop
      vertex 180.59999999999999 10.199999999999999 0
      vertex 180.80000000000001 20 0
      vertex 180.59999999999999 20 0
    endloop
  endfacet
  facet normal 0 0 1
    outer loop
      vertex 180.59999999999999 20 0
      vertex 180.80000000000001 20 0
      vertex 180.80000000000001 20.199999999999999 0
    endloop
  endfacet
  facet normal 0 0 1
    outer loop
      vertex 180.59999999999999 20 0
      vertex 180.80000000000001 20.199999999999999 0
      vertex 180.59999999999999 20.199999999999999 0
    endloop
  endfacet
  facet normal 0 0 1
    outer loop
      vertex 180.59999999999999 20.199999999999999 0
      vertex 180.80000000000001 20.199999999999999 0
      vertex 180.80000000000001 40 0
    endloop
  endfacet
  facet normal 0 0 1
    outer loop
      vertex 180.59999999999999 20.199999999999999 0
      vertex 180.80000000000001 40 0
      vertex 180.59999999999999 40 0
    endloop
  endfacet
  facet normal 0 0 1
    outer loop
      vertex 180.59999999999999 40 0
      vertex 180.80000000000001 40 0
      vertex 180.80000000000001 40.200000000000003 0
    endloop
  endfacet
  facet normal 0 0 1
    outer loop
      vertex 180.59999999999999 40 0
      vertex 180.80000000000001 40.200000000000003 0
      vertex 180.59999999999999 40.200000000000003 0
    endloop
  endfacet
  facet normal 0 0 1
    outer loop
      vertex 180.59999999999999 40.200000000000003 0
      vertex 180.80000000000001 40.200000000000003 0
      vertex 180.80000000000001 60 0
    endloop
  endfacet
  facet normal 0 0 1
    outer loop
      vertex 180.59999999999999 40.200000000000003 0
      vertex 180.80000000000001 60 0
      vertex 180.59999999999999 60 0
    endloop
  endfacet
  facet normal 0 0 1
    outer loop
      vertex 180.59999999999999 60 0
      vertex 180.80000000000001 60 0
      vertex 180.80000000000001 60.200000000000003 0
    endloop
  endfacet
  facet normal 0 0 1
    outer loop
      vertex 180.59999999999999 60 0
      vertex 180.80000000000001 60.200000000000003 0
      vertex 180.59999999999999 60.200000000000003 0
    endloop
  endfacet
  facet normal 0 0 1
    outer loop
      vertex 180.59999999999999 60.200000000000003 0
      vertex 180.80000000000001 60.200000000000003 0
      vertex 180.80000000000001 80 0
    endloop
  endfacet
  facet normal 0 0 1
    outer loop
      vertex 180.59999999999999 60.200000000000003 0
      vertex 180.80000000000001 80 0
      vertex 180.59999999999999 80 0
    endloop
  endfacet
  facet normal 0 0 1
    outer loop
      vertex 180.59999999999999 80 0
      vertex 180.80000000000001 80 0
      vertex 180.80000000000001 80.200000000000003 0
    endloop
  endfacet
  facet normal 0 0 1
    outer loop
      vertex 180.59999999999999 80 0
      vertex 180.80000000000001 80.200000000000003 0
      vertex 180.59999999999999 80.200000000000003 0
    endloop
  endfacet
  facet normal 0 0 1
    outer loop
      vertex 180.59999999999999 80.200000000000003 0
      vertex 180.80000000000001 80.200000000000003 0
      vertex 180.80000000000001 100 0
    endloop
  endfacet
  facet normal 0 0 1
    outer loop
      vertex 180.59999999999999 80.200000000000003 0
      vertex 180.80000000000001 100 0
      vertex 180.59999999999999 100 0
    endloop
  endfacet
  facet normal 0 0 1
    outer loop
      vertex 180.80000000000001 -100 0
      vertex 190.80000000000001 -100 0
      vertex 190.80000000000001 -80.200000000000003 0
    endloop
  endfacet
  facet normal 0 0 1
    outer loop
      vertex 180.80000000000001 -100 0
      vertex 190.80000000000001 -80.200000000000003 0
      vertex 180.80000000000001 -80.200000000000003 0
    endloop
  endfacet
  facet normal 0 0 1
    outer loop
      vertex 180.80000000000001 -80.200000000000003 0
      vertex 190.80000000000001 -80.200000000000003 0
      vertex 190.80000000000001 -80 0
    endloop
  endfacet
  facet normal 0 0 1
    outer loop
      vertex 180.80000000000001 -80.200000000000003 0
      vertex 190.80000000000001 -80 0
      vertex 180.80000000000001 -80 0
    endloop
  endfacet
  facet normal 0 0 1
    outer loop
      vertex 180.80000000000001 -80 0
      vertex 190.80000000000001 -80 0
      vertex 190.80000000000001 -60.200000000000003 0
    endloop
  endfacet
  facet normal 0 0 1
    outer loop
      vertex 180.80000000000001 -80 0
      vertex 190.80000000000001 -60.200000000000003 0
      vertex 180.80000000000001 -60.200000000000003 0
    endloop
  endfacet
  facet normal 0 0 1
    outer loop
      vertex 180.80000000000001 -60.200000000000003 0
      vertex 190.80000000000001 -60.200000000000003 0
      vertex 190.80000000000001 -60 0
    endloop
  endfacet
  facet normal 0 0 1
    outer loop
      vertex 180.80000000000001 -60.200000000000003 0
      vertex 190.80000000000001 -60 0
      vertex 180.80000000000001 -60 0
    endloop
  endfacet
  facet normal 0 0 1
    outer loop
      vertex 180.80000000000001 -60 0
      vertex 190.80000000000001 -60 0
      vertex 190.80000000000001 -40.200000000000003 0
    endloop
  endfacet
  facet normal 0 0 1
    outer loop
      vertex 180.80000000000001 -60 0
      vertex 190.80000000000001 -40.200000000000003 0
      vertex 180.80000000000001 -40.200000000000003 0
    endloop
  endfacet
  facet normal 0 0 1
    outer loop
      vertex 180.80000000000001 -40.200000000000003 0
      vertex 190.80000000000001 -40.200000000000003 0
      vertex 190.80000000000001 -40 0
    endloop
  endfacet
  facet normal 0 0 1
    outer loop
      vertex 180.80000000000001 -40.200000000000003 0
      vertex 190.80000000000001 -40 0
      vertex 180.80000000000001 -40 0
    endloop
  endfacet
  facet normal 0 0 1
    outer loop
      vertex 180.80000000000001 -40 0
      vertex 190.80000000000001 -40 0
      vertex 190.80000000000001 -20.199999999999999 0
    endloop
  endfacet
  facet normal 0 0 1
    outer loop
      vertex 180.80000000000001 -40 0
      vertex 190.80000000000001 -20.199999999999999 0
      vertex 180.80000000000001 -20.199999999999999 0
    endloop
  endfacet
  facet normal 0 0 1
    outer loop
      vertex 180.80000000000001 -20.199999999999999 0
      vertex 190.80000000000001 -20.199999999999999 0
      vertex 190.80000000000001 -20 0
    endloop
  endfacet
  facet normal 0 0 1
    outer loop
      vertex 180.80000000000001 -20.199999999999999 0
      vertex 190.80000000000001 -20 0
      vertex 180.80000000000001 -20 0
    endloop
  endfacet
  facet normal 0 0 1
    outer loop
      vertex 180.80000000000001 -20 0
      vertex 190.80000000000001 -20 0
      vertex 190.80000000000001 -10.199999999999999 0
    endloop
  endfacet
  facet normal 0 0 1
    outer loop
      vertex 180.80000000000001 -20 0
      vertex 190.80000000000001 -10.199999999999999 0
      vertex 180.80000000000001 -10.199999999999999 0
    endloop
  endfacet
  facet normal 0 0 1
    outer loop
      vertex 180.80000000000001 -10.199999999999999 0
      vertex 190.80000000000001 -10.199999999999999 0
      vertex 190.80000000000001 -10 0
    endloop
  endfacet
  facet normal 0 0 1
    outer loop
      vertex 180.80000000000001 -10.199999999999999 0
      vertex 190.80000000000001 -10 0
      vertex 180.80000000000001 -10 0
    endloop
  endfacet
  facet normal 0 0 1
    outer loop
      vertex 180.80000000000001 -10 0
      vertex 190.80000000000001 -10 0
      vertex 190.80000000000001 0 0
    endloop
  endfacet
  facet normal 0 0 1
    outer loop
      vertex 180.80000000000001 -10 0
      vertex 190.80000000000001 0 0
      vertex 180.80000000000001 0 0
    endloop
  endfacet
  facet normal 0 0 1
    outer loop
      vertex 180.80000000000001 0 0
      vertex 190.80000000000001 0 0
      vertex 190.80000000000001 0.20000000000000001 0
    endloop
  endfacet
  facet normal 0 0 1
    outer loop
      vertex 180.80000000000001 0 0
      vertex 190.80000000000001 0.20000000000000001 0
      vertex 180.80000000000001 0.20000000000000001 0
    endloop
  endfacet
  facet normal 0 0 1
    outer loop
      vertex 180.80000000000001 0.20000000000000001 0
      vertex 190.80000000000001 0.20000000000000001 0
      vertex 190.80000000000001 10 0
    endloop
  endfacet
  facet normal 0 0 1
    outer loop
      vertex 180.80000000000001 0.20000000000000001 0
      vertex 190.80000000000001 10 0
      vertex 180.80000000000001 10 0
    endloop
  endfacet
  facet normal 0 0 1
    outer loop
      vertex 180.80000000000001 10 0
      vertex 190.80000000000001 10 0
      vertex 190.80000000000001 10.199999999999999 0
    endloop
  endfacet
  facet normal 0 0 1
    outer loop
      vertex 180.80000000000001 10 0
      vertex 190.80000000000001 10.199999999999999 0
      vertex 180.80000000000001 10.199999999999999 0
    endloop
  endfacet
  facet normal 0 0 1
    outer loop
      vertex 180.80000000000001 10.199999999999999 0
      vertex 190.80000000000001 10.199999999999999 0
      vertex 190.80000000000001 20 0
    endloop
  endfacet
  facet normal 0 0 1
    outer loop
      vertex 180.80000000000001 10.199999999999999 0
      vertex 190.80000000000001 20 0
      vertex 180.80000000000001 20 0
    endloop
  endfacet
  facet normal 0 0 1
    outer loop
      vertex 180.80000000000001 20 0
      vertex 190.80000000000001 20 0
      vertex 190.80000000000001 20.199999999999999 0
    endloop
  endfacet
  facet normal 0 0 1
    outer loop
      vertex 180.80000000000001 20 0
      vertex 190.80000000000001 20.199999999999999 0
      vertex 180.80000000000001 20.199999999999999 0
    endloop
  endfacet
  facet normal 0 0 1
    outer loop
      vertex 180.80000000000001 20.199999999999999 0
      vertex 190.80000000000001 20.199999999999999 0
      vertex 190.80000000000001 40 0
    endloop
  endfacet
  facet normal 0 0 1
    outer loop
      vertex 180.80000000000001 20.199999999999999 0
      vertex 190.80000000000001 40 0
      vertex 180.80000000000001 40 0
    endloop
  endfacet
  facet normal 0 0 1
    outer loop
      vertex 180.80000000000001 40 0
      vertex 190.80000000000001 40 0
      vertex 190.80000000000001 40.200000000000003 0
    endloop
  endfacet
  facet normal 0 0 1
    outer loop
      vertex 180.80000000000001 40 0
      vertex 190.80000000000001 40.200000000000003 0
      vertex 180.80000000000001 40.200000000000003 0
    endloop
  endfacet
  facet normal 0 0 1
    outer loop
      vertex 180.80000000000001 40.200000000000003 0
      vertex 190.80000000000001 40.200000000000003 0
      vertex 190.80000000000001 60 0
    endloop
  endfacet
  facet normal 0 0 1
    outer loop
      vertex 180.80000000000001 40.200000000000003 0
      vertex 190.80000000000001 60 0
      vertex 180.80000000000001 60 0
    endloop
  endfacet
  facet normal 0 0 1
    outer loop
      vertex 180.80000000000001 60 0
      vertex 190.80000000000001 60 0
      vertex 190.80000000000001 60.200000000000003 0
    endloop
  endfacet
  facet normal 0 0 1
    outer loop
      vertex 180.80000000000001 60 0
      vertex 190.80000000000001 60.200000000000003 0
      vertex 180.80000000000001 60.200000000000003 0
    endloop
  endfacet
  facet normal 0 0 1
    outer loop
      vertex 180.80000000000001 60.200000000000003 0
      vertex 190.80000000000001 60.200000000000003 0
      vertex 190.80000000000001 80 0
    endloop
  endfacet
  facet normal 0 0 1
    outer loop
      vertex 180.80000000000001 60.200000000000003 0
      vertex 190.80000000000001 80 0
      vertex 180.80000000000001 80 0
    endloop
  endfacet
  facet normal 0 0 1
    outer loop
      vertex 180.80000000000001 80 0
      vertex 190.80000000000001 80 0
      vertex 190.80000000000001 80.200000000000003 0
    endloop
  endfacet
  facet normal 0 0 1
    outer loop
      vertex 180.80000000000001 80 0
      vertex 190.80000000000001 80.200000000000003 0
      vertex 180.80000000000001 80.200000000000003 0
    endloop
  endfacet
  facet normal 0 0 1
    outer loop
      vertex 180.80000000000001 80.200000000000003 0
      vertex 190.80000000000001 80.200000000000003 0
      vertex 190.80000000000001 100 0
    endloop
  endfacet
  facet normal 0 0 1
    outer loop
      vertex 180.80000000000001 80.200000000000003 0
      vertex 190.80000000000001 100 0
      vertex 180.80000000000001 100 0
    endloop
  endfacet
  facet normal 0 0 1
    outer loop
      vertex 190.80000000000001 -100 0
      vertex 191 -100 0
      vertex 191 -80.200000000000003 0
    endloop
  endfacet
  facet normal 0 0 1
    outer loop
      vertex 190.80000000000001 -100 0
      vertex 191 -80.200000000000003 0
      vertex 190.80000000000001 -80.200000000000003 0
    endloop
  endfacet
  facet normal 0 0 1
    outer loop
      vertex 190.80000000000001 -80.200000000000003 0
      vertex 191 -80.200000000000003 0
      vertex 191 -80 0
    endloop
  endfacet
  facet normal 0 0 1
    outer loop
      vertex 190.80000000000001 -80.200000000000003 0
      vertex 191 -80 0
      vertex 190.80000000000001 -80 0
    endloop
  endfacet
  facet normal 0 0 1
    outer loop
      vertex 190.80000000000001 -80 0
      vertex 191 -80 0
      vertex 191 -60.200000000000003 0
    endloop
  endfacet
  facet normal 0 0 1
    outer loop
      vertex 190.80000000000001 -80 0
      vertex 191 -60.200000000000003 0
      vertex 190.80000000000001 -60.200000000000003 0
    endloop
  endfacet
  facet normal 0 0 1
    outer loop
      vertex 190.80000000000001 -60.200000000000003 0
      vertex 191 -60.200000000000003 0
      vertex 191 -60 0
    endloop
  endfacet
  facet normal 0 0 1
    outer loop
      vertex 190.80000000000001 -60.200000000000003 0
      vertex 191 -60 0
      vertex 190.80000000000001 -60 0
    endloop
  endfacet
  facet normal 0 0 1
    outer loop
      vertex 190.80000000000001 -60 0
      vertex 191 -60 0
      vertex 191 -40.200000000000003 0
    endloop
  endfacet
  facet normal 0 0 1
    outer loop
      vertex 190.80000000000001 -60 0
      vertex 191 -40.200000000000003 0
      vertex 190.80000000000001 -40.200000000000003 0
    endloop
  endfacet
  facet normal 0 0 1
    outer loop
      vertex 190.80000000000001 -40.200000000000003 0
      vertex 191 -40.200000000000003 0
      vertex 191 -40 0
    endloop
  endfacet
  facet normal 0 0 1
    outer loop
      vertex 190.80000000000001 -40.200000000000003 0
      vertex 191 -40 0
      vertex 190.80000000000001 -40 0
    endloop
  endfacet
  facet normal 0 0 1
    outer loop
      vertex 190.80000000000001 -40 0
      vertex 191 -40 0
      vertex 191 -20.199999999999999 0
    endloop
  endfacet
  facet normal 0 0 1
    outer loop
      vertex 190.80000000000001 -40 0
      vertex 191 -20.199999999999999 0
      vertex 190.80000000000001 -20.199999999999999 0
    endloop
  endfacet
  facet normal 0 0 1
    outer loop
      vertex 190.80000000000001 -20.199999999999999 0
      vertex 191 -20.199999999999999 0
      vertex 191 -20 0
    endloop
  endfacet
  facet normal 0 0 1
    outer loop
      vertex 190.80000000000001 -20.199999999999999 0
      vertex 191 -20 0
      vertex 190.80000000000001 -20 0
    endloop
  endfacet
  facet normal 0 0 1
    outer loop
      vertex 190.80000000000001 -20 0
      vertex 191 -20 0
      vertex 191 -10.199999999999999 0
    endloop
  endfacet
  facet normal 0 0 1
    outer loop
      vertex 190.80000000000001 -20 0
      vertex 191 -10.199999999999999 0
      vertex 190.80000000000001 -10.199999999999999 0
    endloop
  endfacet
  facet normal 0 0 1
    outer loop
      vertex 190.80000000000001 -10.199999999999999 0
      vertex 191 -10.199999999999999 0
      vertex 191 -10 0
    endloop
  endfacet
  facet normal 0 0 1
    outer loop
      vertex 190.80000000000001 -10.199999999999999 0
      vertex 191 -10 0
      vertex 190.80000000000001 -10 0
    endloop
  endfacet
  facet normal 0 0 1
    outer loop
      vertex 190.80000000000001 -10 0
      vertex 191 -10 0
      vertex 191 0 0
    endloop
  endfacet
  facet normal 0 0 1
    outer loop
      vertex 190.80000000000001 -10 0
      vertex 191 0 0
      vertex 190.80000000000001 0 0
    endloop
  endfacet
  facet normal 0 -0.44721359549995798 0.89442719099991597
    outer loop
      vertex 190.88 0.080000000000000071 0.040000000000000036
      vertex 190.80000000000001 0 0
      vertex 191 0 0
    endloop
  endfacet
  facet normal 0 -0.44721359549995793 0.89442719099991586
    outer loop
      vertex 190.88 0.080000000000000071 0.040000000000000036
      vertex 191 0 0
      vertex 191 0.080000000000000071 0.040000000000000036
    endloop
  endfacet
  facet normal -0.44721359550002943 0 0.89442719099988022
    outer loop
      vertex 190.80000000000001 0 0
      vertex 190.88 0.080000000000000071 0.040000000000000036
      vertex 190.88 0.20000000000000001 0.040000000000000036
    endloop
  endfacet
  facet normal -0.44721359550002943 0 0.89442719099988022
    outer loop
      vertex 190.80000000000001 0 0
      vertex 190.88 0.20000000000000001 0.040000000000000036
      vertex 190.80000000000001 0.20000000000000001 0
    endloop
  endfacet
  facet normal -0.44721359550002943 0 0.89442719099988011
    outer loop
      vertex 190.88 4.1200000000000028 0.040000000000000036
      vertex 190.80000000000001 0.20000000000000001 0
      vertex 190.88 0.20000000000000001 0.040000000000000036
    endloop
  endfacet
  facet normal -0.44721359550002954 0 0.89442719099988011
    outer loop
      vertex 190.80000000000001 0.20000000000000001 0
      vertex 190.88 4.1200000000000037 0.040000000000000036
      vertex 190.88 10 0.040000000000000036
    endloop
  endfacet
  facet normal -0.44721359550002948 0 0.89442719099988011
    outer loop
      vertex 190.80000000000001 0.20000000000000001 0
      vertex 190.88 10 0.040000000000000036
      vertex 190.80000000000001 10 0
    endloop
  endfacet
  facet normal -0.43643578047204801 0.21821789023605792 0.87287156094392149
    outer loop
      vertex 190.96000000000001 10.16 0.040000000000000036
      vertex 190.80000000000001 10 0
      vertex 190.88 10 0.040000000000000036
    endloop
  endfacet
  facet normal -0.24253562503633819 0 0.97014250014533066
    outer loop
      vertex 190.80000000000001 10 0
      vertex 190.96000000000001 10.16 0.040000000000000036
      vertex 190.96000000000001 10.199999999999999 0.040000000000000036
    endloop
  endfacet
  facet normal -0.24253562503633808 0 0.97014250014533066
    outer loop
      vertex 190.80000000000001 10 0
      vertex 190.96000000000001 10.199999999999999 0.040000000000000036
      vertex 190.80000000000001 10.199999999999999 0
    endloop
  endfacet
  facet normal -0.24253562503633805 0 0.97014250014533077
    outer loop
      vertex 190.96000000000001 18.040000000000006 0.040000000000000036
      vertex 190.80000000000001 10.199999999999999 0
      vertex 190.96000000000001 10.199999999999999 0.040000000000000036
    endloop
  endfacet
  facet normal -0.24253562503633816 0 0.97014250014533066
    outer loop
      vertex 190.80000000000001 10.199999999999999 0
      vertex 190.96000000000001 18.040000000000006 0.040000000000000036
      vertex 190.96000000000001 20 0.040000000000000036
    endloop
  endfacet
  facet normal -0.24253562503633805 0 0.97014250014533054
    outer loop
      vertex 190.80000000000001 10.199999999999999 0
      vertex 190.96000000000001 20 0.040000000000000036
      vertex 190.80000000000001 20 0
    endloop
  endfacet
  facet normal -0.23570226039551817 -0.23570226039556005 0.9428090415820517
    outer loop
      vertex 190.88 20.079999999999998 0.040000000000000036
      vertex 190.80000000000001 20 0
      vertex 190.96000000000001 20 0.040000000000000036
    endloop
  endfacet
  facet normal -0.44721359550002948 0 0.89442719099988011
    outer loop
      vertex 190.80000000000001 20 0
      vertex 190.88 20.079999999999998 0.040000000000000036
      vertex 190.88 20.199999999999999 0.040000000000000036
    endloop
  endfacet
  facet normal -0.44721359550002943 0 0.89442719099988
    outer loop
      vertex 190.80000000000001 20 0
      vertex 190.88 20.199999999999999 0.040000000000000036
      vertex 190.80000000000001 20.199999999999999 0
    endloop
  endfacet
  facet normal -0.44721359550002937 0 0.89442719099988011
    outer loop
      vertex 190.88 28.120000000000005 0.040000000000000036
      vertex 190.80000000000001 20.199999999999999 0
      vertex 190.88 20.199999999999999 0.040000000000000036
    endloop
  endfacet
  facet normal -0.44721359550002943 0 0.89442719099988022
    outer loop
      vertex 190.80000000000001 20.199999999999999 0
      vertex 190.88 28.120000000000005 0.040000000000000036
      vertex 190.88 40 0.040000000000000036
    endloop
  endfacet
  facet normal -0.44721359550002943 0 0.89442719099988022
    outer loop
      vertex 190.80000000000001 20.199999999999999 0
      vertex 190.88 40 0.040000000000000036
      vertex 190.80000000000001 40 0
    endloop
  endfacet
  facet normal -0.44721359550002948 0 0.89442719099988011
    outer loop
      vertex 190.88 40.079999999999998 0.040000000000000036
      vertex 190.80000000000001 40 0
      vertex 190.88 40 0.040000000000000036
    endloop
  endfacet
  facet normal -0.44721359550002954 0 0.89442719099988011
    outer loop
      vertex 190.80000000000001 40 0
      vertex 190.88 40.079999999999998 0.040000000000000036
      vertex 190.88 40.200000000000003 0.040000000000000036
    endloop
  endfacet
  facet normal -0.44721359550002948 0 0.89442719099988022
    outer loop
      vertex 190.80000000000001 40 0
      vertex 190.88 40.200000000000003 0.040000000000000036
      vertex 190.80000000000001 40.200000000000003 0
    endloop
  endfacet
  facet normal -0.44721245476978655 0.0022586487614639199 0.89442490953939457
    outer loop
      vertex 190.96000000000001 56.040000000000013 0.040000000000000036
      vertex 190.80000000000001 40.200000000000003 0
      vertex 190.88 40.200000000000003 0.040000000000000036
    endloop
  endfacet
  facet normal -0.2425356250363381 0 0.97014250014533066
    outer loop
      vertex 190.80000000000001 40.200000000000003 0
      vertex 190.96000000000001 56.040000000000013 0.040000000000000036
      vertex 190.96000000000001 60 0.040000000000000036
    endloop
  endfacet
  facet normal -0.24253562503633805 0 0.97014250014533066
    outer loop
      vertex 190.80000000000001 40.200000000000003 0
      vertex 190.96000000000001 60 0.040000000000000036
      vertex 190.80000000000001 60 0
    endloop
  endfacet
  facet normal -0.24253562503633805 0 0.97014250014533066
    outer loop
      vertex 190.96000000000001 60.160000000000004 0.040000000000000036
      vertex 190.80000000000001 60 0
      vertex 190.96000000000001 60 0.040000000000000036
    endloop
  endfacet
  facet normal -0.24253562503633819 0 0.97014250014533066
    outer loop
      vertex 190.80000000000001 60 0
      vertex 190.96000000000001 60.160000000000004 0.040000000000000036
      vertex 190.96000000000001 60.200000000000003 0.040000000000000036
    endloop
  endfacet
  facet normal -0.24253562503633805 0 0.97014250014533054
    outer loop
      vertex 190.80000000000001 60 0
      vertex 190.96000000000001 60.200000000000003 0.040000000000000036
      vertex 190.80000000000001 60.200000000000003 0
    endloop
  endfacet
  facet normal -0.24253489721584762 -0.002449847446625106 0.97013958886336893
    outer loop
      vertex 190.88 68.120000000000005 0.040000000000000036
      vertex 190.80000000000001 60.200000000000003 0
      vertex 190.96000000000001 60.200000000000003 0.040000000000000036
    endloop
  endfacet
  facet normal -0.44721359550002943 0 0.89442719099988011
    outer loop
      vertex 190.80000000000001 60.200000000000003 0
      vertex 190.88 68.120000000000005 0.040000000000000036
      vertex 190.88 80 0.040000000000000036
    endloop
  endfacet
  facet normal -0.44721359550002948 0 0.89442719099988022
    outer loop
      vertex 190.80000000000001 60.200000000000003 0
      vertex 190.88 80 0.040000000000000036
      vertex 190.80000000000001 80 0
    endloop
  endfacet
  facet normal -0.44721359550002948 0 0.89442719099988011
    outer loop
      vertex 190.88 80.079999999999998 0.040000000000000036
      vertex 190.80000000000001 80 0
      vertex 190.88 80 0.040000000000000036
    endloop
  endfacet
  facet normal -0.44721359550002954 0 0.89442719099988011
    outer loop
      vertex 190.80000000000001 80 0
      vertex 190.88 80.079999999999998 0.040000000000000036
      vertex 190.88 80.200000000000003 0.040000000000000036
    endloop
  endfacet
  facet normal -0.44721359550002948 0 0.89442719099988022
    outer loop
      vertex 190.80000000000001 80 0
      vertex 190.88 80.200000000000003 0.040000000000000036
      vertex 190.80000000000001 80.200000000000003 0
    endloop
  endfacet
  facet normal -0.44721359550002948 0 0.89442719099988022
    outer loop
      vertex 190.88 88.120000000000005 0.040000000000000036
      vertex 190.80000000000001 80.200000000000003 0
      vertex 190.88 80.200000000000003 0.040000000000000036
    endloop
  endfacet
  facet normal -0.44721359550002943 0 0.89442719099988011
    outer loop
      vertex 190.80000000000001 80.200000000000003 0
      vertex 190.88 88.120000000000005 0.040000000000000036
      vertex 190.88 100 0.040000000000000036
    endloop
  endfacet
  facet normal -0.44721359550002948 0 0.89442719099988022
    outer loop
      vertex 190.80000000000001 80.200000000000003 0
      vertex 190.88 100 0.040000000000000036
      vertex 190.80000000000001 100 0
    endloop
  endfacet
  facet normal 0 0 1
    outer loop
      vertex 191 -100 0
      vertex 191.19999999999999 -100 0
      vertex 191.19999999999999 -80.200000000000003 0
    endloop
  endfacet
  facet normal 0 0 1
    outer loop
      vertex 191 -100 0
      vertex 191.19999999999999 -80.200000000000003 0
      vertex 191 -80.200000000000003 0
    endloop
  endfacet
  facet normal 0 0 1
    outer loop
      vertex 191 -80.200000000000003 0
      vertex 191.19999999999999 -80.200000000000003 0
      vertex 191.19999999999999 -80 0
    endloop
  endfacet
  facet normal 0 0 1
    outer loop
      vertex 191 -80.200000000000003 0
      vertex 191.19999999999999 -80 0
      vertex 191 -80 0
    endloop
  endfacet
  facet normal 0 0 1
    outer loop
      vertex 191 -80 0
      vertex 191.19999999999999 -80 0
      vertex 191.19999999999999 -60.200000000000003 0
    endloop
  endfacet
  facet normal 0 0 1
    outer loop
      vertex 191 -80 0
      vertex 191.19999999999999 -60.200000000000003 0
      vertex 191 -60.200000000000003 0
    endloop
  endfacet
  facet normal 0 0 1
    outer loop
      vertex 191 -60.200000000000003 0
      vertex 191.19999999999999 -60.200000000000003 0
      vertex 191.19999999999999 -60 0
    endloop
  endfacet
  facet normal 0 0 1
    outer loop
      vertex 191 -60.200000000000003 0
      vertex 191.19999999999999 -60 0
      vertex 191 -60 0
    endloop
  endfacet
  facet normal 0 0 1
    outer loop
      vertex 191 -60 0
      vertex 191.19999999999999 -60 0
      vertex 191.19999999999999 -40.200000000000003 0
    endloop
  endfacet
  facet normal 0 0 1
    outer loop
      vertex 191 -60 0
      vertex 191.19999999999999 -40.200000000000003 0
      vertex 191 -40.200000000000003 0
    endloop
  endfacet
  facet normal 0 0 1
    outer loop
      vertex 191 -40.200000000000003 0
      vertex 191.19999999999999 -40.200000000000003 0
      vertex 191.19999999999999 -40 0
    endloop
  endfacet
  facet normal 0 0 1
    outer loop
      vertex 191 -40.200000000000003 0
      vertex 191.19999999999999 -40 0
      vertex 191 -40 0
    endloop
  endfacet
  facet normal 0 0 1
    outer loop
      vertex 191 -40 0
      vertex 191.19999999999999 -40 0
      vertex 191.19999999999999 -20.199999999999999 0
    endloop
  endfacet
  facet normal 0 0 1
    outer loop
      vertex 191 -40 0
      vertex 191.19999999999999 -20.199999999999999 0
      vertex 191 -20.199999999999999 0
    endloop
  endfacet
  facet normal 0 0 1
    outer loop
      vertex 191 -20.199999999999999 0
      vertex 191.19999999999999 -20.199999999999999 0
      vertex 191.19999999999999 -20 0
    endloop
  endfacet
  facet normal 0 0 1
    outer loop
      vertex 191 -20.199999999999999 0
      vertex 191.19999999999999 -20 0
      vertex 191 -20 0
    endloop
  endfacet
  facet normal 0 0 1
    outer loop
      vertex 191 -20 0
      vertex 191.19999999999999 -20 0
      vertex 191.19999999999999 -10.199999999999999 0
    endloop
  endfacet
  facet normal 0 0 1
    outer loop
      vertex 191 -20 0
      vertex 191.19999999999999 -10.199999999999999 0
      vertex 191 -10.199999999999999 0
    endloop
  endfacet
  facet normal 0 0 1
    outer loop
      vertex 191 -10.199999999999999 0
      vertex 191.19999999999999 -10.199999999999999 0
      vertex 191.19999999999999 -10 0
    endloop
  endfacet
  facet normal 0 0 1
    outer loop
      vertex 191 -10.199999999999999 0
      vertex 191.19999999999999 -10 0
      vertex 191 -10 0
    endloop
  endfacet
  facet normal 0 0 1
    outer loop
      vertex 191 -10 0
      vertex 191.19999999999999 -10 0
      vertex 191.19999999999999 0 0
    endloop
  endfacet
  facet normal 0 0 1
    outer loop
      vertex 191 -10 0
      vertex 191.19999999999999 0 0
      vertex 191 0 0
    endloop
  endfacet
  facet normal 0 -0.44721359549995798 0.89442719099991597
    outer loop
      vertex 191.07999999999998 0.080000000000000071 0.040000000000000036
      vertex 191 0 0
      vertex 191.19999999999999 0 0
    endloop
  endfacet
  facet normal 0 -0.44721359549995793 0.89442719099991586
    outer loop
      vertex 191.07999999999998 0.080000000000000071 0.040000000000000036
      vertex 191.19999999999999 0 0
      vertex 191.19999999999999 0.080000000000000071 0.040000000000000036
    endloop
  endfacet
  facet normal 0 -0.44721359549995793 0.89442719099991586
    outer loop
      vertex 191 0.080000000000000071 0.040000000000000036
      vertex 191 0 0
      vertex 191.07999999999998 0.080000000000000071 0.040000000000000036
    endloop
  endfacet
  facet normal 0 0 1
    outer loop
      vertex 191.19999999999999 -100 0
      vertex 191.40000000000001 -100 0
      vertex 191.40000000000001 -80.200000000000003 0
    endloop
  endfacet
  facet normal 0 0 1
    outer loop
      vertex 191.19999999999999 -100 0
      vertex 191.40000000000001 -80.200000000000003 0
      vertex 191.19999999999999 -80.200000000000003 0
    endloop
  endfacet
  facet normal 0 0 1
    outer loop
      vertex 191.19999999999999 -80.200000000000003 0
      vertex 191.40000000000001 -80.200000000000003 0
      vertex 191.40000000000001 -80 0
    endloop
  endfacet
  facet normal 0 0 1
    outer loop
      vertex 191.19999999999999 -80.200000000000003 0
      vertex 191.40000000000001 -80 0
      vertex 191.19999999999999 -80 0
    endloop
  endfacet
  facet normal 0 0 1
    outer loop
      vertex 191.19999999999999 -80 0
      vertex 191.40000000000001 -80 0
      vertex 191.40000000000001 -60.200000000000003 0
    endloop
  endfacet
  facet normal 0 0 1
    outer loop
      vertex 191.19999999999999 -80 0
      vertex 191.40000000000001 -60.200000000000003 0
      vertex 191.19999999999999 -60.200000000000003 0
    endloop
  endfacet
  facet normal 0 0 1
    outer loop
      vertex 191.19999999999999 -60.200000000000003 0
      vertex 191.40000000000001 -60.200000000000003 0
      vertex 191.40000000000001 -60 0
    endloop
  endfacet
  facet normal 0 0 1
    outer loop
      vertex 191.19999999999999 -60.200000000000003 0
      vertex 191.40000000000001 -60 0
      vertex 191.19999999999999 -60 0
    endloop
  endfacet
  facet normal 0 0 1
    outer loop
      vertex 191.19999999999999 -60 0
      vertex 191.40000000000001 -60 0
      vertex 191.40000000000001 -40.200000000000003 0
    endloop
  endfacet
  facet normal 0 0 1
    outer loop
      vertex 191.19999999999999 -60 0
      vertex 191.40000000000001 -40.200000000000003 0
      vertex 191.19999999999999 -40.200000000000003 0
    endloop
  endfacet
  facet normal 0 0 1
    outer loop
      vertex 191.19999999999999 -40.200000000000003 0
      vertex 191.40000000000001 -40.200000000000003 0
      vertex 191.40000000000001 -40 0
    endloop
  endfacet
  facet normal 0 0 1
    outer loop
      vertex 191.19999999999999 -40.200000000000003 0
      vertex 191.40000000000001 -40 0
      vertex 191.19999999999999 -40 0
    endloop
  endfacet
  facet normal 0 0 1
    outer loop
      vertex 191.19999999999999 -40 0
      vertex 191.40000000000001 -40 0
      vertex 191.40000000000001 -20.199999999999999 0
    endloop
  endfacet
  facet normal 0 0 1
    outer loop
      vertex 191.19999999999999 -40 0
      vertex 191.40000000000001 -20.199999999999999 0
      vertex 191.19999999999999 -20.199999999999999 0
    endloop
  endfacet
  facet normal 0 0 1
    outer loop
      vertex 191.19999999999999 -20.199999999999999 0
      vertex 191.40000000000001 -20.199999999999999 0
      vertex 191.40000000000001 -20 0
    endloop
  endfacet
  facet normal 0 0 1
    outer loop
      vertex 191.19999999999999 -20.199999999999999 0
      vertex 191.40000000000001 -20 0
      vertex 191.19999999999999 -20 0
    endloop
  endfacet
  facet normal 0 0 1
    outer loop
      vertex 191.19999999999999 -20 0
      vertex 191.40000000000001 -20 0
      vertex 191.40000000000001 -10.199999999999999 0
    endloop
  endfacet
  facet normal 0 0 1
    outer loop
      vertex 191.19999999999999 -20 0
      vertex 191.40000000000001 -10.199999999999999 0
      vertex 191.19999999999999 -10.199999999999999 0
    endloop
  endfacet
  facet normal 0 0 1
    outer loop
      vertex 191.19999999999999 -10.199999999999999 0
      vertex 191.40000000000001 -10.199999999999999 0
      vertex 191.40000000000001 -10 0
    endloop
  endfacet
  facet normal 0 0 1
    outer loop
      vertex 191.19999999999999 -10.199999999999999 0
      vertex 191.40000000000001 -10 0
      vertex 191.19999999999999 -10 0
    endloop
  endfacet
  facet normal 0 0 1
    outer loop
      vertex 191.19999999999999 -10 0
      vertex 191.40000000000001 -10 0
      vertex 191.40000000000001 0 0
    endloop
  endfacet
  facet normal 0 0 1
    outer loop
      vertex 191.19999999999999 -10 0
      vertex 191.40000000000001 0 0
      vertex 191.19999999999999 0 0
    endloop
  endfacet
  facet normal 0 -0.44721359549995798 0.89442719099991597
    outer loop
      vertex 191.28 0.080000000000000071 0.040000000000000036
      vertex 191.19999999999999 0 0
      vertex 191.40000000000001 0 0
    endloop
  endfacet
  facet normal 0 -0.44721359549995793 0.89442719099991586
    outer loop
      vertex 191.28 0.080000000000000071 0.040000000000000036
      vertex 191.40000000000001 0 0
      vertex 191.40000000000001 0.080000000000000071 0.040000000000000036
    endloop
  endfacet
  facet normal 0 -0.44721359549995793 0.89442719099991586
    outer loop
      vertex 191.19999999999999 0.080000000000000071 0.040000000000000036
      vertex 191.19999999999999 0 0
      vertex 191.28 0.080000000000000071 0.040000000000000036
    endloop
  endfacet
  facet normal 0 0 1
    outer loop
      vertex 191.40000000000001 -100 0
      vertex 191.59999999999999 -100 0
      vertex 191.59999999999999 -80.200000000000003 0
    endloop
  endfacet
  facet normal 0 0 1
    outer loop
      vertex 191.40000000000001 -100 0
      vertex 191.59999999999999 -80.200000000000003 0
      vertex 191.40000000000001 -80.200000000000003 0
    endloop
  endfacet
  facet normal 0 0 1
    outer loop
      vertex 191.40000000000001 -80.200000000000003 0
      vertex 191.59999999999999 -80.200000000000003 0
      vertex 191.59999999999999 -80 0
    endloop
  endfacet
  facet normal 0 0 1
    outer loop
      vertex 191.40000000000001 -80.200000000000003 0
      vertex 191.59999999999999 -80 0
      vertex 191.40000000000001 -80 0
    endloop
  endfacet
  facet normal 0 0 1
    outer loop
      vertex 191.40000000000001 -80 0
      vertex 191.59999999999999 -80 0
      vertex 191.59999999999999 -60.200000000000003 0
    endloop
  endfacet
  facet normal 0 0 1
    outer loop
      vertex 191.40000000000001 -80 0
      vertex 191.59999999999999 -60.200000000000003 0
      vertex 191.40000000000001 -60.200000000000003 0
    endloop
  endfacet
  facet normal 0 0 1
    outer loop
      vertex 191.40000000000001 -60.200000000000003 0
      vertex 191.59999999999999 -60.200000000000003 0
      vertex 191.59999999999999 -60 0
    endloop
  endfacet
  facet normal 0 0 1
    outer loop
      vertex 191.40000000000001 -60.200000000000003 0
      vertex 191.59999999999999 -60 0
      vertex 191.40000000000001 -60 0
    endloop
  endfacet
  facet normal 0 0 1
    outer loop
      vertex 191.40000000000001 -60 0
      vertex 191.59999999999999 -60 0
      vertex 191.59999999999999 -40.200000000000003 0
    endloop
  endfacet
  facet normal 0 0 1
    outer loop
      vertex 191.40000000000001 -60 0
      vertex 191.59999999999999 -40.200000000000003 0
      vertex 191.40000000000001 -40.200000000000003 0
    endloop
  endfacet
  facet normal 0 0 1
    outer loop
      vertex 191.40000000000001 -40.200000000000003 0
      vertex 191.59999999999999 -40.200000000000003 0
      vertex 191.59999999999999 -40 0
    endloop
  endfacet
  facet normal 0 0 1
    outer loop
      vertex 191.40000000000001 -40.200000000000003 0
      vertex 191.59999999999999 -40 0
      vertex 191.40000000000001 -40 0
    endloop
  endfacet
  facet normal 0 0 1
    outer loop
      vertex 191.40000000000001 -40 0
      vertex 191.59999999999999 -40 0
      vertex 191.59999999999999 -20.199999999999999 0
    endloop
  endfacet
  facet normal 0 0 1
    outer loop
      vertex 191.40000000000001 -40 0
      vertex 191.59999999999999 -20.199999999999999 0
      vertex 191.40000000000001 -20.199999999999999 0
    endloop
  endfacet
  facet normal 0 0 1
    outer loop
      vertex 191.40000000000001 -20.199999999999999 0
      vertex 191.59999999999999 -20.199999999999999 0
      vertex 191.59999999999999 -20 0
    endloop
  endfacet
  facet normal 0 0 1
    outer loop
      vertex 191.40000000000001 -20.199999999999999 0
      vertex 191.59999999999999 -20 0
      vertex 191.40000000000001 -20 0
    endloop
  endfacet
  facet normal 0 0 1
    outer loop
      vertex 191.40000000000001 -20 0
      vertex 191.59999999999999 -20 0
      vertex 191.59999999999999 -10.199999999999999 0
    endloop
  endfacet
  facet normal 0 0 1
    outer loop
      vertex 191.40000000000001 -20 0
      vertex 191.59999999999999 -10.199999999999999 0
      vertex 191.40000000000001 -10.199999999999999 0
    endloop
  endfacet
  facet normal 0 0 1
    outer loop
      vertex 191.40000000000001 -10.199999999999999 0
      vertex 191.59999999999999 -10.199999999999999 0
      vertex 191.59999999999999 -10 0
    endloop
  endfacet
  facet normal 0 0 1
    outer loop
      vertex 191.40000000000001 -10.199999999999999 0
      vertex 191.59999999999999 -10 0
      vertex 191.40000000000001 -10 0
    endloop
  endfacet
  facet normal 0 0 1
    outer loop
      vertex 191.40000000000001 -10 0
      vertex 191.59999999999999 -10 0
      vertex 191.59999999999999 0 0
    endloop
  endfacet
  facet normal 0 0 1
    outer loop
      vertex 191.40000000000001 -10 0
      vertex 191.59999999999999 0 0
      vertex 191.40000000000001 0 0
    endloop
  endfacet
  facet normal 0 -0.44721359549995798 0.89442719099991597
    outer loop
      vertex 191.47999999999999 0.080000000000000071 0.040000000000000036
      vertex 191.40000000000001 0 0
      vertex 191.59999999999999 0 0
    endloop
  endfacet
  facet normal 0 -0.44721359549995793 0.89442719099991586
    outer loop
      vertex 191.47999999999999 0.080000000000000071 0.040000000000000036
      vertex 191.59999999999999 0 0
      vertex 191.59999999999999 0.080000000000000071 0.040000000000000036
    endloop
  endfacet
  facet normal 0 -0.44721359549995793 0.89442719099991586
    outer loop
      vertex 191.40000000000001 0.080000000000000071 0.040000000000000036
      vertex 191.40000000000001 0 0
      vertex 191.47999999999999 0.080000000000000071 0.040000000000000036
    endloop
  endfacet
  facet normal 0 0 1
    outer loop
      vertex 191.59999999999999 -100 0
      vertex 191.80000000000001 -100 0
      vertex 191.80000000000001 -80.200000000000003 0
    endloop
  endfacet
  facet normal 0 0 1
    outer loop
      vertex 191.59999999999999 -100 0
      vertex 191.80000000000001 -80.200000000000003 0
      vertex 191.59999999999999 -80.200000000000003 0
    endloop
  endfacet
  facet normal 0 0 1
    outer loop
      vertex 191.59999999999999 -80.200000000000003 0
      vertex 191.80000000000001 -80.200000000000003 0
      vertex 191.80000000000001 -80 0
    endloop
  endfacet
  facet normal 0 0 1
    outer loop
      vertex 191.59999999999999 -80.200000000000003 0
      vertex 191.80000000000001 -80 0
      vertex 191.59999999999999 -80 0
    endloop
  endfacet
  facet normal 0 0 1
    outer loop
      vertex 191.59999999999999 -80 0
      vertex 191.80000000000001 -80 0
      vertex 191.80000000000001 -60.200000000000003 0
    endloop
  endfacet
  facet normal 0 0 1
    outer loop
      vertex 191.59999999999999 -80 0
      vertex 191.80000000000001 -60.200000000000003 0
      vertex 191.59999999999999 -60.200000000000003 0
    endloop
  endfacet
  facet normal 0 0 1
    outer loop
      vertex 191.59999999999999 -60.200000000000003 0
      vertex 191.80000000000001 -60.200000000000003 0
      vertex 191.80000000000001 -60 0
    endloop
  endfacet
  facet normal 0 0 1
    outer loop
      vertex 191.59999999999999 -60.200000000000003 0
      vertex 191.80000000000001 -60 0
      vertex 191.59999999999999 -60 0
    endloop
  endfacet
  facet normal 0 0 1
    outer loop
      vertex 191.59999999999999 -60 0
      vertex 191.80000000000001 -60 0
      vertex 191.80000000000001 -40.200000000000003 0
    endloop
  endfacet
  facet normal 0 0 1
    outer loop
      vertex 191.59999999999999 -60 0
      vertex 191.80000000000001 -40.200000000000003 0
      vertex 191.59999999999999 -40.200000000000003 0
    endloop
  endfacet
  facet normal 0 0 1
    outer loop
      vertex 191.59999999999999 -40.200000000000003 0
      vertex 191.80000000000001 -40.200000000000003 0
      vertex 191.80000000000001 -40 0
    endloop
  endfacet
  facet normal 0 0 1
    outer loop
      vertex 191.59999999999999 -40.200000000000003 0
      vertex 191.80000000000001 -40 0
      vertex 191.59999999999999 -40 0
    endloop
  endfacet
  facet normal 0 0 1
    outer loop
      vertex 191.59999999999999 -40 0
      vertex 191.80000000000001 -40 0
      vertex 191.80000000000001 -20.199999999999999 0
    endloop
  endfacet
  facet normal 0 0 1
    outer loop
      vertex 191.59999999999999 -40 0
      vertex 191.80000000000001 -20.199999999999999 0
      vertex 191.59999999999999 -20.199999999999999 0
    endloop
  endfacet
  facet normal 0 0 1
    outer loop
      vertex 191.59999999999999 -20.199999999999999 0
      vertex 191.80000000000001 -20.199999999999999 0
      vertex 191.80000000000001 -20 0
    endloop
  endfacet
  facet normal 0 0 1
    outer loop
      vertex 191.59999999999999 -20.199999999999999 0
      vertex 191.80000000000001 -20 0
      vertex 191.59999999999999 -20 0
    endloop
  endfacet
  facet normal 0 0 1
    outer loop
      vertex 191.59999999999999 -20 0
      vertex 191.80000000000001 -20 0
      vertex 191.80000000000001 -10.199999999999999 0
    endloop
  endfacet
  facet normal 0 0 1
    outer loop
      vertex 191.59999999999999 -20 0
      vertex 191.80000000000001 -10.199999999999999 0
      vertex 191.59999999999999 -10.199999999999999 0
    endloop
  endfacet
  facet normal 0 0 1
    outer loop
      vertex 191.59999999999999 -10.199999999999999 0
      vertex 191.80000000000001 -10.199999999999999 0
      vertex 191.80000000000001 -10 0
    endloop
  endfacet
  facet normal 0 0 1
    outer loop
      vertex 191.59999999999999 -10.199999999999999 0
      vertex 191.80000000000001 -10 0
      vertex 191.59999999999999 -10 0
    endloop
  endfacet
  facet normal 0 0 1
    outer loop
      vertex 191.59999999999999 -10 0
      vertex 191.80000000000001 -10 0
      vertex 191.80000000000001 0 0
    endloop
  endfacet
  facet normal 0 0 1
    outer loop
      vertex 191.59999999999999 -10 0
      vertex 191.80000000000001 0 0
      vertex 191.59999999999999 0 0
    endloop
  endfacet
  facet normal 0 -0.59999999999999987 0.80000000000000016
    outer loop
      vertex 191.65333333333334 0.053333333333333399 0.040000000000000036
      vertex 191.59999999999999 0 0
      vertex 191.80000000000001 0 0
    endloop
  endfacet
  facet normal -2.8386384152346063e-17 -0.59999999999999987 0.80000000000000004
    outer loop
      vertex 191.65333333333334 0.053333333333333399 0.040000000000000036
      vertex 191.80000000000001 0 0
      vertex 191.80000000000001 0.053333333333333392 0.040000000000000036
    endloop
  endfacet
  facet normal -0.21821789023596 -0.43643578047198806 0.87287156094397611
    outer loop
      vertex 191.59999999999999 0.080000000000000071 0.040000000000000036
      vertex 191.59999999999999 0 0
      vertex 191.65333333333334 0.053333333333333392 0.040000000000000036
    endloop
  endfacet
  facet normal 0 0 1
    outer loop
      vertex 191.80000000000001 -100 0
      vertex 192 -100 0
      vertex 192 -80.200000000000003 0
    endloop
  endfacet
  facet normal 0 0 1
    outer loop
      vertex 191.80000000000001 -100 0
      vertex 192 -80.200000000000003 0
      vertex 191.80000000000001 -80.200000000000003 0
    endloop
  endfacet
  facet normal 0 0 1
    outer loop
      vertex 191.80000000000001 -80.200000000000003 0
      vertex 192 -80.200000000000003 0
      vertex 192 -80 0
    endloop
  endfacet
  facet normal 0 0 1
    outer loop
      vertex 191.80000000000001 -80.200000000000003 0
      vertex 192 -80 0
      vertex 191.80000000000001 -80 0
    endloop
  endfacet
  facet normal 0 0 1
    outer loop
      vertex 191.80000000000001 -80 0
      vertex 192 -80 0
      vertex 192 -60.200000000000003 0
    endloop
  endfacet
  facet normal 0 0 1
    outer loop
      vertex 191.80000000000001 -80 0
      vertex 192 -60.200000000000003 0
      vertex 191.80000000000001 -60.200000000000003 0
    endloop
  endfacet
  facet normal 0 0 1
    outer loop
      vertex 191.80000000000001 -60.200000000000003 0
      vertex 192 -60.200000000000003 0
      vertex 192 -60 0
    endloop
  endfacet
  facet normal 0 0 1
    outer loop
      vertex 191.80000000000001 -60.200000000000003 0
      vertex 192 -60 0
      vertex 191.80000000000001 -60 0
    endloop
  endfacet
  facet normal 0 0 1
    outer loop
      vertex 191.80000000000001 -60 0
      vertex 192 -60 0
      vertex 192 -40.200000000000003 0
    endloop
  endfacet
  facet normal 0 0 1
    outer loop
      vertex 191.80000000000001 -60 0
      vertex 192 -40.200000000000003 0
      vertex 191.80000000000001 -40.200000000000003 0
    endloop
  endfacet
  facet normal 0 0 1
    outer loop
      vertex 191.80000000000001 -40.200000000000003 0
      vertex 192 -40.200000000000003 0
      vertex 192 -40 0
    endloop
  endfacet
  facet normal 0 0 1
    outer loop
      vertex 191.80000000000001 -40.200000000000003 0
      vertex 192 -40 0
      vertex 191.80000000000001 -40 0
    endloop
  endfacet
  facet normal 0 0 1
    outer loop
      vertex 191.80000000000001 -40 0
      vertex 192 -40 0
      vertex 192 -20.199999999999999 0
    endloop
  endfacet
  facet normal 0 0 1
    outer loop
      vertex 191.80000000000001 -40 0
      vertex 192 -20.199999999999999 0
      vertex 191.80000000000001 -20.199999999999999 0
    endloop
  endfacet
  facet normal 0 0 1
    outer loop
      vertex 191.80000000000001 -20.199999999999999 0
      vertex 192 -20.199999999999999 0
      vertex 192 -20 0
    endloop
  endfacet
  facet normal 0 0 1
    outer loop
      vertex 191.80000000000001 -20.199999999999999 0
      vertex 192 -20 0
      vertex 191.80000000000001 -20 0
    endloop
  endfacet
  facet normal 0 0 1
    outer loop
      vertex 191.80000000000001 -20 0
      vertex 192 -20 0
      vertex 192 -10.199999999999999 0
    endloop
  endfacet
  facet normal 0 0 1
    outer loop
      vertex 191.80000000000001 -20 0
      vertex 192 -10.199999999999999 0
      vertex 191.80000000000001 -10.199999999999999 0
    endloop
  endfacet
  facet normal 0 0 1
    outer loop
      vertex 191.80000000000001 -10.199999999999999 0
      vertex 192 -10.199999999999999 0
      vertex 192 -10 0
    endloop
  endfacet
  facet normal 0 0 1
    outer loop
      vertex 191.80000000000001 -10.199999999999999 0
      vertex 192 -10 0
      vertex 191.80000000000001 -10 0
    endloop
  endfacet
  facet normal 0 0 1
    outer loop
      vertex 191.80000000000001 -10 0
      vertex 192 -10 0
      vertex 192 0 0
    endloop
  endfacet
  facet normal 0 0 1
    outer loop
      vertex 191.80000000000001 -10 0
      vertex 192 0 0
      vertex 191.80000000000001 0 0
    endloop
  endfacet
  facet normal 0 -0.59999999999999987 0.80000000000000004
    outer loop
      vertex 191.85333333333335 0.053333333333333399 0.040000000000000036
      vertex 191.80000000000001 0 0
      vertex 192 0 0
    endloop
  endfacet
  facet normal -2.8386384152351567e-17 -0.59999999999999998 0.80000000000000004
    outer loop
      vertex 191.85333333333335 0.053333333333333399 0.040000000000000036
      vertex 192 0 0
      vertex 192 0.053333333333333392 0.040000000000000036
    endloop
  endfacet
  facet normal -7.8062556418944104e-17 -0.59999999999999987 0.80000000000000016
    outer loop
      vertex 191.80000000000001 0.053333333333333399 0.040000000000000036
      vertex 191.80000000000001 0 0
      vertex 191.85333333333335 0.053333333333333392 0.040000000000000036
    endloop
  endfacet
  facet normal 0 0 1
    outer loop
      vertex 192 -100 0
      vertex 192.19999999999999 -100 0
      vertex 192.19999999999999 -80.200000000000003 0
    endloop
  endfacet
  facet normal 0 0 1
    outer loop
      vertex 192 -100 0
      vertex 192.19999999999999 -80.200000000000003 0
      vertex 192 -80.200000000000003 0
    endloop
  endfacet
  facet normal 0 0 1
    outer loop
      vertex 192 -80.200000000000003 0
      vertex 192.19999999999999 -80.200000000000003 0
      vertex 192.19999999999999 -80 0
    endloop
  endfacet
  facet normal 0 0 1
    outer loop
      vertex 192 -80.200000000000003 0
      vertex 192.19999999999999 -80 0
      vertex 192 -80 0
    endloop
  endfacet
  facet normal 0 0 1
    outer loop
      vertex 192 -80 0
      vertex 192.19999999999999 -80 0
      vertex 192.19999999999999 -60.200000000000003 0
    endloop
  endfacet
  facet normal 0 0 1
    outer loop
      vertex 192 -80 0
      vertex 192.19999999999999 -60.200000000000003 0
      vertex 192 -60.200000000000003 0
    endloop
  endfacet
  facet normal 0 0 1
    outer loop
      vertex 192 -60.200000000000003 0
      vertex 192.19999999999999 -60.200000000000003 0
      vertex 192.19999999999999 -60 0
    endloop
  endfacet
  facet normal 0 0 1
    outer loop
      vertex 192 -60.200000000000003 0
      vertex 192.19999999999999 -60 0
      vertex 192 -60 0
    endloop
  endfacet
  facet normal 0 0 1
    outer loop
      vertex 192 -60 0
      vertex 192.19999999999999 -60 0
      vertex 192.19999999999999 -40.200000000000003 0
    endloop
  endfacet
  facet normal 0 0 1
    outer loop
      vertex 192 -60 0
      vertex 192.19999999999999 -40.200000000000003 0
      vertex 192 -40.200000000000003 0
    endloop
  endfacet
  facet normal 0 0 1
    outer loop
      vertex 192 -40.200000000000003 0
      vertex 192.19999999999999 -40.200000000000003 0
      vertex 192.19999999999999 -40 0
    endloop
  endfacet
  facet normal 0 0 1
    outer loop
      vertex 192 -40.200000000000003 0
      vertex 192.19999999999999 -40 0
      vertex 192 -40 0
    endloop
  endfacet
  facet normal 0 0 1
    outer loop
      vertex 192 -40 0
      vertex 192.19999999999999 -40 0
      vertex 192.19999999999999 -20.199999999999999 0
    endloop
  endfacet
  facet normal 0 0 1
    outer loop
      vertex 192 -40 0
      vertex 192.19999999999999 -20.199999999999999 0
      vertex 192 -20.199999999999999 0
    endloop
  endfacet
  facet normal 0 0 1
    outer loop
      vertex 192 -20.199999999999999 0
      vertex 192.19999999999999 -20.199999999999999 0
      vertex 192.19999999999999 -20 0
    endloop
  endfacet
  facet normal 0 0 1
    outer loop
      vertex 192 -20.199999999999999 0
      vertex 192.19999999999999 -20 0
      vertex 192 -20 0
    endloop
  endfacet
  facet normal 0 0 1
    outer loop
      vertex 192 -20 0
      vertex 192.19999999999999 -20 0
      vertex 192.19999999999999 -10.199999999999999 0
    endloop
  endfacet
  facet normal 0 0 1
    outer loop
      vertex 192 -20 0
      vertex 192.19999999999999 -10.199999999999999 0
      vertex 192 -10.199999999999999 0
    endloop
  endfacet
  facet normal 0 0 1
    outer loop
      vertex 192 -10.199999999999999 0
      vertex 192.19999999999999 -10.199999999999999 0
      vertex 192.19999999999999 -10 0
    endloop
  endfacet
  facet normal 0 0 1
    outer loop
      vertex 192 -10.199999999999999 0
      vertex 192.19999999999999 -10 0
      vertex 192 -10 0
    endloop
  endfacet
  facet normal 0 0 1
    outer loop
      vertex 192 -10 0
      vertex 192.19999999999999 -10 0
      vertex 192.19999999999999 0 0
    endloop
  endfacet
  facet normal 0 0 1
    outer loop
      vertex 192 -10 0
      vertex 192.19999999999999 0 0
      vertex 192 0 0
    endloop
  endfacet
  facet normal 0 -0.59999999999999987 0.80000000000000004
    outer loop
      vertex 192.05333333333334 0.053333333333333399 0.040000000000000036
      vertex 192 0 0
      vertex 192.19999999999999 0 0
    endloop
  endfacet
  facet normal -2.8386384152351567e-17 -0.59999999999999998 0.80000000000000004
    outer loop
      vertex 192.05333333333334 0.053333333333333399 0.040000000000000036
      vertex 192.19999999999999 0 0
      vertex 192.19999999999999 0.053333333333333392 0.040000000000000036
    endloop
  endfacet
  facet normal -7.8062556418944104e-17 -0.59999999999999987 0.80000000000000016
    outer loop
      vertex 192 0.053333333333333399 0.040000000000000036
      vertex 192 0 0
      vertex 192.05333333333334 0.053333333333333392 0.040000000000000036
    endloop
  endfacet
  facet normal 0 0 1
    outer loop
      vertex 192.19999999999999 -100 0
      vertex 192.40000000000001 -100 0
      vertex 192.40000000000001 -80.200000000000003 0
    endloop
  endfacet
  facet normal 0 0 1
    outer loop
      vertex 192.19999999999999 -100 0
      vertex 192.40000000000001 -80.200000000000003 0
      vertex 192.19999999999999 -80.200000000000003 0
    endloop
  endfacet
  facet normal 0 0 1
    outer loop
      vertex 192.19999999999999 -80.200000000000003 0
      vertex 192.40000000000001 -80.200000000000003 0
      vertex 192.40000000000001 -80 0
    endloop
  endfacet
  facet normal 0 0 1
    outer loop
      vertex 192.19999999999999 -80.200000000000003 0
      vertex 192.40000000000001 -80 0
      vertex 192.19999999999999 -80 0
    endloop
  endfacet
  facet normal 0 0 1
    outer loop
      vertex 192.19999999999999 -80 0
      vertex 192.40000000000001 -80 0
      vertex 192.40000000000001 -60.200000000000003 0
    endloop
  endfacet
  facet normal 0 0 1
    outer loop
      vertex 192.19999999999999 -80 0
      vertex 192.40000000000001 -60.200000000000003 0
      vertex 192.19999999999999 -60.200000000000003 0
    endloop
  endfacet
  facet normal 0 0 1
    outer loop
      vertex 192.19999999999999 -60.200000000000003 0
      vertex 192.40000000000001 -60.200000000000003 0
      vertex 192.40000000000001 -60 0
    endloop
  endfacet
  facet normal 0 0 1
    outer loop
      vertex 192.19999999999999 -60.200000000000003 0
      vertex 192.40000000000001 -60 0
      vertex 192.19999999999999 -60 0
    endloop
  endfacet
  facet normal 0 0 1
    outer loop
      vertex 192.19999999999999 -60 0
      vertex 192.40000000000001 -60 0
      vertex 192.40000000000001 -40.200000000000003 0
    endloop
  endfacet
  facet normal 0 0 1
    outer loop
      vertex 192.19999999999999 -60 0
      vertex 192.40000000000001 -40.200000000000003 0
      vertex 192.19999999999999 -40.200000000000003 0
    endloop
  endfacet
  facet normal 0 0 1
    outer loop
      vertex 192.19999999999999 -40.200000000000003 0
      vertex 192.40000000000001 -40.200000000000003 0
      vertex 192.40000000000001 -40 0
    endloop
  endfacet
  facet normal 0 0 1
    outer loop
      vertex 192.19999999999999 -40.200000000000003 0
      vertex 192.40000000000001 -40 0
      vertex 192.19999999999999 -40 0
    endloop
  endfacet
  facet normal 0 0 1
    outer loop
      vertex 192.19999999999999 -40 0
      vertex 192.40000000000001 -40 0
      vertex 192.40000000000001 -20.199999999999999 0
    endloop
  endfacet
  facet normal 0 0 1
    outer loop
      vertex 192.19999999999999 -40 0
      vertex 192.40000000000001 -20.199999999999999 0
      vertex 192.19999999999999 -20.199999999999999 0
    endloop
  endfacet
  facet normal 0 0 1
    outer loop
      vertex 192.19999999999999 -20.199999999999999 0
      vertex 192.40000000000001 -20.199999999999999 0
      vertex 192.40000000000001 -20 0
    endloop
  endfacet
  facet normal 0 0 1
    outer loop
      vertex 192.19999999999999 -20.199999999999999 0
      vertex 192.40000000000001 -20 0
      vertex 192.19999999999999 -20 0
    endloop
  endfacet
  facet normal 0 0 1
    outer loop
      vertex 192.19999999999999 -20 0
      vertex 192.40000000000001 -20 0
      vertex 192.40000000000001 -10.199999999999999 0
    endloop
  endfacet
  facet normal 0 0 1
    outer loop
      vertex 192.19999999999999 -20 0
      vertex 192.40000000000001 -10.199999999999999 0
      vertex 192.19999999999999 -10.199999999999999 0
    endloop
  endfacet
  facet normal 0 0 1
    outer loop
      vertex 192.19999999999999 -10.199999999999999 0
      vertex 192.40000000000001 -10.199999999999999 0
      vertex 192.40000000000001 -10 0
    endloop
  endfacet
  facet normal 0 0 1
    outer loop
      vertex 192.19999999999999 -10.199999999999999 0
      vertex 192.40000000000001 -10 0
      vertex 192.19999999999999 -10 0
    endloop
  endfacet
  facet normal 0 0 1
    outer loop
      vertex 192.19999999999999 -10 0
      vertex 192.40000000000001 -10 0
      vertex 192.40000000000001 0 0
    endloop
  endfacet
  facet normal 0 0 1
    outer loop
      vertex 192.19999999999999 -10 0
      vertex 192.40000000000001 0 0
      vertex 192.19999999999999 0 0
    endloop
  endfacet
  facet normal 0 -0.59999999999999987 0.80000000000000016
    outer loop
      vertex 192.25333333333333 0.053333333333333399 0.040000000000000036
      vertex 192.19999999999999 0 0
      vertex 192.40000000000001 0 0
    endloop
  endfacet
  facet normal -2.8386384152346063e-17 -0.59999999999999987 0.80000000000000004
    outer loop
      vertex 192.25333333333333 0.053333333333333399 0.040000000000000036
      vertex 192.40000000000001 0 0
      vertex 192.40000000000001 0.053333333333333392 0.040000000000000036
    endloop
  endfacet
  facet normal -7.8062556418944104e-17 -0.59999999999999987 0.80000000000000016
    outer loop
      vertex 192.19999999999999 0.053333333333333399 0.040000000000000036
      vertex 192.19999999999999 0 0
      vertex 192.25333333333333 0.053333333333333392 0.040000000000000036
    endloop
  endfacet
  facet normal 0 0 1
    outer loop
      vertex 192.40000000000001 -100 0
      vertex 192.59999999999999 -100 0
      vertex 192.59999999999999 -80.200000000000003 0
    endloop
  endfacet
  facet normal 0 0 1
    outer loop
      vertex 192.40000000000001 -100 0
      vertex 192.59999999999999 -80.200000000000003 0
      vertex 192.40000000000001 -80.200000000000003 0
    endloop
  endfacet
  facet normal 0 0 1
    outer loop
      vertex 192.40000000000001 -80.200000000000003 0
      vertex 192.59999999999999 -80.200000000000003 0
      vertex 192.59999999999999 -80 0
    endloop
  endfacet
  facet normal 0 0 1
    outer loop
      vertex 192.40000000000001 -80.200000000000003 0
      vertex 192.59999999999999 -80 0
      vertex 192.40000000000001 -80 0
    endloop
  endfacet
  facet normal 0 0 1
    outer loop
      vertex 192.40000000000001 -80 0
      vertex 192.59999999999999 -80 0
      vertex 192.59999999999999 -60.200000000000003 0
    endloop
  endfacet
  facet normal 0 0 1
    outer loop
      vertex 192.40000000000001 -80 0
      vertex 192.59999999999999 -60.200000000000003 0
      vertex 192.40000000000001 -60.200000000000003 0
    endloop
  endfacet
  facet normal 0 0 1
    outer loop
      vertex 192.40000000000001 -60.200000000000003 0
      vertex 192.59999999999999 -60.200000000000003 0
      vertex 192.59999999999999 -60 0
    endloop
  endfacet
  facet normal 0 0 1
    outer loop
      vertex 192.40000000000001 -60.200000000000003 0
      vertex 192.59999999999999 -60 0
      vertex 192.40000000000001 -60 0
    endloop
  endfacet
  facet normal 0 0 1
    outer loop
      vertex 192.40000000000001 -60 0
      vertex 192.59999999999999 -60 0
      vertex 192.59999999999999 -40.200000000000003 0
    endloop
  endfacet
  facet normal 0 0 1
    outer loop
      vertex 192.40000000000001 -60 0
      vertex 192.59999999999999 -40.200000000000003 0
      vertex 192.40000000000001 -40.200000000000003 0
    endloop
  endfacet
  facet normal 0 0 1
    outer loop
      vertex 192.40000000000001 -40.200000000000003 0
      vertex 192.59999999999999 -40.200000000000003 0
      vertex 192.59999999999999 -40 0
    endloop
  endfacet
  facet normal 0 0 1
    outer loop
      vertex 192.40000000000001 -40.200000000000003 0
      vertex 192.59999999999999 -40 0
      vertex 192.40000000000001 -40 0
    endloop
  endfacet
  facet normal 0 0 1
    outer loop
      vertex 192.40000000000001 -40 0
      vertex 192.59999999999999 -40 0
      vertex 192.59999999999999 -20.199999999999999 0
    endloop
  endfacet
  facet normal 0 0 1
    outer loop
      vertex 192.40000000000001 -40 0
      vertex 192.59999999999999 -20.199999999999999 0
      vertex 192.40000000000001 -20.199999999999999 0
    endloop
  endfacet
  facet normal 0 0 1
    outer loop
      vertex 192.40000000000001 -20.199999999999999 0
      vertex 192.59999999999999 -20.199999999999999 0
      vertex 192.59999999999999 -20 0
    endloop
  endfacet
  facet normal 0 0 1
    outer loop
      vertex 192.40000000000001 -20.199999999999999 0
      vertex 192.59999999999999 -20 0
      vertex 192.40000000000001 -20 0
    endloop
  endfacet
  facet normal 0 0 1
    outer loop
      vertex 192.40000000000001 -20 0
      vertex 192.59999999999999 -20 0
      vertex 192.59999999999999 -10.199999999999999 0
    endloop
  endfacet
  facet normal 0 0 1
    outer loop
      vertex 192.40000000000001 -20 0
      vertex 192.59999999999999 -10.199999999999999 0
      vertex 192.40000000000001 -10.199999999999999 0
    endloop
  endfacet
  facet normal 0 0 1
    outer loop
      vertex 192.40000000000001 -10.199999999999999 0
      vertex 192.59999999999999 -10.199999999999999 0
      vertex 192.59999999999999 -10 0
    endloop
  endfacet
  facet normal 0 0 1
    outer loop
      vertex 192.40000000000001 -10.199999999999999 0
      vertex 192.59999999999999 -10 0
      vertex 192.40000000000001 -10 0
    endloop
  endfacet
  facet normal 0 0 1
    outer loop
      vertex 192.40000000000001 -10 0
      vertex 192.59999999999999 -10 0
      vertex 192.59999999999999 0 0
    endloop
  endfacet
  facet normal 0 0 1
    outer loop
      vertex 192.40000000000001 -10 0
      vertex 192.59999999999999 0 0
      vertex 192.40000000000001 0 0
    endloop
  endfacet
  facet normal 0 -0.70710678118654757 0.70710678118654757
    outer loop
      vertex 192.44 0.040000000000000036 0.040000000000000036
      vertex 192.40000000000001 0 0
      vertex 192.59999999999999 0 0
    endloop
  endfacet
  facet normal 0 -0.70710678118654757 0.70710678118654757
    outer loop
      vertex 192.44 0.040000000000000036 0.040000000000000036
      vertex 192.59999999999999 0 0
      vertex 192.59999999999999 0.040000000000000036 0.040000000000000036
    endloop
  endfacet
  facet normal -0.19611613513822193 -0.58834840541454736 0.78446454055273007
    outer loop
      vertex 192.40000000000001 0.053333333333333399 0.040000000000000036
      vertex 192.40000000000001 0 0
      vertex 192.44 0.040000000000000036 0.040000000000000036
    endloop
  endfacet
  facet normal 0 0 1
    outer loop
      vertex 192.59999999999999 -100 0
      vertex 192.80000000000001 -100 0
      vertex 192.80000000000001 -80.200000000000003 0
    endloop
  endfacet
  facet normal 0 0 1
    outer loop
      vertex 192.59999999999999 -100 0
      vertex 192.80000000000001 -80.200000000000003 0
      vertex 192.59999999999999 -80.200000000000003 0
    endloop
  endfacet
  facet normal 0 0 1
    outer loop
      vertex 192.59999999999999 -80.200000000000003 0
      vertex 192.80000000000001 -80.200000000000003 0
      vertex 192.80000000000001 -80 0
    endloop
  endfacet
  facet normal 0 0 1
    outer loop
      vertex 192.59999999999999 -80.200000000000003 0
      vertex 192.80000000000001 -80 0
      vertex 192.59999999999999 -80 0
    endloop
  endfacet
  facet normal 0 0 1
    outer loop
      vertex 192.59999999999999 -80 0
      vertex 192.80000000000001 -80 0
      vertex 192.80000000000001 -60.200000000000003 0
    endloop
  endfacet
  facet normal 0 0 1
    outer loop
      vertex 192.59999999999999 -80 0
      vertex 192.80000000000001 -60.200000000000003 0
      vertex 192.59999999999999 -60.200000000000003 0
    endloop
  endfacet
  facet normal 0 0 1
    outer loop
      vertex 192.59999999999999 -60.200000000000003 0
      vertex 192.80000000000001 -60.200000000000003 0
      vertex 192.80000000000001 -60 0
    endloop
  endfacet
  facet normal 0 0 1
    outer loop
      vertex 192.59999999999999 -60.200000000000003 0
      vertex 192.80000000000001 -60 0
      vertex 192.59999999999999 -60 0
    endloop
  endfacet
  facet normal 0 0 1
    outer loop
      vertex 192.59999999999999 -60 0
      vertex 192.80000000000001 -60 0
      vertex 192.80000000000001 -40.200000000000003 0
    endloop
  endfacet
  facet normal 0 0 1
    outer loop
      vertex 192.59999999999999 -60 0
      vertex 192.80000000000001 -40.200000000000003 0
      vertex 192.59999999999999 -40.200000000000003 0
    endloop
  endfacet
  facet normal 0 0 1
    outer loop
      vertex 192.59999999999999 -40.200000000000003 0
      vertex 192.80000000000001 -40.200000000000003 0
      vertex 192.80000000000001 -40 0
    endloop
  endfacet
  facet normal 0 0 1
    outer loop
      vertex 192.59999999999999 -40.200000000000003 0
      vertex 192.80000000000001 -40 0
      vertex 192.59999999999999 -40 0
    endloop
  endfacet
  facet normal 0 0 1
    outer loop
      vertex 192.59999999999999 -40 0
      vertex 192.80000000000001 -40 0
      vertex 192.80000000000001 -20.199999999999999 0
    endloop
  endfacet
  facet normal 0 0 1
    outer loop
      vertex 192.59999999999999 -40 0
      vertex 192.80000000000001 -20.199999999999999 0
      vertex 192.59999999999999 -20.199999999999999 0
    endloop
  endfacet
  facet normal 0 0 1
    outer loop
      vertex 192.59999999999999 -20.199999999999999 0
      vertex 192.80000000000001 -20.199999999999999 0
      vertex 192.80000000000001 -20 0
    endloop
  endfacet
  facet normal 0 0 1
    outer loop
      vertex 192.59999999999999 -20.199999999999999 0
      vertex 192.80000000000001 -20 0
      vertex 192.59999999999999 -20 0
    endloop
  endfacet
  facet normal 0 0 1
    outer loop
      vertex 192.59999999999999 -20 0
      vertex 192.80000000000001 -20 0
      vertex 192.80000000000001 -10.199999999999999 0
    endloop
  endfacet
  facet normal 0 0 1
    outer loop
      vertex 192.59999999999999 -20 0
      vertex 192.80000000000001 -10.199999999999999 0
      vertex 192.59999999999999 -10.199999999999999 0
    endloop
  endfacet
  facet normal 0 0 1
    outer loop
      vertex 192.59999999999999 -10.199999999999999 0
      vertex 192.80000000000001 -10.199999999999999 0
      vertex 192.80000000000001 -10 0
    endloop
  endfacet
  facet normal 0 0 1
    outer loop
      vertex 192.59999999999999 -10.199999999999999 0
      vertex 192.80000000000001 -10 0
      vertex 192.59999999999999 -10 0
    endloop
  endfacet
  facet normal 0 0 1
    outer loop
      vertex 192.59999999999999 -10 0
      vertex 192.80000000000001 -10 0
      vertex 192.80000000000001 0 0
    endloop
  endfacet
  facet normal 0 0 1
    outer loop
      vertex 192.59999999999999 -10 0
      vertex 192.80000000000001 0 0
      vertex 192.59999999999999 0 0
    endloop
  endfacet
  facet normal 0 -0.70710678118654757 0.70710678118654757
    outer loop
      vertex 192.63999999999999 0.040000000000000036 0.040000000000000036
      vertex 192.59999999999999 0 0
      vertex 192.80000000000001 0 0
    endloop
  endfacet
  facet normal 0 -0.70710678118654757 0.70710678118654757
    outer loop
      vertex 192.63999999999999 0.040000000000000036 0.040000000000000036
      vertex 192.80000000000001 0 0
      vertex 192.80000000000001 0.040000000000000036 0.040000000000000036
    endloop
  endfacet
  facet normal 0 -0.70710678118654757 0.70710678118654757
    outer loop
      vertex 192.59999999999999 0.040000000000000036 0.040000000000000036
      vertex 192.59999999999999 0 0
      vertex 192.63999999999999 0.040000000000000036 0.040000000000000036
    endloop
  endfacet
  facet normal 0 0 1
    outer loop
      vertex 192.80000000000001 -100 0
      vertex 193 -100 0
      vertex 193 -80.200000000000003 0
    endloop
  endfacet
  facet normal 0 0 1
    outer loop
      vertex 192.80000000000001 -100 0
      vertex 193 -80.200000000000003 0
      vertex 192.80000000000001 -80.200000000000003 0
    endloop
  endfacet
  facet normal 0 0 1
    outer loop
      vertex 192.80000000000001 -80.200000000000003 0
      vertex 193 -80.200000000000003 0
      vertex 193 -80 0
    endloop
  endfacet
  facet normal 0 0 1
    outer loop
      vertex 192.80000000000001 -80.200000000000003 0
      vertex 193 -80 0
      vertex 192.80000000000001 -80 0
    endloop
  endfacet
  facet normal 0 0 1
    outer loop
      vertex 192.80000000000001 -80 0
      vertex 193 -80 0
      vertex 193 -60.200000000000003 0
    endloop
  endfacet
  facet normal 0 0 1
    outer loop
      vertex 192.80000000000001 -80 0
      vertex 193 -60.200000000000003 0
      vertex 192.80000000000001 -60.200000000000003 0
    endloop
  endfacet
  facet normal 0 0 1
    outer loop
      vertex 192.80000000000001 -60.200000000000003 0
      vertex 193 -60.200000000000003 0
      vertex 193 -60 0
    endloop
  endfacet
  facet normal 0 0 1
    outer loop
      vertex 192.80000000000001 -60.200000000000003 0
      vertex 193 -60 0
      vertex 192.80000000000001 -60 0
    endloop
  endfacet
  facet normal 0 0 1
    outer loop
      vertex 192.80000000000001 -60 0
      vertex 193 -60 0
      vertex 193 -40.200000000000003 0
    endloop
  endfacet
  facet normal 0 0 1
    outer loop
      vertex 192.80000000000001 -60 0
      vertex 193 -40.200000000000003 0
      vertex 192.80000000000001 -40.200000000000003 0
    endloop
  endfacet
  facet normal 0 0 1
    outer loop
      vertex 192.80000000000001 -40.200000000000003 0
      vertex 193 -40.200000000000003 0
      vertex 193 -40 0
    endloop
  endfacet
  facet normal 0 0 1
    outer loop
      vertex 192.80000000000001 -40.200000000000003 0
      vertex 193 -40 0
      vertex 192.80000000000001 -40 0
    endloop
  endfacet
  facet normal 0 0 1
    outer loop
      vertex 192.80000000000001 -40 0
      vertex 193 -40 0
      vertex 193 -20.199999999999999 0
    endloop
  endfacet
  facet normal 0 0 1
    outer loop
      vertex 192.80000000000001 -40 0
      vertex 193 -20.199999999999999 0
      vertex 192.80000000000001 -20.199999999999999 0
    endloop
  endfacet
  facet normal 0 0 1
    outer loop
      vertex 192.80000000000001 -20.199999999999999 0
      vertex 193 -20.199999999999999 0
      vertex 193 -20 0
    endloop
  endfacet
  facet normal 0 0 1
    outer loop
      vertex 192.80000000000001 -20.199999999999999 0
      vertex 193 -20 0
      vertex 192.80000000000001 -20 0
    endloop
  endfacet
  facet normal 0 0 1
    outer loop
      vertex 192.80000000000001 -20 0
      vertex 193 -20 0
      vertex 193 -10.199999999999999 0
    endloop
  endfacet
  facet normal 0 0 1
    outer loop
      vertex 192.80000000000001 -20 0
      vertex 193 -10.199999999999999 0
      vertex 192.80000000000001 -10.199999999999999 0
    endloop
  endfacet
  facet normal 0 0 1
    outer loop
      vertex 192.80000000000001 -10.199999999999999 0
      vertex 193 -10.199999999999999 0
      vertex 193 -10 0
    endloop
  endfacet
  facet normal 0 0 1
    outer loop
      vertex 192.80000000000001 -10.199999999999999 0
      vertex 193 -10 0
      vertex 192.80000000000001 -10 0
    endloop
  endfacet
  facet normal 0 0 1
    outer loop
      vertex 192.80000000000001 -10 0
      vertex 193 -10 0
      vertex 193 0 0
    endloop
  endfacet
  facet normal 0 0 1
    outer loop
      vertex 192.80000000000001 -10 0
      vertex 193 0 0
      vertex 192.80000000000001 0 0
    endloop
  endfacet
  facet normal 0 -0.70710678118654757 0.70710678118654757
    outer loop
      vertex 192.84 0.040000000000000036 0.040000000000000036
      vertex 192.80000000000001 0 0
      vertex 193 0 0
    endloop
  endfacet
  facet normal 0 -0.70710678118654757 0.70710678118654757
    outer loop
      vertex 192.84 0.040000000000000036 0.040000000000000036
      vertex 193 0 0
      vertex 193 0.040000000000000036 0.040000000000000036
    endloop
  endfacet
  facet normal 0 -0.70710678118654757 0.70710678118654757
    outer loop
      vertex 192.80000000000001 0.040000000000000036 0.040000000000000036
      vertex 192.80000000000001 0 0
      vertex 192.84 0.040000000000000036 0.040000000000000036
    endloop
  endfacet
  facet normal 0 0 1
    outer loop
      vertex 193 -100 0
      vertex 193.19999999999999 -100 0
      vertex 193.19999999999999 -80.200000000000003 0
    endloop
  endfacet
  facet normal 0 0 1
    outer loop
      vertex 193 -100 0
      vertex 193.19999999999999 -80.200000000000003 0
      vertex 193 -80.200000000000003 0
    endloop
  endfacet
  facet normal 0 0 1
    outer loop
      vertex 193 -80.200000000000003 0
      vertex 193.19999999999999 -80.200000000000003 0
      vertex 193.19999999999999 -80 0
    endloop
  endfacet
  facet normal 0 0 1
    outer loop
      vertex 193 -80.200000000000003 0
      vertex 193.19999999999999 -80 0
      vertex 193 -80 0
    endloop
  endfacet
  facet normal 0 0 1
    outer loop
      vertex 193 -80 0
      vertex 193.19999999999999 -80 0
      vertex 193.19999999999999 -60.200000000000003 0
    endloop
  endfacet
  facet normal 0 0 1
    outer loop
      vertex 193 -80 0
      vertex 193.19999999999999 -60.200000000000003 0
      vertex 193 -60.200000000000003 0
    endloop
  endfacet
  facet normal 0 0 1
    outer loop
      vertex 193 -60.200000000000003 0
      vertex 193.19999999999999 -60.200000000000003 0
      vertex 193.19999999999999 -60 0
    endloop
  endfacet
  facet normal 0 0 1
    outer loop
      vertex 193 -60.200000000000003 0
      vertex 193.19999999999999 -60 0
      vertex 193 -60 0
    endloop
  endfacet
  facet normal 0 0 1
    outer loop
      vertex 193 -60 0
      vertex 193.19999999999999 -60 0
      vertex 193.19999999999999 -40.200000000000003 0
    endloop
  endfacet
  facet normal 0 0 1
    outer loop
      vertex 193 -60 0
      vertex 193.19999999999999 -40.200000000000003 0
      vertex 193 -40.200000000000003 0
    endloop
  endfacet
  facet normal 0 0 1
    outer loop
      vertex 193 -40.200000000000003 0
      vertex 193.19999999999999 -40.200000000000003 0
      vertex 193.19999999999999 -40 0
    endloop
  endfacet
  facet normal 0 0 1
    outer loop
      vertex 193 -40.200000000000003 0
      vertex 193.19999999999999 -40 0
      vertex 193 -40 0
    endloop
  endfacet
  facet normal 0 0 1
    outer loop
      vertex 193 -40 0
      vertex 193.19999999999999 -40 0
      vertex 193.19999999999999 -20.199999999999999 0
    endloop
  endfacet
  facet normal 0 0 1
    outer loop
      vertex 193 -40 0
      vertex 193.19999999999999 -20.199999999999999 0
      vertex 193 -20.199999999999999 0
    endloop
  endfacet
  facet normal 0 0 1
    outer loop
      vertex 193 -20.199999999999999 0
      vertex 193.19999999999999 -20.199999999999999 0
      vertex 193.19999999999999 -20 0
    endloop
  endfacet
  facet normal 0 0 1
    outer loop
      vertex 193 -20.199999999999999 0
      vertex 193.19999999999999 -20 0
      vertex 193 -20 0
    endloop
  endfacet
  facet normal 0 0 1
    outer loop
      vertex 193 -20 0
      vertex 193.19999999999999 -20 0
      vertex 193.19999999999999 -10.199999999999999 0
    endloop
  endfacet
  facet normal 0 0 1
    outer loop
      vertex 193 -20 0
      vertex 193.19999999999999 -10.199999999999999 0
      vertex 193 -10.199999999999999 0
    endloop
  endfacet
  facet normal 0 0 1
    outer loop
      vertex 193 -10.199999999999999 0
      vertex 193.19999999999999 -10.199999999999999 0
      vertex 193.19999999999999 -10 0
    endloop
  endfacet
  facet normal 0 0 1
    outer loop
      vertex 193 -10.199999999999999 0
      vertex 193.19999999999999 -10 0
      vertex 193 -10 0
    endloop
  endfacet
  facet normal 0 0 1
    outer loop
      vertex 193 -10 0
      vertex 193.19999999999999 -10 0
      vertex 193.19999999999999 0 0
    endloop
  endfacet
  facet normal 0 0 1
    outer loop
      vertex 193 -10 0
      vertex 193.19999999999999 0 0
      vertex 193 0 0
    endloop
  endfacet
  facet normal 0 -0.70710678118654757 0.70710678118654757
    outer loop
      vertex 193.03999999999999 0.040000000000000036 0.040000000000000036
      vertex 193 0 0
      vertex 193.19999999999999 0 0
    endloop
  endfacet
  facet normal 0 -0.70710678118654757 0.70710678118654757
    outer loop
      vertex 193.03999999999999 0.040000000000000036 0.040000000000000036
      vertex 193.19999999999999 0 0
      vertex 193.19999999999999 0.040000000000000036 0.040000000000000036
    endloop
  endfacet
  facet normal 0 -0.70710678118654757 0.70710678118654757
    outer loop
      vertex 193 0.040000000000000036 0.040000000000000036
      vertex 193 0 0
      vertex 193.03999999999999 0.040000000000000036 0.040000000000000036
    endloop
  endfacet
  facet normal 0 0 1
    outer loop
      vertex 193.19999999999999 -100 0
      vertex 193.40000000000001 -100 0
      vertex 193.40000000000001 -80.200000000000003 0
    endloop
  endfacet
  facet normal 0 0 1
    outer loop
      vertex 193.19999999999999 -100 0
      vertex 193.40000000000001 -80.200000000000003 0
      vertex 193.19999999999999 -80.200000000000003 0
    endloop
  endfacet
  facet normal 0 0 1
    outer loop
      vertex 193.19999999999999 -80.200000000000003 0
      vertex 193.40000000000001 -80.200000000000003 0
      vertex 193.40000000000001 -80 0
    endloop
  endfacet
  facet normal 0 0 1
    outer loop
      vertex 193.19999999999999 -80.200000000000003 0
      vertex 193.40000000000001 -80 0
      vertex 193.19999999999999 -80 0
    endloop
  endfacet
  facet normal 0 0 1
    outer loop
      vertex 193.19999999999999 -80 0
      vertex 193.40000000000001 -80 0
      vertex 193.40000000000001 -60.200000000000003 0
    endloop
  endfacet
  facet normal 0 0 1
    outer loop
      vertex 193.19999999999999 -80 0
      vertex 193.40000000000001 -60.200000000000003 0
      vertex 193.19999999999999 -60.200000000000003 0
    endloop
  endfacet
  facet normal 0 0 1
    outer loop
      vertex 193.19999999999999 -60.200000000000003 0
      vertex 193.40000000000001 -60.200000000000003 0
      vertex 193.40000000000001 -60 0
    endloop
  endfacet
  facet normal 0 0 1
    outer loop
      vertex 193.19999999999999 -60.200000000000003 0
      vertex 193.40000000000001 -60 0
      vertex 193.19999999999999 -60 0
    endloop
  endfacet
  facet normal 0 0 1
    outer loop
      vertex 193.19999999999999 -60 0
      vertex 193.40000000000001 -60 0
      vertex 193.40000000000001 -40.200000000000003 0
    endloop
  endfacet
  facet normal 0 0 1
    outer loop
      vertex 193.19999999999999 -60 0
      vertex 193.40000000000001 -40.200000000000003 0
      vertex 193.19999999999999 -40.200000000000003 0
    endloop
  endfacet
  facet normal 0 0 1
    outer loop
      vertex 193.19999999999999 -40.200000000000003 0
      vertex 193.40000000000001 -40.200000000000003 0
      vertex 193.40000000000001 -40 0
    endloop
  endfacet
  facet normal 0 0 1
    outer loop
      vertex 193.19999999999999 -40.200000000000003 0
      vertex 193.40000000000001 -40 0
      vertex 193.19999999999999 -40 0
    endloop
  endfacet
  facet normal 0 0 1
    outer loop
      vertex 193.19999999999999 -40 0
      vertex 193.40000000000001 -40 0
      vertex 193.40000000000001 -20.199999999999999 0
    endloop
  endfacet
  facet normal 0 0 1
    outer loop
      vertex 193.19999999999999 -40 0
      vertex 193.40000000000001 -20.199999999999999 0
      vertex 193.19999999999999 -20.199999999999999 0
    endloop
  endfacet
  facet normal 0 0 1
    outer loop
      vertex 193.19999999999999 -20.199999999999999 0
      vertex 193.40000000000001 -20.199999999999999 0
      vertex 193.40000000000001 -20 0
    endloop
  endfacet
  facet normal 0 0 1
    outer loop
      vertex 193.19999999999999 -20.199999999999999 0
      vertex 193.40000000000001 -20 0
      vertex 193.19999999999999 -20 0
    endloop
  endfacet
  facet normal 0 0 1
    outer loop
      vertex 193.19999999999999 -20 0
      vertex 193.40000000000001 -20 0
      vertex 193.40000000000001 -10.199999999999999 0
    endloop
  endfacet
  facet normal 0 0 1
    outer loop
      vertex 193.19999999999999 -20 0
      vertex 193.40000000000001 -10.199999999999999 0
      vertex 193.19999999999999 -10.199999999999999 0
    endloop
  endfacet
  facet normal 0 0 1
    outer loop
      vertex 193.19999999999999 -10.199999999999999 0
      vertex 193.40000000000001 -10.199999999999999 0
      vertex 193.40000000000001 -10 0
    endloop
  endfacet
  facet normal 0 0 1
    outer loop
      vertex 193.19999999999999 -10.199999999999999 0
      vertex 193.40000000000001 -10 0
      vertex 193.19999999999999 -10 0
    endloop
  endfacet
  facet normal 0 0 1
    outer loop
      vertex 193.19999999999999 -10 0
      vertex 193.40000000000001 -10 0
      vertex 193.40000000000001 0 0
    endloop
  endfacet
  facet normal 0 0 1
    outer loop
      vertex 193.19999999999999 -10 0
      vertex 193.40000000000001 0 0
      vertex 193.19999999999999 0 0
    endloop
  endfacet
  facet normal 0 -0.44721359549995798 0.89442719099991597
    outer loop
      vertex 193.28 0.080000000000000071 0.040000000000000036
      vertex 193.19999999999999 0 0
      vertex 193.40000000000001 0 0
    endloop
  endfacet
  facet normal 0 -0.44721359549995793 0.89442719099991586
    outer loop
      vertex 193.28 0.080000000000000071 0.040000000000000036
      vertex 193.40000000000001 0 0
      vertex 193.40000000000001 0.080000000000000071 0.040000000000000036
    endloop
  endfacet
  facet normal 0.3333333333332873 -0.66666666666667818 0.66666666666667818
    outer loop
      vertex 193.19999999999999 0.040000000000000036 0.040000000000000036
      vertex 193.19999999999999 0 0
      vertex 193.28 0.080000000000000071 0.040000000000000036
    endloop
  endfacet
  facet normal 0 0 1
    outer loop
      vertex 193.40000000000001 -100 0
      vertex 193.59999999999999 -100 0
      vertex 193.59999999999999 -80.200000000000003 0
    endloop
  endfacet
  facet normal 0 0 1
    outer loop
      vertex 193.40000000000001 -100 0
      vertex 193.59999999999999 -80.200000000000003 0
      vertex 193.40000000000001 -80.200000000000003 0
    endloop
  endfacet
  facet normal 0 0 1
    outer loop
      vertex 193.40000000000001 -80.200000000000003 0
      vertex 193.59999999999999 -80.200000000000003 0
      vertex 193.59999999999999 -80 0
    endloop
  endfacet
  facet normal 0 0 1
    outer loop
      vertex 193.40000000000001 -80.200000000000003 0
      vertex 193.59999999999999 -80 0
      vertex 193.40000000000001 -80 0
    endloop
  endfacet
  facet normal 0 0 1
    outer loop
      vertex 193.40000000000001 -80 0
      vertex 193.59999999999999 -80 0
      vertex 193.59999999999999 -60.200000000000003 0
    endloop
  endfacet
  facet normal 0 0 1
    outer loop
      vertex 193.40000000000001 -80 0
      vertex 193.59999999999999 -60.200000000000003 0
      vertex 193.40000000000001 -60.200000000000003 0
    endloop
  endfacet
  facet normal 0 0 1
    outer loop
      vertex 193.40000000000001 -60.200000000000003 0
      vertex 193.59999999999999 -60.200000000000003 0
      vertex 193.59999999999999 -60 0
    endloop
  endfacet
  facet normal 0 0 1
    outer loop
      vertex 193.40000000000001 -60.200000000000003 0
      vertex 193.59999999999999 -60 0
      vertex 193.40000000000001 -60 0
    endloop
  endfacet
  facet normal 0 0 1
    outer loop
      vertex 193.40000000000001 -60 0
      vertex 193.59999999999999 -60 0
      vertex 193.59999999999999 -40.200000000000003 0
    endloop
  endfacet
  facet normal 0 0 1
    outer loop
      vertex 193.40000000000001 -60 0
      vertex 193.59999999999999 -40.200000000000003 0
      vertex 193.40000000000001 -40.200000000000003 0
    endloop
  endfacet
  facet normal 0 0 1
    outer loop
      vertex 193.40000000000001 -40.200000000000003 0
      vertex 193.59999999999999 -40.200000000000003 0
      vertex 193.59999999999999 -40 0
    endloop
  endfacet
  facet normal 0 0 1
    outer loop
      vertex 193.40000000000001 -40.200000000000003 0
      vertex 193.59999999999999 -40 0
      vertex 193.40000000000001 -40 0
    endloop
  endfacet
  facet normal 0 0 1
    outer loop
      vertex 193.40000000000001 -40 0
      vertex 193.59999999999999 -40 0
      vertex 193.59999999999999 -20.199999999999999 0
    endloop
  endfacet
  facet normal 0 0 1
    outer loop
      vertex 193.40000000000001 -40 0
      vertex 193.59999999999999 -20.199999999999999 0
      vertex 193.40000000000001 -20.199999999999999 0
    endloop
  endfacet
  facet normal 0 0 1
    outer loop
      vertex 193.40000000000001 -20.199999999999999 0
      vertex 193.59999999999999 -20.199999999999999 0
      vertex 193.59999999999999 -20 0
    endloop
  endfacet
  facet normal 0 0 1
    outer loop
      vertex 193.40000000000001 -20.199999999999999 0
      vertex 193.59999999999999 -20 0
      vertex 193.40000000000001 -20 0
    endloop
  endfacet
  facet normal 0 0 1
    outer loop
      vertex 193.40000000000001 -20 0
      vertex 193.59999999999999 -20 0
      vertex 193.59999999999999 -10.199999999999999 0
    endloop
  endfacet
  facet normal 0 0 1
    outer loop
      vertex 193.40000000000001 -20 0
      vertex 193.59999999999999 -10.199999999999999 0
      vertex 193.40000000000001 -10.199999999999999 0
    endloop
  endfacet
  facet normal 0 0 1
    outer loop
      vertex 193.40000000000001 -10.199999999999999 0
      vertex 193.59999999999999 -10.199999999999999 0
      vertex 193.59999999999999 -10 0
    endloop
  endfacet
  facet normal 0 0 1
    outer loop
      vertex 193.40000000000001 -10.199999999999999 0
      vertex 193.59999999999999 -10 0
      vertex 193.40000000000001 -10 0
    endloop
  endfacet
  facet normal 0 0 1
    outer loop
      vertex 193.40000000000001 -10 0
      vertex 193.59999999999999 -10 0
      vertex 193.59999999999999 0 0
    endloop
  endfacet
  facet normal 0 0 1
    outer loop
      vertex 193.40000000000001 -10 0
      vertex 193.59999999999999 0 0
      vertex 193.40000000000001 0 0
    endloop
  endfacet
  facet normal 0 -0.44721359549995798 0.89442719099991597
    outer loop
      vertex 193.47999999999999 0.080000000000000071 0.040000000000000036
      vertex 193.40000000000001 0 0
      vertex 193.59999999999999 0 0
    endloop
  endfacet
  facet normal 0 -0.44721359549995793 0.89442719099991586
    outer loop
      vertex 193.47999999999999 0.080000000000000071 0.040000000000000036
      vertex 193.59999999999999 0 0
      vertex 193.59999999999999 0.080000000000000071 0.040000000000000036
    endloop
  endfacet
  facet normal 0 -0.44721359549995793 0.89442719099991586
    outer loop
      vertex 193.40000000000001 0.080000000000000071 0.040000000000000036
      vertex 193.40000000000001 0 0
      vertex 193.47999999999999 0.080000000000000071 0.040000000000000036
    endloop
  endfacet
  facet normal 0 0 1
    outer loop
      vertex 193.59999999999999 -100 0
      vertex 193.80000000000001 -100 0
      vertex 193.80000000000001 -80.200000000000003 0
    endloop
  endfacet
  facet normal 0 0 1
    outer loop
      vertex 193.59999999999999 -100 0
      vertex 193.80000000000001 -80.200000000000003 0
      vertex 193.59999999999999 -80.200000000000003 0
    endloop
  endfacet
  facet normal 0 0 1
    outer loop
      vertex 193.59999999999999 -80.200000000000003 0
      vertex 193.80000000000001 -80.200000000000003 0
      vertex 193.80000000000001 -80 0
    endloop
  endfacet
  facet normal 0 0 1
    outer loop
      vertex 193.59999999999999 -80.200000000000003 0
      vertex 193.80000000000001 -80 0
      vertex 193.59999999999999 -80 0
    endloop
  endfacet
  facet normal 0 0 1
    outer loop
      vertex 193.59999999999999 -80 0
      vertex 193.80000000000001 -80 0
      vertex 193.80000000000001 -60.200000000000003 0
    endloop
  endfacet
  facet normal 0 0 1
    outer loop
      vertex 193.59999999999999 -80 0
      vertex 193.80000000000001 -60.200000000000003 0
      vertex 193.59999999999999 -60.200000000000003 0
    endloop
  endfacet
  facet normal 0 0 1
    outer loop
      vertex 193.59999999999999 -60.200000000000003 0
      vertex 193.80000000000001 -60.200000000000003 0
      vertex 193.80000000000001 -60 0
    endloop
  endfacet
  facet normal 0 0 1
    outer loop
      vertex 193.59999999999999 -60.200000000000003 0
      vertex 193.80000000000001 -60 0
      vertex 193.59999999999999 -60 0
    endloop
  endfacet
  facet normal 0 0 1
    outer loop
      vertex 193.59999999999999 -60 0
      vertex 193.80000000000001 -60 0
      vertex 193.80000000000001 -40.200000000000003 0
    endloop
  endfacet
  facet normal 0 0 1
    outer loop
      vertex 193.59999999999999 -60 0
      vertex 193.80000000000001 -40.200000000000003 0
      vertex 193.59999999999999 -40.200000000000003 0
    endloop
  endfacet
  facet normal 0 0 1
    outer loop
      vertex 193.59999999999999 -40.200000000000003 0
      vertex 193.80000000000001 -40.200000000000003 0
      vertex 193.80000000000001 -40 0
    endloop
  endfacet
  facet normal 0 0 1
    outer loop
      vertex 193.59999999999999 -40.200000000000003 0
      vertex 193.80000000000001 -40 0
      vertex 193.59999999999999 -40 0
    endloop
  endfacet
  facet normal 0 0 1
    outer loop
      vertex 193.59999999999999 -40 0
      vertex 193.80000000000001 -40 0
      vertex 193.80000000000001 -20.199999999999999 0
    endloop
  endfacet
  facet normal 0 0 1
    outer loop
      vertex 193.59999999999999 -40 0
      vertex 193.80000000000001 -20.199999999999999 0
      vertex 193.59999999999999 -20.199999999999999 0
    endloop
  endfacet
  facet normal 0 0 1
    outer loop
      vertex 193.59999999999999 -20.199999999999999 0
      vertex 193.80000000000001 -20.199999999999999 0
      vertex 193.80000000000001 -20 0
    endloop
  endfacet
  facet normal 0 0 1
    outer loop
      vertex 193.59999999999999 -20.199999999999999 0
      vertex 193.80000000000001 -20 0
      vertex 193.59999999999999 -20 0
    endloop
  endfacet
  facet normal 0 0 1
    outer loop
      vertex 193.59999999999999 -20 0
      vertex 193.80000000000001 -20 0
      vertex 193.80000000000001 -10.199999999999999 0
    endloop
  endfacet
  facet normal 0 0 1
    outer loop
      vertex 193.59999999999999 -20 0
      vertex 193.80000000000001 -10.199999999999999 0
      vertex 193.59999999999999 -10.199999999999999 0
    endloop
  endfacet
  facet normal 0 0 1
    outer loop
      vertex 193.59999999999999 -10.199999999999999 0
      vertex 193.80000000000001 -10.199999999999999 0
      vertex 193.80000000000001 -10 0
    endloop
  endfacet
  facet normal 0 0 1
    outer loop
      vertex 193.59999999999999 -10.199999999999999 0
      vertex 193.80000000000001 -10 0
      vertex 193.59999999999999 -10 0
    endloop
  endfacet
  facet normal 0 0 1
    outer loop
      vertex 193.59999999999999 -10 0
      vertex 193.80000000000001 -10 0
      vertex 193.80000000000001 0 0
    endloop
  endfacet
  facet normal 0 0 1
    outer loop
      vertex 193.59999999999999 -10 0
      vertex 193.80000000000001 0 0
      vertex 193.59999999999999 0 0
    endloop
  endfacet
  facet normal 0 0 1
    outer loop
      vertex 193.59999999999999 0 0
      vertex 193.80000000000001 0 0
      vertex 193.80000000000001 0.20000000000000001 0
    endloop
  endfacet
  facet normal 0.4082482904638341 -0.40824829046386885 0.81649658092773769
    outer loop
      vertex 193.59999999999999 0.080000000000000071 0.040000000000000036
      vertex 193.59999999999999 0 0
      vertex 193.80000000000001 0.20000000000000001 0
    endloop
  endfacet
  facet normal 0.40824829046381816 -0.40824829046383382 0.81649658092776312
    outer loop
      vertex 193.59999999999999 0.080000000000000071 0.040000000000000036
      vertex 193.80000000000001 0.20000000000000001 0
      vertex 193.72 0.20000000000000001 0.040000000000000036
    endloop
  endfacet
  facet normal 0.44721359549990231 0 0.89442719099994372
    outer loop
      vertex 193.72 6.0799999999999965 0.040000000000000036
      vertex 193.72 0.20000000000000001 0.040000000000000036
      vertex 193.80000000000001 0.20000000000000001 0
    endloop
  endfacet
  facet normal 0.44721359549990231 0 0.89442719099994372
    outer loop
      vertex 193.72 6.0799999999999965 0.040000000000000036
      vertex 193.80000000000001 0.20000000000000001 0
      vertex 193.80000000000001 10 0
    endloop
  endfacet
  facet normal 0.44721359549990231 -0 0.89442719099994361
    outer loop
      vertex 193.72 6.0799999999999974 0.040000000000000036
      vertex 193.80000000000001 10 0
      vertex 193.72 10 0.040000000000000036
    endloop
  endfacet
  facet normal 0.44721359549990231 0 0.89442719099994372
    outer loop
      vertex 193.72 10.119999999999999 0.040000000000000036
      vertex 193.72 10 0.040000000000000036
      vertex 193.80000000000001 10 0
    endloop
  endfacet
  facet normal 0.44721359549990236 0 0.89442719099994383
    outer loop
      vertex 193.72 10.119999999999999 0.040000000000000036
      vertex 193.80000000000001 10 0
      vertex 193.80000000000001 10.199999999999999 0
    endloop
  endfacet
  facet normal 0.66666666666668806 -0.33333333333351423 0.66666666666655483
    outer loop
      vertex 193.72 10.119999999999999 0.040000000000000036
      vertex 193.80000000000001 10.199999999999999 0
      vertex 193.76000000000002 10.199999999999999 0.040000000000000036
    endloop
  endfacet
  facet normal 0.70710678118661818 0 0.70710678118647696
    outer loop
      vertex 193.76000000000002 18.039999999999999 0.040000000000000036
      vertex 193.76000000000002 10.199999999999999 0.040000000000000036
      vertex 193.80000000000001 10.199999999999999 0
    endloop
  endfacet
  facet normal 0.70710678118661818 0 0.70710678118647696
    outer loop
      vertex 193.76000000000002 18.039999999999999 0.040000000000000036
      vertex 193.80000000000001 10.199999999999999 0
      vertex 193.80000000000001 20 0
    endloop
  endfacet
  facet normal 0.70710678118661818 -0 0.70710678118647685
    outer loop
      vertex 193.76000000000002 18.039999999999999 0.040000000000000036
      vertex 193.80000000000001 20 0
      vertex 193.76000000000002 20 0.040000000000000036
    endloop
  endfacet
  facet normal 0.70710678118661818 0 0.70710678118647685
    outer loop
      vertex 193.76000000000002 20.16 0.040000000000000036
      vertex 193.76000000000002 20 0.040000000000000036
      vertex 193.80000000000001 20 0
    endloop
  endfacet
  facet normal 0.70710678118661818 0 0.70710678118647674
    outer loop
      vertex 193.76000000000002 20.16 0.040000000000000036
      vertex 193.80000000000001 20 0
      vertex 193.80000000000001 20.199999999999999 0
    endloop
  endfacet
  facet normal 0.40824829046378452 0.40824829046400207 0.81649658092769584
    outer loop
      vertex 193.76000000000002 20.16 0.040000000000000036
      vertex 193.80000000000001 20.199999999999999 0
      vertex 193.72 20.199999999999999 0.040000000000000036
    endloop
  endfacet
  facet normal 0.44721359549990231 0 0.89442719099994361
    outer loop
      vertex 193.72 32.079999999999991 0.040000000000000036
      vertex 193.72 20.199999999999999 0.040000000000000036
      vertex 193.80000000000001 20.199999999999999 0
    endloop
  endfacet
  facet normal 0.44721359549990231 0 0.89442719099994372
    outer loop
      vertex 193.72 32.079999999999991 0.040000000000000036
      vertex 193.80000000000001 20.199999999999999 0
      vertex 193.80000000000001 40 0
    endloop
  endfacet
  facet normal 0.44721359549990231 -0 0.89442719099994372
    outer loop
      vertex 193.72 32.079999999999991 0.040000000000000036
      vertex 193.80000000000001 40 0
      vertex 193.72 40 0.040000000000000036
    endloop
  endfacet
  facet normal 0.44721359549990236 0 0.89442719099994372
    outer loop
      vertex 193.72 40.120000000000005 0.040000000000000036
      vertex 193.72 40 0.040000000000000036
      vertex 193.80000000000001 40 0
    endloop
  endfacet
  facet normal 0.44721359549990242 0 0.89442719099994372
    outer loop
      vertex 193.72 40.120000000000005 0.040000000000000036
      vertex 193.80000000000001 40 0
      vertex 193.80000000000001 40.200000000000003 0
    endloop
  endfacet
  facet normal 0.44721359549990236 -0 0.89442719099994372
    outer loop
      vertex 193.72 40.120000000000005 0.040000000000000036
      vertex 193.80000000000001 40.200000000000003 0
      vertex 193.72 40.200000000000003 0.040000000000000036
    endloop
  endfacet
  facet normal 0.44721359549990236 0 0.89442719099994372
    outer loop
      vertex 193.72 52.079999999999991 0.040000000000000036
      vertex 193.72 40.200000000000003 0.040000000000000036
      vertex 193.80000000000001 40.200000000000003 0
    endloop
  endfacet
  facet normal 0.44721359549990231 0 0.89442719099994372
    outer loop
      vertex 193.72 52.079999999999991 0.040000000000000036
      vertex 193.80000000000001 40.200000000000003 0
      vertex 193.80000000000001 60 0
    endloop
  endfacet
  facet normal 0.70710227208029275 -0.0035712235963669407 0.70710227208015142
    outer loop
      vertex 193.72 52.079999999999998 0.040000000000000036
      vertex 193.80000000000001 60 0
      vertex 193.76000000000002 60 0.040000000000000036
    endloop
  endfacet
  facet normal 0.70710678118661818 0 0.70710678118647685
    outer loop
      vertex 193.76000000000002 60.160000000000004 0.040000000000000036
      vertex 193.76000000000002 60 0.040000000000000036
      vertex 193.80000000000001 60 0
    endloop
  endfacet
  facet normal 0.70710678118661818 0 0.70710678118647674
    outer loop
      vertex 193.76000000000002 60.160000000000004 0.040000000000000036
      vertex 193.80000000000001 60 0
      vertex 193.80000000000001 60.200000000000003 0
    endloop
  endfacet
  facet normal 0.70710678118661818 -0 0.70710678118647685
    outer loop
      vertex 193.76000000000002 60.160000000000004 0.040000000000000036
      vertex 193.80000000000001 60.200000000000003 0
      vertex 193.76000000000002 60.200000000000003 0.040000000000000036
    endloop
  endfacet
  facet normal 0.70710678118661818 0 0.70710678118647685
    outer loop
      vertex 193.76000000000002 76.039999999999992 0.040000000000000036
      vertex 193.76000000000002 60.200000000000003 0.040000000000000036
      vertex 193.80000000000001 60.200000000000003 0
    endloop
  endfacet
  facet normal 0.70710678118661829 0 0.70710678118647696
    outer loop
      vertex 193.76000000000002 76.039999999999992 0.040000000000000036
      vertex 193.80000000000001 60.200000000000003 0
      vertex 193.80000000000001 80 0
    endloop
  endfacet
  facet normal 0.5999987756388272 0.0020201978977762939 0.79999836751856068
    outer loop
      vertex 193.76000000000002 76.039999999999992 0.040000000000000036
      vertex 193.80000000000001 80 0
      vertex 193.74666666666667 80 0.040000000000000036
    endloop
  endfacet
  facet normal 0.59999999999994025 0 0.80000000000004468
    outer loop
      vertex 193.74666666666667 80.146666666666675 0.040000000000000036
      vertex 193.74666666666667 80 0.040000000000000036
      vertex 193.80000000000001 80 0
    endloop
  endfacet
  facet normal 0.59999999999994036 0 0.80000000000004468
    outer loop
      vertex 193.74666666666667 80.146666666666675 0.040000000000000036
      vertex 193.80000000000001 80 0
      vertex 193.80000000000001 80.200000000000003 0
    endloop
  endfacet
  facet normal 0.59999999999994025 -0 0.80000000000004479
    outer loop
      vertex 193.74666666666667 80.146666666666675 0.040000000000000036
      vertex 193.80000000000001 80.200000000000003 0
      vertex 193.74666666666667 80.200000000000003 0.040000000000000036
    endloop
  endfacet
  facet normal 0.59999999999994025 0 0.80000000000004479
    outer loop
      vertex 193.74666666666667 94.719999999999999 0.040000000000000036
      vertex 193.74666666666667 80.200000000000003 0.040000000000000036
      vertex 193.80000000000001 80.200000000000003 0
    endloop
  endfacet
  facet normal 0.59999999999994025 0 0.8000000000000449
    outer loop
      vertex 193.74666666666667 94.719999999999999 0.040000000000000036
      vertex 193.80000000000001 80.200000000000003 0
      vertex 193.80000000000001 100 0
    endloop
  endfacet
  facet normal 0.44721245476965943 0.0022586487614632794 0.89442490953945808
    outer loop
      vertex 193.74666666666667 94.719999999999999 0.040000000000000036
      vertex 193.80000000000001 100 0
      vertex 193.72 100 0.040000000000000036
    endloop
  endfacet
  facet normal 0 0 1
    outer loop
      vertex 193.80000000000001 -100 0
      vertex 194 -100 0
      vertex 194 -80.200000000000003 0
    endloop
  endfacet
  facet normal 0 0 1
    outer loop
      vertex 193.80000000000001 -100 0
      vertex 194 -80.200000000000003 0
      vertex 193.80000000000001 -80.200000000000003 0
    endloop
  endfacet
  facet normal 0 0 1
    outer loop
      vertex 193.80000000000001 -80.200000000000003 0
      vertex 194 -80.200000000000003 0
      vertex 194 -80 0
    endloop
  endfacet
  facet normal 0 0 1
    outer loop
      vertex 193.80000000000001 -80.200000000000003 0
      vertex 194 -80 0
      vertex 193.80000000000001 -80 0
    endloop
  endfacet
  facet normal 0 0 1
    outer loop
      vertex 193.80000000000001 -80 0
      vertex 194 -80 0
      vertex 194 -60.200000000000003 0
    endloop
  endfacet
  facet normal 0 0 1
    outer loop
      vertex 193.80000000000001 -80 0
      vertex 194 -60.200000000000003 0
      vertex 193.80000000000001 -60.200000000000003 0
    endloop
  endfacet
  facet normal 0 0 1
    outer loop
      vertex 193.80000000000001 -60.200000000000003 0
      vertex 194 -60.200000000000003 0
      vertex 194 -60 0
    endloop
  endfacet
  facet normal 0 0 1
    outer loop
      vertex 193.80000000000001 -60.200000000000003 0
      vertex 194 -60 0
      vertex 193.80000000000001 -60 0
    endloop
  endfacet
  facet normal 0 0 1
    outer loop
      vertex 193.80000000000001 -60 0
      vertex 194 -60 0
      vertex 194 -40.200000000000003 0
    endloop
  endfacet
  facet normal 0 0 1
    outer loop
      vertex 193.80000000000001 -60 0
      vertex 194 -40.200000000000003 0
      vertex 193.80000000000001 -40.200000000000003 0
    endloop
  endfacet
  facet normal 0 0 1
    outer loop
      vertex 193.80000000000001 -40.200000000000003 0
      vertex 194 -40.200000000000003 0
      vertex 194 -40 0
    endloop
  endfacet
  facet normal 0 0 1
    outer loop
      vertex 193.80000000000001 -40.200000000000003 0
      vertex 194 -40 0
      vertex 193.80000000000001 -40 0
    endloop
  endfacet
  facet normal 0 0 1
    outer loop
      vertex 193.80000000000001 -40 0
      vertex 194 -40 0
      vertex 194 -20.199999999999999 0
    endloop
  endfacet
  facet normal 0 0 1
    outer loop
      vertex 193.80000000000001 -40 0
      vertex 194 -20.199999999999999 0
      vertex 193.80000000000001 -20.199999999999999 0
    endloop
  endfacet
  facet normal 0 0 1
    outer loop
      vertex 193.80000000000001 -20.199999999999999 0
      vertex 194 -20.199999999999999 0
      vertex 194 -20 0
    endloop
  endfacet
  facet normal 0 0 1
    outer loop
      vertex 193.80000000000001 -20.199999999999999 0
      vertex 194 -20 0
      vertex 193.80000000000001 -20 0
    endloop
  endfacet
  facet normal 0 0 1
    outer loop
      vertex 193.80000000000001 -20 0
      vertex 194 -20 0
      vertex 194 -10.199999999999999 0
    endloop
  endfacet
  facet normal 0 0 1
    outer loop
      vertex 193.80000000000001 -20 0
      vertex 194 -10.199999999999999 0
      vertex 193.80000000000001 -10.199999999999999 0
    endloop
  endfacet
  facet normal 0 0 1
    outer loop
      vertex 193.80000000000001 -10.199999999999999 0
      vertex 194 -10.199999999999999 0
      vertex 194 -10 0
    endloop
  endfacet
  facet normal 0 0 1
    outer loop
      vertex 193.80000000000001 -10.199999999999999 0
      vertex 194 -10 0
      vertex 193.80000000000001 -10 0
    endloop
  endfacet
  facet normal 0 0 1
    outer loop
      vertex 193.80000000000001 -10 0
      vertex 194 -10 0
      vertex 194 0 0
    endloop
  endfacet
  facet normal 0 0 1
    outer loop
      vertex 193.80000000000001 -10 0
      vertex 194 0 0
      vertex 193.80000000000001 0 0
    endloop
  endfacet
  facet normal 0 0 1
    outer loop
      vertex 193.80000000000001 0 0
      vertex 194 0 0
      vertex 194 0.20000000000000001 0
    endloop
  endfacet
  facet normal 0 0 1
    outer loop
      vertex 193.80000000000001 0 0
      vertex 194 0.20000000000000001 0
      vertex 193.80000000000001 0.20000000000000001 0
    endloop
  endfacet
  facet normal 0 0 1
    outer loop
      vertex 193.80000000000001 0.20000000000000001 0
      vertex 194 0.20000000000000001 0
      vertex 194 10 0
    endloop
  endfacet
  facet normal 0 0 1
    outer loop
      vertex 193.80000000000001 0.20000000000000001 0
      vertex 194 10 0
      vertex 193.80000000000001 10 0
    endloop
  endfacet
  facet normal 0 0 1
    outer loop
      vertex 193.80000000000001 10 0
      vertex 194 10 0
      vertex 194 10.199999999999999 0
    endloop
  endfacet
  facet normal 0 0 1
    outer loop
      vertex 193.80000000000001 10 0
      vertex 194 10.199999999999999 0
      vertex 193.80000000000001 10.199999999999999 0
    endloop
  endfacet
  facet normal 0 0 1
    outer loop
      vertex 193.80000000000001 10.199999999999999 0
      vertex 194 10.199999999999999 0
      vertex 194 20 0
    endloop
  endfacet
  facet normal 0 0 1
    outer loop
      vertex 193.80000000000001 10.199999999999999 0
      vertex 194 20 0
      vertex 193.80000000000001 20 0
    endloop
  endfacet
  facet normal 0 0 1
    outer loop
      vertex 193.80000000000001 20 0
      vertex 194 20 0
      vertex 194 20.199999999999999 0
    endloop
  endfacet
  facet normal 0 0 1
    outer loop
      vertex 193.80000000000001 20 0
      vertex 194 20.199999999999999 0
      vertex 193.80000000000001 20.199999999999999 0
    endloop
  endfacet
  facet normal 0 0 1
    outer loop
      vertex 193.80000000000001 20.199999999999999 0
      vertex 194 20.199999999999999 0
      vertex 194 40 0
    endloop
  endfacet
  facet normal 0 0 1
    outer loop
      vertex 193.80000000000001 20.199999999999999 0
      vertex 194 40 0
      vertex 193.80000000000001 40 0
    endloop
  endfacet
  facet normal 0 0 1
    outer loop
      vertex 193.80000000000001 40 0
      vertex 194 40 0
      vertex 194 40.200000000000003 0
    endloop
  endfacet
  facet normal 0 0 1
    outer loop
      vertex 193.80000000000001 40 0
      vertex 194 40.200000000000003 0
      vertex 193.80000000000001 40.200000000000003 0
    endloop
  endfacet
  facet normal 0 0 1
    outer loop
      vertex 193.80000000000001 40.200000000000003 0
      vertex 194 40.200000000000003 0
      vertex 194 60 0
    endloop
  endfacet
  facet normal 0 0 1
    outer loop
      vertex 193.80000000000001 40.200000000000003 0
      vertex 194 60 0
      vertex 193.80000000000001 60 0
    endloop
  endfacet
  facet normal 0 0 1
    outer loop
      vertex 193.80000000000001 60 0
      vertex 194 60 0
      vertex 194 60.200000000000003 0
    endloop
  endfacet
  facet normal 0 0 1
    outer loop
      vertex 193.80000000000001 60 0
      vertex 194 60.200000000000003 0
      vertex 193.80000000000001 60.200000000000003 0
    endloop
  endfacet
  facet normal 0 0 1
    outer loop
      vertex 193.80000000000001 60.200000000000003 0
      vertex 194 60.200000000000003 0
      vertex 194 80 0
    endloop
  endfacet
  facet normal 0 0 1
    outer loop
      vertex 193.80000000000001 60.200000000000003 0
      vertex 194 80 0
      vertex 193.80000000000001 80 0
    endloop
  endfacet
  facet normal 0 0 1
    outer loop
      vertex 193.80000000000001 80 0
      vertex 194 80 0
      vertex 194 80.200000000000003 0
    endloop
  endfacet
  facet normal 0 0 1
    outer loop
      vertex 193.80000000000001 80 0
      vertex 194 80.200000000000003 0
      vertex 193.80000000000001 80.200000000000003 0
    endloop
  endfacet
  facet normal 0 0 1
    outer loop
      vertex 193.80000000000001 80.200000000000003 0
      vertex 194 80.200000000000003 0
      vertex 194 100 0
    endloop
  endfacet
  facet normal 0 0 1
    outer loop
      vertex 193.80000000000001 80.200000000000003 0
      vertex 194 100 0
      vertex 193.80000000000001 100 0
    endloop
  endfacet
  facet normal 0 0 1
    outer loop
      vertex 194 -100 0
      vertex 194.19999999999999 -100 0
      vertex 194.19999999999999 -80.200000000000003 0
    endloop
  endfacet
  facet normal 0 0 1
    outer loop
      vertex 194 -100 0
      vertex 194.19999999999999 -80.200000000000003 0
      vertex 194 -80.200000000000003 0
    endloop
  endfacet
  facet normal 0 0 1
    outer loop
      vertex 194 -80.200000000000003 0
      vertex 194.19999999999999 -80.200000000000003 0
      vertex 194.19999999999999 -80 0
    endloop
  endfacet
  facet normal 0 0 1
    outer loop
      vertex 194 -80.200000000000003 0
      vertex 194.19999999999999 -80 0
      vertex 194 -80 0
    endloop
  endfacet
  facet normal 0 0 1
    outer loop
      vertex 194 -80 0
      vertex 194.19999999999999 -80 0
      vertex 194.19999999999999 -60.200000000000003 0
    endloop
  endfacet
  facet normal 0 0 1
    outer loop
      vertex 194 -80 0
      vertex 194.19999999999999 -60.200000000000003 0
      vertex 194 -60.200000000000003 0
    endloop
  endfacet
  facet normal 0 0 1
    outer loop
      vertex 194 -60.200000000000003 0
      vertex 194.19999999999999 -60.200000000000003 0
      vertex 194.19999999999999 -60 0
    endloop
  endfacet
  facet normal 0 0 1
    outer loop
      vertex 194 -60.200000000000003 0
      vertex 194.19999999999999 -60 0
      vertex 194 -60 0
    endloop
  endfacet
  facet normal 0 0 1
    outer loop
      vertex 194 -60 0
      vertex 194.19999999999999 -60 0
      vertex 194.19999999999999 -40.200000000000003 0
    endloop
  endfacet
  facet normal 0 0 1
    outer loop
      vertex 194 -60 0
      vertex 194.19999999999999 -40.200000000000003 0
      vertex 194 -40.200000000000003 0
    endloop
  endfacet
  facet normal 0 0 1
    outer loop
      vertex 194 -40.200000000000003 0
      vertex 194.19999999999999 -40.200000000000003 0
      vertex 194.19999999999999 -40 0
    endloop
  endfacet
  facet normal 0 0 1
    outer loop
      vertex 194 -40.200000000000003 0
      vertex 194.19999999999999 -40 0
      vertex 194 -40 0
    endloop
  endfacet
  facet normal 0 0 1
    outer loop
      vertex 194 -40 0
      vertex 194.19999999999999 -40 0
      vertex 194.19999999999999 -20.199999999999999 0
    endloop
  endfacet
  facet normal 0 0 1
    outer loop
      vertex 194 -40 0
      vertex 194.19999999999999 -20.199999999999999 0
      vertex 194 -20.199999999999999 0
    endloop
  endfacet
  facet normal 0 0 1
    outer loop
      vertex 194 -20.199999999999999 0
      vertex 194.19999999999999 -20.199999999999999 0
      vertex 194.19999999999999 -20 0
    endloop
  endfacet
  facet normal 0 0 1
    outer loop
      vertex 194 -20.199999999999999 0
      vertex 194.19999999999999 -20 0
      vertex 194 -20 0
    endloop
  endfacet
  facet normal 0 0 1
    outer loop
      vertex 194 -20 0
      vertex 194.19999999999999 -20 0
      vertex 194.19999999999999 -10.199999999999999 0
    endloop
  endfacet
  facet normal 0 0 1
    outer loop
      vertex 194 -20 0
      vertex 194.19999999999999 -10.199999999999999 0
      vertex 194 -10.199999999999999 0
    endloop
  endfacet
  facet normal 0 0 1
    outer loop
      vertex 194 -10.199999999999999 0
      vertex 194.19999999999999 -10.199999999999999 0
      vertex 194.19999999999999 -10 0
    endloop
  endfacet
  facet normal 0 0 1
    outer loop
      vertex 194 -10.199999999999999 0
      vertex 194.19999999999999 -10 0
      vertex 194 -10 0
    endloop
  endfacet
  facet normal 0 0 1
    outer loop
      vertex 194 -10 0
      vertex 194.19999999999999 -10 0
      vertex 194.19999999999999 0 0
    endloop
  endfacet
  facet normal 0 0 1
    outer loop
      vertex 194 -10 0
      vertex 194.19999999999999 0 0
      vertex 194 0 0
    endloop
  endfacet
  facet normal 0 0 1
    outer loop
      vertex 194 0 0
      vertex 194.19999999999999 0 0
      vertex 194.19999999999999 0.20000000000000001 0
    endloop
  endfacet
  facet normal 0 0 1
    outer loop
      vertex 194 0 0
      vertex 194.19999999999999 0.20000000000000001 0
      vertex 194 0.20000000000000001 0
    endloop
  endfacet
  facet normal 0 0 1
    outer loop
      vertex 194 0.20000000000000001 0
      vertex 194.19999999999999 0.20000000000000001 0
      vertex 194.19999999999999 10 0
    endloop
  endfacet
  facet normal 0 0 1
    outer loop
      vertex 194 0.20000000000000001 0
      vertex 194.19999999999999 10 0
      vertex 194 10 0
    endloop
  endfacet
  facet normal 0 0 1
    outer loop
      vertex 194 10 0
      vertex 194.19999999999999 10 0
      vertex 194.19999999999999 10.199999999999999 0
    endloop
  endfacet
  facet normal 0 0 1
    outer loop
      vertex 194 10 0
      vertex 194.19999999999999 10.199999999999999 0
      vertex 194 10.199999999999999 0
    endloop
  endfacet
  facet normal 0 0 1
    outer loop
      vertex 194 10.199999999999999 0
      vertex 194.19999999999999 10.199999999999999 0
      vertex 194.19999999999999 20 0
    endloop
  endfacet
  facet normal 0 0 1
    outer loop
      vertex 194 10.199999999999999 0
      vertex 194.19999999999999 20 0
      vertex 194 20 0
    endloop
  endfacet
  facet normal 0 0 1
    outer loop
      vertex 194 20 0
      vertex 194.19999999999999 20 0
      vertex 194.19999999999999 20.199999999999999 0
    endloop
  endfacet
  facet normal 0 0 1
    outer loop
      vertex 194 20 0
      vertex 194.19999999999999 20.199999999999999 0
      vertex 194 20.199999999999999 0
    endloop
  endfacet
  facet normal 0 0 1
    outer loop
      vertex 194 20.199999999999999 0
      vertex 194.19999999999999 20.199999999999999 0
      vertex 194.19999999999999 40 0
    endloop
  endfacet
  facet normal 0 0 1
    outer loop
      vertex 194 20.199999999999999 0
      vertex 194.19999999999999 40 0
      vertex 194 40 0
    endloop
  endfacet
  facet normal 0 0 1
    outer loop
      vertex 194 40 0
      vertex 194.19999999999999 40 0
      vertex 194.19999999999999 40.200000000000003 0
    endloop
  endfacet
  facet normal 0 0 1
    outer loop
      vertex 194 40 0
      vertex 194.19999999999999 40.200000000000003 0
      vertex 194 40.200000000000003 0
    endloop
  endfacet
  facet normal 0 0 1
    outer loop
      vertex 194 40.200000000000003 0
      vertex 194.19999999999999 40.200000000000003 0
      vertex 194.19999999999999 60 0
    endloop
  endfacet
  facet normal 0 0 1
    outer loop
      vertex 194 40.200000000000003 0
      vertex 194.19999999999999 60 0
      vertex 194 60 0
    endloop
  endfacet
  facet normal 0 0 1
    outer loop
      vertex 194 60 0
      vertex 194.19999999999999 60 0
      vertex 194.19999999999999 60.200000000000003 0
    endloop
  endfacet
  facet normal 0 0 1
    outer loop
      vertex 194 60 0
      vertex 194.19999999999999 60.200000000000003 0
      vertex 194 60.200000000000003 0
    endloop
  endfacet
  facet normal 0 0 1
    outer loop
      vertex 194 60.200000000000003 0
      vertex 194.19999999999999 60.200000000000003 0
      vertex 194.19999999999999 80 0
    endloop
  endfacet
  facet normal 0 0 1
    outer loop
      vertex 194 60.200000000000003 0
      vertex 194.19999999999999 80 0
      vertex 194 80 0
    endloop
  endfacet
  facet normal 0 0 1
    outer loop
      vertex 194 80 0
      vertex 194.19999999999999 80 0
      vertex 194.19999999999999 80.200000000000003 0
    endloop
  endfacet
  facet normal 0 0 1
    outer loop
      vertex 194 80 0
      vertex 194.19999999999999 80.200000000000003 0
      vertex 194 80.200000000000003 0
    endloop
  endfacet
  facet normal 0 0 1
    outer loop
      vertex 194 80.200000000000003 0
      vertex 194.19999999999999 80.200000000000003 0
      vertex 194.19999999999999 100 0
    endloop
  endfacet
  facet normal 0 0 1
    outer loop
      vertex 194 80.200000000000003 0
      vertex 194.19999999999999 100 0
      vertex 194 100 0
    endloop
  endfacet
  facet normal 0 0 1
    outer loop
      vertex 194.19999999999999 -100 0
      vertex 199.19999999999999 -100 0
      vertex 199.19999999999999 -80.200000000000003 0
    endloop
  endfacet
  facet normal 0 0 1
    outer loop
      vertex 194.19999999999999 -100 0
      vertex 199.19999999999999 -80.200000000000003 0
      vertex 194.19999999999999 -80.200000000000003 0
    endloop
  endfacet
  facet normal 0 0 1
    outer loop
      vertex 194.19999999999999 -80.200000000000003 0
      vertex 199.19999999999999 -80.200000000000003 0
      vertex 199.19999999999999 -80 0
    endloop
  endfacet
  facet normal 0 0 1
    outer loop
      vertex 194.19999999999999 -80.200000000000003 0
      vertex 199.19999999999999 -80 0
      vertex 194.19999999999999 -80 0
    endloop
  endfacet
  facet normal 0 0 1
    outer loop
      vertex 194.19999999999999 -80 0
      vertex 199.19999999999999 -80 0
      vertex 199.19999999999999 -60.200000000000003 0
    endloop
  endfacet
  facet normal 0 0 1
    outer loop
      vertex 194.19999999999999 -80 0
      vertex 199.19999999999999 -60.200000000000003 0
      vertex 194.19999999999999 -60.200000000000003 0
    endloop
  endfacet
  facet normal 0 0 1
    outer loop
      vertex 194.19999999999999 -60.200000000000003 0
      vertex 199.19999999999999 -60.200000000000003 0
      vertex 199.19999999999999 -60 0
    endloop
  endfacet
  facet normal 0 0 1
    outer loop
      vertex 194.19999999999999 -60.200000000000003 0
      vertex 199.19999999999999 -60 0
      vertex 194.19999999999999 -60 0
    endloop
  endfacet
  facet normal 0 0 1
    outer loop
      vertex 194.19999999999999 -60 0
      vertex 199.19999999999999 -60 0
      vertex 199.19999999999999 -40.200000000000003 0
    endloop
  endfacet
  facet normal 0 0 1
    outer loop
      vertex 194.19999999999999 -60 0
      vertex 199.19999999999999 -40.200000000000003 0
      vertex 194.19999999999999 -40.200000000000003 0
    endloop
  endfacet
  facet normal 0 0 1
    outer loop
      vertex 194.19999999999999 -40.200000000000003 0
      vertex 199.19999999999999 -40.200000000000003 0
      vertex 199.19999999999999 -40 0
    endloop
  endfacet
  facet normal 0 0 1
    outer loop
      vertex 194.19999999999999 -40.200000000000003 0
      vertex 199.19999999999999 -40 0
      vertex 194.19999999999999 -40 0
    endloop
  endfacet
  facet normal 0 0 1
    outer loop
      vertex 194.19999999999999 -40 0
      vertex 199.19999999999999 -40 0
      vertex 199.19999999999999 -20.199999999999999 0
    endloop
  endfacet
  facet normal 0 0 1
    outer loop
      vertex 194.19999999999999 -40 0
      vertex 199.19999999999999 -20.199999999999999 0
      vertex 194.19999999999999 -20.199999999999999 0
    endloop
  endfacet
  facet normal 0 0 1
    outer loop
      vertex 194.19999999999999 -20.199999999999999 0
      vertex 199.19999999999999 -20.199999999999999 0
      vertex 199.19999999999999 -20 0
    endloop
  endfacet
  facet normal 0 0 1
    outer loop
      vertex 194.19999999999999 -20.199999999999999 0
      vertex 199.19999999999999 -20 0
      vertex 194.19999999999999 -20 0
    endloop
  endfacet
  facet normal 0 0 1
    outer loop
      vertex 194.19999999999999 -20 0
      vertex 199.19999999999999 -20 0
      vertex 199.19999999999999 -10.199999999999999 0
    endloop
  endfacet
  facet normal 0 0 1
    outer loop
      vertex 194.19999999999999 -20 0
      vertex 199.19999999999999 -10.199999999999999 0
      vertex 194.19999999999999 -10.199999999999999 0
    endloop
  endfacet
  facet normal 0 0 1
    outer loop
      vertex 194.19999999999999 -10.199999999999999 0
      vertex 199.19999999999999 -10.199999999999999 0
      vertex 199.19999999999999 -10 0
    endloop
  endfacet
  facet normal 0 0 1
    outer loop
      vertex 194.19999999999999 -10.199999999999999 0
      vertex 199.19999999999999 -10 0
      vertex 194.19999999999999 -10 0
    endloop
  endfacet
  facet normal 0 0 1
    outer loop
      vertex 194.19999999999999 -10 0
      vertex 199.19999999999999 -10 0
      vertex 199.19999999999999 0 0
    endloop
  endfacet
  facet normal 0 0 1
    outer loop
      vertex 194.19999999999999 -10 0
      vertex 199.19999999999999 0 0
      vertex 194.19999999999999 0 0
    endloop
  endfacet
  facet normal 0 0 1
    outer loop
      vertex 194.19999999999999 0 0
      vertex 199.19999999999999 0 0
      vertex 199.19999999999999 0.20000000000000001 0
    endloop
  endfacet
  facet normal 0 0 1
    outer loop
      vertex 194.19999999999999 0 0
      vertex 199.19999999999999 0.20000000000000001 0
      vertex 194.19999999999999 0.20000000000000001 0
    endloop
  endfacet
  facet normal 0 0 1
    outer loop
      vertex 194.19999999999999 0.20000000000000001 0
      vertex 199.19999999999999 0.20000000000000001 0
      vertex 199.19999999999999 10 0
    endloop
  endfacet
  facet normal 0 0 1
    outer loop
      vertex 194.19999999999999 0.20000000000000001 0
      vertex 199.19999999999999 10 0
      vertex 194.19999999999999 10 0
    endloop
  endfacet
  facet normal 0 0 1
    outer loop
      vertex 194.19999999999999 10 0
      vertex 199.19999999999999 10 0
      vertex 199.19999999999999 10.199999999999999 0
    endloop
  endfacet
  facet normal 0 0 1
    outer loop
      vertex 194.19999999999999 10 0
      vertex 199.19999999999999 10.199999999999999 0
      vertex 194.19999999999999 10.199999999999999 0
    endloop
  endfacet
  facet normal 0 0 1
    outer loop
      vertex 194.19999999999999 10.199999999999999 0
      vertex 199.19999999999999 10.199999999999999 0
      vertex 199.19999999999999 20 0
    endloop
  endfacet
  facet normal 0 0 1
    outer loop
      vertex 194.19999999999999 10.199999999999999 0
      vertex 199.19999999999999 20 0
      vertex 194.19999999999999 20 0
    endloop
  endfacet
  facet normal 0 0 1
    outer loop
      vertex 194.19999999999999 20 0
      vertex 199.19999999999999 20 0
      vertex 199.19999999999999 20.199999999999999 0
    endloop
  endfacet
  facet normal 0 0 1
    outer loop
      vertex 194.19999999999999 20 0
      vertex 199.19999999999999 20.199999999999999 0
      vertex 194.19999999999999 20.199999999999999 0
    endloop
  endfacet
  facet normal 0 0 1
    outer loop
      vertex 194.19999999999999 20.199999999999999 0
      vertex 199.19999999999999 20.199999999999999 0
      vertex 199.19999999999999 40 0
    endloop
  endfacet
  facet normal 0 0 1
    outer loop
      vertex 194.19999999999999 20.199999999999999 0
      vertex 199.19999999999999 40 0
      vertex 194.19999999999999 40 0
    endloop
  endfacet
  facet normal 0 0 1
    outer loop
      vertex 194.19999999999999 40 0
      vertex 199.19999999999999 40 0
      vertex 199.19999999999999 40.200000000000003 0
    endloop
  endfacet
  facet normal 0 0 1
    outer loop
      vertex 194.19999999999999 40 0
      vertex 199.19999999999999 40.200000000000003 0
      vertex 194.19999999999999 40.200000000000003 0
    endloop
  endfacet
  facet normal 0 0 1
    outer loop
      vertex 194.19999999999999 40.200000000000003 0
      vertex 199.19999999999999 40.200000000000003 0
      vertex 199.19999999999999 60 0
    endloop
  endfacet
  facet normal 0 0 1
    outer loop
      vertex 194.19999999999999 40.200000000000003 0
      vertex 199.19999999999999 60 0
      vertex 194.19999999999999 60 0
    endloop
  endfacet
  facet normal 0 0 1
    outer loop
      vertex 194.19999999999999 60 0
      vertex 199.19999999999999 60 0
      vertex 199.19999999999999 60.200000000000003 0
    endloop
  endfacet
  facet normal 0 0 1
    outer loop
      vertex 194.19999999999999 60 0
      vertex 199.19999999999999 60.200000000000003 0
      vertex 194.19999999999999 60.200000000000003 0
    endloop
  endfacet
  facet normal 0 0 1
    outer loop
      vertex 194.19999999999999 60.200000000000003 0
      vertex 199.19999999999999 60.200000000000003 0
      vertex 199.19999999999999 80 0
    endloop
  endfacet
  facet normal 0 0 1
    outer loop
      vertex 194.19999999999999 60.200000000000003 0
      vertex 199.19999999999999 80 0
      vertex 194.19999999999999 80 0
    endloop
  endfacet
  facet normal 0 0 1
    outer loop
      vertex 194.19999999999999 80 0
      vertex 199.19999999999999 80 0
      vertex 199.19999999999999 80.200000000000003 0
    endloop
  endfacet
  facet normal 0 0 1
    outer loop
      vertex 194.19999999999999 80 0
      vertex 199.19999999999999 80.200000000000003 0
      vertex 194.19999999999999 80.200000000000003 0
    endloop
  endfacet
  facet normal 0 0 1
    outer loop
      vertex 194.19999999999999 80.200000000000003 0
      vertex 199.19999999999999 80.200000000000003 0
      vertex 199.19999999999999 100 0
    endloop
  endfacet
  facet normal 0 0 1
    outer loop
      vertex 194.19999999999999 80.200000000000003 0
      vertex 199.19999999999999 100 0
      vertex 194.19999999999999 100 0
    endloop
  endfacet
  facet normal -0.70710678118661818 0 0.70710678118647696
    outer loop
      vertex 199.23999999999998 -96.039999999999992 0.040000000000000036
      vertex 199.19999999999999 -100 0
      vertex 199.23999999999998 -100 0.040000000000000036
    endloop
  endfacet
  facet normal -0.70710678118661818 0 0.70710678118647685
    outer loop
      vertex 199.19999999999999 -100 0
      vertex 199.23999999999998 -96.039999999999992 0.040000000000000036
      vertex 199.23999999999998 -80.200000000000003 0.040000000000000036
    endloop
  endfacet
  facet normal -0.70710678118661829 0 0.70710678118647696
    outer loop
      vertex 199.19999999999999 -100 0
      vertex 199.23999999999998 -80.200000000000003 0.040000000000000036
      vertex 199.19999999999999 -80.200000000000003 0
    endloop
  endfacet
  facet normal -0.66666666666668639 0.33333333333352083 0.66666666666655316
    outer loop
      vertex 199.28 -80.120000000000005 0.040000000000000036
      vertex 199.19999999999999 -80.200000000000003 0
      vertex 199.23999999999998 -80.200000000000003 0.040000000000000036
    endloop
  endfacet
  facet normal -0.44721359549990236 0 0.89442719099994361
    outer loop
      vertex 199.19999999999999 -80.200000000000003 0
      vertex 199.28 -80.120000000000005 0.040000000000000036
      vertex 199.28 -80 0.040000000000000036
    endloop
  endfacet
  facet normal -0.44721359549990242 0 0.89442719099994372
    outer loop
      vertex 199.19999999999999 -80.200000000000003 0
      vertex 199.28 -80 0.040000000000000036
      vertex 199.19999999999999 -80 0
    endloop
  endfacet
  facet normal -0.44721359549990236 0 0.89442719099994372
    outer loop
      vertex 199.28 -72.079999999999998 0.040000000000000036
      vertex 199.19999999999999 -80 0
      vertex 199.28 -80 0.040000000000000036
    endloop
  endfacet
  facet normal -0.44721359549990231 0 0.89442719099994372
    outer loop
      vertex 199.19999999999999 -80 0
      vertex 199.28 -72.079999999999998 0.040000000000000036
      vertex 199.28 -60.200000000000003 0.040000000000000036
    endloop
  endfacet
  facet normal -0.44721359549990231 0 0.89442719099994372
    outer loop
      vertex 199.19999999999999 -80 0
      vertex 199.28 -60.200000000000003 0.040000000000000036
      vertex 199.19999999999999 -60.200000000000003 0
    endloop
  endfacet
  facet normal -0.43643578047193038 -0.21821789023599425 0.87287156094399632
    outer loop
      vertex 199.25333333333333 -60.146666666666668 0.040000000000000036
      vertex 199.19999999999999 -60.200000000000003 0
      vertex 199.28 -60.200000000000003 0.040000000000000036
    endloop
  endfacet
  facet normal -0.59999999999994036 0 0.80000000000004479
    outer loop
      vertex 199.19999999999999 -60.200000000000003 0
      vertex 199.25333333333333 -60.146666666666668 0.040000000000000036
      vertex 199.25333333333333 -60 0.040000000000000036
    endloop
  endfacet
  facet normal -0.59999999999994036 0 0.80000000000004468
    outer loop
      vertex 199.19999999999999 -60.200000000000003 0
      vertex 199.25333333333333 -60 0.040000000000000036
      vertex 199.19999999999999 -60 0
    endloop
  endfacet
  facet normal -0.59999999999994025 0 0.80000000000004479
    outer loop
      vertex 199.25333333333333 -54.719999999999999 0.040000000000000036
      vertex 199.19999999999999 -60 0
      vertex 199.25333333333333 -60 0.040000000000000036
    endloop
  endfacet
  facet normal -0.59999999999994025 0 0.80000000000004468
    outer loop
      vertex 199.19999999999999 -60 0
      vertex 199.25333333333333 -54.719999999999999 0.040000000000000036
      vertex 199.25333333333333 -40.200000000000003 0.040000000000000036
    endloop
  endfacet
  facet normal -0.59999999999994025 0 0.80000000000004479
    outer loop
      vertex 199.19999999999999 -60 0
      vertex 199.25333333333333 -40.200000000000003 0.040000000000000036
      vertex 199.19999999999999 -40.200000000000003 0
    endloop
  endfacet
  facet normal -0.58834840541449174 0.19611613513819875 0.78446454055277759
    outer loop
      vertex 199.28 -40.120000000000005 0.040000000000000036
      vertex 199.19999999999999 -40.200000000000003 0
      vertex 199.25333333333333 -40.200000000000003 0.040000000000000036
    endloop
  endfacet
  facet normal -0.44721359549990236 0 0.89442719099994361
    outer loop
      vertex 199.19999999999999 -40.200000000000003 0
      vertex 199.28 -40.120000000000005 0.040000000000000036
      vertex 199.28 -40 0.040000000000000036
    endloop
  endfacet
  facet normal -0.44721359549990242 0 0.89442719099994372
    outer loop
      vertex 199.19999999999999 -40.200000000000003 0
      vertex 199.28 -40 0.040000000000000036
      vertex 199.19999999999999 -40 0
    endloop
  endfacet
  facet normal -0.44721359549990231 0 0.89442719099994372
    outer loop
      vertex 199.28 -32.079999999999991 0.040000000000000036
      vertex 199.19999999999999 -40 0
      vertex 199.28 -40 0.040000000000000036
    endloop
  endfacet
  facet normal -0.44721359549990236 0 0.89442719099994383
    outer loop
      vertex 199.19999999999999 -40 0
      vertex 199.28 -32.079999999999991 0.040000000000000036
      vertex 199.28 -20.199999999999999 0.040000000000000036
    endloop
  endfacet
  facet normal -0.44721359549990231 0 0.89442719099994372
    outer loop
      vertex 199.19999999999999 -40 0
      vertex 199.28 -20.199999999999999 0.040000000000000036
      vertex 199.19999999999999 -20.199999999999999 0
    endloop
  endfacet
  facet normal -0.43643578047192982 0.21821789023599883 0.87287156094399532
    outer loop
      vertex 199.36000000000001 -20.039999999999999 0.040000000000000036
      vertex 199.19999999999999 -20.199999999999999 0
      vertex 199.28 -20.199999999999999 0.040000000000000036
    endloop
  endfacet
  facet normal -0.24253562503629772 0 0.97014250014534076
    outer loop
      vertex 199.19999999999999 -20.199999999999999 0
      vertex 199.36000000000001 -20.039999999999999 0.040000000000000036
      vertex 199.36000000000001 -20 0.040000000000000036
    endloop
  endfacet
  facet normal -0.24253562503629755 0 0.97014250014534087
    outer loop
      vertex 199.19999999999999 -20.199999999999999 0
      vertex 199.36000000000001 -20 0.040000000000000036
      vertex 199.19999999999999 -20 0
    endloop
  endfacet
  facet normal -0.24253562503629747 0 0.97014250014534065
    outer loop
      vertex 199.36000000000001 -12.159999999999993 0.040000000000000036
      vertex 199.19999999999999 -20 0
      vertex 199.36000000000001 -20 0.040000000000000036
    endloop
  endfacet
  facet normal -0.24253562503629758 0 0.97014250014534076
    outer loop
      vertex 199.19999999999999 -20 0
      vertex 199.36000000000001 -12.159999999999993 0.040000000000000036
      vertex 199.36000000000001 -10.199999999999999 0.040000000000000036
    endloop
  endfacet
  facet normal -0.2425356250362975 0 0.97014250014534065
    outer loop
      vertex 199.19999999999999 -20 0
      vertex 199.36000000000001 -10.199999999999999 0.040000000000000036
      vertex 199.19999999999999 -10.199999999999999 0
    endloop
  endfacet
  facet normal -0.23570226039548126 -0.23570226039551789 0.94280904158207157
    outer loop
      vertex 199.28 -10.119999999999999 0.040000000000000036
      vertex 199.19999999999999 -10.199999999999999 0
      vertex 199.36000000000001 -10.199999999999999 0.040000000000000036
    endloop
  endfacet
  facet normal -0.44721359549990242 0 0.89442719099994372
    outer loop
      vertex 199.19999999999999 -10.199999999999999 0
      vertex 199.28 -10.119999999999999 0.040000000000000036
      vertex 199.28 -10 0.040000000000000036
    endloop
  endfacet
  facet normal -0.44721359549990247 0 0.89442719099994372
    outer loop
      vertex 199.19999999999999 -10.199999999999999 0
      vertex 199.28 -10 0.040000000000000036
      vertex 199.19999999999999 -10 0
    endloop
  endfacet
  facet normal -0.44721359549990231 0 0.89442719099994361
    outer loop
      vertex 199.28 -5.9999999999999964 0.040000000000000036
      vertex 199.19999999999999 -10 0
      vertex 199.28 -10 0.040000000000000036
    endloop
  endfacet
  facet normal -0.44721359549990236 0 0.89442719099994372
    outer loop
      vertex 199.19999999999999 -10 0
      vertex 199.28 -5.9999999999999964 0.040000000000000036
      vertex 199.28 0 0.040000000000000036
    endloop
  endfacet
  facet normal -0.44721359549990236 0 0.89442719099994372
    outer loop
      vertex 199.19999999999999 -10 0
      vertex 199.28 0 0.040000000000000036
      vertex 199.19999999999999 0 0
    endloop
  endfacet
  facet normal -0.40824829046381805 0.40824829046383371 0.816496580927763
    outer loop
      vertex 199.19999999999999 0 0
      vertex 199.28 0 0.040000000000000036
      vertex 199.40000000000001 0.11999999999999994 0.040000000000000036
    endloop
  endfacet
  facet normal -0.40824829046383393 0.40824829046386873 0.81649658092773758
    outer loop
      vertex 199.19999999999999 0 0
      vertex 199.40000000000001 0.11999999999999994 0.040000000000000036
      vertex 199.40000000000001 0.20000000000000001 0
    endloop
  endfacet
  facet normal 0 0 1
    outer loop
      vertex 199.19999999999999 0 0
      vertex 199.40000000000001 0.20000000000000001 0
      vertex 199.19999999999999 0.20000000000000001 0
    endloop
  endfacet
  facet normal 0 0 1
    outer loop
      vertex 199.19999999999999 0.20000000000000001 0
      vertex 199.40000000000001 0.20000000000000001 0
      vertex 199.40000000000001 10 0
    endloop
  endfacet
  facet normal 0 0 1
    outer loop
      vertex 199.19999999999999 0.20000000000000001 0
      vertex 199.40000000000001 10 0
      vertex 199.19999999999999 10 0
    endloop
  endfacet
  facet normal 0 0 1
    outer loop
      vertex 199.19999999999999 10 0
      vertex 199.40000000000001 10 0
      vertex 199.40000000000001 10.199999999999999 0
    endloop
  endfacet
  facet normal 0 0 1
    outer loop
      vertex 199.19999999999999 10 0
      vertex 199.40000000000001 10.199999999999999 0
      vertex 199.19999999999999 10.199999999999999 0
    endloop
  endfacet
  facet normal 0 0 1
    outer loop
      vertex 199.19999999999999 10.199999999999999 0
      vertex 199.40000000000001 10.199999999999999 0
      vertex 199.40000000000001 20 0
    endloop
  endfacet
  facet normal 0 0 1
    outer loop
      vertex 199.19999999999999 10.199999999999999 0
      vertex 199.40000000000001 20 0
      vertex 199.19999999999999 20 0
    endloop
  endfacet
  facet normal 0 0 1
    outer loop
      vertex 199.19999999999999 20 0
      vertex 199.40000000000001 20 0
      vertex 199.40000000000001 20.199999999999999 0
    endloop
  endfacet
  facet normal 0 0 1
    outer loop
      vertex 199.19999999999999 20 0
      vertex 199.40000000000001 20.199999999999999 0
      vertex 199.19999999999999 20.199999999999999 0
    endloop
  endfacet
  facet normal 0 0 1
    outer loop
      vertex 199.19999999999999 20.199999999999999 0
      vertex 199.40000000000001 20.199999999999999 0
      vertex 199.40000000000001 40 0
    endloop
  endfacet
  facet normal 0 0 1
    outer loop
      vertex 199.19999999999999 20.199999999999999 0
      vertex 199.40000000000001 40 0
      vertex 199.19999999999999 40 0
    endloop
  endfacet
  facet normal 0 0 1
    outer loop
      vertex 199.19999999999999 40 0
      vertex 199.40000000000001 40 0
      vertex 199.40000000000001 40.200000000000003 0
    endloop
  endfacet
  facet normal 0 0 1
    outer loop
      vertex 199.19999999999999 40 0
      vertex 199.40000000000001 40.200000000000003 0
      vertex 199.19999999999999 40.200000000000003 0
    endloop
  endfacet
  facet normal 0 0 1
    outer loop
      vertex 199.19999999999999 40.200000000000003 0
      vertex 199.40000000000001 40.200000000000003 0
      vertex 199.40000000000001 60 0
    endloop
  endfacet
  facet normal 0 0 1
    outer loop
      vertex 199.19999999999999 40.200000000000003 0
      vertex 199.40000000000001 60 0
      vertex 199.19999999999999 60 0
    endloop
  endfacet
  facet normal 0 0 1
    outer loop
      vertex 199.19999999999999 60 0
      vertex 199.40000000000001 60 0
      vertex 199.40000000000001 60.200000000000003 0
    endloop
  endfacet
  facet normal 0 0 1
    outer loop
      vertex 199.19999999999999 60 0
      vertex 199.40000000000001 60.200000000000003 0
      vertex 199.19999999999999 60.200000000000003 0
    endloop
  endfacet
  facet normal 0 0 1
    outer loop
      vertex 199.19999999999999 60.200000000000003 0
      vertex 199.40000000000001 60.200000000000003 0
      vertex 199.40000000000001 80 0
    endloop
  endfacet
  facet normal 0 0 1
    outer loop
      vertex 199.19999999999999 60.200000000000003 0
      vertex 199.40000000000001 80 0
      vertex 199.19999999999999 80 0
    endloop
  endfacet
  facet normal 0 0 1
    outer loop
      vertex 199.19999999999999 80 0
      vertex 199.40000000000001 80 0
      vertex 199.40000000000001 80.200000000000003 0
    endloop
  endfacet
  facet normal 0 0 1
    outer loop
      vertex 199.19999999999999 80 0
      vertex 199.40000000000001 80.200000000000003 0
      vertex 199.19999999999999 80.200000000000003 0
    endloop
  endfacet
  facet normal 0 0 1
    outer loop
      vertex 199.19999999999999 80.200000000000003 0
      vertex 199.40000000000001 80.200000000000003 0
      vertex 199.40000000000001 100 0
    endloop
  endfacet
  facet normal 0 0 1
    outer loop
      vertex 199.19999999999999 80.200000000000003 0
      vertex 199.40000000000001 100 0
      vertex 199.19999999999999 100 0
    endloop
  endfacet
  facet normal -0 0.44721359549995793 0.89442719099991586
    outer loop
      vertex 199.52000000000001 0.11999999999999994 0.040000000000000036
      vertex 199.59999999999999 0.11999999999999994 0.040000000000000036
      vertex 199.59999999999999 0.20000000000000001 0
    endloop
  endfacet
  facet normal -0 0.44721359549995793 0.89442719099991586
    outer loop
      vertex 199.40000000000001 0.11999999999999994 0.040000000000000036
      vertex 199.52000000000001 0.11999999999999994 0.040000000000000036
      vertex 199.59999999999999 0.20000000000000001 0
    endloop
  endfacet
  facet normal 0 0.44721359549995798 0.89442719099991597
    outer loop
      vertex 199.40000000000001 0.11999999999999994 0.040000000000000036
      vertex 199.59999999999999 0.20000000000000001 0
      vertex 199.40000000000001 0.20000000000000001 0
    endloop
  endfacet
  facet normal 0 0 1
    outer loop
      vertex 199.40000000000001 0.20000000000000001 0
      vertex 199.59999999999999 0.20000000000000001 0
      vertex 199.59999999999999 10 0
    endloop
  endfacet
  facet normal 0 0 1
    outer loop
      vertex 199.40000000000001 0.20000000000000001 0
      vertex 199.59999999999999 10 0
      vertex 199.40000000000001 10 0
    endloop
  endfacet
  facet normal 0 0 1
    outer loop
      vertex 199.40000000000001 10 0
      vertex 199.59999999999999 10 0
      vertex 199.59999999999999 10.199999999999999 0
    endloop
  endfacet
  facet normal 0 0 1
    outer loop
      vertex 199.40000000000001 10 0
      vertex 199.59999999999999 10.199999999999999 0
      vertex 199.40000000000001 10.199999999999999 0
    endloop
  endfacet
  facet normal 0 0 1
    outer loop
      vertex 199.40000000000001 10.199999999999999 0
      vertex 199.59999999999999 10.199999999999999 0
      vertex 199.59999999999999 20 0
    endloop
  endfacet
  facet normal 0 0 1
    outer loop
      vertex 199.40000000000001 10.199999999999999 0
      vertex 199.59999999999999 20 0
      vertex 199.40000000000001 20 0
    endloop
  endfacet
  facet normal 0 0 1
    outer loop
      vertex 199.40000000000001 20 0
      vertex 199.59999999999999 20 0
      vertex 199.59999999999999 20.199999999999999 0
    endloop
  endfacet
  facet normal 0 0 1
    outer loop
      vertex 199.40000000000001 20 0
      vertex 199.59999999999999 20.199999999999999 0
      vertex 199.40000000000001 20.199999999999999 0
    endloop
  endfacet
  facet normal 0 0 1
    outer loop
      vertex 199.40000000000001 20.199999999999999 0
      vertex 199.59999999999999 20.199999999999999 0
      vertex 199.59999999999999 40 0
    endloop
  endfacet
  facet normal 0 0 1
    outer loop
      vertex 199.40000000000001 20.199999999999999 0
      vertex 199.59999999999999 40 0
      vertex 199.40000000000001 40 0
    endloop
  endfacet
  facet normal 0 0 1
    outer loop
      vertex 199.40000000000001 40 0
      vertex 199.59999999999999 40 0
      vertex 199.59999999999999 40.200000000000003 0
    endloop
  endfacet
  facet normal 0 0 1
    outer loop
      vertex 199.40000000000001 40 0
      vertex 199.59999999999999 40.200000000000003 0
      vertex 199.40000000000001 40.200000000000003 0
    endloop
  endfacet
  facet normal 0 0 1
    outer loop
      vertex 199.40000000000001 40.200000000000003 0
      vertex 199.59999999999999 40.200000000000003 0
      vertex 199.59999999999999 60 0
    endloop
  endfacet
  facet normal 0 0 1
    outer loop
      vertex 199.40000000000001 40.200000000000003 0
      vertex 199.59999999999999 60 0
      vertex 199.40000000000001 60 0
    endloop
  endfacet
  facet normal 0 0 1
    outer loop
      vertex 199.40000000000001 60 0
      vertex 199.59999999999999 60 0
      vertex 199.59999999999999 60.200000000000003 0
    endloop
  endfacet
  facet normal 0 0 1
    outer loop
      vertex 199.40000000000001 60 0
      vertex 199.59999999999999 60.200000000000003 0
      vertex 199.40000000000001 60.200000000000003 0
    endloop
  endfacet
  facet normal 0 0 1
    outer loop
      vertex 199.40000000000001 60.200000000000003 0
      vertex 199.59999999999999 60.200000000000003 0
      vertex 199.59999999999999 80 0
    endloop
  endfacet
  facet normal 0 0 1
    outer loop
      vertex 199.40000000000001 60.200000000000003 0
      vertex 199.59999999999999 80 0
      vertex 199.40000000000001 80 0
    endloop
  endfacet
  facet normal 0 0 1
    outer loop
      vertex 199.40000000000001 80 0
      vertex 199.59999999999999 80 0
      vertex 199.59999999999999 80.200000000000003 0
    endloop
  endfacet
  facet normal 0 0 1
    outer loop
      vertex 199.40000000000001 80 0
      vertex 199.59999999999999 80.200000000000003 0
      vertex 199.40000000000001 80.200000000000003 0
    endloop
  endfacet
  facet normal 0 0 1
    outer loop
      vertex 199.40000000000001 80.200000000000003 0
      vertex 199.59999999999999 80.200000000000003 0
      vertex 199.59999999999999 100 0
    endloop
  endfacet
  facet normal 0 0 1
    outer loop
      vertex 199.40000000000001 80.200000000000003 0
      vertex 199.59999999999999 100 0
      vertex 199.40000000000001 100 0
    endloop
  endfacet
  facet normal 0.70710678118661818 0 0.70710678118647685
    outer loop
      vertex 199.76000000000002 -84.160000000000011 0.040000000000000036
      vertex 199.76000000000002 -100 0.040000000000000036
      vertex 199.80000000000001 -100 0
    endloop
  endfacet
  facet normal 0.70710678118661829 0 0.70710678118647696
    outer loop
      vertex 199.76000000000002 -84.160000000000011 0.040000000000000036
      vertex 199.80000000000001 -100 0
      vertex 199.80000000000001 -80.200000000000003 0
    endloop
  endfacet
  facet normal 0.70710678118661818 -0 0.70710678118647696
    outer loop
      vertex 199.76000000000002 -84.160000000000011 0.040000000000000036
      vertex 199.80000000000001 -80.200000000000003 0
      vertex 199.76000000000002 -80.200000000000003 0.040000000000000036
    endloop
  endfacet
  facet normal 0.70710678118661818 0 0.70710678118647685
    outer loop
      vertex 199.76000000000002 -80.040000000000006 0.040000000000000036
      vertex 199.76000000000002 -80.200000000000003 0.040000000000000036
      vertex 199.80000000000001 -80.200000000000003 0
    endloop
  endfacet
  facet normal 0.70710678118661818 0 0.70710678118647674
    outer loop
      vertex 199.76000000000002 -80.040000000000006 0.040000000000000036
      vertex 199.80000000000001 -80.200000000000003 0
      vertex 199.80000000000001 -80 0
    endloop
  endfacet
  facet normal 0.40824829046379651 0.40824829046394151 0.81649658092771993
    outer loop
      vertex 199.76000000000002 -80.040000000000006 0.040000000000000036
      vertex 199.80000000000001 -80 0
      vertex 199.72 -80 0.040000000000000036
    endloop
  endfacet
  facet normal 0.44721359549990231 0 0.89442719099994372
    outer loop
      vertex 199.72 -68.120000000000005 0.040000000000000036
      vertex 199.72 -80 0.040000000000000036
      vertex 199.80000000000001 -80 0
    endloop
  endfacet
  facet normal 0.44721359549990231 0 0.89442719099994372
    outer loop
      vertex 199.72 -68.120000000000005 0.040000000000000036
      vertex 199.80000000000001 -80 0
      vertex 199.80000000000001 -60.200000000000003 0
    endloop
  endfacet
  facet normal 0.44721359549990236 -0 0.89442719099994372
    outer loop
      vertex 199.72 -68.120000000000005 0.040000000000000036
      vertex 199.80000000000001 -60.200000000000003 0
      vertex 199.72 -60.200000000000003 0.040000000000000036
    endloop
  endfacet
  facet normal 0.44721359549990236 0 0.89442719099994372
    outer loop
      vertex 199.72 -60.079999999999998 0.040000000000000036
      vertex 199.72 -60.200000000000003 0.040000000000000036
      vertex 199.80000000000001 -60.200000000000003 0
    endloop
  endfacet
  facet normal 0.44721359549990242 0 0.89442719099994372
    outer loop
      vertex 199.72 -60.079999999999998 0.040000000000000036
      vertex 199.80000000000001 -60.200000000000003 0
      vertex 199.80000000000001 -60 0
    endloop
  endfacet
  facet normal 0.58834840541449174 -0.19611613513819875 0.78446454055277759
    outer loop
      vertex 199.72 -60.079999999999998 0.040000000000000036
      vertex 199.80000000000001 -60 0
      vertex 199.74666666666667 -60 0.040000000000000036
    endloop
  endfacet
  facet normal 0.59999999999994025 0 0.80000000000004479
    outer loop
      vertex 199.74666666666667 -45.480000000000004 0.040000000000000036
      vertex 199.74666666666667 -60 0.040000000000000036
      vertex 199.80000000000001 -60 0
    endloop
  endfacet
  facet normal 0.59999999999994025 0 0.8000000000000449
    outer loop
      vertex 199.74666666666667 -45.480000000000004 0.040000000000000036
      vertex 199.80000000000001 -60 0
      vertex 199.80000000000001 -40.200000000000003 0
    endloop
  endfacet
  facet normal 0.59999999999994025 -0 0.80000000000004479
    outer loop
      vertex 199.74666666666667 -45.480000000000004 0.040000000000000036
      vertex 199.80000000000001 -40.200000000000003 0
      vertex 199.74666666666667 -40.200000000000003 0.040000000000000036
    endloop
  endfacet
  facet normal 0.59999999999994025 0 0.80000000000004479
    outer loop
      vertex 199.74666666666667 -40.053333333333335 0.040000000000000036
      vertex 199.74666666666667 -40.200000000000003 0.040000000000000036
      vertex 199.80000000000001 -40.200000000000003 0
    endloop
  endfacet
  facet normal 0.59999999999994036 0 0.80000000000004468
    outer loop
      vertex 199.74666666666667 -40.053333333333335 0.040000000000000036
      vertex 199.80000000000001 -40.200000000000003 0
      vertex 199.80000000000001 -40 0
    endloop
  endfacet
  facet normal 0.43643578047193038 0.21821789023599425 0.87287156094399632
    outer loop
      vertex 199.74666666666667 -40.053333333333335 0.040000000000000036
      vertex 199.80000000000001 -40 0
      vertex 199.72 -40 0.040000000000000036
    endloop
  endfacet
  facet normal 0.44721359549990231 0 0.89442719099994372
    outer loop
      vertex 199.72 -28.120000000000005 0.040000000000000036
      vertex 199.72 -40 0.040000000000000036
      vertex 199.80000000000001 -40 0
    endloop
  endfacet
  facet normal 0.44721359549990231 0 0.89442719099994372
    outer loop
      vertex 199.72 -28.120000000000005 0.040000000000000036
      vertex 199.80000000000001 -40 0
      vertex 199.80000000000001 -20.199999999999999 0
    endloop
  endfacet
  facet normal 0.44721359549990236 -0 0.89442719099994372
    outer loop
      vertex 199.72 -28.120000000000005 0.040000000000000036
      vertex 199.80000000000001 -20.199999999999999 0
      vertex 199.72 -20.199999999999999 0.040000000000000036
    endloop
  endfacet
  facet normal 0.44721359549990236 0 0.89442719099994372
    outer loop
      vertex 199.72 -20.079999999999998 0.040000000000000036
      vertex 199.72 -20.199999999999999 0.040000000000000036
      vertex 199.80000000000001 -20.199999999999999 0
    endloop
  endfacet
  facet normal 0.44721359549990247 0 0.89442719099994372
    outer loop
      vertex 199.72 -20.079999999999998 0.040000000000000036
      vertex 199.80000000000001 -20.199999999999999 0
      vertex 199.80000000000001 -20 0
    endloop
  endfacet
  facet normal 0.23570226039548095 0.23570226039552283 0.94280904158207035
    outer loop
      vertex 199.72 -20.079999999999998 0.040000000000000036
      vertex 199.80000000000001 -20 0
      vertex 199.63999999999999 -20 0.040000000000000036
    endloop
  endfacet
  facet normal 0.2425356250362975 0 0.97014250014534076
    outer loop
      vertex 199.63999999999999 -18.040000000000006 0.040000000000000036
      vertex 199.63999999999999 -20 0.040000000000000036
      vertex 199.80000000000001 -20 0
    endloop
  endfacet
  facet normal 0.24253562503629747 0 0.97014250014534065
    outer loop
      vertex 199.63999999999999 -18.040000000000006 0.040000000000000036
      vertex 199.80000000000001 -20 0
      vertex 199.80000000000001 -10.199999999999999 0
    endloop
  endfacet
  facet normal 0.24253562503629747 -0 0.97014250014534065
    outer loop
      vertex 199.63999999999999 -18.040000000000006 0.040000000000000036
      vertex 199.80000000000001 -10.199999999999999 0
      vertex 199.63999999999999 -10.199999999999999 0.040000000000000036
    endloop
  endfacet
  facet normal 0.24253562503629753 0 0.97014250014534087
    outer loop
      vertex 199.63999999999999 -10.16 0.040000000000000036
      vertex 199.63999999999999 -10.199999999999999 0.040000000000000036
      vertex 199.80000000000001 -10.199999999999999 0
    endloop
  endfacet
  facet normal 0.24253562503629753 0 0.97014250014534087
    outer loop
      vertex 199.63999999999999 -10.16 0.040000000000000036
      vertex 199.80000000000001 -10.199999999999999 0
      vertex 199.80000000000001 -10 0
    endloop
  endfacet
  facet normal 0.43643578047192982 -0.21821789023599883 0.87287156094399532
    outer loop
      vertex 199.63999999999999 -10.16 0.040000000000000036
      vertex 199.80000000000001 -10 0
      vertex 199.72 -10 0.040000000000000036
    endloop
  endfacet
  facet normal 0.44721359549990236 0 0.89442719099994372
    outer loop
      vertex 199.72 -4.0000000000000036 0.040000000000000036
      vertex 199.72 -10 0.040000000000000036
      vertex 199.80000000000001 -10 0
    endloop
  endfacet
  facet normal 0.44721359549990236 0 0.89442719099994372
    outer loop
      vertex 199.72 -4.0000000000000036 0.040000000000000036
      vertex 199.80000000000001 -10 0
      vertex 199.80000000000001 0 0
    endloop
  endfacet
  facet normal 0.44721359549990231 -0 0.89442719099994361
    outer loop
      vertex 199.72 -4.0000000000000036 0.040000000000000036
      vertex 199.80000000000001 0 0
      vertex 199.72 0 0.040000000000000036
    endloop
  endfacet
  facet normal 0.44721359549990236 0 0.89442719099994372
    outer loop
      vertex 199.72 0.11999999999999994 0.040000000000000036
      vertex 199.72 0 0.040000000000000036
      vertex 199.80000000000001 0 0
    endloop
  endfacet
  facet normal 0.44721359549990225 0 0.89442719099994361
    outer loop
      vertex 199.72 0.11999999999999994 0.040000000000000036
      vertex 199.80000000000001 0 0
      vertex 199.80000000000001 0.20000000000000001 0
    endloop
  endfacet
  facet normal -0 0.44721359549995793 0.89442719099991586
    outer loop
      vertex 199.59999999999999 0.11999999999999994 0.040000000000000036
      vertex 199.72 0.11999999999999994 0.040000000000000036
      vertex 199.80000000000001 0.20000000000000001 0
    endloop
  endfacet
  facet normal 0 0.44721359549995798 0.89442719099991597
    outer loop
      vertex 199.59999999999999 0.11999999999999994 0.040000000000000036
      vertex 199.80000000000001 0.20000000000000001 0
      vertex 199.59999999999999 0.20000000000000001 0
    endloop
  endfacet
  facet normal 0 0 1
    outer loop
      vertex 199.59999999999999 0.20000000000000001 0
      vertex 199.80000000000001 0.20000000000000001 0
      vertex 199.80000000000001 10 0
    endloop
  endfacet
  facet normal 0 0 1
    outer loop
      vertex 199.59999999999999 0.20000000000000001 0
      vertex 199.80000000000001 10 0
      vertex 199.59999999999999 10 0
    endloop
  endfacet
  facet normal 0 0 1
    outer loop
      vertex 199.59999999999999 10 0
      vertex 199.80000000000001 10 0
      vertex 199.80000000000001 10.199999999999999 0
    endloop
  endfacet
  facet normal 0 0 1
    outer loop
      vertex 199.59999999999999 10 0
      vertex 199.80000000000001 10.199999999999999 0
      vertex 199.59999999999999 10.199999999999999 0
    endloop
  endfacet
  facet normal 0 0 1
    outer loop
      vertex 199.59999999999999 10.199999999999999 0
      vertex 199.80000000000001 10.199999999999999 0
      vertex 199.80000000000001 20 0
    endloop
  endfacet
  facet normal 0 0 1
    outer loop
      vertex 199.59999999999999 10.199999999999999 0
      vertex 199.80000000000001 20 0
      vertex 199.59999999999999 20 0
    endloop
  endfacet
  facet normal 0 0 1
    outer loop
      vertex 199.59999999999999 20 0
      vertex 199.80000000000001 20 0
      vertex 199.80000000000001 20.199999999999999 0
    endloop
  endfacet
  facet normal 0 0 1
    outer loop
      vertex 199.59999999999999 20 0
      vertex 199.80000000000001 20.199999999999999 0
      vertex 199.59999999999999 20.199999999999999 0
    endloop
  endfacet
  facet normal 0 0 1
    outer loop
      vertex 199.59999999999999 20.199999999999999 0
      vertex 199.80000000000001 20.199999999999999 0
      vertex 199.80000000000001 40 0
    endloop
  endfacet
  facet normal 0 0 1
    outer loop
      vertex 199.59999999999999 20.199999999999999 0
      vertex 199.80000000000001 40 0
      vertex 199.59999999999999 40 0
    endloop
  endfacet
  facet normal 0 0 1
    outer loop
      vertex 199.59999999999999 40 0
      vertex 199.80000000000001 40 0
      vertex 199.80000000000001 40.200000000000003 0
    endloop
  endfacet
  facet normal 0 0 1
    outer loop
      vertex 199.59999999999999 40 0
      vertex 199.80000000000001 40.200000000000003 0
      vertex 199.59999999999999 40.200000000000003 0
    endloop
  endfacet
  facet normal 0 0 1
    outer loop
      vertex 199.59999999999999 40.200000000000003 0
      vertex 199.80000000000001 40.200000000000003 0
      vertex 199.80000000000001 60 0
    endloop
  endfacet
  facet normal 0 0 1
    outer loop
      vertex 199.59999999999999 40.200000000000003 0
      vertex 199.80000000000001 60 0
      vertex 199.59999999999999 60 0
    endloop
  endfacet
  facet normal 0 0 1
    outer loop
      vertex 199.59999999999999 60 0
      vertex 199.80000000000001 60 0
      vertex 199.80000000000001 60.200000000000003 0
    endloop
  endfacet
  facet normal 0 0 1
    outer loop
      vertex 199.59999999999999 60 0
      vertex 199.80000000000001 60.200000000000003 0
      vertex 199.59999999999999 60.200000000000003 0
    endloop
  endfacet
  facet normal 0 0 1
    outer loop
      vertex 199.59999999999999 60.200000000000003 0
      vertex 199.80000000000001 60.200000000000003 0
      vertex 199.80000000000001 80 0
    endloop
  endfacet
  facet normal 0 0 1
    outer loop
      vertex 199.59999999999999 60.200000000000003 0
      vertex 199.80000000000001 80 0
      vertex 199.59999999999999 80 0
    endloop
  endfacet
  facet normal 0 0 1
    outer loop
      vertex 199.59999999999999 80 0
      vertex 199.80000000000001 80 0
      vertex 199.80000000000001 80.200000000000003 0
    endloop
  endfacet
  facet normal 0 0 1
    outer loop
      vertex 199.59999999999999 80 0
      vertex 199.80000000000001 80.200000000000003 0
      vertex 199.59999999999999 80.200000000000003 0
    endloop
  endfacet
  facet normal 0 0 1
    outer loop
      vertex 199.59999999999999 80.200000000000003 0
      vertex 199.80000000000001 80.200000000000003 0
      vertex 199.80000000000001 100 0
    endloop
  endfacet
  facet normal 0 0 1
    outer loop
      vertex 199.59999999999999 80.200000000000003 0
      vertex 199.80000000000001 100 0
      vertex 199.59999999999999 100 0
    endloop
  endfacet
  facet normal 0 0 1
    outer loop
      vertex 199.80000000000001 -100 0
      vertex 204.80000000000001 -100 0
      vertex 204.80000000000001 -80.200000000000003 0
    endloop
  endfacet
  facet normal 0 0 1
    outer loop
      vertex 199.80000000000001 -100 0
      vertex 204.80000000000001 -80.200000000000003 0
      vertex 199.80000000000001 -80.200000000000003 0
    endloop
  endfacet
  facet normal 0 0 1
    outer loop
      vertex 199.80000000000001 -80.200000000000003 0
      vertex 204.80000000000001 -80.200000000000003 0
      vertex 204.80000000000001 -80 0
    endloop
  endfacet
  facet normal 0 0 1
    outer loop
      vertex 199.80000000000001 -80.200000000000003 0
      vertex 204.80000000000001 -80 0
      vertex 199.80000000000001 -80 0
    endloop
  endfacet
  facet normal 0 0 1
    outer loop
      vertex 199.80000000000001 -80 0
      vertex 204.80000000000001 -80 0
      vertex 204.80000000000001 -60.200000000000003 0
    endloop
  endfacet
  facet normal 0 0 1
    outer loop
      vertex 199.80000000000001 -80 0
      vertex 204.80000000000001 -60.200000000000003 0
      vertex 199.80000000000001 -60.200000000000003 0
    endloop
  endfacet
  facet normal 0 0 1
    outer loop
      vertex 199.80000000000001 -60.200000000000003 0
      vertex 204.80000000000001 -60.200000000000003 0
      vertex 204.80000000000001 -60 0
    endloop
  endfacet
  facet normal 0 0 1
    outer loop
      vertex 199.80000000000001 -60.200000000000003 0
      vertex 204.80000000000001 -60 0
      vertex 199.80000000000001 -60 0
    endloop
  endfacet
  facet normal 0 0 1
    outer loop
      vertex 199.80000000000001 -60 0
      vertex 204.80000000000001 -60 0
      vertex 204.80000000000001 -40.200000000000003 0
    endloop
  endfacet
  facet normal 0 0 1
    outer loop
      vertex 199.80000000000001 -60 0
      vertex 204.80000000000001 -40.200000000000003 0
      vertex 199.80000000000001 -40.200000000000003 0
    endloop
  endfacet
  facet normal 0 0 1
    outer loop
      vertex 199.80000000000001 -40.200000000000003 0
      vertex 204.80000000000001 -40.200000000000003 0
      vertex 204.80000000000001 -40 0
    endloop
  endfacet
  facet normal 0 0 1
    outer loop
      vertex 199.80000000000001 -40.200000000000003 0
      vertex 204.80000000000001 -40 0
      vertex 199.80000000000001 -40 0
    endloop
  endfacet
  facet normal 0 0 1
    outer loop
      vertex 199.80000000000001 -40 0
      vertex 204.80000000000001 -40 0
      vertex 204.80000000000001 -20.199999999999999 0
    endloop
  endfacet
  facet normal 0 0 1
    outer loop
      vertex 199.80000000000001 -40 0
      vertex 204.80000000000001 -20.199999999999999 0
      vertex 199.80000000000001 -20.199999999999999 0
    endloop
  endfacet
  facet normal 0 0 1
    outer loop
      vertex 199.80000000000001 -20.199999999999999 0
      vertex 204.80000000000001 -20.199999999999999 0
      vertex 204.80000000000001 -20 0
    endloop
  endfacet
  facet normal 0 0 1
    outer loop
      vertex 199.80000000000001 -20.199999999999999 0
      vertex 204.80000000000001 -20 0
      vertex 199.80000000000001 -20 0
    endloop
  endfacet
  facet normal 0 0 1
    outer loop
      vertex 199.80000000000001 -20 0
      vertex 204.80000000000001 -20 0
      vertex 204.80000000000001 -10.199999999999999 0
    endloop
  endfacet
  facet normal 0 0 1
    outer loop
      vertex 199.80000000000001 -20 0
      vertex 204.80000000000001 -10.199999999999999 0
      vertex 199.80000000000001 -10.199999999999999 0
    endloop
  endfacet
  facet normal 0 0 1
    outer loop
      vertex 199.80000000000001 -10.199999999999999 0
      vertex 204.80000000000001 -10.199999999999999 0
      vertex 204.80000000000001 -10 0
    endloop
  endfacet
  facet normal 0 0 1
    outer loop
      vertex 199.80000000000001 -10.199999999999999 0
      vertex 204.80000000000001 -10 0
      vertex 199.80000000000001 -10 0
    endloop
  endfacet
  facet normal 0 0 1
    outer loop
      vertex 199.80000000000001 -10 0
      vertex 204.80000000000001 -10 0
      vertex 204.80000000000001 0 0
    endloop
  endfacet
  facet normal 0 0 1
    outer loop
      vertex 199.80000000000001 -10 0
      vertex 204.80000000000001 0 0
      vertex 199.80000000000001 0 0
    endloop
  endfacet
  facet normal 0 0 1
    outer loop
      vertex 199.80000000000001 0 0
      vertex 204.80000000000001 0 0
      vertex 204.80000000000001 0.20000000000000001 0
    endloop
  endfacet
  facet normal 0 0 1
    outer loop
      vertex 199.80000000000001 0 0
      vertex 204.80000000000001 0.20000000000000001 0
      vertex 199.80000000000001 0.20000000000000001 0
    endloop
  endfacet
  facet normal 0 0 1
    outer loop
      vertex 199.80000000000001 0.20000000000000001 0
      vertex 204.80000000000001 0.20000000000000001 0
      vertex 204.80000000000001 10 0
    endloop
  endfacet
  facet normal 0 0 1
    outer loop
      vertex 199.80000000000001 0.20000000000000001 0
      vertex 204.80000000000001 10 0
      vertex 199.80000000000001 10 0
    endloop
  endfacet
  facet normal 0 0 1
    outer loop
      vertex 199.80000000000001 10 0
      vertex 204.80000000000001 10 0
      vertex 204.80000000000001 10.199999999999999 0
    endloop
  endfacet
  facet normal 0 0 1
    outer loop
      vertex 199.80000000000001 10 0
      vertex 204.80000000000001 10.199999999999999 0
      vertex 199.80000000000001 10.199999999999999 0
    endloop
  endfacet
  facet normal 0 0 1
    outer loop
      vertex 199.80000000000001 10.199999999999999 0
      vertex 204.80000000000001 10.199999999999999 0
      vertex 204.80000000000001 20 0
    endloop
  endfacet
  facet normal 0 0 1
    outer loop
      vertex 199.80000000000001 10.199999999999999 0
      vertex 204.80000000000001 20 0
      vertex 199.80000000000001 20 0
    endloop
  endfacet
  facet normal 0 0 1
    outer loop
      vertex 199.80000000000001 20 0
      vertex 204.80000000000001 20 0
      vertex 204.80000000000001 20.199999999999999 0
    endloop
  endfacet
  facet normal 0 0 1
    outer loop
      vertex 199.80000000000001 20 0
      vertex 204.80000000000001 20.199999999999999 0
      vertex 199.80000000000001 20.199999999999999 0
    endloop
  endfacet
  facet normal 0 0 1
    outer loop
      vertex 199.80000000000001 20.199999999999999 0
      vertex 204.80000000000001 20.199999999999999 0
      vertex 204.80000000000001 40 0
    endloop
  endfacet
  facet normal 0 0 1
    outer loop
      vertex 199.80000000000001 20.199999999999999 0
      vertex 204.80000000000001 40 0
      vertex 199.80000000000001 40 0
    endloop
  endfacet
  facet normal 0 0 1
    outer loop
      vertex 199.80000000000001 40 0
      vertex 204.80000000000001 40 0
      vertex 204.80000000000001 40.200000000000003 0
    endloop
  endfacet
  facet normal 0 0 1
    outer loop
      vertex 199.80000000000001 40 0
      vertex 204.80000000000001 40.200000000000003 0
      vertex 199.80000000000001 40.200000000000003 0
    endloop
  endfacet
  facet normal 0 0 1
    outer loop
      vertex 199.80000000000001 40.200000000000003 0
      vertex 204.80000000000001 40.200000000000003 0
      vertex 204.80000000000001 60 0
    endloop
  endfacet
  facet normal 0 0 1
    outer loop
      vertex 199.80000000000001 40.200000000000003 0
      vertex 204.80000000000001 60 0
      vertex 199.80000000000001 60 0
    endloop
  endfacet
  facet normal 0 0 1
    outer loop
      vertex 199.80000000000001 60 0
      vertex 204.80000000000001 60 0
      vertex 204.80000000000001 60.200000000000003 0
    endloop
  endfacet
  facet normal 0 0 1
    outer loop
      vertex 199.80000000000001 60 0
      vertex 204.80000000000001 60.200000000000003 0
      vertex 199.80000000000001 60.200000000000003 0
    endloop
  endfacet
  facet normal 0 0 1
    outer loop
      vertex 199.80000000000001 60.200000000000003 0
      vertex 204.80000000000001 60.200000000000003 0
      vertex 204.80000000000001 80 0
    endloop
  endfacet
  facet normal 0 0 1
    outer loop
      vertex 199.80000000000001 60.200000000000003 0
      vertex 204.80000000000001 80 0
      vertex 199.80000000000001 80 0
    endloop
  endfacet
  facet normal 0 0 1
    outer loop
      vertex 199.80000000000001 80 0
      vertex 204.80000000000001 80 0
      vertex 204.80000000000001 80.200000000000003 0
    endloop
  endfacet
  facet normal 0 0 1
    outer loop
      vertex 199.80000000000001 80 0
      vertex 204.80000000000001 80.200000000000003 0
      vertex 199.80000000000001 80.200000000000003 0
    endloop
  endfacet
  facet normal 0 0 1
    outer loop
      vertex 199.80000000000001 80.200000000000003 0
      vertex 204.80000000000001 80.200000000000003 0
      vertex 204.80000000000001 100 0
    endloop
  endfacet
  facet normal 0 0 1
    outer loop
      vertex 199.80000000000001 80.200000000000003 0
      vertex 204.80000000000001 100 0
      vertex 199.80000000000001 100 0
    endloop
  endfacet
  facet normal 0 0 1
    outer loop
      vertex 204.80000000000001 -100 0
      vertex 205 -100 0
      vertex 205 -80.200000000000003 0
    endloop
  endfacet
  facet normal 0 0 1
    outer loop
      vertex 204.80000000000001 -100 0
      vertex 205 -80.200000000000003 0
      vertex 204.80000000000001 -80.200000000000003 0
    endloop
  endfacet
  facet normal 0 0 1
    outer loop
      vertex 204.80000000000001 -80.200000000000003 0
      vertex 205 -80.200000000000003 0
      vertex 205 -80 0
    endloop
  endfacet
  facet normal 0 0 1
    outer loop
      vertex 204.80000000000001 -80.200000000000003 0
      vertex 205 -80 0
      vertex 204.80000000000001 -80 0
    endloop
  endfacet
  facet normal 0 0 1
    outer loop
      vertex 204.80000000000001 -80 0
      vertex 205 -80 0
      vertex 205 -60.200000000000003 0
    endloop
  endfacet
  facet normal 0 0 1
    outer loop
      vertex 204.80000000000001 -80 0
      vertex 205 -60.200000000000003 0
      vertex 204.80000000000001 -60.200000000000003 0
    endloop
  endfacet
  facet normal 0 0 1
    outer loop
      vertex 204.80000000000001 -60.200000000000003 0
      vertex 205 -60.200000000000003 0
      vertex 205 -60 0
    endloop
  endfacet
  facet normal 0 0 1
    outer loop
      vertex 204.80000000000001 -60.200000000000003 0
      vertex 205 -60 0
      vertex 204.80000000000001 -60 0
    endloop
  endfacet
  facet normal 0 0 1
    outer loop
      vertex 204.80000000000001 -60 0
      vertex 205 -60 0
      vertex 205 -40.200000000000003 0
    endloop
  endfacet
  facet normal 0 0 1
    outer loop
      vertex 204.80000000000001 -60 0
      vertex 205 -40.200000000000003 0
      vertex 204.80000000000001 -40.200000000000003 0
    endloop
  endfacet
  facet normal 0 0 1
    outer loop
      vertex 204.80000000000001 -40.200000000000003 0
      vertex 205 -40.200000000000003 0
      vertex 205 -40 0
    endloop
  endfacet
  facet normal 0 0 1
    outer loop
      vertex 204.80000000000001 -40.200000000000003 0
      vertex 205 -40 0
      vertex 204.80000000000001 -40 0
    endloop
  endfacet
  facet normal 0 0 1
    outer loop
      vertex 204.80000000000001 -40 0
      vertex 205 -40 0
      vertex 205 -20.199999999999999 0
    endloop
  endfacet
  facet normal 0 0 1
    outer loop
      vertex 204.80000000000001 -40 0
      vertex 205 -20.199999999999999 0
      vertex 204.80000000000001 -20.199999999999999 0
    endloop
  endfacet
  facet normal 0 0 1
    outer loop
      vertex 204.80000000000001 -20.199999999999999 0
      vertex 205 -20.199999999999999 0
      vertex 205 -20 0
    endloop
  endfacet
  facet normal 0 0 1
    outer loop
      vertex 204.80000000000001 -20.199999999999999 0
      vertex 205 -20 0
      vertex 204.80000000000001 -20 0
    endloop
  endfacet
  facet normal 0 0 1
    outer loop
      vertex 204.80000000000001 -20 0
      vertex 205 -20 0
      vertex 205 -10.199999999999999 0
    endloop
  endfacet
  facet normal 0 0 1
    outer loop
      vertex 204.80000000000001 -20 0
      vertex 205 -10.199999999999999 0
      vertex 204.80000000000001 -10.199999999999999 0
    endloop
  endfacet
  facet normal 0 0 1
    outer loop
      vertex 204.80000000000001 -10.199999999999999 0
      vertex 205 -10.199999999999999 0
      vertex 205 -10 0
    endloop
  endfacet
  facet normal 0 0 1
    outer loop
      vertex 204.80000000000001 -10.199999999999999 0
      vertex 205 -10 0
      vertex 204.80000000000001 -10 0
    endloop
  endfacet
  facet normal 0 0 1
    outer loop
      vertex 204.80000000000001 -10 0
      vertex 205 -10 0
      vertex 205 0 0
    endloop
  endfacet
  facet normal 0 0 1
    outer loop
      vertex 204.80000000000001 -10 0
      vertex 205 0 0
      vertex 204.80000000000001 0 0
    endloop
  endfacet
  facet normal 0 0 1
    outer loop
      vertex 205 -100 0
      vertex 205.19999999999999 -100 0
      vertex 205.19999999999999 -80.200000000000003 0
    endloop
  endfacet
  facet normal 0 0 1
    outer loop
      vertex 205 -100 0
      vertex 205.19999999999999 -80.200000000000003 0
      vertex 205 -80.200000000000003 0
    endloop
  endfacet
  facet normal 0 0 1
    outer loop
      vertex 205 -80.200000000000003 0
      vertex 205.19999999999999 -80.200000000000003 0
      vertex 205.19999999999999 -80 0
    endloop
  endfacet
  facet normal 0 0 1
    outer loop
      vertex 205 -80.200000000000003 0
      vertex 205.19999999999999 -80 0
      vertex 205 -80 0
    endloop
  endfacet
  facet normal 0 0 1
    outer loop
      vertex 205 -80 0
      vertex 205.19999999999999 -80 0
      vertex 205.19999999999999 -60.200000000000003 0
    endloop
  endfacet
  facet normal 0 0 1
    outer loop
      vertex 205 -80 0
      vertex 205.19999999999999 -60.200000000000003 0
      vertex 205 -60.200000000000003 0
    endloop
  endfacet
  facet normal 0 0 1
    outer loop
      vertex 205 -60.200000000000003 0
      vertex 205.19999999999999 -60.200000000000003 0
      vertex 205.19999999999999 -60 0
    endloop
  endfacet
  facet normal 0 0 1
    outer loop
      vertex 205 -60.200000000000003 0
      vertex 205.19999999999999 -60 0
      vertex 205 -60 0
    endloop
  endfacet
  facet normal 0 0 1
    outer loop
      vertex 205 -60 0
      vertex 205.19999999999999 -60 0
      vertex 205.19999999999999 -40.200000000000003 0
    endloop
  endfacet
  facet normal 0 0 1
    outer loop
      vertex 205 -60 0
      vertex 205.19999999999999 -40.200000000000003 0
      vertex 205 -40.200000000000003 0
    endloop
  endfacet
  facet normal 0 0 1
    outer loop
      vertex 205 -40.200000000000003 0
      vertex 205.19999999999999 -40.200000000000003 0
      vertex 205.19999999999999 -40 0
    endloop
  endfacet
  facet normal 0 0 1
    outer loop
      vertex 205 -40.200000000000003 0
      vertex 205.19999999999999 -40 0
      vertex 205 -40 0
    endloop
  endfacet
  facet normal 0 0 1
    outer loop
      vertex 205 -40 0
      vertex 205.19999999999999 -40 0
      vertex 205.19999999999999 -20.199999999999999 0
    endloop
  endfacet
  facet normal 0 0 1
    outer loop
      vertex 205 -40 0
      vertex 205.19999999999999 -20.199999999999999 0
      vertex 205 -20.199999999999999 0
    endloop
  endfacet
  facet normal 0 0 1
    outer loop
      vertex 205 -20.199999999999999 0
      vertex 205.19999999999999 -20.199999999999999 0
      vertex 205.19999999999999 -20 0
    endloop
  endfacet
  facet normal 0 0 1
    outer loop
      vertex 205 -20.199999999999999 0
      vertex 205.19999999999999 -20 0
      vertex 205 -20 0
    endloop
  endfacet
  facet normal 0 0 1
    outer loop
      vertex 205 -20 0
      vertex 205.19999999999999 -20 0
      vertex 205.19999999999999 -10.199999999999999 0
    endloop
  endfacet
  facet normal 0 0 1
    outer loop
      vertex 205 -20 0
      vertex 205.19999999999999 -10.199999999999999 0
      vertex 205 -10.199999999999999 0
    endloop
  endfacet
  facet normal 0 0 1
    outer loop
      vertex 205 -10.199999999999999 0
      vertex 205.19999999999999 -10.199999999999999 0
      vertex 205.19999999999999 -10 0
    endloop
  endfacet
  facet normal 0 0 1
    outer loop
      vertex 205 -10.199999999999999 0
      vertex 205.19999999999999 -10 0
      vertex 205 -10 0
    endloop
  endfacet
  facet normal 0 0 1
    outer loop
      vertex 205 -10 0
      vertex 205.19999999999999 -10 0
      vertex 205.19999999999999 0 0
    endloop
  endfacet
  facet normal 0 0 1
    outer loop
      vertex 205 -10 0
      vertex 205.19999999999999 0 0
      vertex 205 0 0
    endloop
  endfacet
  facet normal 0 0 1
    outer loop
      vertex 205.19999999999999 -100 0
      vertex 205.40000000000001 -100 0
      vertex 205.40000000000001 -80.200000000000003 0
    endloop
  endfacet
  facet normal 0 0 1
    outer loop
      vertex 205.19999999999999 -100 0
      vertex 205.40000000000001 -80.200000000000003 0
      vertex 205.19999999999999 -80.200000000000003 0
    endloop
  endfacet
  facet normal 0 0 1
    outer loop
      vertex 205.19999999999999 -60.200000000000003 0
      vertex 205.40000000000001 -60 0
      vertex 205.19999999999999 -60 0
    endloop
  endfacet
  facet normal 0 0 1
    outer loop
      vertex 205.19999999999999 -60 0
      vertex 205.40000000000001 -60 0
      vertex 205.40000000000001 -40.200000000000003 0
    endloop
  endfacet
  facet normal 0 0 1
    outer loop
      vertex 205.19999999999999 -60 0
      vertex 205.40000000000001 -40.200000000000003 0
      vertex 205.19999999999999 -40.200000000000003 0
    endloop
  endfacet
  facet normal 0 0 1
    outer loop
      vertex 205.19999999999999 -40.200000000000003 0
      vertex 205.40000000000001 -40.200000000000003 0
      vertex 205.40000000000001 -40 0
    endloop
  endfacet
  facet normal 0 0 1
    outer loop
      vertex 205.19999999999999 -40.200000000000003 0
      vertex 205.40000000000001 -40 0
      vertex 205.19999999999999 -40 0
    endloop
  endfacet
  facet normal 0 0 1
    outer loop
      vertex 205.19999999999999 -40 0
      vertex 205.40000000000001 -40 0
      vertex 205.40000000000001 -20.199999999999999 0
    endloop
  endfacet
  facet normal 0 0 1
    outer loop
      vertex 205.19999999999999 -40 0
      vertex 205.40000000000001 -20.199999999999999 0
      vertex 205.19999999999999 -20.199999999999999 0
    endloop
  endfacet
  facet normal 0 0 1
    outer loop
      vertex 205.19999999999999 -20.199999999999999 0
      vertex 205.40000000000001 -20.199999999999999 0
      vertex 205.40000000000001 -20 0
    endloop
  endfacet
  facet normal 0 0 1
    outer loop
      vertex 205.19999999999999 -20.199999999999999 0
      vertex 205.40000000000001 -20 0
      vertex 205.19999999999999 -20 0
    endloop
  endfacet
  facet normal 0 0 1
    outer loop
      vertex 205.19999999999999 -20 0
      vertex 205.40000000000001 -20 0
      vertex 205.40000000000001 -10.199999999999999 0
    endloop
  endfacet
  facet normal 0 0 1
    outer loop
      vertex 205.19999999999999 -20 0
      vertex 205.40000000000001 -10.199999999999999 0
      vertex 205.19999999999999 -10.199999999999999 0
    endloop
  endfacet
  facet normal 0 0 1
    outer loop
      vertex 205.19999999999999 -10.199999999999999 0
      vertex 205.40000000000001 -10.199999999999999 0
      vertex 205.40000000000001 -10 0
    endloop
  endfacet
  facet normal 0 0 1
    outer loop
      vertex 205.19999999999999 -10.199999999999999 0
      vertex 205.40000000000001 -10 0
      vertex 205.19999999999999 -10 0
    endloop
  endfacet
  facet normal 0 0 1
    outer loop
      vertex 205.19999999999999 -10 0
      vertex 205.40000000000001 -10 0
      vertex 205.40000000000001 0 0
    endloop
  endfacet
  facet normal 0 0 1
    outer loop
      vertex 205.19999999999999 -10 0
      vertex 205.40000000000001 0 0
      vertex 205.19999999999999 0 0
    endloop
  endfacet
  facet normal 0 0 1
    outer loop
      vertex 205.19999999999999 0 0
      vertex 205.40000000000001 0 0
      vertex 205.40000000000001 0.20000000000000001 0
    endloop
  endfacet
  facet normal 0 0 1
    outer loop
      vertex 205.40000000000001 -100 0
      vertex 210.40000000000001 -100 0
      vertex 210.40000000000001 -80.200000000000003 0
    endloop
  endfacet
  facet normal 0 0 1
    outer loop
      vertex 205.40000000000001 -100 0
      vertex 210.40000000000001 -80.200000000000003 0
      vertex 205.40000000000001 -80.200000000000003 0
    endloop
  endfacet
  facet normal 0 0 1
    outer loop
      vertex 205.40000000000001 -60 0
      vertex 210.40000000000001 -60 0
      vertex 210.40000000000001 -40.200000000000003 0
    endloop
  endfacet
  facet normal 0 0 1
    outer loop
      vertex 205.40000000000001 -60 0
      vertex 210.40000000000001 -40.200000000000003 0
      vertex 205.40000000000001 -40.200000000000003 0
    endloop
  endfacet
  facet normal 0 0 1
    outer loop
      vertex 205.40000000000001 -40.200000000000003 0
      vertex 210.40000000000001 -40.200000000000003 0
      vertex 210.40000000000001 -40 0
    endloop
  endfacet
  facet normal 0 0 1
    outer loop
      vertex 205.40000000000001 -40.200000000000003 0
      vertex 210.40000000000001 -40 0
      vertex 205.40000000000001 -40 0
    endloop
  endfacet
  facet normal 0 0 1
    outer loop
      vertex 205.40000000000001 -40 0
      vertex 210.40000000000001 -40 0
      vertex 210.40000000000001 -20.199999999999999 0
    endloop
  endfacet
  facet normal 0 0 1
    outer loop
      vertex 205.40000000000001 -40 0
      vertex 210.40000000000001 -20.199999999999999 0
      vertex 205.40000000000001 -20.199999999999999 0
    endloop
  endfacet
  facet normal 0 0 1
    outer loop
      vertex 205.40000000000001 -20.199999999999999 0
      vertex 210.40000000000001 -20.199999999999999 0
      vertex 210.40000000000001 -20 0
    endloop
  endfacet
  facet normal 0 0 1
    outer loop
      vertex 205.40000000000001 -20.199999999999999 0
      vertex 210.40000000000001 -20 0
      vertex 205.40000000000001 -20 0
    endloop
  endfacet
  facet normal 0 0 1
    outer loop
      vertex 205.40000000000001 -20 0
      vertex 210.40000000000001 -20 0
      vertex 210.40000000000001 -10.199999999999999 0
    endloop
  endfacet
  facet normal 0 0 1
    outer loop
      vertex 205.40000000000001 -20 0
      vertex 210.40000000000001 -10.199999999999999 0
      vertex 205.40000000000001 -10.199999999999999 0
    endloop
  endfacet
  facet normal 0 0 1
    outer loop
      vertex 205.40000000000001 -10.199999999999999 0
      vertex 210.40000000000001 -10.199999999999999 0
      vertex 210.40000000000001 -10 0
    endloop
  endfacet
  facet normal 0 0 1
    outer loop
      vertex 205.40000000000001 -10.199999999999999 0
      vertex 210.40000000000001 -10 0
      vertex 205.40000000000001 -10 0
    endloop
  endfacet
  facet normal 0 0 1
    outer loop
      vertex 205.40000000000001 -10 0
      vertex 210.40000000000001 -10 0
      vertex 210.40000000000001 0 0
    endloop
  endfacet
  facet normal 0 0 1
    outer loop
      vertex 205.40000000000001 -10 0
      vertex 210.40000000000001 0 0
      vertex 205.40000000000001 0 0
    endloop
  endfacet
  facet normal 0 0 1
    outer loop
      vertex 205.40000000000001 0 0
      vertex 210.40000000000001 0 0
      vertex 210.40000000000001 0.20000000000000001 0
    endloop
  endfacet
  facet normal 0 0 1
    outer loop
      vertex 205.40000000000001 0 0
      vertex 210.40000000000001 0.20000000000000001 0
      vertex 205.40000000000001 0.20000000000000001 0
    endloop
  endfacet
  facet normal 0 0 1
    outer loop
      vertex 205.40000000000001 0.20000000000000001 0
      vertex 210.40000000000001 0.20000000000000001 0
      vertex 210.40000000000001 10 0
    endloop
  endfacet
  facet normal 0 0 1
    outer loop
      vertex 205.40000000000001 0.20000000000000001 0
      vertex 210.40000000000001 10 0
      vertex 205.40000000000001 10 0
    endloop
  endfacet
  facet normal 0 0 1
    outer loop
      vertex 205.40000000000001 10 0
      vertex 210.40000000000001 10 0
      vertex 210.40000000000001 10.199999999999999 0
    endloop
  endfacet
  facet normal 0 0 1
    outer loop
      vertex 205.40000000000001 10 0
      vertex 210.40000000000001 10.199999999999999 0
      vertex 205.40000000000001 10.199999999999999 0
    endloop
  endfacet
  facet normal 0 0 1
    outer loop
      vertex 205.40000000000001 10.199999999999999 0
      vertex 210.40000000000001 10.199999999999999 0
      vertex 210.40000000000001 20 0
    endloop
  endfacet
  facet normal 0 0 1
    outer loop
      vertex 205.40000000000001 10.199999999999999 0
      vertex 210.40000000000001 20 0
      vertex 205.40000000000001 20 0
    endloop
  endfacet
  facet normal 0 0 1
    outer loop
      vertex 205.40000000000001 20 0
      vertex 210.40000000000001 20 0
      vertex 210.40000000000001 20.199999999999999 0
    endloop
  endfacet
  facet normal 0 0 1
    outer loop
      vertex 205.40000000000001 20 0
      vertex 210.40000000000001 20.199999999999999 0
      vertex 205.40000000000001 20.199999999999999 0
    endloop
  endfacet
  facet normal 0 0 1
    outer loop
      vertex 205.40000000000001 20.199999999999999 0
      vertex 210.40000000000001 20.199999999999999 0
      vertex 210.40000000000001 40 0
    endloop
  endfacet
  facet normal 0 0 1
    outer loop
      vertex 205.40000000000001 20.199999999999999 0
      vertex 210.40000000000001 40 0
      vertex 205.40000000000001 40 0
    endloop
  endfacet
  facet normal 0 0 1
    outer loop
      vertex 205.40000000000001 40 0
      vertex 210.40000000000001 40 0
      vertex 210.40000000000001 40.200000000000003 0
    endloop
  endfacet
  facet normal 0 0 1
    outer loop
      vertex 205.40000000000001 40 0
      vertex 210.40000000000001 40.200000000000003 0
      vertex 205.40000000000001 40.200000000000003 0
    endloop
  endfacet
  facet normal 0 0 1
    outer loop
      vertex 205.40000000000001 40.200000000000003 0
      vertex 210.40000000000001 40.200000000000003 0
      vertex 210.40000000000001 60 0
    endloop
  endfacet
  facet normal 0 0 1
    outer loop
      vertex 205.40000000000001 40.200000000000003 0
      vertex 210.40000000000001 60 0
      vertex 205.40000000000001 60 0
    endloop
  endfacet
  facet normal 0 0 1
    outer loop
      vertex 205.40000000000001 60 0
      vertex 210.40000000000001 60 0
      vertex 210.40000000000001 60.200000000000003 0
    endloop
  endfacet
  facet normal 0 0 1
    outer loop
      vertex 205.40000000000001 60 0
      vertex 210.40000000000001 60.200000000000003 0
      vertex 205.40000000000001 60.200000000000003 0
    endloop
  endfacet
  facet normal 0 0 1
    outer loop
      vertex 205.40000000000001 60.200000000000003 0
      vertex 210.40000000000001 60.200000000000003 0
      vertex 210.40000000000001 80 0
    endloop
  endfacet
  facet normal 0 0 1
    outer loop
      vertex 205.40000000000001 60.200000000000003 0
      vertex 210.40000000000001 80 0
      vertex 205.40000000000001 80 0
    endloop
  endfacet
  facet normal 0 0 1
    outer loop
      vertex 205.40000000000001 80 0
      vertex 210.40000000000001 80 0
      vertex 210.40000000000001 80.200000000000003 0
    endloop
  endfacet
  facet normal 0 0 1
    outer loop
      vertex 205.40000000000001 80 0
      vertex 210.40000000000001 80.200000000000003 0
      vertex 205.40000000000001 80.200000000000003 0
    endloop
  endfacet
  facet normal 0 0 1
    outer loop
      vertex 205.40000000000001 80.200000000000003 0
      vertex 210.40000000000001 80.200000000000003 0
      vertex 210.40000000000001 100 0
    endloop
  endfacet
  facet normal 0 0 1
    outer loop
      vertex 205.40000000000001 80.200000000000003 0
      vertex 210.40000000000001 100 0
      vertex 205.40000000000001 100 0
    endloop
  endfacet
  facet normal 0 0 1
    outer loop
      vertex 210.40000000000001 -100 0
      vertex 210.59999999999999 -100 0
      vertex 210.59999999999999 -80.200000000000003 0
    endloop
  endfacet
  facet normal 0 0 1
    outer loop
      vertex 210.40000000000001 -100 0
      vertex 210.59999999999999 -80.200000000000003 0
      vertex 210.40000000000001 -80.200000000000003 0
    endloop
  endfacet
  facet normal 0 0 1
    outer loop
      vertex 210.40000000000001 -60 0
      vertex 210.59999999999999 -60 0
      vertex 210.59999999999999 -40.200000000000003 0
    endloop
  endfacet
  facet normal 0 0 1
    outer loop
      vertex 210.40000000000001 -60 0
      vertex 210.59999999999999 -40.200000000000003 0
      vertex 210.40000000000001 -40.200000000000003 0
    endloop
  endfacet
  facet normal 0 0 1
    outer loop
      vertex 210.40000000000001 -40.200000000000003 0
      vertex 210.59999999999999 -40.200000000000003 0
      vertex 210.59999999999999 -40 0
    endloop
  endfacet
  facet normal 0 0 1
    outer loop
      vertex 210.40000000000001 -40.200000000000003 0
      vertex 210.59999999999999 -40 0
      vertex 210.40000000000001 -40 0
    endloop
  endfacet
  facet normal 0 0 1
    outer loop
      vertex 210.40000000000001 -40 0
      vertex 210.59999999999999 -40 0
      vertex 210.59999999999999 -20.199999999999999 0
    endloop
  endfacet
  facet normal 0 0 1
    outer loop
      vertex 210.40000000000001 -40 0
      vertex 210.59999999999999 -20.199999999999999 0
      vertex 210.40000000000001 -20.199999999999999 0
    endloop
  endfacet
  facet normal 0 0 1
    outer loop
      vertex 210.40000000000001 -20.199999999999999 0
      vertex 210.59999999999999 -20.199999999999999 0
      vertex 210.59999999999999 -20 0
    endloop
  endfacet
  facet normal 0 0 1
    outer loop
      vertex 210.40000000000001 -20.199999999999999 0
      vertex 210.59999999999999 -20 0
      vertex 210.40000000000001 -20 0
    endloop
  endfacet
  facet normal 0 0 1
    outer loop
      vertex 210.40000000000001 -20 0
      vertex 210.59999999999999 -20 0
      vertex 210.59999999999999 -10.199999999999999 0
    endloop
  endfacet
  facet normal 0 0 1
    outer loop
      vertex 210.40000000000001 -20 0
      vertex 210.59999999999999 -10.199999999999999 0
      vertex 210.40000000000001 -10.199999999999999 0
    endloop
  endfacet
  facet normal 0 0 1
    outer loop
      vertex 210.40000000000001 -10.199999999999999 0
      vertex 210.59999999999999 -10.199999999999999 0
      vertex 210.59999999999999 -10 0
    endloop
  endfacet
  facet normal 0 0 1
    outer loop
      vertex 210.40000000000001 -10.199999999999999 0
      vertex 210.59999999999999 -10 0
      vertex 210.40000000000001 -10 0
    endloop
  endfacet
  facet normal 0 0 1
    outer loop
      vertex 210.40000000000001 -10 0
      vertex 210.59999999999999 -10 0
      vertex 210.59999999999999 0 0
    endloop
  endfacet
  facet normal 0 0 1
    outer loop
      vertex 210.40000000000001 -10 0
      vertex 210.59999999999999 0 0
      vertex 210.40000000000001 0 0
    endloop
  endfacet
  facet normal 0 0 1
    outer loop
      vertex 210.40000000000001 60 0
      vertex 210.59999999999999 60.200000000000003 0
      vertex 210.40000000000001 60.200000000000003 0
    endloop
  endfacet
  facet normal 0 0 1
    outer loop
      vertex 210.40000000000001 60.200000000000003 0
      vertex 210.59999999999999 60.200000000000003 0
      vertex 210.59999999999999 80 0
    endloop
  endfacet
  facet normal 0 0 1
    outer loop
      vertex 210.40000000000001 60.200000000000003 0
      vertex 210.59999999999999 80 0
      vertex 210.40000000000001 80 0
    endloop
  endfacet
  facet normal 0 -0.24253562503633805 0.97014250014533054
    outer loop
      vertex 210.56 80.159999999999997 0.040000000000000036
      vertex 210.40000000000001 80 0
      vertex 210.59999999999999 80 0
    endloop
  endfacet
  facet normal 0 -0.24253562503633808 0.97014250014533066
    outer loop
      vertex 210.56 80.159999999999997 0.040000000000000036
      vertex 210.59999999999999 80 0
      vertex 210.59999999999999 80.159999999999997 0.040000000000000036
    endloop
  endfacet
  facet normal -0.24253562503633816 0 0.97014250014533054
    outer loop
      vertex 210.40000000000001 80 0
      vertex 210.56 80.159999999999997 0.040000000000000036
      vertex 210.56 80.200000000000003 0.040000000000000036
    endloop
  endfacet
  facet normal -0.24253562503633805 0 0.97014250014533054
    outer loop
      vertex 210.40000000000001 80 0
      vertex 210.56 80.200000000000003 0.040000000000000036
      vertex 210.40000000000001 80.200000000000003 0
    endloop
  endfacet
  facet normal -0.24253562503633805 0 0.97014250014533066
    outer loop
      vertex 210.56 96.04000000000002 0.040000000000000036
      vertex 210.40000000000001 80.200000000000003 0
      vertex 210.56 80.200000000000003 0.040000000000000036
    endloop
  endfacet
  facet normal -0.24253562503633794 0 0.97014250014533066
    outer loop
      vertex 210.40000000000001 80.200000000000003 0
      vertex 210.56 96.04000000000002 0.040000000000000036
      vertex 210.56 100 0.040000000000000036
    endloop
  endfacet
  facet normal -0.24253562503633805 0 0.97014250014533066
    outer loop
      vertex 210.40000000000001 80.200000000000003 0
      vertex 210.56 100 0.040000000000000036
      vertex 210.40000000000001 100 0
    endloop
  endfacet
  facet normal 0 0 1
    outer loop
      vertex 210.59999999999999 -100 0
      vertex 210.80000000000001 -100 0
      vertex 210.80000000000001 -80.200000000000003 0
    endloop
  endfacet
  facet normal 0 0 1
    outer loop
      vertex 210.59999999999999 -100 0
      vertex 210.80000000000001 -80.200000000000003 0
      vertex 210.59999999999999 -80.200000000000003 0
    endloop
  endfacet
  facet normal 0 0 1
    outer loop
      vertex 210.59999999999999 -60 0
      vertex 210.80000000000001 -60 0
      vertex 210.80000000000001 -40.200000000000003 0
    endloop
  endfacet
  facet normal 0 0 1
    outer loop
      vertex 210.59999999999999 -60 0
      vertex 210.80000000000001 -40.200000000000003 0
      vertex 210.59999999999999 -40.200000000000003 0
    endloop
  endfacet
  facet normal 0 0 1
    outer loop
      vertex 210.59999999999999 -40.200000000000003 0
      vertex 210.80000000000001 -40.200000000000003 0
      vertex 210.80000000000001 -40 0
    endloop
  endfacet
  facet normal 0 0 1
    outer loop
      vertex 210.59999999999999 -40.200000000000003 0
      vertex 210.80000000000001 -40 0
      vertex 210.59999999999999 -40 0
    endloop
  endfacet
  facet normal 0 0 1
    outer loop
      vertex 210.59999999999999 -40 0
      vertex 210.80000000000001 -40 0
      vertex 210.80000000000001 -20.199999999999999 0
    endloop
  endfacet
  facet normal 0 0 1
    outer loop
      vertex 210.59999999999999 -40 0
      vertex 210.80000000000001 -20.199999999999999 0
      vertex 210.59999999999999 -20.199999999999999 0
    endloop
  endfacet
  facet normal 0 0 1
    outer loop
      vertex 210.59999999999999 -20.199999999999999 0
      vertex 210.80000000000001 -20.199999999999999 0
      vertex 210.80000000000001 -20 0
    endloop
  endfacet
  facet normal 0 0 1
    outer loop
      vertex 210.59999999999999 -20.199999999999999 0
      vertex 210.80000000000001 -20 0
      vertex 210.59999999999999 -20 0
    endloop
  endfacet
  facet normal 0 0 1
    outer loop
      vertex 210.59999999999999 -20 0
      vertex 210.80000000000001 -20 0
      vertex 210.80000000000001 -10.199999999999999 0
    endloop
  endfacet
  facet normal 0 0 1
    outer loop
      vertex 210.59999999999999 -20 0
      vertex 210.80000000000001 -10.199999999999999 0
      vertex 210.59999999999999 -10.199999999999999 0
    endloop
  endfacet
  facet normal 0 0 1
    outer loop
      vertex 210.59999999999999 -10.199999999999999 0
      vertex 210.80000000000001 -10.199999999999999 0
      vertex 210.80000000000001 -10 0
    endloop
  endfacet
  facet normal 0 0 1
    outer loop
      vertex 210.59999999999999 -10.199999999999999 0
      vertex 210.80000000000001 -10 0
      vertex 210.59999999999999 -10 0
    endloop
  endfacet
  facet normal 0 0 1
    outer loop
      vertex 210.59999999999999 -10 0
      vertex 210.80000000000001 -10 0
      vertex 210.80000000000001 0 0
    endloop
  endfacet
  facet normal 0 0 1
    outer loop
      vertex 210.59999999999999 -10 0
      vertex 210.80000000000001 0 0
      vertex 210.59999999999999 0 0
    endloop
  endfacet
  facet normal 0 0 1
    outer loop
      vertex 210.59999999999999 60.200000000000003 0
      vertex 210.80000000000001 60.200000000000003 0
      vertex 210.80000000000001 80 0
    endloop
  endfacet
  facet normal 0 0 1
    outer loop
      vertex 210.59999999999999 60.200000000000003 0
      vertex 210.80000000000001 80 0
      vertex 210.59999999999999 80 0
    endloop
  endfacet
  facet normal 0 -0.24253562503633799 0.97014250014533054
    outer loop
      vertex 210.76000000000002 80.159999999999997 0.040000000000000036
      vertex 210.59999999999999 80 0
      vertex 210.80000000000001 80 0
    endloop
  endfacet
  facet normal 0 -0.24253562503633808 0.97014250014533066
    outer loop
      vertex 210.76000000000002 80.159999999999997 0.040000000000000036
      vertex 210.80000000000001 80 0
      vertex 210.80000000000001 80.159999999999997 0.040000000000000036
    endloop
  endfacet
  facet normal 0 -0.24253562503633805 0.97014250014533066
    outer loop
      vertex 210.59999999999999 80.159999999999997 0.040000000000000036
      vertex 210.59999999999999 80 0
      vertex 210.76000000000002 80.159999999999997 0.040000000000000036
    endloop
  endfacet
  facet normal 0 0 1
    outer loop
      vertex 210.80000000000001 -100 0
      vertex 215.80000000000001 -100 0
      vertex 215.80000000000001 -80.200000000000003 0
    endloop
  endfacet
  facet normal 0 0 1
    outer loop
      vertex 210.80000000000001 -100 0
      vertex 215.80000000000001 -80.200000000000003 0
      vertex 210.80000000000001 -80.200000000000003 0
    endloop
  endfacet
  facet normal 0 0 1
    outer loop
      vertex 210.80000000000001 -80.200000000000003 0
      vertex 215.80000000000001 -80.200000000000003 0
      vertex 215.80000000000001 -80 0
    endloop
  endfacet
  facet normal 0 0 1
    outer loop
      vertex 210.80000000000001 -60 0
      vertex 215.80000000000001 -60 0
      vertex 215.80000000000001 -40.200000000000003 0
    endloop
  endfacet
  facet normal 0 0 1
    outer loop
      vertex 210.80000000000001 -60 0
      vertex 215.80000000000001 -40.200000000000003 0
      vertex 210.80000000000001 -40.200000000000003 0
    endloop
  endfacet
  facet normal 0 -0.44721359549996592 0.89442719099991197
    outer loop
      vertex 212.80000000000001 -40.120000000000005 0.040000000000000036
      vertex 210.80000000000001 -40.200000000000003 0
      vertex 215.80000000000001 -40.200000000000003 0
    endloop
  endfacet
  facet normal 0 -0.44721359549996592 0.89442719099991197
    outer loop
      vertex 212.80000000000001 -40.120000000000005 0.040000000000000036
      vertex 215.80000000000001 -40.200000000000003 0
      vertex 215.80000000000001 -40.120000000000005 0.040000000000000036
    endloop
  endfacet
  facet normal -0.019996001199600162 0 0.99980005998000709
    outer loop
      vertex 210.80000000000001 -40.200000000000003 0
      vertex 212.80000000000001 -40.120000000000005 0.040000000000000036
      vertex 212.80000000000001 -40 0.040000000000000036
    endloop
  endfacet
  facet normal -0.019996001199600159 0 0.99980005998000687
    outer loop
      vertex 210.80000000000001 -40.200000000000003 0
      vertex 212.80000000000001 -40 0.040000000000000036
      vertex 210.80000000000001 -40 0
    endloop
  endfacet
  facet normal -0.019996001199600159 0 0.99980005998000698
    outer loop
      vertex 212.80000000000001 -32.079999999999991 0.040000000000000036
      vertex 210.80000000000001 -40 0
      vertex 212.80000000000001 -40 0.040000000000000036
    endloop
  endfacet
  facet normal -0.019996001199600155 0 0.99980005998000698
    outer loop
      vertex 210.80000000000001 -40 0
      vertex 212.80000000000001 -32.079999999999991 0.040000000000000036
      vertex 212.80000000000001 -20.199999999999999 0.040000000000000036
    endloop
  endfacet
  facet normal -0.019996001199600155 0 0.99980005998000698
    outer loop
      vertex 210.80000000000001 -40 0
      vertex 212.80000000000001 -20.199999999999999 0.040000000000000036
      vertex 210.80000000000001 -20.199999999999999 0
    endloop
  endfacet
  facet normal -0.017885682339724117 0.44714205849309924 0.89428411698620502
    outer loop
      vertex 210.80000000000001 -20.199999999999999 0
      vertex 212.80000000000001 -20.199999999999999 0.040000000000000036
      vertex 215.80000000000001 -20.079999999999998 0.040000000000000036
    endloop
  endfacet
  facet normal -0.017885682339724328 0.44714205849310978 0.8942841169861997
    outer loop
      vertex 210.80000000000001 -20.199999999999999 0
      vertex 215.80000000000001 -20.079999999999998 0.040000000000000036
      vertex 215.80000000000001 -20 0
    endloop
  endfacet
  facet normal 0 0 1
    outer loop
      vertex 210.80000000000001 -20.199999999999999 0
      vertex 215.80000000000001 -20 0
      vertex 210.80000000000001 -20 0
    endloop
  endfacet
  facet normal 0 0 1
    outer loop
      vertex 210.80000000000001 -20 0
      vertex 215.80000000000001 -20 0
      vertex 215.80000000000001 -10.199999999999999 0
    endloop
  endfacet
  facet normal 0 0 1
    outer loop
      vertex 210.80000000000001 -20 0
      vertex 215.80000000000001 -10.199999999999999 0
      vertex 210.80000000000001 -10.199999999999999 0
    endloop
  endfacet
  facet normal 0 -0.242535625036333 0.97014250014533199
    outer loop
      vertex 214.80000000000001 -10.039999999999999 0.040000000000000036
      vertex 210.80000000000001 -10.199999999999999 0
      vertex 215.80000000000001 -10.199999999999999 0
    endloop
  endfacet
  facet normal 0 -0.24253562503633297 0.97014250014533188
    outer loop
      vertex 214.80000000000001 -10.039999999999999 0.040000000000000036
      vertex 215.80000000000001 -10.199999999999999 0
      vertex 215.80000000000001 -10.039999999999999 0.040000000000000036
    endloop
  endfacet
  facet normal -0.0099995000374968872 0 0.99995000374968768
    outer loop
      vertex 210.80000000000001 -10.199999999999999 0
      vertex 214.80000000000001 -10.039999999999999 0.040000000000000036
      vertex 214.80000000000001 -10 0.040000000000000036
    endloop
  endfacet
  facet normal -0.0099995000374968838 0 0.99995000374968745
    outer loop
      vertex 210.80000000000001 -10.199999999999999 0
      vertex 214.80000000000001 -10 0.040000000000000036
      vertex 210.80000000000001 -10 0
    endloop
  endfacet
  facet normal -0.0099995000374968855 0 0.99995000374968768
    outer loop
      vertex 214.80000000000001 -1.9999999999999933 0.040000000000000036
      vertex 210.80000000000001 -10 0
      vertex 214.80000000000001 -10 0.040000000000000036
    endloop
  endfacet
  facet normal -0.0099995000374968855 0 0.99995000374968768
    outer loop
      vertex 210.80000000000001 -10 0
      vertex 214.80000000000001 -1.9999999999999929 0.040000000000000036
      vertex 214.80000000000001 0 0.040000000000000036
    endloop
  endfacet
  facet normal -0.0099995000374968838 0 0.99995000374968757
    outer loop
      vertex 210.80000000000001 -10 0
      vertex 214.80000000000001 0 0.040000000000000036
      vertex 210.80000000000001 0 0
    endloop
  endfacet
  facet normal -0.0062468285873950834 0.78085357342438777 0.6246828587395078
    outer loop
      vertex 210.80000000000001 0 0
      vertex 214.80000000000001 0 0.040000000000000036
      vertex 215.80000000000001 0.0079999999999999759 0.040000000000000036
    endloop
  endfacet
  facet normal -0.0062468285873950946 0.78085357342438666 0.62468285873950935
    outer loop
      vertex 210.80000000000001 0 0
      vertex 215.80000000000001 0.0079999999999999759 0.040000000000000036
      vertex 215.80000000000001 0.040000000000000008 0
    endloop
  endfacet
  facet normal 0 0 1
    outer loop
      vertex 210.80000000000001 60.200000000000003 0
      vertex 215.80000000000001 60.200000000000003 0
      vertex 215.80000000000001 80 0
    endloop
  endfacet
  facet normal 0 0 1
    outer loop
      vertex 210.80000000000001 60.200000000000003 0
      vertex 215.80000000000001 80 0
      vertex 210.80000000000001 80 0
    endloop
  endfacet
  facet normal 0 -0.24253562503633805 0.97014250014533066
    outer loop
      vertex 214.80000000000001 80.159999999999997 0.040000000000000036
      vertex 210.80000000000001 80 0
      vertex 215.80000000000001 80 0
    endloop
  endfacet
  facet normal 0 -0.24253562503633802 0.97014250014533054
    outer loop
      vertex 214.80000000000001 80.159999999999997 0.040000000000000036
      vertex 215.80000000000001 80 0
      vertex 215.80000000000001 80.159999999999997 0.040000000000000036
    endloop
  endfacet
  facet normal 0 -0.24253562503633802 0.97014250014533054
    outer loop
      vertex 210.80000000000001 80.159999999999997 0.040000000000000036
      vertex 210.80000000000001 80 0
      vertex 214.80000000000001 80.159999999999997 0.040000000000000036
    endloop
  endfacet
  facet normal 0 0 1
    outer loop
      vertex 215.80000000000001 -100 0
      vertex 216 -100 0
      vertex 216 -80.200000000000003 0
    endloop
  endfacet
  facet normal 0 0 1
    outer loop
      vertex 215.80000000000001 -100 0
      vertex 216 -80.200000000000003 0
      vertex 215.80000000000001 -80.200000000000003 0
    endloop
  endfacet
  facet normal 0 0 1
    outer loop
      vertex 215.80000000000001 -80.200000000000003 0
      vertex 216 -80.200000000000003 0
      vertex 216 -80 0
    endloop
  endfacet
  facet normal 0 0 1
    outer loop
      vertex 215.80000000000001 -80.200000000000003 0
      vertex 216 -80 0
      vertex 215.80000000000001 -80 0
    endloop
  endfacet
  facet normal 0 0 1
    outer loop
      vertex 215.80000000000001 -80 0
      vertex 216 -80 0
      vertex 216 -60.200000000000003 0
    endloop
  endfacet
  facet normal 0 0 1
    outer loop
      vertex 215.80000000000001 -80 0
      vertex 216 -60.200000000000003 0
      vertex 215.80000000000001 -60.200000000000003 0
    endloop
  endfacet
  facet normal 0 0 1
    outer loop
      vertex 215.80000000000001 -60.200000000000003 0
      vertex 216 -60.200000000000003 0
      vertex 216 -60 0
    endloop
  endfacet
  facet normal 0 0 1
    outer loop
      vertex 215.80000000000001 -60.200000000000003 0
      vertex 216 -60 0
      vertex 215.80000000000001 -60 0
    endloop
  endfacet
  facet normal 0 0 1
    outer loop
      vertex 215.80000000000001 -60 0
      vertex 216 -60 0
      vertex 216 -40.200000000000003 0
    endloop
  endfacet
  facet normal 0 0 1
    outer loop
      vertex 215.80000000000001 -60 0
      vertex 216 -40.200000000000003 0
      vertex 215.80000000000001 -40.200000000000003 0
    endloop
  endfacet
  facet normal 0 -0.44721359549996592 0.89442719099991186
    outer loop
      vertex 215.88 -40.120000000000005 0.040000000000000036
      vertex 215.80000000000001 -40.200000000000003 0
      vertex 216 -40.200000000000003 0
    endloop
  endfacet
  facet normal 0 -0.44721359549996592 0.89442719099991197
    outer loop
      vertex 215.88 -40.120000000000005 0.040000000000000036
      vertex 216 -40.200000000000003 0
      vertex 216 -40.120000000000005 0.040000000000000036
    endloop
  endfacet
  facet normal 0 -0.44721359549996587 0.89442719099991186
    outer loop
      vertex 215.80000000000001 -40.120000000000005 0.040000000000000036
      vertex 215.80000000000001 -40.200000000000003 0
      vertex 215.88 -40.120000000000005 0.040000000000000036
    endloop
  endfacet
  facet normal -0 0.44721359549996587 0.89442719099991186
    outer loop
      vertex 215.92000000000002 -20.079999999999998 0.040000000000000036
      vertex 216 -20.079999999999998 0.040000000000000036
      vertex 216 -20 0
    endloop
  endfacet
  facet normal -0 0.44721359549996592 0.89442719099991197
    outer loop
      vertex 215.80000000000001 -20.079999999999998 0.040000000000000036
      vertex 215.92000000000002 -20.079999999999998 0.040000000000000036
      vertex 216 -20 0
    endloop
  endfacet
  facet normal 0 0.44721359549996592 0.89442719099991186
    outer loop
      vertex 215.80000000000001 -20.079999999999998 0.040000000000000036
      vertex 216 -20 0
      vertex 215.80000000000001 -20 0
    endloop
  endfacet
  facet normal 0 0 1
    outer loop
      vertex 215.80000000000001 -20 0
      vertex 216 -20 0
      vertex 216 -10.199999999999999 0
    endloop
  endfacet
  facet normal 0 0 1
    outer loop
      vertex 215.80000000000001 -20 0
      vertex 216 -10.199999999999999 0
      vertex 215.80000000000001 -10.199999999999999 0
    endloop
  endfacet
  facet normal 0 -0.24253562503633294 0.97014250014533177
    outer loop
      vertex 215.96000000000001 -10.039999999999999 0.040000000000000036
      vertex 215.80000000000001 -10.199999999999999 0
      vertex 216 -10.199999999999999 0
    endloop
  endfacet
  facet normal 0 -0.24253562503633297 0.97014250014533188
    outer loop
      vertex 215.96000000000001 -10.039999999999999 0.040000000000000036
      vertex 216 -10.199999999999999 0
      vertex 216 -10.039999999999999 0.040000000000000036
    endloop
  endfacet
  facet normal 0 -0.24253562503633297 0.97014250014533188
    outer loop
      vertex 215.80000000000001 -10.039999999999999 0.040000000000000036
      vertex 215.80000000000001 -10.199999999999999 0
      vertex 215.96000000000001 -10.039999999999999 0.040000000000000036
    endloop
  endfacet
  facet normal -4.4094773938770602e-17 0.78086880944303061 0.62469504755442407
    outer loop
      vertex 215.84 0.03999999999999998 0
      vertex 215.80800000000002 0.0079999999999999655 0.040000000000000036
      vertex 216 0.0079999999999999759 0.040000000000000036
    endloop
  endfacet
  facet normal -1.3545914553989134e-16 0.78086880944303039 0.62469504755442429
    outer loop
      vertex 215.84 0.03999999999999998 0
      vertex 216 0.0079999999999999759 0.040000000000000036
      vertex 216 0.040000000000000008 0
    endloop
  endfacet
  facet normal -1.0582745745290845e-15 0.78086880944303039 0.62469504755442407
    outer loop
      vertex 215.80000000000001 0.03999999999999998 0
      vertex 215.80000000000001 0.0079999999999999655 0.040000000000000036
      vertex 215.80800000000002 0.0079999999999999759 0.040000000000000036
    endloop
  endfacet
  facet normal -5.4183658215966181e-16 0.78086880944303061 0.62469504755442407
    outer loop
      vertex 215.80000000000001 0.03999999999999998 0
      vertex 215.80800000000002 0.0079999999999999759 0.040000000000000036
      vertex 215.84 0.040000000000000008 0
    endloop
  endfacet
  facet normal 0 0 1
    outer loop
      vertex 215.80000000000001 60.200000000000003 0
      vertex 216 60.200000000000003 0
      vertex 216 80 0
    endloop
  endfacet
  facet normal 0 0 1
    outer loop
      vertex 215.80000000000001 60.200000000000003 0
      vertex 216 80 0
      vertex 215.80000000000001 80 0
    endloop
  endfacet
  facet normal 0 -0.24253562503633805 0.97014250014533054
    outer loop
      vertex 215.96000000000001 80.159999999999997 0.040000000000000036
      vertex 215.80000000000001 80 0
      vertex 216 80 0
    endloop
  endfacet
  facet normal 0 -0.24253562503633808 0.97014250014533066
    outer loop
      vertex 215.96000000000001 80.159999999999997 0.040000000000000036
      vertex 216 80 0
      vertex 216 80.159999999999997 0.040000000000000036
    endloop
  endfacet
  facet normal 0 -0.24253562503633805 0.97014250014533066
    outer loop
      vertex 215.80000000000001 80.159999999999997 0.040000000000000036
      vertex 215.80000000000001 80 0
      vertex 215.96000000000001 80.159999999999997 0.040000000000000036
    endloop
  endfacet
  facet normal 0 0 1
    outer loop
      vertex 216 -100 0
      vertex 216.19999999999999 -100 0
      vertex 216.19999999999999 -80.200000000000003 0
    endloop
  endfacet
  facet normal 0 0 1
    outer loop
      vertex 216 -100 0
      vertex 216.19999999999999 -80.200000000000003 0
      vertex 216 -80.200000000000003 0
    endloop
  endfacet
  facet normal 0 0 1
    outer loop
      vertex 216 -80.200000000000003 0
      vertex 216.19999999999999 -80.200000000000003 0
      vertex 216.19999999999999 -80 0
    endloop
  endfacet
  facet normal 0 0 1
    outer loop
      vertex 216 -80.200000000000003 0
      vertex 216.19999999999999 -80 0
      vertex 216 -80 0
    endloop
  endfacet
  facet normal 0 0 1
    outer loop
      vertex 216 -80 0
      vertex 216.19999999999999 -80 0
      vertex 216.19999999999999 -60.200000000000003 0
    endloop
  endfacet
  facet normal 0 0 1
    outer loop
      vertex 216 -80 0
      vertex 216.19999999999999 -60.200000000000003 0
      vertex 216 -60.200000000000003 0
    endloop
  endfacet
  facet normal 0 0 1
    outer loop
      vertex 216 -60.200000000000003 0
      vertex 216.19999999999999 -60.200000000000003 0
      vertex 216.19999999999999 -60 0
    endloop
  endfacet
  facet normal 0 0 1
    outer loop
      vertex 216 -60.200000000000003 0
      vertex 216.19999999999999 -60 0
      vertex 216 -60 0
    endloop
  endfacet
  facet normal 0 0 1
    outer loop
      vertex 216 -60 0
      vertex 216.19999999999999 -60 0
      vertex 216.19999999999999 -40.200000000000003 0
    endloop
  endfacet
  facet normal 0 0 1
    outer loop
      vertex 216 -60 0
      vertex 216.19999999999999 -40.200000000000003 0
      vertex 216 -40.200000000000003 0
    endloop
  endfacet
  facet normal 0 -0.44721359549996592 0.89442719099991186
    outer loop
      vertex 216.07999999999998 -40.120000000000005 0.040000000000000036
      vertex 216 -40.200000000000003 0
      vertex 216.19999999999999 -40.200000000000003 0
    endloop
  endfacet
  facet normal 0 -0.44721359549996592 0.89442719099991197
    outer loop
      vertex 216.07999999999998 -40.120000000000005 0.040000000000000036
      vertex 216.19999999999999 -40.200000000000003 0
      vertex 216.19999999999999 -40.120000000000005 0.040000000000000036
    endloop
  endfacet
  facet normal 0 -0.44721359549996587 0.89442719099991186
    outer loop
      vertex 216 -40.120000000000005 0.040000000000000036
      vertex 216 -40.200000000000003 0
      vertex 216.07999999999998 -40.120000000000005 0.040000000000000036
    endloop
  endfacet
  facet normal -0 0.44721359549996587 0.89442719099991186
    outer loop
      vertex 216.12 -20.079999999999998 0.040000000000000036
      vertex 216.19999999999999 -20.079999999999998 0.040000000000000036
      vertex 216.19999999999999 -20 0
    endloop
  endfacet
  facet normal -0 0.44721359549996592 0.89442719099991197
    outer loop
      vertex 216 -20.079999999999998 0.040000000000000036
      vertex 216.12 -20.079999999999998 0.040000000000000036
      vertex 216.19999999999999 -20 0
    endloop
  endfacet
  facet normal 0 0.44721359549996592 0.89442719099991186
    outer loop
      vertex 216 -20.079999999999998 0.040000000000000036
      vertex 216.19999999999999 -20 0
      vertex 216 -20 0
    endloop
  endfacet
  facet normal 0 0 1
    outer loop
      vertex 216 -20 0
      vertex 216.19999999999999 -20 0
      vertex 216.19999999999999 -10.199999999999999 0
    endloop
  endfacet
  facet normal 0 0 1
    outer loop
      vertex 216 -20 0
      vertex 216.19999999999999 -10.199999999999999 0
      vertex 216 -10.199999999999999 0
    endloop
  endfacet
  facet normal 0 -0.24253562503633294 0.97014250014533177
    outer loop
      vertex 216.16 -10.039999999999999 0.040000000000000036
      vertex 216 -10.199999999999999 0
      vertex 216.19999999999999 -10.199999999999999 0
    endloop
  endfacet
  facet normal 0 -0.24253562503633297 0.97014250014533188
    outer loop
      vertex 216.16 -10.039999999999999 0.040000000000000036
      vertex 216.19999999999999 -10.199999999999999 0
      vertex 216.19999999999999 -10.039999999999999 0.040000000000000036
    endloop
  endfacet
  facet normal 0 -0.24253562503633297 0.97014250014533188
    outer loop
      vertex 216 -10.039999999999999 0.040000000000000036
      vertex 216 -10.199999999999999 0
      vertex 216.16 -10.039999999999999 0.040000000000000036
    endloop
  endfacet
  facet normal -0 0.24253562503633297 0.97014250014533188
    outer loop
      vertex 216.03999999999999 0.039999999999999869 0.040000000000000036
      vertex 216.19999999999999 0.039999999999999869 0.040000000000000036
      vertex 216.19999999999999 0.20000000000000001 0
    endloop
  endfacet
  facet normal -0.52981294282609226 0.66226617853248559 0.52981294282598823
    outer loop
      vertex 216 0.03999999999999998 0
      vertex 216 0.0079999999999999655 0.040000000000000036
      vertex 216.03999999999999 0.039999999999999869 0.040000000000000036
    endloop
  endfacet
  facet normal -0.52981294282605995 0.66226617853253722 0.52981294282595592
    outer loop
      vertex 216 0.03999999999999998 0
      vertex 216.03999999999999 0.039999999999999869 0.040000000000000036
      vertex 216.19999999999999 0.20000000000000001 0
    endloop
  endfacet
  facet normal 0 0 1
    outer loop
      vertex 216 60.200000000000003 0
      vertex 216.19999999999999 60.200000000000003 0
      vertex 216.19999999999999 80 0
    endloop
  endfacet
  facet normal 0 0 1
    outer loop
      vertex 216 60.200000000000003 0
      vertex 216.19999999999999 80 0
      vertex 216 80 0
    endloop
  endfacet
  facet normal 0 0 1
    outer loop
      vertex 216 80 0
      vertex 216.19999999999999 80 0
      vertex 216.19999999999999 80.200000000000003 0
    endloop
  endfacet
  facet normal 0.23570226039553635 -0.23570226039551959 0.94280904158205725
    outer loop
      vertex 216 80.159999999999997 0.040000000000000036
      vertex 216 80 0
      vertex 216.19999999999999 80.200000000000003 0
    endloop
  endfacet
  facet normal 0.23570226039552511 -0.23570226039544137 0.94280904158207968
    outer loop
      vertex 216 80.159999999999997 0.040000000000000036
      vertex 216.19999999999999 80.200000000000003 0
      vertex 216.03999999999999 80.200000000000003 0.040000000000000036
    endloop
  endfacet
  facet normal 0.24253562503633805 0 0.97014250014533066
    outer loop
      vertex 216.03999999999999 84.159999999999982 0.040000000000000036
      vertex 216.03999999999999 80.200000000000003 0.040000000000000036
      vertex 216.19999999999999 80.200000000000003 0
    endloop
  endfacet
  facet normal 0.24253562503633808 0 0.97014250014533066
    outer loop
      vertex 216.03999999999999 84.159999999999982 0.040000000000000036
      vertex 216.19999999999999 80.200000000000003 0
      vertex 216.19999999999999 100 0
    endloop
  endfacet
  facet normal 0.24253562503633805 -0 0.97014250014533066
    outer loop
      vertex 216.03999999999999 84.159999999999997 0.040000000000000036
      vertex 216.19999999999999 100 0
      vertex 216.03999999999999 100 0.040000000000000036
    endloop
  endfacet
  facet normal 0 0 1
    outer loop
      vertex 216.19999999999999 -100 0
      vertex 216.40000000000001 -100 0
      vertex 216.40000000000001 -80.200000000000003 0
    endloop
  endfacet
  facet normal 0 0 1
    outer loop
      vertex 216.19999999999999 -100 0
      vertex 216.40000000000001 -80.200000000000003 0
      vertex 216.19999999999999 -80.200000000000003 0
    endloop
  endfacet
  facet normal 0 0 1
    outer loop
      vertex 216.19999999999999 -80.200000000000003 0
      vertex 216.40000000000001 -80.200000000000003 0
      vertex 216.40000000000001 -80 0
    endloop
  endfacet
  facet normal 0 0 1
    outer loop
      vertex 216.19999999999999 -80.200000000000003 0
      vertex 216.40000000000001 -80 0
      vertex 216.19999999999999 -80 0
    endloop
  endfacet
  facet normal 0 0 1
    outer loop
      vertex 216.19999999999999 -80 0
      vertex 216.40000000000001 -80 0
      vertex 216.40000000000001 -60.200000000000003 0
    endloop
  endfacet
  facet normal 0 0 1
    outer loop
      vertex 216.19999999999999 -80 0
      vertex 216.40000000000001 -60.200000000000003 0
      vertex 216.19999999999999 -60.200000000000003 0
    endloop
  endfacet
  facet normal 0 0 1
    outer loop
      vertex 216.19999999999999 -60.200000000000003 0
      vertex 216.40000000000001 -60.200000000000003 0
      vertex 216.40000000000001 -60 0
    endloop
  endfacet
  facet normal 0 0 1
    outer loop
      vertex 216.19999999999999 -60.200000000000003 0
      vertex 216.40000000000001 -60 0
      vertex 216.19999999999999 -60 0
    endloop
  endfacet
  facet normal 0 0 1
    outer loop
      vertex 216.19999999999999 -60 0
      vertex 216.40000000000001 -60 0
      vertex 216.40000000000001 -40.200000000000003 0
    endloop
  endfacet
  facet normal 0 0 1
    outer loop
      vertex 216.19999999999999 -60 0
      vertex 216.40000000000001 -40.200000000000003 0
      vertex 216.19999999999999 -40.200000000000003 0
    endloop
  endfacet
  facet normal 0 -0.44721359549996587 0.89442719099991197
    outer loop
      vertex 216.28 -40.120000000000005 0.040000000000000036
      vertex 216.19999999999999 -40.200000000000003 0
      vertex 216.40000000000001 -40.200000000000003 0
    endloop
  endfacet
  facet normal 0 -0.44721359549996592 0.89442719099991197
    outer loop
      vertex 216.28 -40.120000000000005 0.040000000000000036
      vertex 216.40000000000001 -40.200000000000003 0
      vertex 216.40000000000001 -40.120000000000005 0.040000000000000036
    endloop
  endfacet
  facet normal 0 -0.44721359549996592 0.89442719099991197
    outer loop
      vertex 216.19999999999999 -40.120000000000005 0.040000000000000036
      vertex 216.19999999999999 -40.200000000000003 0
      vertex 216.28 -40.120000000000005 0.040000000000000036
    endloop
  endfacet
  facet normal -0 0.44721359549996592 0.89442719099991197
    outer loop
      vertex 216.31999999999999 -20.079999999999998 0.040000000000000036
      vertex 216.40000000000001 -20.079999999999998 0.040000000000000036
      vertex 216.40000000000001 -20 0
    endloop
  endfacet
  facet normal -0 0.44721359549996592 0.89442719099991197
    outer loop
      vertex 216.19999999999999 -20.079999999999998 0.040000000000000036
      vertex 216.31999999999999 -20.079999999999998 0.040000000000000036
      vertex 216.40000000000001 -20 0
    endloop
  endfacet
  facet normal 0 0.44721359549996587 0.89442719099991197
    outer loop
      vertex 216.19999999999999 -20.079999999999998 0.040000000000000036
      vertex 216.40000000000001 -20 0
      vertex 216.19999999999999 -20 0
    endloop
  endfacet
  facet normal 0 0 1
    outer loop
      vertex 216.19999999999999 -20 0
      vertex 216.40000000000001 -20 0
      vertex 216.40000000000001 -10.199999999999999 0
    endloop
  endfacet
  facet normal 0 0 1
    outer loop
      vertex 216.19999999999999 -20 0
      vertex 216.40000000000001 -10.199999999999999 0
      vertex 216.19999999999999 -10.199999999999999 0
    endloop
  endfacet
  facet normal 0 -0.24253562503633294 0.97014250014533177
    outer loop
      vertex 216.36000000000001 -10.039999999999999 0.040000000000000036
      vertex 216.19999999999999 -10.199999999999999 0
      vertex 216.40000000000001 -10.199999999999999 0
    endloop
  endfacet
  facet normal 0 -0.24253562503633297 0.97014250014533188
    outer loop
      vertex 216.36000000000001 -10.039999999999999 0.040000000000000036
      vertex 216.40000000000001 -10.199999999999999 0
      vertex 216.40000000000001 -10.039999999999999 0.040000000000000036
    endloop
  endfacet
  facet normal 0 -0.242535625036333 0.97014250014533199
    outer loop
      vertex 216.19999999999999 -10.039999999999999 0.040000000000000036
      vertex 216.19999999999999 -10.199999999999999 0
      vertex 216.36000000000001 -10.039999999999999 0.040000000000000036
    endloop
  endfacet
  facet normal -0 0.242535625036333 0.97014250014533199
    outer loop
      vertex 216.23999999999998 0.039999999999999869 0.040000000000000036
      vertex 216.40000000000001 0.039999999999999869 0.040000000000000036
      vertex 216.40000000000001 0.20000000000000001 0
    endloop
  endfacet
  facet normal -0 0.24253562503633297 0.97014250014533188
    outer loop
      vertex 216.19999999999999 0.039999999999999869 0.040000000000000036
      vertex 216.23999999999998 0.039999999999999869 0.040000000000000036
      vertex 216.40000000000001 0.20000000000000001 0
    endloop
  endfacet
  facet normal 0 0.24253562503633294 0.97014250014533177
    outer loop
      vertex 216.19999999999999 0.039999999999999869 0.040000000000000036
      vertex 216.40000000000001 0.20000000000000001 0
      vertex 216.19999999999999 0.20000000000000001 0
    endloop
  endfacet
  facet normal 0 0 1
    outer loop
      vertex 216.19999999999999 0.20000000000000001 0
      vertex 216.40000000000001 0.20000000000000001 0
      vertex 216.40000000000001 10 0
    endloop
  endfacet
  facet normal 0 0 1
    outer loop
      vertex 216.19999999999999 0.20000000000000001 0
      vertex 216.40000000000001 10 0
      vertex 216.19999999999999 10 0
    endloop
  endfacet
  facet normal 0 0 1
    outer loop
      vertex 216.19999999999999 10 0
      vertex 216.40000000000001 10 0
      vertex 216.40000000000001 10.199999999999999 0
    endloop
  endfacet
  facet normal 0 0 1
    outer loop
      vertex 216.19999999999999 10 0
      vertex 216.40000000000001 10.199999999999999 0
      vertex 216.19999999999999 10.199999999999999 0
    endloop
  endfacet
  facet normal 0 0 1
    outer loop
      vertex 216.19999999999999 10.199999999999999 0
      vertex 216.40000000000001 10.199999999999999 0
      vertex 216.40000000000001 20 0
    endloop
  endfacet
  facet normal 0 0 1
    outer loop
      vertex 216.19999999999999 10.199999999999999 0
      vertex 216.40000000000001 20 0
      vertex 216.19999999999999 20 0
    endloop
  endfacet
  facet normal 0 0 1
    outer loop
      vertex 216.19999999999999 20 0
      vertex 216.40000000000001 20 0
      vertex 216.40000000000001 20.199999999999999 0
    endloop
  endfacet
  facet normal 0 0 1
    outer loop
      vertex 216.19999999999999 20 0
      vertex 216.40000000000001 20.199999999999999 0
      vertex 216.19999999999999 20.199999999999999 0
    endloop
  endfacet
  facet normal 0 0 1
    outer loop
      vertex 216.19999999999999 20.199999999999999 0
      vertex 216.40000000000001 20.199999999999999 0
      vertex 216.40000000000001 40 0
    endloop
  endfacet
  facet normal 0 0 1
    outer loop
      vertex 216.19999999999999 20.199999999999999 0
      vertex 216.40000000000001 40 0
      vertex 216.19999999999999 40 0
    endloop
  endfacet
  facet normal 0 0 1
    outer loop
      vertex 216.19999999999999 40 0
      vertex 216.40000000000001 40 0
      vertex 216.40000000000001 40.200000000000003 0
    endloop
  endfacet
  facet normal 0 0 1
    outer loop
      vertex 216.19999999999999 40 0
      vertex 216.40000000000001 40.200000000000003 0
      vertex 216.19999999999999 40.200000000000003 0
    endloop
  endfacet
  facet normal 0 0 1
    outer loop
      vertex 216.19999999999999 40.200000000000003 0
      vertex 216.40000000000001 40.200000000000003 0
      vertex 216.40000000000001 60 0
    endloop
  endfacet
  facet normal 0 0 1
    outer loop
      vertex 216.19999999999999 40.200000000000003 0
      vertex 216.40000000000001 60 0
      vertex 216.19999999999999 60 0
    endloop
  endfacet
  facet normal 0 0 1
    outer loop
      vertex 216.19999999999999 60 0
      vertex 216.40000000000001 60 0
      vertex 216.40000000000001 60.200000000000003 0
    endloop
  endfacet
  facet normal 0 0 1
    outer loop
      vertex 216.19999999999999 60 0
      vertex 216.40000000000001 60.200000000000003 0
      vertex 216.19999999999999 60.200000000000003 0
    endloop
  endfacet
  facet normal 0 0 1
    outer loop
      vertex 216.19999999999999 60.200000000000003 0
      vertex 216.40000000000001 60.200000000000003 0
      vertex 216.40000000000001 80 0
    endloop
  endfacet
  facet normal 0 0 1
    outer loop
      vertex 216.19999999999999 60.200000000000003 0
      vertex 216.40000000000001 80 0
      vertex 216.19999999999999 80 0
    endloop
  endfacet
  facet normal 0 0 1
    outer loop
      vertex 216.19999999999999 80 0
      vertex 216.40000000000001 80 0
      vertex 216.40000000000001 80.200000000000003 0
    endloop
  endfacet
  facet normal 0 0 1
    outer loop
      vertex 216.19999999999999 80 0
      vertex 216.40000000000001 80.200000000000003 0
      vertex 216.19999999999999 80.200000000000003 0
    endloop
  endfacet
  facet normal 0 0 1
    outer loop
      vertex 216.19999999999999 80.200000000000003 0
      vertex 216.40000000000001 80.200000000000003 0
      vertex 216.40000000000001 100 0
    endloop
  endfacet
  facet normal 0 0 1
    outer loop
      vertex 216.19999999999999 80.200000000000003 0
      vertex 216.40000000000001 100 0
      vertex 216.19999999999999 100 0
    endloop
  endfacet
  facet normal 0 0 1
    outer loop
      vertex 216.40000000000001 -100 0
      vertex 216.59999999999999 -100 0
      vertex 216.59999999999999 -80.200000000000003 0
    endloop
  endfacet
  facet normal 0 0 1
    outer loop
      vertex 216.40000000000001 -100 0
      vertex 216.59999999999999 -80.200000000000003 0
      vertex 216.40000000000001 -80.200000000000003 0
    endloop
  endfacet
  facet normal 0 0 1
    outer loop
      vertex 216.40000000000001 -80.200000000000003 0
      vertex 216.59999999999999 -80.200000000000003 0
      vertex 216.59999999999999 -80 0
    endloop
  endfacet
  facet normal 0 0 1
    outer loop
      vertex 216.40000000000001 -80.200000000000003 0
      vertex 216.59999999999999 -80 0
      vertex 216.40000000000001 -80 0
    endloop
  endfacet
  facet normal 0 0 1
    outer loop
      vertex 216.40000000000001 -80 0
      vertex 216.59999999999999 -80 0
      vertex 216.59999999999999 -60.200000000000003 0
    endloop
  endfacet
  facet normal 0 0 1
    outer loop
      vertex 216.40000000000001 -80 0
      vertex 216.59999999999999 -60.200000000000003 0
      vertex 216.40000000000001 -60.200000000000003 0
    endloop
  endfacet
  facet normal 0 0 1
    outer loop
      vertex 216.40000000000001 -60.200000000000003 0
      vertex 216.59999999999999 -60.200000000000003 0
      vertex 216.59999999999999 -60 0
    endloop
  endfacet
  facet normal 0 0 1
    outer loop
      vertex 216.40000000000001 -60.200000000000003 0
      vertex 216.59999999999999 -60 0
      vertex 216.40000000000001 -60 0
    endloop
  endfacet
  facet normal 0 0 1
    outer loop
      vertex 216.40000000000001 -60 0
      vertex 216.59999999999999 -60 0
      vertex 216.59999999999999 -40.200000000000003 0
    endloop
  endfacet
  facet normal 0 0 1
    outer loop
      vertex 216.40000000000001 -60 0
      vertex 216.59999999999999 -40.200000000000003 0
      vertex 216.40000000000001 -40.200000000000003 0
    endloop
  endfacet
  facet normal 0 0 1
    outer loop
      vertex 216.40000000000001 -40.200000000000003 0
      vertex 216.59999999999999 -40.200000000000003 0
      vertex 216.59999999999999 -40 0
    endloop
  endfacet
  facet normal 0.40824829046389333 -0.40824829046386429 0.81649658092771038
    outer loop
      vertex 216.40000000000001 -40.120000000000005 0.040000000000000036
      vertex 216.40000000000001 -40.200000000000003 0
      vertex 216.59999999999999 -40 0
    endloop
  endfacet
  facet normal 0.40824829046391736 -0.40824829046391736 0.81649658092767174
    outer loop
      vertex 216.40000000000001 -40.120000000000005 0.040000000000000036
      vertex 216.59999999999999 -40 0
      vertex 216.52000000000001 -40 0.040000000000000036
    endloop
  endfacet
  facet normal 0.44721359550002943 0 0.89442719099988011
    outer loop
      vertex 216.52000000000001 -28.120000000000005 0.040000000000000036
      vertex 216.52000000000001 -40 0.040000000000000036
      vertex 216.59999999999999 -40 0
    endloop
  endfacet
  facet normal 0.44721359550002943 0 0.89442719099988011
    outer loop
      vertex 216.52000000000001 -28.120000000000005 0.040000000000000036
      vertex 216.59999999999999 -40 0
      vertex 216.59999999999999 -20.199999999999999 0
    endloop
  endfacet
  facet normal 0.44721359550002937 -0 0.89442719099988011
    outer loop
      vertex 216.52000000000001 -28.120000000000005 0.040000000000000036
      vertex 216.59999999999999 -20.199999999999999 0
      vertex 216.52000000000001 -20.199999999999999 0.040000000000000036
    endloop
  endfacet
  facet normal 0.44721359550002948 0 0.89442719099988022
    outer loop
      vertex 216.52000000000001 -20.079999999999998 0.040000000000000036
      vertex 216.52000000000001 -20.199999999999999 0.040000000000000036
      vertex 216.59999999999999 -20.199999999999999 0
    endloop
  endfacet
  facet normal 0.44721359550002943 0 0.89442719099988
    outer loop
      vertex 216.52000000000001 -20.079999999999998 0.040000000000000036
      vertex 216.59999999999999 -20.199999999999999 0
      vertex 216.59999999999999 -20 0
    endloop
  endfacet
  facet normal -0 0.44721359549996592 0.89442719099991197
    outer loop
      vertex 216.40000000000001 -20.079999999999998 0.040000000000000036
      vertex 216.52000000000001 -20.079999999999998 0.040000000000000036
      vertex 216.59999999999999 -20 0
    endloop
  endfacet
  facet normal 0 0.44721359549996592 0.89442719099991186
    outer loop
      vertex 216.40000000000001 -20.079999999999998 0.040000000000000036
      vertex 216.59999999999999 -20 0
      vertex 216.40000000000001 -20 0
    endloop
  endfacet
  facet normal 0 0 1
    outer loop
      vertex 216.40000000000001 -20 0
      vertex 216.59999999999999 -20 0
      vertex 216.59999999999999 -10.199999999999999 0
    endloop
  endfacet
  facet normal 0 0 1
    outer loop
      vertex 216.40000000000001 -20 0
      vertex 216.59999999999999 -10.199999999999999 0
      vertex 216.40000000000001 -10.199999999999999 0
    endloop
  endfacet
  facet normal 0 0 1
    outer loop
      vertex 216.40000000000001 -10.199999999999999 0
      vertex 216.59999999999999 -10.199999999999999 0
      vertex 216.59999999999999 -10 0
    endloop
  endfacet
  facet normal 0.23570226039552772 -0.23570226039551515 0.94280904158206058
    outer loop
      vertex 216.40000000000001 -10.039999999999999 0.040000000000000036
      vertex 216.40000000000001 -10.199999999999999 0
      vertex 216.59999999999999 -10 0
    endloop
  endfacet
  facet normal 0.23570226039552283 -0.23570226039548098 0.94280904158207035
    outer loop
      vertex 216.40000000000001 -10.039999999999999 0.040000000000000036
      vertex 216.59999999999999 -10 0
      vertex 216.44 -10 0.040000000000000036
    endloop
  endfacet
  facet normal 0.24253562503633805 0 0.97014250014533066
    outer loop
      vertex 216.44 -8.0000000000000071 0.040000000000000036
      vertex 216.44 -10 0.040000000000000036
      vertex 216.59999999999999 -10 0
    endloop
  endfacet
  facet normal 0.24253562503633805 0 0.97014250014533066
    outer loop
      vertex 216.44 -8.0000000000000071 0.040000000000000036
      vertex 216.59999999999999 -10 0
      vertex 216.59999999999999 0 0
    endloop
  endfacet
  facet normal 0.24253562503633802 -0 0.97014250014533054
    outer loop
      vertex 216.44 -8.0000000000000071 0.040000000000000036
      vertex 216.59999999999999 0 0
      vertex 216.44 0 0.040000000000000036
    endloop
  endfacet
  facet normal 0.24253562503633805 0 0.97014250014533066
    outer loop
      vertex 216.44 0.039999999999999869 0.040000000000000036
      vertex 216.44 0 0.040000000000000036
      vertex 216.59999999999999 0 0
    endloop
  endfacet
  facet normal 0.24253562503633799 0 0.97014250014533054
    outer loop
      vertex 216.44 0.039999999999999869 0.040000000000000036
      vertex 216.59999999999999 0 0
      vertex 216.59999999999999 0.20000000000000001 0
    endloop
  endfacet
  facet normal -0 0.24253562503633297 0.97014250014533188
    outer loop
      vertex 216.40000000000001 0.039999999999999869 0.040000000000000036
      vertex 216.44 0.039999999999999869 0.040000000000000036
      vertex 216.59999999999999 0.20000000000000001 0
    endloop
  endfacet
  facet normal 0 0.24253562503633294 0.97014250014533177
    outer loop
      vertex 216.40000000000001 0.039999999999999869 0.040000000000000036
      vertex 216.59999999999999 0.20000000000000001 0
      vertex 216.40000000000001 0.20000000000000001 0
    endloop
  endfacet
  facet normal 0 0 1
    outer loop
      vertex 216.40000000000001 0.20000000000000001 0
      vertex 216.59999999999999 0.20000000000000001 0
      vertex 216.59999999999999 10 0
    endloop
  endfacet
  facet normal 0 0 1
    outer loop
      vertex 216.40000000000001 0.20000000000000001 0
      vertex 216.59999999999999 10 0
      vertex 216.40000000000001 10 0
    endloop
  endfacet
  facet normal 0 -0.44721359549995798 0.89442719099991597
    outer loop
      vertex 216.47999999999999 10.08 0.040000000000000036
      vertex 216.40000000000001 10 0
      vertex 216.59999999999999 10 0
    endloop
  endfacet
  facet normal 0 -0.44721359549995793 0.89442719099991586
    outer loop
      vertex 216.47999999999999 10.08 0.040000000000000036
      vertex 216.59999999999999 10 0
      vertex 216.59999999999999 10.08 0.040000000000000036
    endloop
  endfacet
  facet normal -0.44721359550002954 0 0.89442719099988011
    outer loop
      vertex 216.40000000000001 10 0
      vertex 216.47999999999999 10.08 0.040000000000000036
      vertex 216.47999999999999 10.199999999999999 0.040000000000000036
    endloop
  endfacet
  facet normal -0.44721359550002943 0 0.89442719099988
    outer loop
      vertex 216.40000000000001 10 0
      vertex 216.47999999999999 10.199999999999999 0.040000000000000036
      vertex 216.40000000000001 10.199999999999999 0
    endloop
  endfacet
  facet normal -0.44721359550002943 0 0.89442719099988011
    outer loop
      vertex 216.47999999999999 14.120000000000003 0.040000000000000036
      vertex 216.40000000000001 10.199999999999999 0
      vertex 216.47999999999999 10.199999999999999 0.040000000000000036
    endloop
  endfacet
  facet normal -0.44721359550002954 0 0.89442719099988011
    outer loop
      vertex 216.40000000000001 10.199999999999999 0
      vertex 216.47999999999999 14.120000000000003 0.040000000000000036
      vertex 216.47999999999999 20 0.040000000000000036
    endloop
  endfacet
  facet normal -0.44721359550002948 0 0.89442719099988011
    outer loop
      vertex 216.40000000000001 10.199999999999999 0
      vertex 216.47999999999999 20 0.040000000000000036
      vertex 216.40000000000001 20 0
    endloop
  endfacet
  facet normal -0.44721359550002948 0 0.89442719099988011
    outer loop
      vertex 216.47999999999999 20.079999999999998 0.040000000000000036
      vertex 216.40000000000001 20 0
      vertex 216.47999999999999 20 0.040000000000000036
    endloop
  endfacet
  facet normal -0.44721359550002948 0 0.89442719099988011
    outer loop
      vertex 216.40000000000001 20 0
      vertex 216.47999999999999 20.079999999999998 0.040000000000000036
      vertex 216.47999999999999 20.199999999999999 0.040000000000000036
    endloop
  endfacet
  facet normal -0.44721359550002943 0 0.89442719099988
    outer loop
      vertex 216.40000000000001 20 0
      vertex 216.47999999999999 20.199999999999999 0.040000000000000036
      vertex 216.40000000000001 20.199999999999999 0
    endloop
  endfacet
  facet normal -0.44721359550002937 0 0.89442719099988011
    outer loop
      vertex 216.47999999999999 28.120000000000005 0.040000000000000036
      vertex 216.40000000000001 20.199999999999999 0
      vertex 216.47999999999999 20.199999999999999 0.040000000000000036
    endloop
  endfacet
  facet normal -0.44721359550002943 0 0.89442719099988022
    outer loop
      vertex 216.40000000000001 20.199999999999999 0
      vertex 216.47999999999999 28.120000000000005 0.040000000000000036
      vertex 216.47999999999999 40 0.040000000000000036
    endloop
  endfacet
  facet normal -0.44721359550002943 0 0.89442719099988022
    outer loop
      vertex 216.40000000000001 20.199999999999999 0
      vertex 216.47999999999999 40 0.040000000000000036
      vertex 216.40000000000001 40 0
    endloop
  endfacet
  facet normal -0.40824829046391742 0.40824829046391742 0.81649658092767163
    outer loop
      vertex 216.40000000000001 40 0
      vertex 216.47999999999999 40 0.040000000000000036
      vertex 216.59999999999999 40.120000000000005 0.040000000000000036
    endloop
  endfacet
  facet normal -0.40824829046389333 0.40824829046386429 0.81649658092771038
    outer loop
      vertex 216.40000000000001 40 0
      vertex 216.59999999999999 40.120000000000005 0.040000000000000036
      vertex 216.59999999999999 40.200000000000003 0
    endloop
  endfacet
  facet normal 0 0 1
    outer loop
      vertex 216.40000000000001 40 0
      vertex 216.59999999999999 40.200000000000003 0
      vertex 216.40000000000001 40.200000000000003 0
    endloop
  endfacet
  facet normal 0 0 1
    outer loop
      vertex 216.40000000000001 40.200000000000003 0
      vertex 216.59999999999999 40.200000000000003 0
      vertex 216.59999999999999 60 0
    endloop
  endfacet
  facet normal 0 0 1
    outer loop
      vertex 216.40000000000001 40.200000000000003 0
      vertex 216.59999999999999 60 0
      vertex 216.40000000000001 60 0
    endloop
  endfacet
  facet normal 0 0 1
    outer loop
      vertex 216.40000000000001 60 0
      vertex 216.59999999999999 60 0
      vertex 216.59999999999999 60.200000000000003 0
    endloop
  endfacet
  facet normal 0 0 1
    outer loop
      vertex 216.40000000000001 60 0
      vertex 216.59999999999999 60.200000000000003 0
      vertex 216.40000000000001 60.200000000000003 0
    endloop
  endfacet
  facet normal 0 0 1
    outer loop
      vertex 216.40000000000001 60.200000000000003 0
      vertex 216.59999999999999 60.200000000000003 0
      vertex 216.59999999999999 80 0
    endloop
  endfacet
  facet normal 0 0 1
    outer loop
      vertex 216.40000000000001 60.200000000000003 0
      vertex 216.59999999999999 80 0
      vertex 216.40000000000001 80 0
    endloop
  endfacet
  facet normal 0 0 1
    outer loop
      vertex 216.59999999999999 -100 0
      vertex 216.80000000000001 -100 0
      vertex 216.80000000000001 -80.200000000000003 0
    endloop
  endfacet
  facet normal 0 0 1
    outer loop
      vertex 216.59999999999999 -100 0
      vertex 216.80000000000001 -80.200000000000003 0
      vertex 216.59999999999999 -80.200000000000003 0
    endloop
  endfacet
  facet normal 0 0 1
    outer loop
      vertex 216.59999999999999 -80.200000000000003 0
      vertex 216.80000000000001 -80.200000000000003 0
      vertex 216.80000000000001 -80 0
    endloop
  endfacet
  facet normal 0 0 1
    outer loop
      vertex 216.59999999999999 -80.200000000000003 0
      vertex 216.80000000000001 -80 0
      vertex 216.59999999999999 -80 0
    endloop
  endfacet
  facet normal 0 0 1
    outer loop
      vertex 216.59999999999999 -80 0
      vertex 216.80000000000001 -80 0
      vertex 216.80000000000001 -60.200000000000003 0
    endloop
  endfacet
  facet normal 0 0 1
    outer loop
      vertex 216.59999999999999 -80 0
      vertex 216.80000000000001 -60.200000000000003 0
      vertex 216.59999999999999 -60.200000000000003 0
    endloop
  endfacet
  facet normal 0 0 1
    outer loop
      vertex 216.59999999999999 -60.200000000000003 0
      vertex 216.80000000000001 -60.200000000000003 0
      vertex 216.80000000000001 -60 0
    endloop
  endfacet
  facet normal 0 0 1
    outer loop
      vertex 216.59999999999999 -60.200000000000003 0
      vertex 216.80000000000001 -60 0
      vertex 216.59999999999999 -60 0
    endloop
  endfacet
  facet normal 0 0 1
    outer loop
      vertex 216.59999999999999 -60 0
      vertex 216.80000000000001 -60 0
      vertex 216.80000000000001 -40.200000000000003 0
    endloop
  endfacet
  facet normal 0 0 1
    outer loop
      vertex 216.59999999999999 -60 0
      vertex 216.80000000000001 -40.200000000000003 0
      vertex 216.59999999999999 -40.200000000000003 0
    endloop
  endfacet
  facet normal 0 0 1
    outer loop
      vertex 216.59999999999999 -40.200000000000003 0
      vertex 216.80000000000001 -40.200000000000003 0
      vertex 216.80000000000001 -40 0
    endloop
  endfacet
  facet normal 0 0 1
    outer loop
      vertex 216.59999999999999 -40.200000000000003 0
      vertex 216.80000000000001 -40 0
      vertex 216.59999999999999 -40 0
    endloop
  endfacet
  facet normal 0 0 1
    outer loop
      vertex 216.59999999999999 -40 0
      vertex 216.80000000000001 -40 0
      vertex 216.80000000000001 -20.199999999999999 0
    endloop
  endfacet
  facet normal 0 0 1
    outer loop
      vertex 216.59999999999999 -40 0
      vertex 216.80000000000001 -20.199999999999999 0
      vertex 216.59999999999999 -20.199999999999999 0
    endloop
  endfacet
  facet normal 0 0 1
    outer loop
      vertex 216.59999999999999 -20.199999999999999 0
      vertex 216.80000000000001 -20.199999999999999 0
      vertex 216.80000000000001 -20 0
    endloop
  endfacet
  facet normal 0 0 1
    outer loop
      vertex 216.59999999999999 -20.199999999999999 0
      vertex 216.80000000000001 -20 0
      vertex 216.59999999999999 -20 0
    endloop
  endfacet
  facet normal 0 0 1
    outer loop
      vertex 216.59999999999999 -20 0
      vertex 216.80000000000001 -20 0
      vertex 216.80000000000001 -10.199999999999999 0
    endloop
  endfacet
  facet normal 0 0 1
    outer loop
      vertex 216.59999999999999 -20 0
      vertex 216.80000000000001 -10.199999999999999 0
      vertex 216.59999999999999 -10.199999999999999 0
    endloop
  endfacet
  facet normal 0 0 1
    outer loop
      vertex 216.59999999999999 -10.199999999999999 0
      vertex 216.80000000000001 -10.199999999999999 0
      vertex 216.80000000000001 -10 0
    endloop
  endfacet
  facet normal 0 0 1
    outer loop
      vertex 216.59999999999999 -10.199999999999999 0
      vertex 216.80000000000001 -10 0
      vertex 216.59999999999999 -10 0
    endloop
  endfacet
  facet normal 0 0 1
    outer loop
      vertex 216.59999999999999 -10 0
      vertex 216.80000000000001 -10 0
      vertex 216.80000000000001 0 0
    endloop
  endfacet
  facet normal 0 0 1
    outer loop
      vertex 216.59999999999999 -10 0
      vertex 216.80000000000001 0 0
      vertex 216.59999999999999 0 0
    endloop
  endfacet
  facet normal 0 0 1
    outer loop
      vertex 216.59999999999999 0 0
      vertex 216.80000000000001 0 0
      vertex 216.80000000000001 0.20000000000000001 0
    endloop
  endfacet
  facet normal 0 0 1
    outer loop
      vertex 216.59999999999999 0 0
      vertex 216.80000000000001 0.20000000000000001 0
      vertex 216.59999999999999 0.20000000000000001 0
    endloop
  endfacet
  facet normal 0 0 1
    outer loop
      vertex 216.59999999999999 0.20000000000000001 0
      vertex 216.80000000000001 0.20000000000000001 0
      vertex 216.80000000000001 10 0
    endloop
  endfacet
  facet normal 0 0 1
    outer loop
      vertex 216.59999999999999 0.20000000000000001 0
      vertex 216.80000000000001 10 0
      vertex 216.59999999999999 10 0
    endloop
  endfacet
  facet normal 0 -0.44721359549995798 0.89442719099991597
    outer loop
      vertex 216.68000000000001 10.08 0.040000000000000036
      vertex 216.59999999999999 10 0
      vertex 216.80000000000001 10 0
    endloop
  endfacet
  facet normal 0 -0.44721359549995793 0.89442719099991586
    outer loop
      vertex 216.68000000000001 10.08 0.040000000000000036
      vertex 216.80000000000001 10 0
      vertex 216.80000000000001 10.08 0.040000000000000036
    endloop
  endfacet
  facet normal 0 -0.44721359549995793 0.89442719099991586
    outer loop
      vertex 216.59999999999999 10.08 0.040000000000000036
      vertex 216.59999999999999 10 0
      vertex 216.68000000000001 10.08 0.040000000000000036
    endloop
  endfacet
  facet normal -0 0.44721359549996592 0.89442719099991197
    outer loop
      vertex 216.72 40.120000000000005 0.040000000000000036
      vertex 216.80000000000001 40.120000000000005 0.040000000000000036
      vertex 216.80000000000001 40.200000000000003 0
    endloop
  endfacet
  facet normal -0 0.44721359549996592 0.89442719099991197
    outer loop
      vertex 216.59999999999999 40.120000000000005 0.040000000000000036
      vertex 216.72 40.120000000000005 0.040000000000000036
      vertex 216.80000000000001 40.200000000000003 0
    endloop
  endfacet
  facet normal 0 0.44721359549996587 0.89442719099991197
    outer loop
      vertex 216.59999999999999 40.120000000000005 0.040000000000000036
      vertex 216.80000000000001 40.200000000000003 0
      vertex 216.59999999999999 40.200000000000003 0
    endloop
  endfacet
  facet normal 0 0 1
    outer loop
      vertex 216.59999999999999 40.200000000000003 0
      vertex 216.80000000000001 40.200000000000003 0
      vertex 216.80000000000001 60 0
    endloop
  endfacet
  facet normal 0 0 1
    outer loop
      vertex 216.59999999999999 40.200000000000003 0
      vertex 216.80000000000001 60 0
      vertex 216.59999999999999 60 0
    endloop
  endfacet
  facet normal 0 0 1
    outer loop
      vertex 216.59999999999999 60 0
      vertex 216.80000000000001 60 0
      vertex 216.80000000000001 60.200000000000003 0
    endloop
  endfacet
  facet normal 0 0 1
    outer loop
      vertex 216.59999999999999 60 0
      vertex 216.80000000000001 60.200000000000003 0
      vertex 216.59999999999999 60.200000000000003 0
    endloop
  endfacet
  facet normal 0 0 1
    outer loop
      vertex 216.59999999999999 60.200000000000003 0
      vertex 216.80000000000001 60.200000000000003 0
      vertex 216.80000000000001 80 0
    endloop
  endfacet
  facet normal 0 0 1
    outer loop
      vertex 216.59999999999999 60.200000000000003 0
      vertex 216.80000000000001 80 0
      vertex 216.59999999999999 80 0
    endloop
  endfacet
  facet normal 0 0 1
    outer loop
      vertex 216.80000000000001 -100 0
      vertex 217 -100 0
      vertex 217 -80.200000000000003 0
    endloop
  endfacet
  facet normal 0 0 1
    outer loop
      vertex 216.80000000000001 -100 0
      vertex 217 -80.200000000000003 0
      vertex 216.80000000000001 -80.200000000000003 0
    endloop
  endfacet
  facet normal 0 0 1
    outer loop
      vertex 216.80000000000001 -80.200000000000003 0
      vertex 217 -80.200000000000003 0
      vertex 217 -80 0
    endloop
  endfacet
  facet normal 0 0 1
    outer loop
      vertex 216.80000000000001 -80.200000000000003 0
      vertex 217 -80 0
      vertex 216.80000000000001 -80 0
    endloop
  endfacet
  facet normal 0 0 1
    outer loop
      vertex 216.80000000000001 -80 0
      vertex 217 -80 0
      vertex 217 -60.200000000000003 0
    endloop
  endfacet
  facet normal 0 0 1
    outer loop
      vertex 216.80000000000001 -80 0
      vertex 217 -60.200000000000003 0
      vertex 216.80000000000001 -60.200000000000003 0
    endloop
  endfacet
  facet normal 0 0 1
    outer loop
      vertex 216.80000000000001 -60.200000000000003 0
      vertex 217 -60.200000000000003 0
      vertex 217 -60 0
    endloop
  endfacet
  facet normal 0 0 1
    outer loop
      vertex 216.80000000000001 -60.200000000000003 0
      vertex 217 -60 0
      vertex 216.80000000000001 -60 0
    endloop
  endfacet
  facet normal 0 0 1
    outer loop
      vertex 216.80000000000001 -60 0
      vertex 217 -60 0
      vertex 217 -40.200000000000003 0
    endloop
  endfacet
  facet normal 0 0 1
    outer loop
      vertex 216.80000000000001 -60 0
      vertex 217 -40.200000000000003 0
      vertex 216.80000000000001 -40.200000000000003 0
    endloop
  endfacet
  facet normal 0 0 1
    outer loop
      vertex 216.80000000000001 -40.200000000000003 0
      vertex 217 -40.200000000000003 0
      vertex 217 -40 0
    endloop
  endfacet
  facet normal 0 0 1
    outer loop
      vertex 216.80000000000001 -40.200000000000003 0
      vertex 217 -40 0
      vertex 216.80000000000001 -40 0
    endloop
  endfacet
  facet normal 0 0 1
    outer loop
      vertex 216.80000000000001 -40 0
      vertex 217 -40 0
      vertex 217 -20.199999999999999 0
    endloop
  endfacet
  facet normal 0 0 1
    outer loop
      vertex 216.80000000000001 -40 0
      vertex 217 -20.199999999999999 0
      vertex 216.80000000000001 -20.199999999999999 0
    endloop
  endfacet
  facet normal 0 0 1
    outer loop
      vertex 216.80000000000001 -20.199999999999999 0
      vertex 217 -20.199999999999999 0
      vertex 217 -20 0
    endloop
  endfacet
  facet normal 0 0 1
    outer loop
      vertex 216.80000000000001 -20.199999999999999 0
      vertex 217 -20 0
      vertex 216.80000000000001 -20 0
    endloop
  endfacet
  facet normal 0 0 1
    outer loop
      vertex 216.80000000000001 -20 0
      vertex 217 -20 0
      vertex 217 -10.199999999999999 0
    endloop
  endfacet
  facet normal 0 0 1
    outer loop
      vertex 216.80000000000001 -20 0
      vertex 217 -10.199999999999999 0
      vertex 216.80000000000001 -10.199999999999999 0
    endloop
  endfacet
  facet normal 0 0 1
    outer loop
      vertex 216.80000000000001 -10.199999999999999 0
      vertex 217 -10.199999999999999 0
      vertex 217 -10 0
    endloop
  endfacet
  facet normal 0 0 1
    outer loop
      vertex 216.80000000000001 -10.199999999999999 0
      vertex 217 -10 0
      vertex 216.80000000000001 -10 0
    endloop
  endfacet
  facet normal 0 0 1
    outer loop
      vertex 216.80000000000001 -10 0
      vertex 217 -10 0
      vertex 217 0 0
    endloop
  endfacet
  facet normal 0 0 1
    outer loop
      vertex 216.80000000000001 -10 0
      vertex 217 0 0
      vertex 216.80000000000001 0 0
    endloop
  endfacet
  facet normal 0 0 1
    outer loop
      vertex 216.80000000000001 0 0
      vertex 217 0 0
      vertex 217 0.20000000000000001 0
    endloop
  endfacet
  facet normal 0 0 1
    outer loop
      vertex 216.80000000000001 0 0
      vertex 217 0.20000000000000001 0
      vertex 216.80000000000001 0.20000000000000001 0
    endloop
  endfacet
  facet normal 0 0 1
    outer loop
      vertex 216.80000000000001 0.20000000000000001 0
      vertex 217 0.20000000000000001 0
      vertex 217 10 0
    endloop
  endfacet
  facet normal 0 0 1
    outer loop
      vertex 216.80000000000001 0.20000000000000001 0
      vertex 217 10 0
      vertex 216.80000000000001 10 0
    endloop
  endfacet
  facet normal 0 -0.44721359549995798 0.89442719099991597
    outer loop
      vertex 216.88 10.08 0.040000000000000036
      vertex 216.80000000000001 10 0
      vertex 217 10 0
    endloop
  endfacet
  facet normal 0 -0.44721359549995793 0.89442719099991586
    outer loop
      vertex 216.88 10.08 0.040000000000000036
      vertex 217 10 0
      vertex 217 10.08 0.040000000000000036
    endloop
  endfacet
  facet normal 0 -0.44721359549995793 0.89442719099991586
    outer loop
      vertex 216.80000000000001 10.08 0.040000000000000036
      vertex 216.80000000000001 10 0
      vertex 216.88 10.08 0.040000000000000036
    endloop
  endfacet
  facet normal -0 0.44721359549996587 0.89442719099991186
    outer loop
      vertex 216.92000000000002 40.120000000000005 0.040000000000000036
      vertex 217 40.120000000000005 0.040000000000000036
      vertex 217 40.200000000000003 0
    endloop
  endfacet
  facet normal -0 0.44721359549996592 0.89442719099991197
    outer loop
      vertex 216.80000000000001 40.120000000000005 0.040000000000000036
      vertex 216.92000000000002 40.120000000000005 0.040000000000000036
      vertex 217 40.200000000000003 0
    endloop
  endfacet
  facet normal 0 0.44721359549996592 0.89442719099991186
    outer loop
      vertex 216.80000000000001 40.120000000000005 0.040000000000000036
      vertex 217 40.200000000000003 0
      vertex 216.80000000000001 40.200000000000003 0
    endloop
  endfacet
  facet normal 0 0 1
    outer loop
      vertex 216.80000000000001 40.200000000000003 0
      vertex 217 40.200000000000003 0
      vertex 217 60 0
    endloop
  endfacet
  facet normal 0 0 1
    outer loop
      vertex 216.80000000000001 40.200000000000003 0
      vertex 217 60 0
      vertex 216.80000000000001 60 0
    endloop
  endfacet
  facet normal 0 0 1
    outer loop
      vertex 216.80000000000001 60 0
      vertex 217 60 0
      vertex 217 60.200000000000003 0
    endloop
  endfacet
  facet normal 0 0 1
    outer loop
      vertex 216.80000000000001 60 0
      vertex 217 60.200000000000003 0
      vertex 216.80000000000001 60.200000000000003 0
    endloop
  endfacet
  facet normal 0 0 1
    outer loop
      vertex 216.80000000000001 60.200000000000003 0
      vertex 217 60.200000000000003 0
      vertex 217 80 0
    endloop
  endfacet
  facet normal 0 0 1
    outer loop
      vertex 216.80000000000001 60.200000000000003 0
      vertex 217 80 0
      vertex 216.80000000000001 80 0
    endloop
  endfacet
  facet normal 0 0 1
    outer loop
      vertex 217 -100 0
      vertex 217.19999999999999 -100 0
      vertex 217.19999999999999 -80.200000000000003 0
    endloop
  endfacet
  facet normal 0 0 1
    outer loop
      vertex 217 -100 0
      vertex 217.19999999999999 -80.200000000000003 0
      vertex 217 -80.200000000000003 0
    endloop
  endfacet
  facet normal 0 0 1
    outer loop
      vertex 217 -80.200000000000003 0
      vertex 217.19999999999999 -80.200000000000003 0
      vertex 217.19999999999999 -80 0
    endloop
  endfacet
  facet normal 0 0 1
    outer loop
      vertex 217 -80.200000000000003 0
      vertex 217.19999999999999 -80 0
      vertex 217 -80 0
    endloop
  endfacet
  facet normal 0 0 1
    outer loop
      vertex 217 -80 0
      vertex 217.19999999999999 -80 0
      vertex 217.19999999999999 -60.200000000000003 0
    endloop
  endfacet
  facet normal 0 0 1
    outer loop
      vertex 217 -80 0
      vertex 217.19999999999999 -60.200000000000003 0
      vertex 217 -60.200000000000003 0
    endloop
  endfacet
  facet normal 0 0 1
    outer loop
      vertex 217 -60.200000000000003 0
      vertex 217.19999999999999 -60.200000000000003 0
      vertex 217.19999999999999 -60 0
    endloop
  endfacet
  facet normal 0 0 1
    outer loop
      vertex 217 -60.200000000000003 0
      vertex 217.19999999999999 -60 0
      vertex 217 -60 0
    endloop
  endfacet
  facet normal 0 0 1
    outer loop
      vertex 217 -60 0
      vertex 217.19999999999999 -60 0
      vertex 217.19999999999999 -40.200000000000003 0
    endloop
  endfacet
  facet normal 0 0 1
    outer loop
      vertex 217 -60 0
      vertex 217.19999999999999 -40.200000000000003 0
      vertex 217 -40.200000000000003 0
    endloop
  endfacet
  facet normal 0 0 1
    outer loop
      vertex 217 -40.200000000000003 0
      vertex 217.19999999999999 -40.200000000000003 0
      vertex 217.19999999999999 -40 0
    endloop
  endfacet
  facet normal 0 0 1
    outer loop
      vertex 217 -40.200000000000003 0
      vertex 217.19999999999999 -40 0
      vertex 217 -40 0
    endloop
  endfacet
  facet normal 0 0 1
    outer loop
      vertex 217 -40 0
      vertex 217.19999999999999 -40 0
      vertex 217.19999999999999 -20.199999999999999 0
    endloop
  endfacet
  facet normal 0 0 1
    outer loop
      vertex 217 -40 0
      vertex 217.19999999999999 -20.199999999999999 0
      vertex 217 -20.199999999999999 0
    endloop
  endfacet
  facet normal 0 0 1
    outer loop
      vertex 217 -20.199999999999999 0
      vertex 217.19999999999999 -20.199999999999999 0
      vertex 217.19999999999999 -20 0
    endloop
  endfacet
  facet normal 0 0 1
    outer loop
      vertex 217 -20.199999999999999 0
      vertex 217.19999999999999 -20 0
      vertex 217 -20 0
    endloop
  endfacet
  facet normal 0 0 1
    outer loop
      vertex 217 -20 0
      vertex 217.19999999999999 -20 0
      vertex 217.19999999999999 -10.199999999999999 0
    endloop
  endfacet
  facet normal 0 0 1
    outer loop
      vertex 217 -20 0
      vertex 217.19999999999999 -10.199999999999999 0
      vertex 217 -10.199999999999999 0
    endloop
  endfacet
  facet normal 0 0 1
    outer loop
      vertex 217 -10.199999999999999 0
      vertex 217.19999999999999 -10.199999999999999 0
      vertex 217.19999999999999 -10 0
    endloop
  endfacet
  facet normal 0 0 1
    outer loop
      vertex 217 -10.199999999999999 0
      vertex 217.19999999999999 -10 0
      vertex 217 -10 0
    endloop
  endfacet
  facet normal 0 0 1
    outer loop
      vertex 217 -10 0
      vertex 217.19999999999999 -10 0
      vertex 217.19999999999999 0 0
    endloop
  endfacet
  facet normal 0 0 1
    outer loop
      vertex 217 -10 0
      vertex 217.19999999999999 0 0
      vertex 217 0 0
    endloop
  endfacet
  facet normal 0 0 1
    outer loop
      vertex 217 0 0
      vertex 217.19999999999999 0 0
      vertex 217.19999999999999 0.20000000000000001 0
    endloop
  endfacet
  facet normal 0 0 1
    outer loop
      vertex 217 0 0
      vertex 217.19999999999999 0.20000000000000001 0
      vertex 217 0.20000000000000001 0
    endloop
  endfacet
  facet normal 0 0 1
    outer loop
      vertex 217 0.20000000000000001 0
      vertex 217.19999999999999 0.20000000000000001 0
      vertex 217.19999999999999 10 0
    endloop
  endfacet
  facet normal 0 0 1
    outer loop
      vertex 217 0.20000000000000001 0
      vertex 217.19999999999999 10 0
      vertex 217 10 0
    endloop
  endfacet
  facet normal 0 -0.44721359549995798 0.89442719099991597
    outer loop
      vertex 217.07999999999998 10.08 0.040000000000000036
      vertex 217 10 0
      vertex 217.19999999999999 10 0
    endloop
  endfacet
  facet normal 0 -0.44721359549995793 0.89442719099991586
    outer loop
      vertex 217.07999999999998 10.08 0.040000000000000036
      vertex 217.19999999999999 10 0
      vertex 217.19999999999999 10.08 0.040000000000000036
    endloop
  endfacet
  facet normal 0 -0.44721359549995793 0.89442719099991586
    outer loop
      vertex 217 10.08 0.040000000000000036
      vertex 217 10 0
      vertex 217.07999999999998 10.08 0.040000000000000036
    endloop
  endfacet
  facet normal -0 0.44721359549996587 0.89442719099991186
    outer loop
      vertex 217.12 40.120000000000005 0.040000000000000036
      vertex 217.19999999999999 40.120000000000005 0.040000000000000036
      vertex 217.19999999999999 40.200000000000003 0
    endloop
  endfacet
  facet normal -0 0.44721359549996592 0.89442719099991197
    outer loop
      vertex 217 40.120000000000005 0.040000000000000036
      vertex 217.12 40.120000000000005 0.040000000000000036
      vertex 217.19999999999999 40.200000000000003 0
    endloop
  endfacet
  facet normal 0 0.44721359549996592 0.89442719099991186
    outer loop
      vertex 217 40.120000000000005 0.040000000000000036
      vertex 217.19999999999999 40.200000000000003 0
      vertex 217 40.200000000000003 0
    endloop
  endfacet
  facet normal 0 0 1
    outer loop
      vertex 217 40.200000000000003 0
      vertex 217.19999999999999 40.200000000000003 0
      vertex 217.19999999999999 60 0
    endloop
  endfacet
  facet normal 0 0 1
    outer loop
      vertex 217 40.200000000000003 0
      vertex 217.19999999999999 60 0
      vertex 217 60 0
    endloop
  endfacet
  facet normal 0 0 1
    outer loop
      vertex 217 60 0
      vertex 217.19999999999999 60 0
      vertex 217.19999999999999 60.200000000000003 0
    endloop
  endfacet
  facet normal 0 0 1
    outer loop
      vertex 217 60 0
      vertex 217.19999999999999 60.200000000000003 0
      vertex 217 60.200000000000003 0
    endloop
  endfacet
  facet normal 0 0 1
    outer loop
      vertex 217 60.200000000000003 0
      vertex 217.19999999999999 60.200000000000003 0
      vertex 217.19999999999999 80 0
    endloop
  endfacet
  facet normal 0 0 1
    outer loop
      vertex 217 60.200000000000003 0
      vertex 217.19999999999999 80 0
      vertex 217 80 0
    endloop
  endfacet
  facet normal 0 0 1
    outer loop
      vertex 217.19999999999999 -80.200000000000003 0
      vertex 217.40000000000001 -80 0
      vertex 217.19999999999999 -80 0
    endloop
  endfacet
  facet normal 0 0 1
    outer loop
      vertex 217.19999999999999 -80 0
      vertex 217.40000000000001 -80 0
      vertex 217.40000000000001 -60.200000000000003 0
    endloop
  endfacet
  facet normal 0 0 1
    outer loop
      vertex 217.19999999999999 -80 0
      vertex 217.40000000000001 -60.200000000000003 0
      vertex 217.19999999999999 -60.200000000000003 0
    endloop
  endfacet
  facet normal 0 0 1
    outer loop
      vertex 217.19999999999999 -40.200000000000003 0
      vertex 217.40000000000001 -40 0
      vertex 217.19999999999999 -40 0
    endloop
  endfacet
  facet normal 0 0 1
    outer loop
      vertex 217.19999999999999 -40 0
      vertex 217.40000000000001 -40 0
      vertex 217.40000000000001 -20.199999999999999 0
    endloop
  endfacet
  facet normal 0 0 1
    outer loop
      vertex 217.19999999999999 -40 0
      vertex 217.40000000000001 -20.199999999999999 0
      vertex 217.19999999999999 -20.199999999999999 0
    endloop
  endfacet
  facet normal 0 -0.44721359549996587 0.89442719099991197
    outer loop
      vertex 217.28 -20.120000000000001 0.040000000000000036
      vertex 217.19999999999999 -20.199999999999999 0
      vertex 217.40000000000001 -20.199999999999999 0
    endloop
  endfacet
  facet normal 0 -0.44721359549996592 0.89442719099991197
    outer loop
      vertex 217.28 -20.120000000000001 0.040000000000000036
      vertex 217.40000000000001 -20.199999999999999 0
      vertex 217.40000000000001 -20.120000000000001 0.040000000000000036
    endloop
  endfacet
  facet normal -0.44721359549990242 0 0.89442719099994372
    outer loop
      vertex 217.19999999999999 -20.199999999999999 0
      vertex 217.28 -20.120000000000001 0.040000000000000036
      vertex 217.28 -20 0.040000000000000036
    endloop
  endfacet
  facet normal -0.44721359549990247 0 0.89442719099994372
    outer loop
      vertex 217.19999999999999 -20.199999999999999 0
      vertex 217.28 -20 0.040000000000000036
      vertex 217.19999999999999 -20 0
    endloop
  endfacet
  facet normal -0.44721359549990231 0 0.89442719099994361
    outer loop
      vertex 217.28 -16.079999999999998 0.040000000000000036
      vertex 217.19999999999999 -20 0
      vertex 217.28 -20 0.040000000000000036
    endloop
  endfacet
  facet normal -0.44721359549990236 0 0.89442719099994361
    outer loop
      vertex 217.19999999999999 -20 0
      vertex 217.28 -16.079999999999995 0.040000000000000036
      vertex 217.28 -10.199999999999999 0.040000000000000036
    endloop
  endfacet
  facet normal -0.44721359549990236 0 0.89442719099994372
    outer loop
      vertex 217.19999999999999 -20 0
      vertex 217.28 -10.199999999999999 0.040000000000000036
      vertex 217.19999999999999 -10.199999999999999 0
    endloop
  endfacet
  facet normal -0.40824829046381766 0.40824829046383582 0.81649658092776234
    outer loop
      vertex 217.19999999999999 -10.199999999999999 0
      vertex 217.28 -10.199999999999999 0.040000000000000036
      vertex 217.40000000000001 -10.08 0.040000000000000036
    endloop
  endfacet
  facet normal -0.40824829046383287 0.40824829046386907 0.81649658092773814
    outer loop
      vertex 217.19999999999999 -10.199999999999999 0
      vertex 217.40000000000001 -10.08 0.040000000000000036
      vertex 217.40000000000001 -10 0
    endloop
  endfacet
  facet normal 0 0 1
    outer loop
      vertex 217.19999999999999 -10.199999999999999 0
      vertex 217.40000000000001 -10 0
      vertex 217.19999999999999 -10 0
    endloop
  endfacet
  facet normal 0 0 1
    outer loop
      vertex 217.19999999999999 -10 0
      vertex 217.40000000000001 -10 0
      vertex 217.40000000000001 0 0
    endloop
  endfacet
  facet normal 0 0 1
    outer loop
      vertex 217.19999999999999 -10 0
      vertex 217.40000000000001 0 0
      vertex 217.19999999999999 0 0
    endloop
  endfacet
  facet normal 0 0 1
    outer loop
      vertex 217.19999999999999 0 0
      vertex 217.40000000000001 0 0
      vertex 217.40000000000001 0.20000000000000001 0
    endloop
  endfacet
  facet normal 0 0 1
    outer loop
      vertex 217.19999999999999 0 0
      vertex 217.40000000000001 0.20000000000000001 0
      vertex 217.19999999999999 0.20000000000000001 0
    endloop
  endfacet
  facet normal 0 0 1
    outer loop
      vertex 217.19999999999999 0.20000000000000001 0
      vertex 217.40000000000001 0.20000000000000001 0
      vertex 217.40000000000001 10 0
    endloop
  endfacet
  facet normal 0 0 1
    outer loop
      vertex 217.19999999999999 0.20000000000000001 0
      vertex 217.40000000000001 10 0
      vertex 217.19999999999999 10 0
    endloop
  endfacet
  facet normal 0 0 1
    outer loop
      vertex 217.19999999999999 10 0
      vertex 217.40000000000001 10 0
      vertex 217.40000000000001 10.199999999999999 0
    endloop
  endfacet
  facet normal 0.40824829046383287 -0.40824829046386907 0.81649658092773814
    outer loop
      vertex 217.19999999999999 10.08 0.040000000000000036
      vertex 217.19999999999999 10 0
      vertex 217.40000000000001 10.199999999999999 0
    endloop
  endfacet
  facet normal 0.40824829046381766 -0.40824829046383582 0.81649658092776234
    outer loop
      vertex 217.19999999999999 10.08 0.040000000000000036
      vertex 217.40000000000001 10.199999999999999 0
      vertex 217.31999999999999 10.199999999999999 0.040000000000000036
    endloop
  endfacet
  facet normal 0.44721359549990231 0 0.89442719099994361
    outer loop
      vertex 217.31999999999999 16.079999999999995 0.040000000000000036
      vertex 217.31999999999999 10.199999999999999 0.040000000000000036
      vertex 217.40000000000001 10.199999999999999 0
    endloop
  endfacet
  facet normal 0.44721359549990231 0 0.89442719099994372
    outer loop
      vertex 217.31999999999999 16.079999999999995 0.040000000000000036
      vertex 217.40000000000001 10.199999999999999 0
      vertex 217.40000000000001 20 0
    endloop
  endfacet
  facet normal 0.44721359549990231 -0 0.89442719099994361
    outer loop
      vertex 217.31999999999999 16.079999999999998 0.040000000000000036
      vertex 217.40000000000001 20 0
      vertex 217.31999999999999 20 0.040000000000000036
    endloop
  endfacet
  facet normal 0.44721359549990236 0 0.89442719099994372
    outer loop
      vertex 217.31999999999999 20.120000000000001 0.040000000000000036
      vertex 217.31999999999999 20 0.040000000000000036
      vertex 217.40000000000001 20 0
    endloop
  endfacet
  facet normal 0.44721359549990247 0 0.89442719099994372
    outer loop
      vertex 217.31999999999999 20.120000000000001 0.040000000000000036
      vertex 217.40000000000001 20 0
      vertex 217.40000000000001 20.199999999999999 0
    endloop
  endfacet
  facet normal 0.44721359549990236 -0 0.89442719099994372
    outer loop
      vertex 217.31999999999999 20.120000000000001 0.040000000000000036
      vertex 217.40000000000001 20.199999999999999 0
      vertex 217.31999999999999 20.199999999999999 0.040000000000000036
    endloop
  endfacet
  facet normal 0.44721359549990231 0 0.89442719099994361
    outer loop
      vertex 217.31999999999999 32.079999999999991 0.040000000000000036
      vertex 217.31999999999999 20.199999999999999 0.040000000000000036
      vertex 217.40000000000001 20.199999999999999 0
    endloop
  endfacet
  facet normal 0.44721359549990231 0 0.89442719099994372
    outer loop
      vertex 217.31999999999999 32.079999999999991 0.040000000000000036
      vertex 217.40000000000001 20.199999999999999 0
      vertex 217.40000000000001 40 0
    endloop
  endfacet
  facet normal 0.44721359549990231 -0 0.89442719099994372
    outer loop
      vertex 217.31999999999999 32.079999999999991 0.040000000000000036
      vertex 217.40000000000001 40 0
      vertex 217.31999999999999 40 0.040000000000000036
    endloop
  endfacet
  facet normal 0.44721359549990236 0 0.89442719099994372
    outer loop
      vertex 217.31999999999999 40.120000000000005 0.040000000000000036
      vertex 217.31999999999999 40 0.040000000000000036
      vertex 217.40000000000001 40 0
    endloop
  endfacet
  facet normal 0.44721359549990242 0 0.89442719099994372
    outer loop
      vertex 217.31999999999999 40.120000000000005 0.040000000000000036
      vertex 217.40000000000001 40 0
      vertex 217.40000000000001 40.200000000000003 0
    endloop
  endfacet
  facet normal -0 0.44721359549996592 0.89442719099991197
    outer loop
      vertex 217.19999999999999 40.120000000000005 0.040000000000000036
      vertex 217.31999999999999 40.120000000000005 0.040000000000000036
      vertex 217.40000000000001 40.200000000000003 0
    endloop
  endfacet
  facet normal 0 0.44721359549996587 0.89442719099991197
    outer loop
      vertex 217.19999999999999 40.120000000000005 0.040000000000000036
      vertex 217.40000000000001 40.200000000000003 0
      vertex 217.19999999999999 40.200000000000003 0
    endloop
  endfacet
  facet normal 0 0 1
    outer loop
      vertex 217.19999999999999 40.200000000000003 0
      vertex 217.40000000000001 40.200000000000003 0
      vertex 217.40000000000001 60 0
    endloop
  endfacet
  facet normal 0 0 1
    outer loop
      vertex 217.19999999999999 40.200000000000003 0
      vertex 217.40000000000001 60 0
      vertex 217.19999999999999 60 0
    endloop
  endfacet
  facet normal 0 0 1
    outer loop
      vertex 217.19999999999999 60 0
      vertex 217.40000000000001 60 0
      vertex 217.40000000000001 60.200000000000003 0
    endloop
  endfacet
  facet normal 0 0 1
    outer loop
      vertex 217.19999999999999 60 0
      vertex 217.40000000000001 60.200000000000003 0
      vertex 217.19999999999999 60.200000000000003 0
    endloop
  endfacet
  facet normal 0 0 1
    outer loop
      vertex 217.19999999999999 60.200000000000003 0
      vertex 217.40000000000001 60.200000000000003 0
      vertex 217.40000000000001 80 0
    endloop
  endfacet
  facet normal 0 0 1
    outer loop
      vertex 217.19999999999999 60.200000000000003 0
      vertex 217.40000000000001 80 0
      vertex 217.19999999999999 80 0
    endloop
  endfacet
  facet normal 0 0 1
    outer loop
      vertex 217.19999999999999 80 0
      vertex 217.40000000000001 80 0
      vertex 217.40000000000001 80.200000000000003 0
    endloop
  endfacet
  facet normal 0 0 1
    outer loop
      vertex 217.40000000000001 -80 0
      vertex 217.59999999999999 -80 0
      vertex 217.59999999999999 -60.200000000000003 0
    endloop
  endfacet
  facet normal 0 0 1
    outer loop
      vertex 217.40000000000001 -80 0
      vertex 217.59999999999999 -60.200000000000003 0
      vertex 217.40000000000001 -60.200000000000003 0
    endloop
  endfacet
  facet normal 0 0 1
    outer loop
      vertex 217.40000000000001 -40 0
      vertex 217.59999999999999 -40 0
      vertex 217.59999999999999 -20.199999999999999 0
    endloop
  endfacet
  facet normal 0 0 1
    outer loop
      vertex 217.40000000000001 -40 0
      vertex 217.59999999999999 -20.199999999999999 0
      vertex 217.40000000000001 -20.199999999999999 0
    endloop
  endfacet
  facet normal 0 -0.44721359549996592 0.89442719099991186
    outer loop
      vertex 217.47999999999999 -20.120000000000001 0.040000000000000036
      vertex 217.40000000000001 -20.199999999999999 0
      vertex 217.59999999999999 -20.199999999999999 0
    endloop
  endfacet
  facet normal 0 -0.44721359549996592 0.89442719099991197
    outer loop
      vertex 217.47999999999999 -20.120000000000001 0.040000000000000036
      vertex 217.59999999999999 -20.199999999999999 0
      vertex 217.59999999999999 -20.120000000000001 0.040000000000000036
    endloop
  endfacet
  facet normal 0 -0.44721359549996587 0.89442719099991186
    outer loop
      vertex 217.40000000000001 -20.120000000000001 0.040000000000000036
      vertex 217.40000000000001 -20.199999999999999 0
      vertex 217.47999999999999 -20.120000000000001 0.040000000000000036
    endloop
  endfacet
  facet normal -0 0.44721359549995793 0.89442719099991586
    outer loop
      vertex 217.52000000000001 -10.08 0.040000000000000036
      vertex 217.59999999999999 -10.08 0.040000000000000036
      vertex 217.59999999999999 -10 0
    endloop
  endfacet
  facet normal -0 0.44721359549995793 0.89442719099991586
    outer loop
      vertex 217.40000000000001 -10.08 0.040000000000000036
      vertex 217.52000000000001 -10.08 0.040000000000000036
      vertex 217.59999999999999 -10 0
    endloop
  endfacet
  facet normal 0 0.44721359549995798 0.89442719099991597
    outer loop
      vertex 217.40000000000001 -10.08 0.040000000000000036
      vertex 217.59999999999999 -10 0
      vertex 217.40000000000001 -10 0
    endloop
  endfacet
  facet normal 0 0 1
    outer loop
      vertex 217.40000000000001 -10 0
      vertex 217.59999999999999 -10 0
      vertex 217.59999999999999 0 0
    endloop
  endfacet
  facet normal 0 0 1
    outer loop
      vertex 217.40000000000001 -10 0
      vertex 217.59999999999999 0 0
      vertex 217.40000000000001 0 0
    endloop
  endfacet
  facet normal 0 0 1
    outer loop
      vertex 217.40000000000001 0 0
      vertex 217.59999999999999 0 0
      vertex 217.59999999999999 0.20000000000000001 0
    endloop
  endfacet
  facet normal 0 0 1
    outer loop
      vertex 217.40000000000001 0 0
      vertex 217.59999999999999 0.20000000000000001 0
      vertex 217.40000000000001 0.20000000000000001 0
    endloop
  endfacet
  facet normal 0 0 1
    outer loop
      vertex 217.40000000000001 0.20000000000000001 0
      vertex 217.59999999999999 0.20000000000000001 0
      vertex 217.59999999999999 10 0
    endloop
  endfacet
  facet normal 0 0 1
    outer loop
      vertex 217.40000000000001 0.20000000000000001 0
      vertex 217.59999999999999 10 0
      vertex 217.40000000000001 10 0
    endloop
  endfacet
  facet normal 0 0 1
    outer loop
      vertex 217.40000000000001 10 0
      vertex 217.59999999999999 10 0
      vertex 217.59999999999999 10.199999999999999 0
    endloop
  endfacet
  facet normal 0 0 1
    outer loop
      vertex 217.40000000000001 10 0
      vertex 217.59999999999999 10.199999999999999 0
      vertex 217.40000000000001 10.199999999999999 0
    endloop
  endfacet
  facet normal 0 0 1
    outer loop
      vertex 217.40000000000001 10.199999999999999 0
      vertex 217.59999999999999 10.199999999999999 0
      vertex 217.59999999999999 20 0
    endloop
  endfacet
  facet normal 0 0 1
    outer loop
      vertex 217.40000000000001 10.199999999999999 0
      vertex 217.59999999999999 20 0
      vertex 217.40000000000001 20 0
    endloop
  endfacet
  facet normal 0 0 1
    outer loop
      vertex 217.40000000000001 20 0
      vertex 217.59999999999999 20 0
      vertex 217.59999999999999 20.199999999999999 0
    endloop
  endfacet
  facet normal 0 0 1
    outer loop
      vertex 217.40000000000001 20 0
      vertex 217.59999999999999 20.199999999999999 0
      vertex 217.40000000000001 20.199999999999999 0
    endloop
  endfacet
  facet normal 0 0 1
    outer loop
      vertex 217.40000000000001 20.199999999999999 0
      vertex 217.59999999999999 20.199999999999999 0
      vertex 217.59999999999999 40 0
    endloop
  endfacet
  facet normal 0 0 1
    outer loop
      vertex 217.40000000000001 20.199999999999999 0
      vertex 217.59999999999999 40 0
      vertex 217.40000000000001 40 0
    endloop
  endfacet
  facet normal 0 0 1
    outer loop
      vertex 217.40000000000001 40 0
      vertex 217.59999999999999 40 0
      vertex 217.59999999999999 40.200000000000003 0
    endloop
  endfacet
  facet normal 0 0 1
    outer loop
      vertex 217.40000000000001 40 0
      vertex 217.59999999999999 40.200000000000003 0
      vertex 217.40000000000001 40.200000000000003 0
    endloop
  endfacet
  facet normal 0 0 1
    outer loop
      vertex 217.40000000000001 40.200000000000003 0
      vertex 217.59999999999999 40.200000000000003 0
      vertex 217.59999999999999 60 0
    endloop
  endfacet
  facet normal 0 0 1
    outer loop
      vertex 217.40000000000001 40.200000000000003 0
      vertex 217.59999999999999 60 0
      vertex 217.40000000000001 60 0
    endloop
  endfacet
  facet normal 0 0 1
    outer loop
      vertex 217.40000000000001 60 0
      vertex 217.59999999999999 60 0
      vertex 217.59999999999999 60.200000000000003 0
    endloop
  endfacet
  facet normal 0 0 1
    outer loop
      vertex 217.40000000000001 60 0
      vertex 217.59999999999999 60.200000000000003 0
      vertex 217.40000000000001 60.200000000000003 0
    endloop
  endfacet
  facet normal 0 0 1
    outer loop
      vertex 217.40000000000001 60.200000000000003 0
      vertex 217.59999999999999 60.200000000000003 0
      vertex 217.59999999999999 80 0
    endloop
  endfacet
  facet normal 0 0 1
    outer loop
      vertex 217.40000000000001 60.200000000000003 0
      vertex 217.59999999999999 80 0
      vertex 217.40000000000001 80 0
    endloop
  endfacet
  facet normal 0 0 1
    outer loop
      vertex 217.40000000000001 80 0
      vertex 217.59999999999999 80 0
      vertex 217.59999999999999 80.200000000000003 0
    endloop
  endfacet
  facet normal 0 0 1
    outer loop
      vertex 217.40000000000001 80 0
      vertex 217.59999999999999 80.200000000000003 0
      vertex 217.40000000000001 80.200000000000003 0
    endloop
  endfacet
  facet normal 0 0 1
    outer loop
      vertex 217.40000000000001 80.200000000000003 0
      vertex 217.59999999999999 80.200000000000003 0
      vertex 217.59999999999999 100 0
    endloop
  endfacet
  facet normal 0 0 1
    outer loop
      vertex 217.40000000000001 80.200000000000003 0
      vertex 217.59999999999999 100 0
      vertex 217.40000000000001 100 0
    endloop
  endfacet
  facet normal 0 0 1
    outer loop
      vertex 217.59999999999999 -80 0
      vertex 217.80000000000001 -80 0
      vertex 217.80000000000001 -60.200000000000003 0
    endloop
  endfacet
  facet normal 0 0 1
    outer loop
      vertex 217.59999999999999 -80 0
      vertex 217.80000000000001 -60.200000000000003 0
      vertex 217.59999999999999 -60.200000000000003 0
    endloop
  endfacet
  facet normal 0 0 1
    outer loop
      vertex 217.59999999999999 -40 0
      vertex 217.80000000000001 -40 0
      vertex 217.80000000000001 -20.199999999999999 0
    endloop
  endfacet
  facet normal 0 0 1
    outer loop
      vertex 217.59999999999999 -40 0
      vertex 217.80000000000001 -20.199999999999999 0
      vertex 217.59999999999999 -20.199999999999999 0
    endloop
  endfacet
  facet normal 0 -0.44721359549996587 0.89442719099991197
    outer loop
      vertex 217.68000000000001 -20.120000000000001 0.040000000000000036
      vertex 217.59999999999999 -20.199999999999999 0
      vertex 217.80000000000001 -20.199999999999999 0
    endloop
  endfacet
  facet normal 0 -0.44721359549996592 0.89442719099991197
    outer loop
      vertex 217.68000000000001 -20.120000000000001 0.040000000000000036
      vertex 217.80000000000001 -20.199999999999999 0
      vertex 217.80000000000001 -20.120000000000001 0.040000000000000036
    endloop
  endfacet
  facet normal 0 -0.44721359549996592 0.89442719099991197
    outer loop
      vertex 217.59999999999999 -20.120000000000001 0.040000000000000036
      vertex 217.59999999999999 -20.199999999999999 0
      vertex 217.68000000000001 -20.120000000000001 0.040000000000000036
    endloop
  endfacet
  facet normal -0 0.44721359549995793 0.89442719099991586
    outer loop
      vertex 217.72 -10.08 0.040000000000000036
      vertex 217.80000000000001 -10.08 0.040000000000000036
      vertex 217.80000000000001 -10 0
    endloop
  endfacet
  facet normal -0 0.44721359549995793 0.89442719099991586
    outer loop
      vertex 217.59999999999999 -10.08 0.040000000000000036
      vertex 217.72 -10.08 0.040000000000000036
      vertex 217.80000000000001 -10 0
    endloop
  endfacet
  facet normal 0 0.44721359549995798 0.89442719099991597
    outer loop
      vertex 217.59999999999999 -10.08 0.040000000000000036
      vertex 217.80000000000001 -10 0
      vertex 217.59999999999999 -10 0
    endloop
  endfacet
  facet normal 0 0 1
    outer loop
      vertex 217.59999999999999 -10 0
      vertex 217.80000000000001 -10 0
      vertex 217.80000000000001 0 0
    endloop
  endfacet
  facet normal 0 0 1
    outer loop
      vertex 217.59999999999999 -10 0
      vertex 217.80000000000001 0 0
      vertex 217.59999999999999 0 0
    endloop
  endfacet
  facet normal 0 0 1
    outer loop
      vertex 217.59999999999999 0 0
      vertex 217.80000000000001 0 0
      vertex 217.80000000000001 0.20000000000000001 0
    endloop
  endfacet
  facet normal 0 0 1
    outer loop
      vertex 217.59999999999999 0 0
      vertex 217.80000000000001 0.20000000000000001 0
      vertex 217.59999999999999 0.20000000000000001 0
    endloop
  endfacet
  facet normal 0 0 1
    outer loop
      vertex 217.59999999999999 0.20000000000000001 0
      vertex 217.80000000000001 0.20000000000000001 0
      vertex 217.80000000000001 10 0
    endloop
  endfacet
  facet normal 0 0 1
    outer loop
      vertex 217.59999999999999 0.20000000000000001 0
      vertex 217.80000000000001 10 0
      vertex 217.59999999999999 10 0
    endloop
  endfacet
  facet normal 0 0 1
    outer loop
      vertex 217.59999999999999 10 0
      vertex 217.80000000000001 10 0
      vertex 217.80000000000001 10.199999999999999 0
    endloop
  endfacet
  facet normal 0 0 1
    outer loop
      vertex 217.59999999999999 10 0
      vertex 217.80000000000001 10.199999999999999 0
      vertex 217.59999999999999 10.199999999999999 0
    endloop
  endfacet
  facet normal 0 0 1
    outer loop
      vertex 217.59999999999999 10.199999999999999 0
      vertex 217.80000000000001 10.199999999999999 0
      vertex 217.80000000000001 20 0
    endloop
  endfacet
  facet normal 0 0 1
    outer loop
      vertex 217.59999999999999 10.199999999999999 0
      vertex 217.80000000000001 20 0
      vertex 217.59999999999999 20 0
    endloop
  endfacet
  facet normal 0 0 1
    outer loop
      vertex 217.59999999999999 20 0
      vertex 217.80000000000001 20 0
      vertex 217.80000000000001 20.199999999999999 0
    endloop
  endfacet
  facet normal 0 0 1
    outer loop
      vertex 217.59999999999999 20 0
      vertex 217.80000000000001 20.199999999999999 0
      vertex 217.59999999999999 20.199999999999999 0
    endloop
  endfacet
  facet normal 0 0 1
    outer loop
      vertex 217.59999999999999 20.199999999999999 0
      vertex 217.80000000000001 20.199999999999999 0
      vertex 217.80000000000001 40 0
    endloop
  endfacet
  facet normal 0 0 1
    outer loop
      vertex 217.59999999999999 20.199999999999999 0
      vertex 217.80000000000001 40 0
      vertex 217.59999999999999 40 0
    endloop
  endfacet
  facet normal 0 0 1
    outer loop
      vertex 217.59999999999999 40 0
      vertex 217.80000000000001 40 0
      vertex 217.80000000000001 40.200000000000003 0
    endloop
  endfacet
  facet normal 0 0 1
    outer loop
      vertex 217.59999999999999 40 0
      vertex 217.80000000000001 40.200000000000003 0
      vertex 217.59999999999999 40.200000000000003 0
    endloop
  endfacet
  facet normal 0 0 1
    outer loop
      vertex 217.59999999999999 40.200000000000003 0
      vertex 217.80000000000001 40.200000000000003 0
      vertex 217.80000000000001 60 0
    endloop
  endfacet
  facet normal 0 0 1
    outer loop
      vertex 217.59999999999999 40.200000000000003 0
      vertex 217.80000000000001 60 0
      vertex 217.59999999999999 60 0
    endloop
  endfacet
  facet normal 0 0 1
    outer loop
      vertex 217.59999999999999 60 0
      vertex 217.80000000000001 60 0
      vertex 217.80000000000001 60.200000000000003 0
    endloop
  endfacet
  facet normal 0 0 1
    outer loop
      vertex 217.59999999999999 60 0
      vertex 217.80000000000001 60.200000000000003 0
      vertex 217.59999999999999 60.200000000000003 0
    endloop
  endfacet
  facet normal 0 0 1
    outer loop
      vertex 217.59999999999999 60.200000000000003 0
      vertex 217.80000000000001 60.200000000000003 0
      vertex 217.80000000000001 80 0
    endloop
  endfacet
  facet normal 0 0 1
    outer loop
      vertex 217.59999999999999 60.200000000000003 0
      vertex 217.80000000000001 80 0
      vertex 217.59999999999999 80 0
    endloop
  endfacet
  facet normal 0 0 1
    outer loop
      vertex 217.59999999999999 80 0
      vertex 217.80000000000001 80 0
      vertex 217.80000000000001 80.200000000000003 0
    endloop
  endfacet
  facet normal 0 0 1
    outer loop
      vertex 217.59999999999999 80 0
      vertex 217.80000000000001 80.200000000000003 0
      vertex 217.59999999999999 80.200000000000003 0
    endloop
  endfacet
  facet normal 0 0 1
    outer loop
      vertex 217.59999999999999 80.200000000000003 0
      vertex 217.80000000000001 80.200000000000003 0
      vertex 217.80000000000001 100 0
    endloop
  endfacet
  facet normal 0 0 1
    outer loop
      vertex 217.59999999999999 80.200000000000003 0
      vertex 217.80000000000001 100 0
      vertex 217.59999999999999 100 0
    endloop
  endfacet
  facet normal 0 0 1
    outer loop
      vertex 217.80000000000001 -80 0
      vertex 218 -80 0
      vertex 218 -60.200000000000003 0
    endloop
  endfacet
  facet normal 0 0 1
    outer loop
      vertex 217.80000000000001 -80 0
      vertex 218 -60.200000000000003 0
      vertex 217.80000000000001 -60.200000000000003 0
    endloop
  endfacet
  facet normal 0 0 1
    outer loop
      vertex 217.80000000000001 -40 0
      vertex 218 -40 0
      vertex 218 -20.199999999999999 0
    endloop
  endfacet
  facet normal 0 0 1
    outer loop
      vertex 217.80000000000001 -40 0
      vertex 218 -20.199999999999999 0
      vertex 217.80000000000001 -20.199999999999999 0
    endloop
  endfacet
  facet normal 0 -0.44721359549996592 0.89442719099991186
    outer loop
      vertex 217.88 -20.120000000000001 0.040000000000000036
      vertex 217.80000000000001 -20.199999999999999 0
      vertex 218 -20.199999999999999 0
    endloop
  endfacet
  facet normal 0 -0.44721359549996592 0.89442719099991197
    outer loop
      vertex 217.88 -20.120000000000001 0.040000000000000036
      vertex 218 -20.199999999999999 0
      vertex 218 -20.120000000000001 0.040000000000000036
    endloop
  endfacet
  facet normal 0 -0.44721359549996587 0.89442719099991186
    outer loop
      vertex 217.80000000000001 -20.120000000000001 0.040000000000000036
      vertex 217.80000000000001 -20.199999999999999 0
      vertex 217.88 -20.120000000000001 0.040000000000000036
    endloop
  endfacet
  facet normal -0 0.44721359549995793 0.89442719099991586
    outer loop
      vertex 217.92000000000002 -10.08 0.040000000000000036
      vertex 218 -10.08 0.040000000000000036
      vertex 218 -10 0
    endloop
  endfacet
  facet normal -0 0.44721359549995793 0.89442719099991586
    outer loop
      vertex 217.80000000000001 -10.08 0.040000000000000036
      vertex 217.92000000000002 -10.08 0.040000000000000036
      vertex 218 -10 0
    endloop
  endfacet
  facet normal 0 0.44721359549995798 0.89442719099991597
    outer loop
      vertex 217.80000000000001 -10.08 0.040000000000000036
      vertex 218 -10 0
      vertex 217.80000000000001 -10 0
    endloop
  endfacet
  facet normal 0 0 1
    outer loop
      vertex 217.80000000000001 -10 0
      vertex 218 -10 0
      vertex 218 0 0
    endloop
  endfacet
  facet normal 0 0 1
    outer loop
      vertex 217.80000000000001 -10 0
      vertex 218 0 0
      vertex 217.80000000000001 0 0
    endloop
  endfacet
  facet normal 0 0 1
    outer loop
      vertex 217.80000000000001 0 0
      vertex 218 0 0
      vertex 218 0.20000000000000001 0
    endloop
  endfacet
  facet normal 0 0 1
    outer loop
      vertex 217.80000000000001 0 0
      vertex 218 0.20000000000000001 0
      vertex 217.80000000000001 0.20000000000000001 0
    endloop
  endfacet
  facet normal 0 0 1
    outer loop
      vertex 217.80000000000001 0.20000000000000001 0
      vertex 218 0.20000000000000001 0
      vertex 218 10 0
    endloop
  endfacet
  facet normal 0 0 1
    outer loop
      vertex 217.80000000000001 0.20000000000000001 0
      vertex 218 10 0
      vertex 217.80000000000001 10 0
    endloop
  endfacet
  facet normal 0 0 1
    outer loop
      vertex 217.80000000000001 10 0
      vertex 218 10 0
      vertex 218 10.199999999999999 0
    endloop
  endfacet
  facet normal 0 0 1
    outer loop
      vertex 217.80000000000001 10 0
      vertex 218 10.199999999999999 0
      vertex 217.80000000000001 10.199999999999999 0
    endloop
  endfacet
  facet normal 0 0 1
    outer loop
      vertex 217.80000000000001 10.199999999999999 0
      vertex 218 10.199999999999999 0
      vertex 218 20 0
    endloop
  endfacet
  facet normal 0 0 1
    outer loop
      vertex 217.80000000000001 10.199999999999999 0
      vertex 218 20 0
      vertex 217.80000000000001 20 0
    endloop
  endfacet
  facet normal 0 0 1
    outer loop
      vertex 217.80000000000001 20 0
      vertex 218 20 0
      vertex 218 20.199999999999999 0
    endloop
  endfacet
  facet normal 0 0 1
    outer loop
      vertex 217.80000000000001 20 0
      vertex 218 20.199999999999999 0
      vertex 217.80000000000001 20.199999999999999 0
    endloop
  endfacet
  facet normal 0 0 1
    outer loop
      vertex 217.80000000000001 20.199999999999999 0
      vertex 218 20.199999999999999 0
      vertex 218 40 0
    endloop
  endfacet
  facet normal 0 0 1
    outer loop
      vertex 217.80000000000001 20.199999999999999 0
      vertex 218 40 0
      vertex 217.80000000000001 40 0
    endloop
  endfacet
  facet normal 0 0 1
    outer loop
      vertex 217.80000000000001 40 0
      vertex 218 40 0
      vertex 218 40.200000000000003 0
    endloop
  endfacet
  facet normal 0 0 1
    outer loop
      vertex 217.80000000000001 40 0
      vertex 218 40.200000000000003 0
      vertex 217.80000000000001 40.200000000000003 0
    endloop
  endfacet
  facet normal 0 0 1
    outer loop
      vertex 217.80000000000001 40.200000000000003 0
      vertex 218 40.200000000000003 0
      vertex 218 60 0
    endloop
  endfacet
  facet normal 0 0 1
    outer loop
      vertex 217.80000000000001 40.200000000000003 0
      vertex 218 60 0
      vertex 217.80000000000001 60 0
    endloop
  endfacet
  facet normal 0 0 1
    outer loop
      vertex 217.80000000000001 60 0
      vertex 218 60 0
      vertex 218 60.200000000000003 0
    endloop
  endfacet
  facet normal 0 0 1
    outer loop
      vertex 217.80000000000001 60 0
      vertex 218 60.200000000000003 0
      vertex 217.80000000000001 60.200000000000003 0
    endloop
  endfacet
  facet normal 0 0 1
    outer loop
      vertex 217.80000000000001 60.200000000000003 0
      vertex 218 60.200000000000003 0
      vertex 218 80 0
    endloop
  endfacet
  facet normal 0 0 1
    outer loop
      vertex 217.80000000000001 60.200000000000003 0
      vertex 218 80 0
      vertex 217.80000000000001 80 0
    endloop
  endfacet
  facet normal 0 0 1
    outer loop
      vertex 217.80000000000001 80 0
      vertex 218 80 0
      vertex 218 80.200000000000003 0
    endloop
  endfacet
  facet normal 0 0 1
    outer loop
      vertex 217.80000000000001 80 0
      vertex 218 80.200000000000003 0
      vertex 217.80000000000001 80.200000000000003 0
    endloop
  endfacet
  facet normal 0 0 1
    outer loop
      vertex 217.80000000000001 80.200000000000003 0
      vertex 218 80.200000000000003 0
      vertex 218 100 0
    endloop
  endfacet
  facet normal 0 0 1
    outer loop
      vertex 217.80000000000001 80.200000000000003 0
      vertex 218 100 0
      vertex 217.80000000000001 100 0
    endloop
  endfacet
  facet normal 0 0 1
    outer loop
      vertex 218 -80 0
      vertex 218.19999999999999 -80 0
      vertex 218.19999999999999 -60.200000000000003 0
    endloop
  endfacet
  facet normal 0 0 1
    outer loop
      vertex 218 -80 0
      vertex 218.19999999999999 -60.200000000000003 0
      vertex 218 -60.200000000000003 0
    endloop
  endfacet
  facet normal 0 0 1
    outer loop
      vertex 218 -60.200000000000003 0
      vertex 218.19999999999999 -60.200000000000003 0
      vertex 218.19999999999999 -60 0
    endloop
  endfacet
  facet normal 0 0 1
    outer loop
      vertex 218 -40 0
      vertex 218.19999999999999 -40 0
      vertex 218.19999999999999 -20.199999999999999 0
    endloop
  endfacet
  facet normal 0 0 1
    outer loop
      vertex 218 -40 0
      vertex 218.19999999999999 -20.199999999999999 0
      vertex 218 -20.199999999999999 0
    endloop
  endfacet
  facet normal 0 0 1
    outer loop
      vertex 218 -20.199999999999999 0
      vertex 218.19999999999999 -20.199999999999999 0
      vertex 218.19999999999999 -20 0
    endloop
  endfacet
  facet normal 0.40824829046388722 -0.40824829046386546 0.81649658092771271
    outer loop
      vertex 218 -20.120000000000001 0.040000000000000036
      vertex 218 -20.199999999999999 0
      vertex 218.19999999999999 -20 0
    endloop
  endfacet
  facet normal 0.40824829046391542 -0.40824829046392747 0.81649658092766764
    outer loop
      vertex 218 -20.120000000000001 0.040000000000000036
      vertex 218.19999999999999 -20 0
      vertex 218.12 -20 0.040000000000000036
    endloop
  endfacet
  facet normal 0.44721359550002948 0 0.89442719099988011
    outer loop
      vertex 218.12 -14.120000000000003 0.040000000000000036
      vertex 218.12 -20 0.040000000000000036
      vertex 218.19999999999999 -20 0
    endloop
  endfacet
  facet normal 0.44721359550002943 0 0.89442719099988011
    outer loop
      vertex 218.12 -14.120000000000003 0.040000000000000036
      vertex 218.19999999999999 -20 0
      vertex 218.19999999999999 -10.199999999999999 0
    endloop
  endfacet
  facet normal 0.44721359550002943 -0 0.89442719099988011
    outer loop
      vertex 218.12 -14.120000000000003 0.040000000000000036
      vertex 218.19999999999999 -10.199999999999999 0
      vertex 218.12 -10.199999999999999 0.040000000000000036
    endloop
  endfacet
  facet normal 0.44721359550002943 0 0.89442719099988011
    outer loop
      vertex 218.12 -10.08 0.040000000000000036
      vertex 218.12 -10.199999999999999 0.040000000000000036
      vertex 218.19999999999999 -10.199999999999999 0
    endloop
  endfacet
  facet normal 0.44721359550002943 0 0.89442719099988
    outer loop
      vertex 218.12 -10.08 0.040000000000000036
      vertex 218.19999999999999 -10.199999999999999 0
      vertex 218.19999999999999 -10 0
    endloop
  endfacet
  facet normal -0 0.44721359549995793 0.89442719099991586
    outer loop
      vertex 218 -10.08 0.040000000000000036
      vertex 218.12 -10.08 0.040000000000000036
      vertex 218.19999999999999 -10 0
    endloop
  endfacet
  facet normal 0 0.44721359549995798 0.89442719099991597
    outer loop
      vertex 218 -10.08 0.040000000000000036
      vertex 218.19999999999999 -10 0
      vertex 218 -10 0
    endloop
  endfacet
  facet normal 0 0 1
    outer loop
      vertex 218 -10 0
      vertex 218.19999999999999 -10 0
      vertex 218.19999999999999 0 0
    endloop
  endfacet
  facet normal 0 0 1
    outer loop
      vertex 218 -10 0
      vertex 218.19999999999999 0 0
      vertex 218 0 0
    endloop
  endfacet
  facet normal 0 0 1
    outer loop
      vertex 218 0 0
      vertex 218.19999999999999 0 0
      vertex 218.19999999999999 0.20000000000000001 0
    endloop
  endfacet
  facet normal 0 0 1
    outer loop
      vertex 218 0 0
      vertex 218.19999999999999 0.20000000000000001 0
      vertex 218 0.20000000000000001 0
    endloop
  endfacet
  facet normal 0 0 1
    outer loop
      vertex 218 0.20000000000000001 0
      vertex 218.19999999999999 0.20000000000000001 0
      vertex 218.19999999999999 10 0
    endloop
  endfacet
  facet normal 0 0 1
    outer loop
      vertex 218 0.20000000000000001 0
      vertex 218.19999999999999 10 0
      vertex 218 10 0
    endloop
  endfacet
  facet normal 0 0 1
    outer loop
      vertex 218 10 0
      vertex 218.19999999999999 10 0
      vertex 218.19999999999999 10.199999999999999 0
    endloop
  endfacet
  facet normal 0 0 1
    outer loop
      vertex 218 10 0
      vertex 218.19999999999999 10.199999999999999 0
      vertex 218 10.199999999999999 0
    endloop
  endfacet
  facet normal 0 0 1
    outer loop
      vertex 218 10.199999999999999 0
      vertex 218.19999999999999 10.199999999999999 0
      vertex 218.19999999999999 20 0
    endloop
  endfacet
  facet normal 0 0 1
    outer loop
      vertex 218 10.199999999999999 0
      vertex 218.19999999999999 20 0
      vertex 218 20 0
    endloop
  endfacet
  facet normal 0 0 1
    outer loop
      vertex 218 20 0
      vertex 218.19999999999999 20 0
      vertex 218.19999999999999 20.199999999999999 0
    endloop
  endfacet
  facet normal 0 0 1
    outer loop
      vertex 218 20 0
      vertex 218.19999999999999 20.199999999999999 0
      vertex 218 20.199999999999999 0
    endloop
  endfacet
  facet normal 0 0 1
    outer loop
      vertex 218 20.199999999999999 0
      vertex 218.19999999999999 20.199999999999999 0
      vertex 218.19999999999999 40 0
    endloop
  endfacet
  facet normal 0 0 1
    outer loop
      vertex 218 20.199999999999999 0
      vertex 218.19999999999999 40 0
      vertex 218 40 0
    endloop
  endfacet
  facet normal 0 0 1
    outer loop
      vertex 218 40 0
      vertex 218.19999999999999 40 0
      vertex 218.19999999999999 40.200000000000003 0
    endloop
  endfacet
  facet normal 0 0 1
    outer loop
      vertex 218 40 0
      vertex 218.19999999999999 40.200000000000003 0
      vertex 218 40.200000000000003 0
    endloop
  endfacet
  facet normal 0 0 1
    outer loop
      vertex 218 40.200000000000003 0
      vertex 218.19999999999999 40.200000000000003 0
      vertex 218.19999999999999 60 0
    endloop
  endfacet
  facet normal 0 0 1
    outer loop
      vertex 218 40.200000000000003 0
      vertex 218.19999999999999 60 0
      vertex 218 60 0
    endloop
  endfacet
  facet normal 0 0 1
    outer loop
      vertex 218 60 0
      vertex 218.19999999999999 60 0
      vertex 218.19999999999999 60.200000000000003 0
    endloop
  endfacet
  facet normal 0 0 1
    outer loop
      vertex 218 60 0
      vertex 218.19999999999999 60.200000000000003 0
      vertex 218 60.200000000000003 0
    endloop
  endfacet
  facet normal 0 0 1
    outer loop
      vertex 218 60.200000000000003 0
      vertex 218.19999999999999 60.200000000000003 0
      vertex 218.19999999999999 80 0
    endloop
  endfacet
  facet normal 0 0 1
    outer loop
      vertex 218 60.200000000000003 0
      vertex 218.19999999999999 80 0
      vertex 218 80 0
    endloop
  endfacet
  facet normal 0 0 1
    outer loop
      vertex 218 80 0
      vertex 218.19999999999999 80 0
      vertex 218.19999999999999 80.200000000000003 0
    endloop
  endfacet
  facet normal 0 0 1
    outer loop
      vertex 218 80 0
      vertex 218.19999999999999 80.200000000000003 0
      vertex 218 80.200000000000003 0
    endloop
  endfacet
  facet normal 0 0 1
    outer loop
      vertex 218 80.200000000000003 0
      vertex 218.19999999999999 80.200000000000003 0
      vertex 218.19999999999999 100 0
    endloop
  endfacet
  facet normal 0 0 1
    outer loop
      vertex 218 80.200000000000003 0
      vertex 218.19999999999999 100 0
      vertex 218 100 0
    endloop
  endfacet
endsolid terrain_band_6
