solid terrain_z_xy
  facet normal 0 0 1
    outer loop
      vertex -20 -60 0
      vertex 0 -60 0
      vertex 0 -40 0
    endloop
  endfacet
  facet normal 0 0 1
    outer loop
      vertex -20 -60 0
      vertex 0 -40 0
      vertex -20 -40 0
    endloop
  endfacet
  facet normal 0 0 1
    outer loop
      vertex -20 -40 0
      vertex 0 -40 0
      vertex 0 -20 0
    endloop
  endfacet
  facet normal 0 0 1
    outer loop
      vertex -20 -40 0
      vertex 0 -20 0
      vertex -20 -20 0
    endloop
  endfacet
  facet normal 0 0 1
    outer loop
      vertex -20 -20 0
      vertex 0 -20 0
      vertex 0 -10 0
    endloop
  endfacet
  facet normal 0 0 1
    outer loop
      vertex -20 -20 0
      vertex 0 -10 0
      vertex -20 -10 0
    endloop
  endfacet
  facet normal 0 0 1
    outer loop
      vertex -20 -10 0
      vertex 0 -10 0
      vertex 0 0 0
    endloop
  endfacet
  facet normal 0 0 1
    outer loop
      vertex -20 -10 0
      vertex 0 0 0
      vertex -20 0 0
    endloop
  endfacet
  facet normal 0 0 1
    outer loop
      vertex -20 0 0
      vertex 0 0 0
      vertex 0 0.001 0
    endloop
  endfacet
  facet normal 0 0 1
    outer loop
      vertex -20 0 0
      vertex 0 0.001 0
      vertex -20 0.001 0
    endloop
  endfacet
  facet normal 0 0 1
    outer loop
      vertex -20 0.001 0
      vertex 0 0.001 0
      vertex 0 10 0
    endloop
  endfacet
  facet normal 0 0 1
    outer loop
      vertex -20 0.001 0
      vertex 0 10 0
      vertex -20 10 0
    endloop
  endfacet
  facet normal 0 0 1
    outer loop
      vertex -20 10 0
      vertex 0 10 0
      vertex 0 20 0
    endloop
  endfacet
  facet normal 0 0 1
    outer loop
      vertex -20 10 0
      vertex 0 20 0
      vertex -20 20 0
    endloop
  endfacet
  facet normal 0 0 1
    outer loop
      vertex -20 20 0
      vertex 0 20 0
      vertex 0 40 0
    endloop
  endfacet
  facet normal 0 0 1
    outer loop
      vertex -20 20 0
      vertex 0 40 0
      vertex -20 40 0
    endloop
  endfacet
  facet normal 0 0 1
    outer loop
      vertex -20 40 0
      vertex 0 40 0
      vertex 0 60 0
    endloop
  endfacet
  facet normal 0 0 1
    outer loop
      vertex -20 40 0
      vertex 0 60 0
      vertex -20 60 0
    endloop
  endfacet
  facet normal 0 0 1
    outer loop
      vertex 0 -60 0
      vertex 150 -60 0
      vertex 150 -40 0
    endloop
  endfacet
  facet normal 0 0 1
    outer loop
      vertex 0 -60 0
      vertex 150 -40 0
      vertex 0 -40 0
    endloop
  endfacet
  facet normal 0 0 1
    outer loop
      vertex 0 -40 0
      vertex 150 -40 0
      vertex 150 -20 0
    endloop
  endfacet
  facet normal 0 0 1
    outer loop
      vertex 0 -40 0
      vertex 150 -20 0
      vertex 0 -20 0
    endloop
  endfacet
  facet normal 0 0 1
    outer loop
      vertex 0 -20 0
      vertex 150 -20 0
      vertex 150 -10 0
    endloop
  endfacet
  facet normal 0 0 1
    outer loop
      vertex 0 -20 0
      vertex 150 -10 0
      vertex 0 -10 0
    endloop
  endfacet
  facet normal 0 0 1
    outer loop
      vertex 0 -10 0
      vertex 150 -10 0
      vertex 150 0 0
    endloop
  endfacet
  facet normal 0 0 1
    outer loop
      vertex 0 -10 0
      vertex 150 0 0
      vertex 0 0 0
    endloop
  endfacet
  facet normal 0 0 1
    outer loop
      vertex 0 0 0
      vertex 150 0 0
      vertex 150 0.001 0
    endloop
  endfacet
  facet normal 0 0 1
    outer loop
      vertex 0 0 0
      vertex 150 0.001 0
      vertex 0 0.001 0
    endloop
  endfacet
  facet normal 0 0 1
    outer loop
      vertex 0 0.001 0
      vertex 150 0.001 0
      vertex 150 10 0
    endloop
  endfacet
  facet normal 0 0 1
    outer loop
      vertex 0 0.001 0
      vertex 150 10 0
      vertex 0 10 0
    endloop
  endfacet
  facet normal 0 0 1
    outer loop
      vertex 0 10 0
      vertex 150 10 0
      vertex 150 20 0
    endloop
  endfacet
  facet normal 0 0 1
    outer loop
      vertex 0 10 0
      vertex 150 20 0
      vertex 0 20 0
    endloop
  endfacet
  facet normal 0 0 1
    outer loop
      vertex 0 20 0
      vertex 150 20 0
      vertex 150 40 0
    endloop
  endfacet
  facet normal 0 0 1
    outer loop
      vertex 0 20 0
      vertex 150 40 0
      vertex 0 40 0
    endloop
  endfacet
  facet normal 0 0 1
    outer loop
      vertex 0 40 0
      vertex 150 40 0
      vertex 150 60 0
    endloop
  endfacet
  facet normal 0 0 1
    outer loop
      vertex 0 40 0
      vertex 150 60 0
      vertex 0 60 0
    endloop
  endfacet
  facet normal -0.44721359549997824 0 0.89442719099990564
    outer loop
      vertex 150 -60 0
      vertex 150.19999999999999 -60 0.10000000000000001
      vertex 150.19999999999999 -40 0.10000000000000001
    endloop
  endfacet
  facet normal -0.44721359549997824 0 0.89442719099990564
    outer loop
      vertex 150 -60 0
      vertex 150.19999999999999 -40 0.10000000000000001
      vertex 150 -40 0
    endloop
  endfacet
  facet normal -0.44721359549997824 0 0.89442719099990564
    outer loop
      vertex 150 -40 0
      vertex 150.19999999999999 -40 0.10000000000000001
      vertex 150.19999999999999 -20 0.10000000000000001
    endloop
  endfacet
  facet normal -0.44721359549997824 0 0.89442719099990564
    outer loop
      vertex 150 -40 0
      vertex 150.19999999999999 -20 0.10000000000000001
      vertex 150 -20 0
    endloop
  endfacet
  facet normal -0.44721359549997824 0 0.89442719099990564
    outer loop
      vertex 150 -20 0
      vertex 150.19999999999999 -20 0.10000000000000001
      vertex 150.19999999999999 -10 0.10000000000000001
    endloop
  endfacet
  facet normal -0.44721359549997824 0 0.89442719099990564
    outer loop
      vertex 150 -20 0
      vertex 150.19999999999999 -10 0.10000000000000001
      vertex 150 -10 0
    endloop
  endfacet
  facet normal -0.44721359549997824 0 0.89442719099990564
    outer loop
      vertex 150 -10 0
      vertex 150.19999999999999 -10 0.10000000000000001
      vertex 150.19999999999999 0 0.10000000000000001
    endloop
  endfacet
  facet normal -0.44721359549997824 0 0.89442719099990564
    outer loop
      vertex 150 -10 0
      vertex 150.19999999999999 0 0.10000000000000001
      vertex 150 0 0
    endloop
  endfacet
  facet normal -0.44721359549997836 0 0.89442719099990575
    outer loop
      vertex 150 0 0
      vertex 150.19999999999999 0 0.10000000000000001
      vertex 150.19999999999999 0.001 0.10000000000000001
    endloop
  endfacet
  facet normal -0.44721359549997836 0 0.89442719099990575
    outer loop
      vertex 150 0 0
      vertex 150.19999999999999 0.001 0.10000000000000001
      vertex 150 0.001 0
    endloop
  endfacet
  facet normal -0.4472135954999783 0 0.89442719099990564
    outer loop
      vertex 150 0.001 0
      vertex 150.19999999999999 0.001 0.10000000000000001
      vertex 150.19999999999999 10 0.10000000000000001
    endloop
  endfacet
  facet normal -0.4472135954999783 0 0.89442719099990564
    outer loop
      vertex 150 0.001 0
      vertex 150.19999999999999 10 0.10000000000000001
      vertex 150 10 0
    endloop
  endfacet
  facet normal -0.44721359549997824 0 0.89442719099990564
    outer loop
      vertex 150 10 0
      vertex 150.19999999999999 10 0.10000000000000001
      vertex 150.19999999999999 20 0.10000000000000001
    endloop
  endfacet
  facet normal -0.44721359549997824 0 0.89442719099990564
    outer loop
      vertex 150 10 0
      vertex 150.19999999999999 20 0.10000000000000001
      vertex 150 20 0
    endloop
  endfacet
  facet normal -0.44721359549997824 0 0.89442719099990564
    outer loop
      vertex 150 20 0
      vertex 150.19999999999999 20 0.10000000000000001
      vertex 150.19999999999999 40 0.10000000000000001
    endloop
  endfacet
  facet normal -0.44721359549997824 0 0.89442719099990564
    outer loop
      vertex 150 20 0
      vertex 150.19999999999999 40 0.10000000000000001
      vertex 150 40 0
    endloop
  endfacet
  facet normal -0.44721359549997824 0 0.89442719099990564
    outer loop
      vertex 150 40 0
      vertex 150.19999999999999 40 0.10000000000000001
      vertex 150.19999999999999 60 0.10000000000000001
    endloop
  endfacet
  facet normal -0.44721359549997824 0 0.89442719099990564
    outer loop
      vertex 150 40 0
      vertex 150.19999999999999 60 0.10000000000000001
      vertex 150 60 0
    endloop
  endfacet
  facet normal 0 0 1
    outer loop
      vertex 150.19999999999999 -60 0.10000000000000001
      vertex 150.40000000000001 -60 0.10000000000000001
      vertex 150.40000000000001 -40 0.10000000000000001
    endloop
  endfacet
  facet normal 0 0 1
    outer loop
      vertex 150.19999999999999 -60 0.10000000000000001
      vertex 150.40000000000001 -40 0.10000000000000001
      vertex 150.19999999999999 -40 0.10000000000000001
    endloop
  endfacet
  facet normal 0 0 1
    outer loop
      vertex 150.19999999999999 -40 0.10000000000000001
      vertex 150.40000000000001 -40 0.10000000000000001
      vertex 150.40000000000001 -20 0.10000000000000001
    endloop
  endfacet
  facet normal 0 0 1
    outer loop
      vertex 150.19999999999999 -40 0.10000000000000001
      vertex 150.40000000000001 -20 0.10000000000000001
      vertex 150.19999999999999 -20 0.10000000000000001
    endloop
  endfacet
  facet normal 0 0 1
    outer loop
      vertex 150.19999999999999 -20 0.10000000000000001
      vertex 150.40000000000001 -20 0.10000000000000001
      vertex 150.40000000000001 -10 0.10000000000000001
    endloop
  endfacet
  facet normal 0 0 1
    outer loop
      vertex 150.19999999999999 -20 0.10000000000000001
      vertex 150.40000000000001 -10 0.10000000000000001
      vertex 150.19999999999999 -10 0.10000000000000001
    endloop
  endfacet
  facet normal 0 0 1
    outer loop
      vertex 150.19999999999999 -10 0.10000000000000001
      vertex 150.40000000000001 -10 0.10000000000000001
      vertex 150.40000000000001 0 0.10000000000000001
    endloop
  endfacet
  facet normal 0 0 1
    outer loop
      vertex 150.19999999999999 -10 0.10000000000000001
      vertex 150.40000000000001 0 0.10000000000000001
      vertex 150.19999999999999 0 0.10000000000000001
    endloop
  endfacet
  facet normal 0 0 1
    outer loop
      vertex 150.19999999999999 0 0.10000000000000001
      vertex 150.40000000000001 0 0.10000000000000001
      vertex 150.40000000000001 0.001 0.10000000000000001
    endloop
  endfacet
  facet normal 0 0 1
    outer loop
      vertex 150.19999999999999 0 0.10000000000000001
      vertex 150.40000000000001 0.001 0.10000000000000001
      vertex 150.19999999999999 0.001 0.10000000000000001
    endloop
  endfacet
  facet normal 0 0 1
    outer loop
      vertex 150.19999999999999 0.001 0.10000000000000001
      vertex 150.40000000000001 0.001 0.10000000000000001
      vertex 150.40000000000001 10 0.10000000000000001
    endloop
  endfacet
  facet normal 0 0 1
    outer loop
      vertex 150.19999999999999 0.001 0.10000000000000001
      vertex 150.40000000000001 10 0.10000000000000001
      vertex 150.19999999999999 10 0.10000000000000001
    endloop
  endfacet
  facet normal 0 0 1
    outer loop
      vertex 150.19999999999999 10 0.10000000000000001
      vertex 150.40000000000001 10 0.10000000000000001
      vertex 150.40000000000001 20 0.10000000000000001
    endloop
  endfacet
  facet normal 0 0 1
    outer loop
      vertex 150.19999999999999 10 0.10000000000000001
      vertex 150.40000000000001 20 0.10000000000000001
      vertex 150.19999999999999 20 0.10000000000000001
    endloop
  endfacet
  facet normal 0 0 1
    outer loop
      vertex 150.19999999999999 20 0.10000000000000001
      vertex 150.40000000000001 20 0.10000000000000001
      vertex 150.40000000000001 40 0.10000000000000001
    endloop
  endfacet
  facet normal 0 0 1
    outer loop
      vertex 150.19999999999999 20 0.10000000000000001
      vertex 150.40000000000001 40 0.10000000000000001
      vertex 150.19999999999999 40 0.10000000000000001
    endloop
  endfacet
  facet normal 0 0 1
    outer loop
      vertex 150.19999999999999 40 0.10000000000000001
      vertex 150.40000000000001 40 0.10000000000000001
      vertex 150.40000000000001 60 0.10000000000000001
    endloop
  endfacet
  facet normal 0 0 1
    outer loop
      vertex 150.19999999999999 40 0.10000000000000001
      vertex 150.40000000000001 60 0.10000000000000001
      vertex 150.19999999999999 60 0.10000000000000001
    endloop
  endfacet
  facet normal 0 0 1
    outer loop
      vertex 150.40000000000001 -60 0.10000000000000001
      vertex 150.59999999999999 -60 0.10000000000000001
      vertex 150.59999999999999 -40 0.10000000000000001
    endloop
  endfacet
  facet normal 0 0 1
    outer loop
      vertex 150.40000000000001 -60 0.10000000000000001
      vertex 150.59999999999999 -40 0.10000000000000001
      vertex 150.40000000000001 -40 0.10000000000000001
    endloop
  endfacet
  facet normal 0 0 1
    outer loop
      vertex 150.40000000000001 -40 0.10000000000000001
      vertex 150.59999999999999 -40 0.10000000000000001
      vertex 150.59999999999999 -20 0.10000000000000001
    endloop
  endfacet
  facet normal 0 0 1
    outer loop
      vertex 150.40000000000001 -40 0.10000000000000001
      vertex 150.59999999999999 -20 0.10000000000000001
      vertex 150.40000000000001 -20 0.10000000000000001
    endloop
  endfacet
  facet normal 0 0 1
    outer loop
      vertex 150.40000000000001 -20 0.10000000000000001
      vertex 150.59999999999999 -20 0.10000000000000001
      vertex 150.59999999999999 -10 0.10000000000000001
    endloop
  endfacet
  facet normal 0 0 1
    outer loop
      vertex 150.40000000000001 -20 0.10000000000000001
      vertex 150.59999999999999 -10 0.10000000000000001
      vertex 150.40000000000001 -10 0.10000000000000001
    endloop
  endfacet
  facet normal 0 0 1
    outer loop
      vertex 150.40000000000001 -10 0.10000000000000001
      vertex 150.59999999999999 -10 0.10000000000000001
      vertex 150.59999999999999 0 0.10000000000000001
    endloop
  endfacet
  facet normal 0 0 1
    outer loop
      vertex 150.40000000000001 -10 0.10000000000000001
      vertex 150.59999999999999 0 0.10000000000000001
      vertex 150.40000000000001 0 0.10000000000000001
    endloop
  endfacet
  facet normal 0 0 1
    outer loop
      vertex 150.40000000000001 0 0.10000000000000001
      vertex 150.59999999999999 0 0.10000000000000001
      vertex 150.59999999999999 0.001 0.10000000000000001
    endloop
  endfacet
  facet normal 0 0 1
    outer loop
      vertex 150.40000000000001 0 0.10000000000000001
      vertex 150.59999999999999 0.001 0.10000000000000001
      vertex 150.40000000000001 0.001 0.10000000000000001
    endloop
  endfacet
  facet normal 0 0 1
    outer loop
      vertex 150.40000000000001 0.001 0.10000000000000001
      vertex 150.59999999999999 0.001 0.10000000000000001
      vertex 150.59999999999999 10 0.10000000000000001
    endloop
  endfacet
  facet normal 0 0 1
    outer loop
      vertex 150.40000000000001 0.001 0.10000000000000001
      vertex 150.59999999999999 10 0.10000000000000001
      vertex 150.40000000000001 10 0.10000000000000001
    endloop
  endfacet
  facet normal 0 0 1
    outer loop
      vertex 150.40000000000001 10 0.10000000000000001
      vertex 150.59999999999999 10 0.10000000000000001
      vertex 150.59999999999999 20 0.10000000000000001
    endloop
  endfacet
  facet normal 0 0 1
    outer loop
      vertex 150.40000000000001 10 0.10000000000000001
      vertex 150.59999999999999 20 0.10000000000000001
      vertex 150.40000000000001 20 0.10000000000000001
    endloop
  endfacet
  facet normal 0 0 1
    outer loop
      vertex 150.40000000000001 20 0.10000000000000001
      vertex 150.59999999999999 20 0.10000000000000001
      vertex 150.59999999999999 40 0.10000000000000001
    endloop
  endfacet
  facet normal 0 0 1
    outer loop
      vertex 150.40000000000001 20 0.10000000000000001
      vertex 150.59999999999999 40 0.10000000000000001
      vertex 150.40000000000001 40 0.10000000000000001
    endloop
  endfacet
  facet normal 0 0 1
    outer loop
      vertex 150.40000000000001 40 0.10000000000000001
      vertex 150.59999999999999 40 0.10000000000000001
      vertex 150.59999999999999 60 0.10000000000000001
    endloop
  endfacet
  facet normal 0 0 1
    outer loop
      vertex 150.40000000000001 40 0.10000000000000001
      vertex 150.59999999999999 60 0.10000000000000001
      vertex 150.40000000000001 60 0.10000000000000001
    endloop
  endfacet
  facet normal 0 0 1
    outer loop
      vertex 150.59999999999999 -60 0.10000000000000001
      vertex 150.80000000000001 -60 0.10000000000000001
      vertex 150.80000000000001 -40 0.10000000000000001
    endloop
  endfacet
  facet normal 0 0 1
    outer loop
      vertex 150.59999999999999 -60 0.10000000000000001
      vertex 150.80000000000001 -40 0.10000000000000001
      vertex 150.59999999999999 -40 0.10000000000000001
    endloop
  endfacet
  facet normal 0 0 1
    outer loop
      vertex 150.59999999999999 -40 0.10000000000000001
      vertex 150.80000000000001 -40 0.10000000000000001
      vertex 150.80000000000001 -20 0.10000000000000001
    endloop
  endfacet
  facet normal 0 0 1
    outer loop
      vertex 150.59999999999999 -40 0.10000000000000001
      vertex 150.80000000000001 -20 0.10000000000000001
      vertex 150.59999999999999 -20 0.10000000000000001
    endloop
  endfacet
  facet normal 0 0 1
    outer loop
      vertex 150.59999999999999 -20 0.10000000000000001
      vertex 150.80000000000001 -20 0.10000000000000001
      vertex 150.80000000000001 -10 0.10000000000000001
    endloop
  endfacet
  facet normal 0 0 1
    outer loop
      vertex 150.59999999999999 -20 0.10000000000000001
      vertex 150.80000000000001 -10 0.10000000000000001
      vertex 150.59999999999999 -10 0.10000000000000001
    endloop
  endfacet
  facet normal 0 0 1
    outer loop
      vertex 150.59999999999999 -10 0.10000000000000001
      vertex 150.80000000000001 -10 0.10000000000000001
      vertex 150.80000000000001 0 0.10000000000000001
    endloop
  endfacet
  facet normal 0 0 1
    outer loop
      vertex 150.59999999999999 -10 0.10000000000000001
      vertex 150.80000000000001 0 0.10000000000000001
      vertex 150.59999999999999 0 0.10000000000000001
    endloop
  endfacet
  facet normal 0 0 1
    outer loop
      vertex 150.59999999999999 0 0.10000000000000001
      vertex 150.80000000000001 0 0.10000000000000001
      vertex 150.80000000000001 0.001 0.10000000000000001
    endloop
  endfacet
  facet normal 0 0 1
    outer loop
      vertex 150.59999999999999 0 0.10000000000000001
      vertex 150.80000000000001 0.001 0.10000000000000001
      vertex 150.59999999999999 0.001 0.10000000000000001
    endloop
  endfacet
  facet normal 0 0 1
    outer loop
      vertex 150.59999999999999 0.001 0.10000000000000001
      vertex 150.80000000000001 0.001 0.10000000000000001
      vertex 150.80000000000001 10 0.10000000000000001
    endloop
  endfacet
  facet normal 0 0 1
    outer loop
      vertex 150.59999999999999 0.001 0.10000000000000001
      vertex 150.80000000000001 10 0.10000000000000001
      vertex 150.59999999999999 10 0.10000000000000001
    endloop
  endfacet
  facet normal 0 0 1
    outer loop
      vertex 150.59999999999999 10 0.10000000000000001
      vertex 150.80000000000001 10 0.10000000000000001
      vertex 150.80000000000001 20 0.10000000000000001
    endloop
  endfacet
  facet normal 0 0 1
    outer loop
      vertex 150.59999999999999 10 0.10000000000000001
      vertex 150.80000000000001 20 0.10000000000000001
      vertex 150.59999999999999 20 0.10000000000000001
    endloop
  endfacet
  facet normal 0 0 1
    outer loop
      vertex 150.59999999999999 20 0.10000000000000001
      vertex 150.80000000000001 20 0.10000000000000001
      vertex 150.80000000000001 40 0.10000000000000001
    endloop
  endfacet
  facet normal 0 0 1
    outer loop
      vertex 150.59999999999999 20 0.10000000000000001
      vertex 150.80000000000001 40 0.10000000000000001
      vertex 150.59999999999999 40 0.10000000000000001
    endloop
  endfacet
  facet normal 0 0 1
    outer loop
      vertex 150.59999999999999 40 0.10000000000000001
      vertex 150.80000000000001 40 0.10000000000000001
      vertex 150.80000000000001 60 0.10000000000000001
    endloop
  endfacet
  facet normal 0 0 1
    outer loop
      vertex 150.59999999999999 40 0.10000000000000001
      vertex 150.80000000000001 60 0.10000000000000001
      vertex 150.59999999999999 60 0.10000000000000001
    endloop
  endfacet
  facet normal 0.44721359549997824 0 0.89442719099990564
    outer loop
      vertex 150.80000000000001 -60 0.10000000000000001
      vertex 151 -60 0
      vertex 151 -40 0
    endloop
  endfacet
  facet normal 0.44721359549997824 -0 0.89442719099990564
    outer loop
      vertex 150.80000000000001 -60 0.10000000000000001
      vertex 151 -40 0
      vertex 150.80000000000001 -40 0.10000000000000001
    endloop
  endfacet
  facet normal 0.44721359549997824 0 0.89442719099990564
    outer loop
      vertex 150.80000000000001 -40 0.10000000000000001
      vertex 151 -40 0
      vertex 151 -20 0
    endloop
  endfacet
  facet normal 0.44721359549997824 -0 0.89442719099990564
    outer loop
      vertex 150.80000000000001 -40 0.10000000000000001
      vertex 151 -20 0
      vertex 150.80000000000001 -20 0.10000000000000001
    endloop
  endfacet
  facet normal 0.44721359549997824 0 0.89442719099990564
    outer loop
      vertex 150.80000000000001 -20 0.10000000000000001
      vertex 151 -20 0
      vertex 151 -10 0
    endloop
  endfacet
  facet normal 0.44721359549997824 -0 0.89442719099990564
    outer loop
      vertex 150.80000000000001 -20 0.10000000000000001
      vertex 151 -10 0
      vertex 150.80000000000001 -10 0.10000000000000001
    endloop
  endfacet
  facet normal 0.44721359549997824 0 0.89442719099990564
    outer loop
      vertex 150.80000000000001 -10 0.10000000000000001
      vertex 151 -10 0
      vertex 151 0 0
    endloop
  endfacet
  facet normal 0.44721359549997824 -0 0.89442719099990564
    outer loop
      vertex 150.80000000000001 -10 0.10000000000000001
      vertex 151 0 0
      vertex 150.80000000000001 0 0.10000000000000001
    endloop
  endfacet
  facet normal 0.44721359549997836 0 0.89442719099990575
    outer loop
      vertex 150.80000000000001 0 0.10000000000000001
      vertex 151 0 0
      vertex 151 0.001 0
    endloop
  endfacet
  facet normal 0.44721359549997836 -0 0.89442719099990575
    outer loop
      vertex 150.80000000000001 0 0.10000000000000001
      vertex 151 0.001 0
      vertex 150.80000000000001 0.001 0.10000000000000001
    endloop
  endfacet
  facet normal 0.4472135954999783 0 0.89442719099990564
    outer loop
      vertex 150.80000000000001 0.001 0.10000000000000001
      vertex 151 0.001 0
      vertex 151 10 0
    endloop
  endfacet
  facet normal 0.4472135954999783 -0 0.89442719099990564
    outer loop
      vertex 150.80000000000001 0.001 0.10000000000000001
      vertex 151 10 0
      vertex 150.80000000000001 10 0.10000000000000001
    endloop
  endfacet
  facet normal 0.44721359549997824 0 0.89442719099990564
    outer loop
      vertex 150.80000000000001 10 0.10000000000000001
      vertex 151 10 0
      vertex 151 20 0
    endloop
  endfacet
  facet normal 0.44721359549997824 -0 0.89442719099990564
    outer loop
      vertex 150.80000000000001 10 0.10000000000000001
      vertex 151 20 0
      vertex 150.80000000000001 20 0.10000000000000001
    endloop
  endfacet
  facet normal 0.44721359549997824 0 0.89442719099990564
    outer loop
      vertex 150.80000000000001 20 0.10000000000000001
      vertex 151 20 0
      vertex 151 40 0
    endloop
  endfacet
  facet normal 0.44721359549997824 -0 0.89442719099990564
    outer loop
      vertex 150.80000000000001 20 0.10000000000000001
      vertex 151 40 0
      vertex 150.80000000000001 40 0.10000000000000001
    endloop
  endfacet
  facet normal 0.44721359549997824 0 0.89442719099990564
    outer loop
      vertex 150.80000000000001 40 0.10000000000000001
      vertex 151 40 0
      vertex 151 60 0
    endloop
  endfacet
  facet normal 0.44721359549997824 -0 0.89442719099990564
    outer loop
      vertex 150.80000000000001 40 0.10000000000000001
      vertex 151 60 0
      vertex 150.80000000000001 60 0.10000000000000001
    endloop
  endfacet
  facet normal 0 0 1
    outer loop
      vertex 151 -60 0
      vertex 151.19999999999999 -60 0
      vertex 151.19999999999999 -40 0
    endloop
  endfacet
  facet normal 0 0 1
    outer loop
      vertex 151 -60 0
      vertex 151.19999999999999 -40 0
      vertex 151 -40 0
    endloop
  endfacet
  facet normal 0 0 1
    outer loop
      vertex 151 -40 0
      vertex 151.19999999999999 -40 0
      vertex 151.19999999999999 -20 0
    endloop
  endfacet
  facet normal 0 0 1
    outer loop
      vertex 151 -40 0
      vertex 151.19999999999999 -20 0
      vertex 151 -20 0
    endloop
  endfacet
  facet normal 0 0 1
    outer loop
      vertex 151 -20 0
      vertex 151.19999999999999 -20 0
      vertex 151.19999999999999 -10 0
    endloop
  endfacet
  facet normal 0 0 1
    outer loop
      vertex 151 -20 0
      vertex 151.19999999999999 -10 0
      vertex 151 -10 0
    endloop
  endfacet
  facet normal 0 0 1
    outer loop
      vertex 151 -10 0
      vertex 151.19999999999999 -10 0
      vertex 151.19999999999999 0 0
    endloop
  endfacet
  facet normal 0 0 1
    outer loop
      vertex 151 -10 0
      vertex 151.19999999999999 0 0
      vertex 151 0 0
    endloop
  endfacet
  facet normal 0 0 1
    outer loop
      vertex 151 0 0
      vertex 151.19999999999999 0 0
      vertex 151.19999999999999 0.001 0
    endloop
  endfacet
  facet normal 0 0 1
    outer loop
      vertex 151 0 0
      vertex 151.19999999999999 0.001 0
      vertex 151 0.001 0
    endloop
  endfacet
  facet normal 0 0 1
    outer loop
      vertex 151 0.001 0
      vertex 151.19999999999999 0.001 0
      vertex 151.19999999999999 10 0
    endloop
  endfacet
  facet normal 0 0 1
    outer loop
      vertex 151 0.001 0
      vertex 151.19999999999999 10 0
      vertex 151 10 0
    endloop
  endfacet
  facet normal 0 0 1
    outer loop
      vertex 151 10 0
      vertex 151.19999999999999 10 0
      vertex 151.19999999999999 20 0
    endloop
  endfacet
  facet normal 0 0 1
    outer loop
      vertex 151 10 0
      vertex 151.19999999999999 20 0
      vertex 151 20 0
    endloop
  endfacet
  facet normal 0 0 1
    outer loop
      vertex 151 20 0
      vertex 151.19999999999999 20 0
      vertex 151.19999999999999 40 0
    endloop
  endfacet
  facet normal 0 0 1
    outer loop
      vertex 151 20 0
      vertex 151.19999999999999 40 0
      vertex 151 40 0
    endloop
  endfacet
  facet normal 0 0 1
    outer loop
      vertex 151 40 0
      vertex 151.19999999999999 40 0
      vertex 151.19999999999999 60 0
    endloop
  endfacet
  facet normal 0 0 1
    outer loop
      vertex 151 40 0
      vertex 151.19999999999999 60 0
      vertex 151 60 0
    endloop
  endfacet
  facet normal 0 0 1
    outer loop
      vertex 151.19999999999999 -60 0
      vertex 151.40000000000001 -60 0
      vertex 151.40000000000001 -40 0
    endloop
  endfacet
  facet normal 0 0 1
    outer loop
      vertex 151.19999999999999 -60 0
      vertex 151.40000000000001 -40 0
      vertex 151.19999999999999 -40 0
    endloop
  endfacet
  facet normal 0 0 1
    outer loop
      vertex 151.19999999999999 -40 0
      vertex 151.40000000000001 -40 0
      vertex 151.40000000000001 -20 0
    endloop
  endfacet
  facet normal 0 0 1
    outer loop
      vertex 151.19999999999999 -40 0
      vertex 151.40000000000001 -20 0
      vertex 151.19999999999999 -20 0
    endloop
  endfacet
  facet normal 0 0 1
    outer loop
      vertex 151.19999999999999 -20 0
      vertex 151.40000000000001 -20 0
      vertex 151.40000000000001 -10 0
    endloop
  endfacet
  facet normal 0 0 1
    outer loop
      vertex 151.19999999999999 -20 0
      vertex 151.40000000000001 -10 0
      vertex 151.19999999999999 -10 0
    endloop
  endfacet
  facet normal 0 0 1
    outer loop
      vertex 151.19999999999999 -10 0
      vertex 151.40000000000001 -10 0
      vertex 151.40000000000001 0 0
    endloop
  endfacet
  facet normal 0 0 1
    outer loop
      vertex 151.19999999999999 -10 0
      vertex 151.40000000000001 0 0
      vertex 151.19999999999999 0 0
    endloop
  endfacet
  facet normal 0 0 1
    outer loop
      vertex 151.19999999999999 0 0
      vertex 151.40000000000001 0 0
      vertex 151.40000000000001 0.001 0
    endloop
  endfacet
  facet normal 0 0 1
    outer loop
      vertex 151.19999999999999 0 0
      vertex 151.40000000000001 0.001 0
      vertex 151.19999999999999 0.001 0
    endloop
  endfacet
  facet normal 0 0 1
    outer loop
      vertex 151.19999999999999 0.001 0
      vertex 151.40000000000001 0.001 0
      vertex 151.40000000000001 10 0
    endloop
  endfacet
  facet normal 0 0 1
    outer loop
      vertex 151.19999999999999 0.001 0
      vertex 151.40000000000001 10 0
      vertex 151.19999999999999 10 0
    endloop
  endfacet
  facet normal 0 0 1
    outer loop
      vertex 151.19999999999999 10 0
      vertex 151.40000000000001 10 0
      vertex 151.40000000000001 20 0
    endloop
  endfacet
  facet normal 0 0 1
    outer loop
      vertex 151.19999999999999 10 0
      vertex 151.40000000000001 20 0
      vertex 151.19999999999999 20 0
    endloop
  endfacet
  facet normal 0 0 1
    outer loop
      vertex 151.19999999999999 20 0
      vertex 151.40000000000001 20 0
      vertex 151.40000000000001 40 0
    endloop
  endfacet
  facet normal 0 0 1
    outer loop
      vertex 151.19999999999999 20 0
      vertex 151.40000000000001 40 0
      vertex 151.19999999999999 40 0
    endloop
  endfacet
  facet normal 0 0 1
    outer loop
      vertex 151.19999999999999 40 0
      vertex 151.40000000000001 40 0
      vertex 151.40000000000001 60 0
    endloop
  endfacet
  facet normal 0 0 1
    outer loop
      vertex 151.19999999999999 40 0
      vertex 151.40000000000001 60 0
      vertex 151.19999999999999 60 0
    endloop
  endfacet
  facet normal 0 0 1
    outer loop
      vertex 151.40000000000001 -60 0
      vertex 151.59999999999999 -60 0
      vertex 151.59999999999999 -40 0
    endloop
  endfacet
  facet normal 0 0 1
    outer loop
      vertex 151.40000000000001 -60 0
      vertex 151.59999999999999 -40 0
      vertex 151.40000000000001 -40 0
    endloop
  endfacet
  facet normal 0 0 1
    outer loop
      vertex 151.40000000000001 -40 0
      vertex 151.59999999999999 -40 0
      vertex 151.59999999999999 -20 0
    endloop
  endfacet
  facet normal 0 0 1
    outer loop
      vertex 151.40000000000001 -40 0
      vertex 151.59999999999999 -20 0
      vertex 151.40000000000001 -20 0
    endloop
  endfacet
  facet normal 0 0 1
    outer loop
      vertex 151.40000000000001 -20 0
      vertex 151.59999999999999 -20 0
      vertex 151.59999999999999 -10 0
    endloop
  endfacet
  facet normal 0 0 1
    outer loop
      vertex 151.40000000000001 -20 0
      vertex 151.59999999999999 -10 0
      vertex 151.40000000000001 -10 0
    endloop
  endfacet
  facet normal 0 0 1
    outer loop
      vertex 151.40000000000001 -10 0
      vertex 151.59999999999999 -10 0
      vertex 151.59999999999999 0 0
    endloop
  endfacet
  facet normal 0 0 1
    outer loop
      vertex 151.40000000000001 -10 0
      vertex 151.59999999999999 0 0
      vertex 151.40000000000001 0 0
    endloop
  endfacet
  facet normal 0 0 1
    outer loop
      vertex 151.40000000000001 0 0
      vertex 151.59999999999999 0 0
      vertex 151.59999999999999 0.001 0
    endloop
  endfacet
  facet normal 0 0 1
    outer loop
      vertex 151.40000000000001 0 0
      vertex 151.59999999999999 0.001 0
      vertex 151.40000000000001 0.001 0
    endloop
  endfacet
  facet normal 0 0 1
    outer loop
      vertex 151.40000000000001 0.001 0
      vertex 151.59999999999999 0.001 0
      vertex 151.59999999999999 10 0
    endloop
  endfacet
  facet normal 0 0 1
    outer loop
      vertex 151.40000000000001 0.001 0
      vertex 151.59999999999999 10 0
      vertex 151.40000000000001 10 0
    endloop
  endfacet
  facet normal 0 0 1
    outer loop
      vertex 151.40000000000001 10 0
      vertex 151.59999999999999 10 0
      vertex 151.59999999999999 20 0
    endloop
  endfacet
  facet normal 0 0 1
    outer loop
      vertex 151.40000000000001 10 0
      vertex 151.59999999999999 20 0
      vertex 151.40000000000001 20 0
    endloop
  endfacet
  facet normal 0 0 1
    outer loop
      vertex 151.40000000000001 20 0
      vertex 151.59999999999999 20 0
      vertex 151.59999999999999 40 0
    endloop
  endfacet
  facet normal 0 0 1
    outer loop
      vertex 151.40000000000001 20 0
      vertex 151.59999999999999 40 0
      vertex 151.40000000000001 40 0
    endloop
  endfacet
  facet normal 0 0 1
    outer loop
      vertex 151.40000000000001 40 0
      vertex 151.59999999999999 40 0
      vertex 151.59999999999999 60 0
    endloop
  endfacet
  facet normal 0 0 1
    outer loop
      vertex 151.40000000000001 40 0
      vertex 151.59999999999999 60 0
      vertex 151.40000000000001 60 0
    endloop
  endfacet
  facet normal 0 0 1
    outer loop
      vertex 151.59999999999999 -60 0
      vertex 151.80000000000001 -60 0
      vertex 151.80000000000001 -40 0
    endloop
  endfacet
  facet normal 0 0 1
    outer loop
      vertex 151.59999999999999 -60 0
      vertex 151.80000000000001 -40 0
      vertex 151.59999999999999 -40 0
    endloop
  endfacet
  facet normal 0 0 1
    outer loop
      vertex 151.59999999999999 -40 0
      vertex 151.80000000000001 -40 0
      vertex 151.80000000000001 -20 0
    endloop
  endfacet
  facet normal 0 0 1
    outer loop
      vertex 151.59999999999999 -40 0
      vertex 151.80000000000001 -20 0
      vertex 151.59999999999999 -20 0
    endloop
  endfacet
  facet normal 0 0 1
    outer loop
      vertex 151.59999999999999 -20 0
      vertex 151.80000000000001 -20 0
      vertex 151.80000000000001 -10 0
    endloop
  endfacet
  facet normal 0 0 1
    outer loop
      vertex 151.59999999999999 -20 0
      vertex 151.80000000000001 -10 0
      vertex 151.59999999999999 -10 0
    endloop
  endfacet
  facet normal 0 0 1
    outer loop
      vertex 151.59999999999999 -10 0
      vertex 151.80000000000001 -10 0
      vertex 151.80000000000001 0 0
    endloop
  endfacet
  facet normal 0 0 1
    outer loop
      vertex 151.59999999999999 -10 0
      vertex 151.80000000000001 0 0
      vertex 151.59999999999999 0 0
    endloop
  endfacet
  facet normal 0 0 1
    outer loop
      vertex 151.59999999999999 0 0
      vertex 151.80000000000001 0 0
      vertex 151.80000000000001 0.001 0
    endloop
  endfacet
  facet normal 0 0 1
    outer loop
      vertex 151.59999999999999 0 0
      vertex 151.80000000000001 0.001 0
      vertex 151.59999999999999 0.001 0
    endloop
  endfacet
  facet normal 0 0 1
    outer loop
      vertex 151.59999999999999 0.001 0
      vertex 151.80000000000001 0.001 0
      vertex 151.80000000000001 10 0
    endloop
  endfacet
  facet normal 0 0 1
    outer loop
      vertex 151.59999999999999 0.001 0
      vertex 151.80000000000001 10 0
      vertex 151.59999999999999 10 0
    endloop
  endfacet
  facet normal 0 0 1
    outer loop
      vertex 151.59999999999999 10 0
      vertex 151.80000000000001 10 0
      vertex 151.80000000000001 20 0
    endloop
  endfacet
  facet normal 0 0 1
    outer loop
      vertex 151.59999999999999 10 0
      vertex 151.80000000000001 20 0
      vertex 151.59999999999999 20 0
    endloop
  endfacet
  facet normal 0 0 1
    outer loop
      vertex 151.59999999999999 20 0
      vertex 151.80000000000001 20 0
      vertex 151.80000000000001 40 0
    endloop
  endfacet
  facet normal 0 0 1
    outer loop
      vertex 151.59999999999999 20 0
      vertex 151.80000000000001 40 0
      vertex 151.59999999999999 40 0
    endloop
  endfacet
  facet normal 0 0 1
    outer loop
      vertex 151.59999999999999 40 0
      vertex 151.80000000000001 40 0
      vertex 151.80000000000001 60 0
    endloop
  endfacet
  facet normal 0 0 1
    outer loop
      vertex 151.59999999999999 40 0
      vertex 151.80000000000001 60 0
      vertex 151.59999999999999 60 0
    endloop
  endfacet
  facet normal 0 0 1
    outer loop
      vertex 151.80000000000001 -60 0
      vertex 152 -60 0
      vertex 152 -40 0
    endloop
  endfacet
  facet normal 0 0 1
    outer loop
      vertex 151.80000000000001 -60 0
      vertex 152 -40 0
      vertex 151.80000000000001 -40 0
    endloop
  endfacet
  facet normal 0 0 1
    outer loop
      vertex 151.80000000000001 -40 0
      vertex 152 -40 0
      vertex 152 -20 0
    endloop
  endfacet
  facet normal 0 0 1
    outer loop
      vertex 151.80000000000001 -40 0
      vertex 152 -20 0
      vertex 151.80000000000001 -20 0
    endloop
  endfacet
  facet normal 0 0 1
    outer loop
      vertex 151.80000000000001 -20 0
      vertex 152 -20 0
      vertex 152 -10 0
    endloop
  endfacet
  facet normal 0 0 1
    outer loop
      vertex 151.80000000000001 -20 0
      vertex 152 -10 0
      vertex 151.80000000000001 -10 0
    endloop
  endfacet
  facet normal 0 0 1
    outer loop
      vertex 151.80000000000001 -10 0
      vertex 152 -10 0
      vertex 152 0 0
    endloop
  endfacet
  facet normal 0 0 1
    outer loop
      vertex 151.80000000000001 -10 0
      vertex 152 0 0
      vertex 151.80000000000001 0 0
    endloop
  endfacet
  facet normal 0 0 1
    outer loop
      vertex 151.80000000000001 0 0
      vertex 152 0 0
      vertex 152 0.001 0
    endloop
  endfacet
  facet normal 0 0 1
    outer loop
      vertex 151.80000000000001 0 0
      vertex 152 0.001 0
      vertex 151.80000000000001 0.001 0
    endloop
  endfacet
  facet normal 0 0 1
    outer loop
      vertex 151.80000000000001 0.001 0
      vertex 152 0.001 0
      vertex 152 10 0
    endloop
  endfacet
  facet normal 0 0 1
    outer loop
      vertex 151.80000000000001 0.001 0
      vertex 152 10 0
      vertex 151.80000000000001 10 0
    endloop
  endfacet
  facet normal 0 0 1
    outer loop
      vertex 151.80000000000001 10 0
      vertex 152 10 0
      vertex 152 20 0
    endloop
  endfacet
  facet normal 0 0 1
    outer loop
      vertex 151.80000000000001 10 0
      vertex 152 20 0
      vertex 151.80000000000001 20 0
    endloop
  endfacet
  facet normal 0 0 1
    outer loop
      vertex 151.80000000000001 20 0
      vertex 152 20 0
      vertex 152 40 0
    endloop
  endfacet
  facet normal 0 0 1
    outer loop
      vertex 151.80000000000001 20 0
      vertex 152 40 0
      vertex 151.80000000000001 40 0
    endloop
  endfacet
  facet normal 0 0 1
    outer loop
      vertex 151.80000000000001 40 0
      vertex 152 40 0
      vertex 152 60 0
    endloop
  endfacet
  facet normal 0 0 1
    outer loop
      vertex 151.80000000000001 40 0
      vertex 152 60 0
      vertex 151.80000000000001 60 0
    endloop
  endfacet
  facet normal 0 0 1
    outer loop
      vertex 152 -60 0
      vertex 152.19999999999999 -60 0
      vertex 152.19999999999999 -40 0
    endloop
  endfacet
  facet normal 0 0 1
    outer loop
      vertex 152 -60 0
      vertex 152.19999999999999 -40 0
      vertex 152 -40 0
    endloop
  endfacet
  facet normal 0 0 1
    outer loop
      vertex 152 -40 0
      vertex 152.19999999999999 -40 0
      vertex 152.19999999999999 -20 0
    endloop
  endfacet
  facet normal 0 0 1
    outer loop
      vertex 152 -40 0
      vertex 152.19999999999999 -20 0
      vertex 152 -20 0
    endloop
  endfacet
  facet normal 0 0 1
    outer loop
      vertex 152 -20 0
      vertex 152.19999999999999 -20 0
      vertex 152.19999999999999 -10 0
    endloop
  endfacet
  facet normal 0 0 1
    outer loop
      vertex 152 -20 0
      vertex 152.19999999999999 -10 0
      vertex 152 -10 0
    endloop
  endfacet
  facet normal 0 0 1
    outer loop
      vertex 152 -10 0
      vertex 152.19999999999999 -10 0
      vertex 152.19999999999999 0 0
    endloop
  endfacet
  facet normal 0 0 1
    outer loop
      vertex 152 -10 0
      vertex 152.19999999999999 0 0
      vertex 152 0 0
    endloop
  endfacet
  facet normal 0 0 1
    outer loop
      vertex 152 0 0
      vertex 152.19999999999999 0 0
      vertex 152.19999999999999 0.001 0
    endloop
  endfacet
  facet normal 0 0 1
    outer loop
      vertex 152 0 0
      vertex 152.19999999999999 0.001 0
      vertex 152 0.001 0
    endloop
  endfacet
  facet normal 0 0 1
    outer loop
      vertex 152 0.001 0
      vertex 152.19999999999999 0.001 0
      vertex 152.19999999999999 10 0
    endloop
  endfacet
  facet normal 0 0 1
    outer loop
      vertex 152 0.001 0
      vertex 152.19999999999999 10 0
      vertex 152 10 0
    endloop
  endfacet
  facet normal 0 0 1
    outer loop
      vertex 152 10 0
      vertex 152.19999999999999 10 0
      vertex 152.19999999999999 20 0
    endloop
  endfacet
  facet normal 0 0 1
    outer loop
      vertex 152 10 0
      vertex 152.19999999999999 20 0
      vertex 152 20 0
    endloop
  endfacet
  facet normal 0 0 1
    outer loop
      vertex 152 20 0
      vertex 152.19999999999999 20 0
      vertex 152.19999999999999 40 0
    endloop
  endfacet
  facet normal 0 0 1
    outer loop
      vertex 152 20 0
      vertex 152.19999999999999 40 0
      vertex 152 40 0
    endloop
  endfacet
  facet normal 0 0 1
    outer loop
      vertex 152 40 0
      vertex 152.19999999999999 40 0
      vertex 152.19999999999999 60 0
    endloop
  endfacet
  facet normal 0 0 1
    outer loop
      vertex 152 40 0
      vertex 152.19999999999999 60 0
      vertex 152 60 0
    endloop
  endfacet
  facet normal 0 0 1
    outer loop
      vertex 152.19999999999999 -60 0
      vertex 152.40000000000001 -60 0
      vertex 152.40000000000001 -40 0
    endloop
  endfacet
  facet normal 0 0 1
    outer loop
      vertex 152.19999999999999 -60 0
      vertex 152.40000000000001 -40 0
      vertex 152.19999999999999 -40 0
    endloop
  endfacet
  facet normal 0 0 1
    outer loop
      vertex 152.19999999999999 -40 0
      vertex 152.40000000000001 -40 0
      vertex 152.40000000000001 -20 0
    endloop
  endfacet
  facet normal 0 0 1
    outer loop
      vertex 152.19999999999999 -40 0
      vertex 152.40000000000001 -20 0
      vertex 152.19999999999999 -20 0
    endloop
  endfacet
  facet normal 0 0 1
    outer loop
      vertex 152.19999999999999 -20 0
      vertex 152.40000000000001 -20 0
      vertex 152.40000000000001 -10 0
    endloop
  endfacet
  facet normal 0 0 1
    outer loop
      vertex 152.19999999999999 -20 0
      vertex 152.40000000000001 -10 0
      vertex 152.19999999999999 -10 0
    endloop
  endfacet
  facet normal 0 0 1
    outer loop
      vertex 152.19999999999999 -10 0
      vertex 152.40000000000001 -10 0
      vertex 152.40000000000001 0 0
    endloop
  endfacet
  facet normal 0 0 1
    outer loop
      vertex 152.19999999999999 -10 0
      vertex 152.40000000000001 0 0
      vertex 152.19999999999999 0 0
    endloop
  endfacet
  facet normal 0 0 1
    outer loop
      vertex 152.19999999999999 0 0
      vertex 152.40000000000001 0 0
      vertex 152.40000000000001 0.001 0
    endloop
  endfacet
  facet normal 0 0 1
    outer loop
      vertex 152.19999999999999 0 0
      vertex 152.40000000000001 0.001 0
      vertex 152.19999999999999 0.001 0
    endloop
  endfacet
  facet normal 0 0 1
    outer loop
      vertex 152.19999999999999 0.001 0
      vertex 152.40000000000001 0.001 0
      vertex 152.40000000000001 10 0
    endloop
  endfacet
  facet normal 0 0 1
    outer loop
      vertex 152.19999999999999 0.001 0
      vertex 152.40000000000001 10 0
      vertex 152.19999999999999 10 0
    endloop
  endfacet
  facet normal 0 0 1
    outer loop
      vertex 152.19999999999999 10 0
      vertex 152.40000000000001 10 0
      vertex 152.40000000000001 20 0
    endloop
  endfacet
  facet normal 0 0 1
    outer loop
      vertex 152.19999999999999 10 0
      vertex 152.40000000000001 20 0
      vertex 152.19999999999999 20 0
    endloop
  endfacet
  facet normal 0 0 1
    outer loop
      vertex 152.19999999999999 20 0
      vertex 152.40000000000001 20 0
      vertex 152.40000000000001 40 0
    endloop
  endfacet
  facet normal 0 0 1
    outer loop
      vertex 152.19999999999999 20 0
      vertex 152.40000000000001 40 0
      vertex 152.19999999999999 40 0
    endloop
  endfacet
  facet normal 0 0 1
    outer loop
      vertex 152.19999999999999 40 0
      vertex 152.40000000000001 40 0
      vertex 152.40000000000001 60 0
    endloop
  endfacet
  facet normal 0 0 1
    outer loop
      vertex 152.19999999999999 40 0
      vertex 152.40000000000001 60 0
      vertex 152.19999999999999 60 0
    endloop
  endfacet
  facet normal 0 0 1
    outer loop
      vertex 152.40000000000001 -60 0
      vertex 152.59999999999999 -60 0
      vertex 152.59999999999999 -40 0
    endloop
  endfacet
  facet normal 0 0 1
    outer loop
      vertex 152.40000000000001 -60 0
      vertex 152.59999999999999 -40 0
      vertex 152.40000000000001 -40 0
    endloop
  endfacet
  facet normal 0 0 1
    outer loop
      vertex 152.40000000000001 -40 0
      vertex 152.59999999999999 -40 0
      vertex 152.59999999999999 -20 0
    endloop
  endfacet
  facet normal 0 0 1
    outer loop
      vertex 152.40000000000001 -40 0
      vertex 152.59999999999999 -20 0
      vertex 152.40000000000001 -20 0
    endloop
  endfacet
  facet normal 0 0 1
    outer loop
      vertex 152.40000000000001 -20 0
      vertex 152.59999999999999 -20 0
      vertex 152.59999999999999 -10 0
    endloop
  endfacet
  facet normal 0 0 1
    outer loop
      vertex 152.40000000000001 -20 0
      vertex 152.59999999999999 -10 0
      vertex 152.40000000000001 -10 0
    endloop
  endfacet
  facet normal 0 0 1
    outer loop
      vertex 152.40000000000001 -10 0
      vertex 152.59999999999999 -10 0
      vertex 152.59999999999999 0 0
    endloop
  endfacet
  facet normal 0 0 1
    outer loop
      vertex 152.40000000000001 -10 0
      vertex 152.59999999999999 0 0
      vertex 152.40000000000001 0 0
    endloop
  endfacet
  facet normal 0 0 1
    outer loop
      vertex 152.40000000000001 0 0
      vertex 152.59999999999999 0 0
      vertex 152.59999999999999 0.001 0
    endloop
  endfacet
  facet normal 0 0 1
    outer loop
      vertex 152.40000000000001 0 0
      vertex 152.59999999999999 0.001 0
      vertex 152.40000000000001 0.001 0
    endloop
  endfacet
  facet normal 0 0 1
    outer loop
      vertex 152.40000000000001 0.001 0
      vertex 152.59999999999999 0.001 0
      vertex 152.59999999999999 10 0
    endloop
  endfacet
  facet normal 0 0 1
    outer loop
      vertex 152.40000000000001 0.001 0
      vertex 152.59999999999999 10 0
      vertex 152.40000000000001 10 0
    endloop
  endfacet
  facet normal 0 0 1
    outer loop
      vertex 152.40000000000001 10 0
      vertex 152.59999999999999 10 0
      vertex 152.59999999999999 20 0
    endloop
  endfacet
  facet normal 0 0 1
    outer loop
      vertex 152.40000000000001 10 0
      vertex 152.59999999999999 20 0
      vertex 152.40000000000001 20 0
    endloop
  endfacet
  facet normal 0 0 1
    outer loop
      vertex 152.40000000000001 20 0
      vertex 152.59999999999999 20 0
      vertex 152.59999999999999 40 0
    endloop
  endfacet
  facet normal 0 0 1
    outer loop
      vertex 152.40000000000001 20 0
      vertex 152.59999999999999 40 0
      vertex 152.40000000000001 40 0
    endloop
  endfacet
  facet normal 0 0 1
    outer loop
      vertex 152.40000000000001 40 0
      vertex 152.59999999999999 40 0
      vertex 152.59999999999999 60 0
    endloop
  endfacet
  facet normal 0 0 1
    outer loop
      vertex 152.40000000000001 40 0
      vertex 152.59999999999999 60 0
      vertex 152.40000000000001 60 0
    endloop
  endfacet
  facet normal 0 0 1
    outer loop
      vertex 152.59999999999999 -60 0
      vertex 152.80000000000001 -60 0
      vertex 152.80000000000001 -40 0
    endloop
  endfacet
  facet normal 0 0 1
    outer loop
      vertex 152.59999999999999 -60 0
      vertex 152.80000000000001 -40 0
      vertex 152.59999999999999 -40 0
    endloop
  endfacet
  facet normal 0 0 1
    outer loop
      vertex 152.59999999999999 -40 0
      vertex 152.80000000000001 -40 0
      vertex 152.80000000000001 -20 0
    endloop
  endfacet
  facet normal 0 0 1
    outer loop
      vertex 152.59999999999999 -40 0
      vertex 152.80000000000001 -20 0
      vertex 152.59999999999999 -20 0
    endloop
  endfacet
  facet normal 0 0 1
    outer loop
      vertex 152.59999999999999 -20 0
      vertex 152.80000000000001 -20 0
      vertex 152.80000000000001 -10 0
    endloop
  endfacet
  facet normal 0 0 1
    outer loop
      vertex 152.59999999999999 -20 0
      vertex 152.80000000000001 -10 0
      vertex 152.59999999999999 -10 0
    endloop
  endfacet
  facet normal 0 0 1
    outer loop
      vertex 152.59999999999999 -10 0
      vertex 152.80000000000001 -10 0
      vertex 152.80000000000001 0 0
    endloop
  endfacet
  facet normal 0 0 1
    outer loop
      vertex 152.59999999999999 -10 0
      vertex 152.80000000000001 0 0
      vertex 152.59999999999999 0 0
    endloop
  endfacet
  facet normal 0 0 1
    outer loop
      vertex 152.59999999999999 0 0
      vertex 152.80000000000001 0 0
      vertex 152.80000000000001 0.001 0
    endloop
  endfacet
  facet normal 0 0 1
    outer loop
      vertex 152.59999999999999 0 0
      vertex 152.80000000000001 0.001 0
      vertex 152.59999999999999 0.001 0
    endloop
  endfacet
  facet normal 0 0 1
    outer loop
      vertex 152.59999999999999 0.001 0
      vertex 152.80000000000001 0.001 0
      vertex 152.80000000000001 10 0
    endloop
  endfacet
  facet normal 0 0 1
    outer loop
      vertex 152.59999999999999 0.001 0
      vertex 152.80000000000001 10 0
      vertex 152.59999999999999 10 0
    endloop
  endfacet
  facet normal 0 0 1
    outer loop
      vertex 152.59999999999999 10 0
      vertex 152.80000000000001 10 0
      vertex 152.80000000000001 20 0
    endloop
  endfacet
  facet normal 0 0 1
    outer loop
      vertex 152.59999999999999 10 0
      vertex 152.80000000000001 20 0
      vertex 152.59999999999999 20 0
    endloop
  endfacet
  facet normal 0 0 1
    outer loop
      vertex 152.59999999999999 20 0
      vertex 152.80000000000001 20 0
      vertex 152.80000000000001 40 0
    endloop
  endfacet
  facet normal 0 0 1
    outer loop
      vertex 152.59999999999999 20 0
      vertex 152.80000000000001 40 0
      vertex 152.59999999999999 40 0
    endloop
  endfacet
  facet normal 0 0 1
    outer loop
      vertex 152.59999999999999 40 0
      vertex 152.80000000000001 40 0
      vertex 152.80000000000001 60 0
    endloop
  endfacet
  facet normal 0 0 1
    outer loop
      vertex 152.59999999999999 40 0
      vertex 152.80000000000001 60 0
      vertex 152.59999999999999 60 0
    endloop
  endfacet
  facet normal 0 0 1
    outer loop
      vertex 152.80000000000001 -60 0
      vertex 153 -60 0
      vertex 153 -40 0
    endloop
  endfacet
  facet normal 0 0 1
    outer loop
      vertex 152.80000000000001 -60 0
      vertex 153 -40 0
      vertex 152.80000000000001 -40 0
    endloop
  endfacet
  facet normal 0 0 1
    outer loop
      vertex 152.80000000000001 -40 0
      vertex 153 -40 0
      vertex 153 -20 0
    endloop
  endfacet
  facet normal 0 0 1
    outer loop
      vertex 152.80000000000001 -40 0
      vertex 153 -20 0
      vertex 152.80000000000001 -20 0
    endloop
  endfacet
  facet normal 0 0 1
    outer loop
      vertex 152.80000000000001 -20 0
      vertex 153 -20 0
      vertex 153 -10 0
    endloop
  endfacet
  facet normal 0 0 1
    outer loop
      vertex 152.80000000000001 -20 0
      vertex 153 -10 0
      vertex 152.80000000000001 -10 0
    endloop
  endfacet
  facet normal 0 0 1
    outer loop
      vertex 152.80000000000001 -10 0
      vertex 153 -10 0
      vertex 153 0 0
    endloop
  endfacet
  facet normal 0 0 1
    outer loop
      vertex 152.80000000000001 -10 0
      vertex 153 0 0
      vertex 152.80000000000001 0 0
    endloop
  endfacet
  facet normal 0 0 1
    outer loop
      vertex 152.80000000000001 0 0
      vertex 153 0 0
      vertex 153 0.001 0
    endloop
  endfacet
  facet normal 0 0 1
    outer loop
      vertex 152.80000000000001 0 0
      vertex 153 0.001 0
      vertex 152.80000000000001 0.001 0
    endloop
  endfacet
  facet normal 0 0 1
    outer loop
      vertex 152.80000000000001 0.001 0
      vertex 153 0.001 0
      vertex 153 10 0
    endloop
  endfacet
  facet normal 0 0 1
    outer loop
      vertex 152.80000000000001 0.001 0
      vertex 153 10 0
      vertex 152.80000000000001 10 0
    endloop
  endfacet
  facet normal 0 0 1
    outer loop
      vertex 152.80000000000001 10 0
      vertex 153 10 0
      vertex 153 20 0
    endloop
  endfacet
  facet normal 0 0 1
    outer loop
      vertex 152.80000000000001 10 0
      vertex 153 20 0
      vertex 152.80000000000001 20 0
    endloop
  endfacet
  facet normal 0 0 1
    outer loop
      vertex 152.80000000000001 20 0
      vertex 153 20 0
      vertex 153 40 0
    endloop
  endfacet
  facet normal 0 0 1
    outer loop
      vertex 152.80000000000001 20 0
      vertex 153 40 0
      vertex 152.80000000000001 40 0
    endloop
  endfacet
  facet normal 0 0 1
    outer loop
      vertex 152.80000000000001 40 0
      vertex 153 40 0
      vertex 153 60 0
    endloop
  endfacet
  facet normal 0 0 1
    outer loop
      vertex 152.80000000000001 40 0
      vertex 153 60 0
      vertex 152.80000000000001 60 0
    endloop
  endfacet
  facet normal 0 0 1
    outer loop
      vertex 153 -60 0
      vertex 153.19999999999999 -60 0
      vertex 153.19999999999999 -40 0
    endloop
  endfacet
  facet normal 0 0 1
    outer loop
      vertex 153 -60 0
      vertex 153.19999999999999 -40 0
      vertex 153 -40 0
    endloop
  endfacet
  facet normal 0 0 1
    outer loop
      vertex 153 -40 0
      vertex 153.19999999999999 -40 0
      vertex 153.19999999999999 -20 0
    endloop
  endfacet
  facet normal 0 0 1
    outer loop
      vertex 153 -40 0
      vertex 153.19999999999999 -20 0
      vertex 153 -20 0
    endloop
  endfacet
  facet normal 0 0 1
    outer loop
      vertex 153 -20 0
      vertex 153.19999999999999 -20 0
      vertex 153.19999999999999 -10 0
    endloop
  endfacet
  facet normal 0 0 1
    outer loop
      vertex 153 -20 0
      vertex 153.19999999999999 -10 0
      vertex 153 -10 0
    endloop
  endfacet
  facet normal 0 0 1
    outer loop
      vertex 153 -10 0
      vertex 153.19999999999999 -10 0
      vertex 153.19999999999999 0 0
    endloop
  endfacet
  facet normal 0 0 1
    outer loop
      vertex 153 -10 0
      vertex 153.19999999999999 0 0
      vertex 153 0 0
    endloop
  endfacet
  facet normal 0 0 1
    outer loop
      vertex 153 0 0
      vertex 153.19999999999999 0 0
      vertex 153.19999999999999 0.001 0
    endloop
  endfacet
  facet normal 0 0 1
    outer loop
      vertex 153 0 0
      vertex 153.19999999999999 0.001 0
      vertex 153 0.001 0
    endloop
  endfacet
  facet normal 0 0 1
    outer loop
      vertex 153 0.001 0
      vertex 153.19999999999999 0.001 0
      vertex 153.19999999999999 10 0
    endloop
  endfacet
  facet normal 0 0 1
    outer loop
      vertex 153 0.001 0
      vertex 153.19999999999999 10 0
      vertex 153 10 0
    endloop
  endfacet
  facet normal 0 0 1
    outer loop
      vertex 153 10 0
      vertex 153.19999999999999 10 0
      vertex 153.19999999999999 20 0
    endloop
  endfacet
  facet normal 0 0 1
    outer loop
      vertex 153 10 0
      vertex 153.19999999999999 20 0
      vertex 153 20 0
    endloop
  endfacet
  facet normal 0 0 1
    outer loop
      vertex 153 20 0
      vertex 153.19999999999999 20 0
      vertex 153.19999999999999 40 0
    endloop
  endfacet
  facet normal 0 0 1
    outer loop
      vertex 153 20 0
      vertex 153.19999999999999 40 0
      vertex 153 40 0
    endloop
  endfacet
  facet normal 0 0 1
    outer loop
      vertex 153 40 0
      vertex 153.19999999999999 40 0
      vertex 153.19999999999999 60 0
    endloop
  endfacet
  facet normal 0 0 1
    outer loop
      vertex 153 40 0
      vertex 153.19999999999999 60 0
      vertex 153 60 0
    endloop
  endfacet
  facet normal 0 0 1
    outer loop
      vertex 153.19999999999999 -60 0
      vertex 153.40000000000001 -60 0
      vertex 153.40000000000001 -40 0
    endloop
  endfacet
  facet normal 0 0 1
    outer loop
      vertex 153.19999999999999 -60 0
      vertex 153.40000000000001 -40 0
      vertex 153.19999999999999 -40 0
    endloop
  endfacet
  facet normal 0 0 1
    outer loop
      vertex 153.19999999999999 -40 0
      vertex 153.40000000000001 -40 0
      vertex 153.40000000000001 -20 0
    endloop
  endfacet
  facet normal 0 0 1
    outer loop
      vertex 153.19999999999999 -40 0
      vertex 153.40000000000001 -20 0
      vertex 153.19999999999999 -20 0
    endloop
  endfacet
  facet normal 0 0 1
    outer loop
      vertex 153.19999999999999 -20 0
      vertex 153.40000000000001 -20 0
      vertex 153.40000000000001 -10 0
    endloop
  endfacet
  facet normal 0 0 1
    outer loop
      vertex 153.19999999999999 -20 0
      vertex 153.40000000000001 -10 0
      vertex 153.19999999999999 -10 0
    endloop
  endfacet
  facet normal 0 0 1
    outer loop
      vertex 153.19999999999999 -10 0
      vertex 153.40000000000001 -10 0
      vertex 153.40000000000001 0 0
    endloop
  endfacet
  facet normal 0 0 1
    outer loop
      vertex 153.19999999999999 -10 0
      vertex 153.40000000000001 0 0
      vertex 153.19999999999999 0 0
    endloop
  endfacet
  facet normal 0 0 1
    outer loop
      vertex 153.19999999999999 0 0
      vertex 153.40000000000001 0 0
      vertex 153.40000000000001 0.001 0
    endloop
  endfacet
  facet normal 0 0 1
    outer loop
      vertex 153.19999999999999 0 0
      vertex 153.40000000000001 0.001 0
      vertex 153.19999999999999 0.001 0
    endloop
  endfacet
  facet normal 0 0 1
    outer loop
      vertex 153.19999999999999 0.001 0
      vertex 153.40000000000001 0.001 0
      vertex 153.40000000000001 10 0
    endloop
  endfacet
  facet normal 0 0 1
    outer loop
      vertex 153.19999999999999 0.001 0
      vertex 153.40000000000001 10 0
      vertex 153.19999999999999 10 0
    endloop
  endfacet
  facet normal 0 0 1
    outer loop
      vertex 153.19999999999999 10 0
      vertex 153.40000000000001 10 0
      vertex 153.40000000000001 20 0
    endloop
  endfacet
  facet normal 0 0 1
    outer loop
      vertex 153.19999999999999 10 0
      vertex 153.40000000000001 20 0
      vertex 153.19999999999999 20 0
    endloop
  endfacet
  facet normal 0 0 1
    outer loop
      vertex 153.19999999999999 20 0
      vertex 153.40000000000001 20 0
      vertex 153.40000000000001 40 0
    endloop
  endfacet
  facet normal 0 0 1
    outer loop
      vertex 153.19999999999999 20 0
      vertex 153.40000000000001 40 0
      vertex 153.19999999999999 40 0
    endloop
  endfacet
  facet normal 0 0 1
    outer loop
      vertex 153.19999999999999 40 0
      vertex 153.40000000000001 40 0
      vertex 153.40000000000001 60 0
    endloop
  endfacet
  facet normal 0 0 1
    outer loop
      vertex 153.19999999999999 40 0
      vertex 153.40000000000001 60 0
      vertex 153.19999999999999 60 0
    endloop
  endfacet
  facet normal 0 0 1
    outer loop
      vertex 153.40000000000001 -60 0
      vertex 153.59999999999999 -60 0
      vertex 153.59999999999999 -40 0
    endloop
  endfacet
  facet normal 0 0 1
    outer loop
      vertex 153.40000000000001 -60 0
      vertex 153.59999999999999 -40 0
      vertex 153.40000000000001 -40 0
    endloop
  endfacet
  facet normal 0 0 1
    outer loop
      vertex 153.40000000000001 -40 0
      vertex 153.59999999999999 -40 0
      vertex 153.59999999999999 -20 0
    endloop
  endfacet
  facet normal 0 0 1
    outer loop
      vertex 153.40000000000001 -40 0
      vertex 153.59999999999999 -20 0
      vertex 153.40000000000001 -20 0
    endloop
  endfacet
  facet normal 0 0 1
    outer loop
      vertex 153.40000000000001 -20 0
      vertex 153.59999999999999 -20 0
      vertex 153.59999999999999 -10 0
    endloop
  endfacet
  facet normal 0 0 1
    outer loop
      vertex 153.40000000000001 -20 0
      vertex 153.59999999999999 -10 0
      vertex 153.40000000000001 -10 0
    endloop
  endfacet
  facet normal 0 0 1
    outer loop
      vertex 153.40000000000001 -10 0
      vertex 153.59999999999999 -10 0
      vertex 153.59999999999999 0 0
    endloop
  endfacet
  facet normal 0 0 1
    outer loop
      vertex 153.40000000000001 -10 0
      vertex 153.59999999999999 0 0
      vertex 153.40000000000001 0 0
    endloop
  endfacet
  facet normal 0 0 1
    outer loop
      vertex 153.40000000000001 0 0
      vertex 153.59999999999999 0 0
      vertex 153.59999999999999 0.001 0
    endloop
  endfacet
  facet normal 0 0 1
    outer loop
      vertex 153.40000000000001 0 0
      vertex 153.59999999999999 0.001 0
      vertex 153.40000000000001 0.001 0
    endloop
  endfacet
  facet normal 0 0 1
    outer loop
      vertex 153.40000000000001 0.001 0
      vertex 153.59999999999999 0.001 0
      vertex 153.59999999999999 10 0
    endloop
  endfacet
  facet normal 0 0 1
    outer loop
      vertex 153.40000000000001 0.001 0
      vertex 153.59999999999999 10 0
      vertex 153.40000000000001 10 0
    endloop
  endfacet
  facet normal 0 0 1
    outer loop
      vertex 153.40000000000001 10 0
      vertex 153.59999999999999 10 0
      vertex 153.59999999999999 20 0
    endloop
  endfacet
  facet normal 0 0 1
    outer loop
      vertex 153.40000000000001 10 0
      vertex 153.59999999999999 20 0
      vertex 153.40000000000001 20 0
    endloop
  endfacet
  facet normal 0 0 1
    outer loop
      vertex 153.40000000000001 20 0
      vertex 153.59999999999999 20 0
      vertex 153.59999999999999 40 0
    endloop
  endfacet
  facet normal 0 0 1
    outer loop
      vertex 153.40000000000001 20 0
      vertex 153.59999999999999 40 0
      vertex 153.40000000000001 40 0
    endloop
  endfacet
  facet normal 0 0 1
    outer loop
      vertex 153.40000000000001 40 0
      vertex 153.59999999999999 40 0
      vertex 153.59999999999999 60 0
    endloop
  endfacet
  facet normal 0 0 1
    outer loop
      vertex 153.40000000000001 40 0
      vertex 153.59999999999999 60 0
      vertex 153.40000000000001 60 0
    endloop
  endfacet
  facet normal 0 0 1
    outer loop
      vertex 153.59999999999999 -60 0
      vertex 153.80000000000001 -60 0
      vertex 153.80000000000001 -40 0
    endloop
  endfacet
  facet normal 0 0 1
    outer loop
      vertex 153.59999999999999 -60 0
      vertex 153.80000000000001 -40 0
      vertex 153.59999999999999 -40 0
    endloop
  endfacet
  facet normal 0 0 1
    outer loop
      vertex 153.59999999999999 -40 0
      vertex 153.80000000000001 -40 0
      vertex 153.80000000000001 -20 0
    endloop
  endfacet
  facet normal 0 0 1
    outer loop
      vertex 153.59999999999999 -40 0
      vertex 153.80000000000001 -20 0
      vertex 153.59999999999999 -20 0
    endloop
  endfacet
  facet normal 0 0 1
    outer loop
      vertex 153.59999999999999 -20 0
      vertex 153.80000000000001 -20 0
      vertex 153.80000000000001 -10 0
    endloop
  endfacet
  facet normal 0 0 1
    outer loop
      vertex 153.59999999999999 -20 0
      vertex 153.80000000000001 -10 0
      vertex 153.59999999999999 -10 0
    endloop
  endfacet
  facet normal 0 0 1
    outer loop
      vertex 153.59999999999999 -10 0
      vertex 153.80000000000001 -10 0
      vertex 153.80000000000001 0 0
    endloop
  endfacet
  facet normal 0 0 1
    outer loop
      vertex 153.59999999999999 -10 0
      vertex 153.80000000000001 0 0
      vertex 153.59999999999999 0 0
    endloop
  endfacet
  facet normal 0 0 1
    outer loop
      vertex 153.59999999999999 0 0
      vertex 153.80000000000001 0 0
      vertex 153.80000000000001 0.001 0
    endloop
  endfacet
  facet normal 0 0 1
    outer loop
      vertex 153.59999999999999 0 0
      vertex 153.80000000000001 0.001 0
      vertex 153.59999999999999 0.001 0
    endloop
  endfacet
  facet normal 0 0 1
    outer loop
      vertex 153.59999999999999 0.001 0
      vertex 153.80000000000001 0.001 0
      vertex 153.80000000000001 10 0
    endloop
  endfacet
  facet normal 0 0 1
    outer loop
      vertex 153.59999999999999 0.001 0
      vertex 153.80000000000001 10 0
      vertex 153.59999999999999 10 0
    endloop
  endfacet
  facet normal 0 0 1
    outer loop
      vertex 153.59999999999999 10 0
      vertex 153.80000000000001 10 0
      vertex 153.80000000000001 20 0
    endloop
  endfacet
  facet normal 0 0 1
    outer loop
      vertex 153.59999999999999 10 0
      vertex 153.80000000000001 20 0
      vertex 153.59999999999999 20 0
    endloop
  endfacet
  facet normal 0 0 1
    outer loop
      vertex 153.59999999999999 20 0
      vertex 153.80000000000001 20 0
      vertex 153.80000000000001 40 0
    endloop
  endfacet
  facet normal 0 0 1
    outer loop
      vertex 153.59999999999999 20 0
      vertex 153.80000000000001 40 0
      vertex 153.59999999999999 40 0
    endloop
  endfacet
  facet normal 0 0 1
    outer loop
      vertex 153.59999999999999 40 0
      vertex 153.80000000000001 40 0
      vertex 153.80000000000001 60 0
    endloop
  endfacet
  facet normal 0 0 1
    outer loop
      vertex 153.59999999999999 40 0
      vertex 153.80000000000001 60 0
      vertex 153.59999999999999 60 0
    endloop
  endfacet
  facet normal 0 0 1
    outer loop
      vertex 153.80000000000001 -60 0
      vertex 154 -60 0
      vertex 154 -40 0
    endloop
  endfacet
  facet normal 0 0 1
    outer loop
      vertex 153.80000000000001 -60 0
      vertex 154 -40 0
      vertex 153.80000000000001 -40 0
    endloop
  endfacet
  facet normal 0 0 1
    outer loop
      vertex 153.80000000000001 -40 0
      vertex 154 -40 0
      vertex 154 -20 0
    endloop
  endfacet
  facet normal 0 0 1
    outer loop
      vertex 153.80000000000001 -40 0
      vertex 154 -20 0
      vertex 153.80000000000001 -20 0
    endloop
  endfacet
  facet normal 0 0 1
    outer loop
      vertex 153.80000000000001 -20 0
      vertex 154 -20 0
      vertex 154 -10 0
    endloop
  endfacet
  facet normal 0 0 1
    outer loop
      vertex 153.80000000000001 -20 0
      vertex 154 -10 0
      vertex 153.80000000000001 -10 0
    endloop
  endfacet
  facet normal 0 0 1
    outer loop
      vertex 153.80000000000001 -10 0
      vertex 154 -10 0
      vertex 154 0 0
    endloop
  endfacet
  facet normal 0 0 1
    outer loop
      vertex 153.80000000000001 -10 0
      vertex 154 0 0
      vertex 153.80000000000001 0 0
    endloop
  endfacet
  facet normal 0 0 1
    outer loop
      vertex 153.80000000000001 0 0
      vertex 154 0 0
      vertex 154 0.001 0
    endloop
  endfacet
  facet normal 0 0 1
    outer loop
      vertex 153.80000000000001 0 0
      vertex 154 0.001 0
      vertex 153.80000000000001 0.001 0
    endloop
  endfacet
  facet normal 0 0 1
    outer loop
      vertex 153.80000000000001 0.001 0
      vertex 154 0.001 0
      vertex 154 10 0
    endloop
  endfacet
  facet normal 0 0 1
    outer loop
      vertex 153.80000000000001 0.001 0
      vertex 154 10 0
      vertex 153.80000000000001 10 0
    endloop
  endfacet
  facet normal 0 0 1
    outer loop
      vertex 153.80000000000001 10 0
      vertex 154 10 0
      vertex 154 20 0
    endloop
  endfacet
  facet normal 0 0 1
    outer loop
      vertex 153.80000000000001 10 0
      vertex 154 20 0
      vertex 153.80000000000001 20 0
    endloop
  endfacet
  facet normal 0 0 1
    outer loop
      vertex 153.80000000000001 20 0
      vertex 154 20 0
      vertex 154 40 0
    endloop
  endfacet
  facet normal 0 0 1
    outer loop
      vertex 153.80000000000001 20 0
      vertex 154 40 0
      vertex 153.80000000000001 40 0
    endloop
  endfacet
  facet normal 0 0 1
    outer loop
      vertex 153.80000000000001 40 0
      vertex 154 40 0
      vertex 154 60 0
    endloop
  endfacet
  facet normal 0 0 1
    outer loop
      vertex 153.80000000000001 40 0
      vertex 154 60 0
      vertex 153.80000000000001 60 0
    endloop
  endfacet
  facet normal 0 0 1
    outer loop
      vertex 154 -60 0
      vertex 154.19999999999999 -60 0
      vertex 154.19999999999999 -40 0
    endloop
  endfacet
  facet normal 0 0 1
    outer loop
      vertex 154 -60 0
      vertex 154.19999999999999 -40 0
      vertex 154 -40 0
    endloop
  endfacet
  facet normal 0 0 1
    outer loop
      vertex 154 -40 0
      vertex 154.19999999999999 -40 0
      vertex 154.19999999999999 -20 0
    endloop
  endfacet
  facet normal 0 0 1
    outer loop
      vertex 154 -40 0
      vertex 154.19999999999999 -20 0
      vertex 154 -20 0
    endloop
  endfacet
  facet normal 0 0 1
    outer loop
      vertex 154 -20 0
      vertex 154.19999999999999 -20 0
      vertex 154.19999999999999 -10 0
    endloop
  endfacet
  facet normal 0 0 1
    outer loop
      vertex 154 -20 0
      vertex 154.19999999999999 -10 0
      vertex 154 -10 0
    endloop
  endfacet
  facet normal 0 0 1
    outer loop
      vertex 154 -10 0
      vertex 154.19999999999999 -10 0
      vertex 154.19999999999999 0 0
    endloop
  endfacet
  facet normal 0 0 1
    outer loop
      vertex 154 -10 0
      vertex 154.19999999999999 0 0
      vertex 154 0 0
    endloop
  endfacet
  facet normal 0 0 1
    outer loop
      vertex 154 0 0
      vertex 154.19999999999999 0 0
      vertex 154.19999999999999 0.001 0
    endloop
  endfacet
  facet normal 0 0 1
    outer loop
      vertex 154 0 0
      vertex 154.19999999999999 0.001 0
      vertex 154 0.001 0
    endloop
  endfacet
  facet normal 0 0 1
    outer loop
      vertex 154 0.001 0
      vertex 154.19999999999999 0.001 0
      vertex 154.19999999999999 10 0
    endloop
  endfacet
  facet normal 0 0 1
    outer loop
      vertex 154 0.001 0
      vertex 154.19999999999999 10 0
      vertex 154 10 0
    endloop
  endfacet
  facet normal 0 0 1
    outer loop
      vertex 154 10 0
      vertex 154.19999999999999 10 0
      vertex 154.19999999999999 20 0
    endloop
  endfacet
  facet normal 0 0 1
    outer loop
      vertex 154 10 0
      vertex 154.19999999999999 20 0
      vertex 154 20 0
    endloop
  endfacet
  facet normal 0 0 1
    outer loop
      vertex 154 20 0
      vertex 154.19999999999999 20 0
      vertex 154.19999999999999 40 0
    endloop
  endfacet
  facet normal 0 0 1
    outer loop
      vertex 154 20 0
      vertex 154.19999999999999 40 0
      vertex 154 40 0
    endloop
  endfacet
  facet normal 0 0 1
    outer loop
      vertex 154 40 0
      vertex 154.19999999999999 40 0
      vertex 154.19999999999999 60 0
    endloop
  endfacet
  facet normal 0 0 1
    outer loop
      vertex 154 40 0
      vertex 154.19999999999999 60 0
      vertex 154 60 0
    endloop
  endfacet
  facet normal 0 0 1
    outer loop
      vertex 154.19999999999999 -60 0
      vertex 154.40000000000001 -60 0
      vertex 154.40000000000001 -40 0
    endloop
  endfacet
  facet normal 0 0 1
    outer loop
      vertex 154.19999999999999 -60 0
      vertex 154.40000000000001 -40 0
      vertex 154.19999999999999 -40 0
    endloop
  endfacet
  facet normal 0 0 1
    outer loop
      vertex 154.19999999999999 -40 0
      vertex 154.40000000000001 -40 0
      vertex 154.40000000000001 -20 0
    endloop
  endfacet
  facet normal 0 0 1
    outer loop
      vertex 154.19999999999999 -40 0
      vertex 154.40000000000001 -20 0
      vertex 154.19999999999999 -20 0
    endloop
  endfacet
  facet normal 0 0 1
    outer loop
      vertex 154.19999999999999 -20 0
      vertex 154.40000000000001 -20 0
      vertex 154.40000000000001 -10 0
    endloop
  endfacet
  facet normal 0 0 1
    outer loop
      vertex 154.19999999999999 -20 0
      vertex 154.40000000000001 -10 0
      vertex 154.19999999999999 -10 0
    endloop
  endfacet
  facet normal 0 0 1
    outer loop
      vertex 154.19999999999999 -10 0
      vertex 154.40000000000001 -10 0
      vertex 154.40000000000001 0 0
    endloop
  endfacet
  facet normal 0 0 1
    outer loop
      vertex 154.19999999999999 -10 0
      vertex 154.40000000000001 0 0
      vertex 154.19999999999999 0 0
    endloop
  endfacet
  facet normal 0 0 1
    outer loop
      vertex 154.19999999999999 0 0
      vertex 154.40000000000001 0 0
      vertex 154.40000000000001 0.001 0
    endloop
  endfacet
  facet normal 0 0 1
    outer loop
      vertex 154.19999999999999 0 0
      vertex 154.40000000000001 0.001 0
      vertex 154.19999999999999 0.001 0
    endloop
  endfacet
  facet normal 0 0 1
    outer loop
      vertex 154.19999999999999 0.001 0
      vertex 154.40000000000001 0.001 0
      vertex 154.40000000000001 10 0
    endloop
  endfacet
  facet normal 0 0 1
    outer loop
      vertex 154.19999999999999 0.001 0
      vertex 154.40000000000001 10 0
      vertex 154.19999999999999 10 0
    endloop
  endfacet
  facet normal 0 0 1
    outer loop
      vertex 154.19999999999999 10 0
      vertex 154.40000000000001 10 0
      vertex 154.40000000000001 20 0
    endloop
  endfacet
  facet normal 0 0 1
    outer loop
      vertex 154.19999999999999 10 0
      vertex 154.40000000000001 20 0
      vertex 154.19999999999999 20 0
    endloop
  endfacet
  facet normal 0 0 1
    outer loop
      vertex 154.19999999999999 20 0
      vertex 154.40000000000001 20 0
      vertex 154.40000000000001 40 0
    endloop
  endfacet
  facet normal 0 0 1
    outer loop
      vertex 154.19999999999999 20 0
      vertex 154.40000000000001 40 0
      vertex 154.19999999999999 40 0
    endloop
  endfacet
  facet normal 0 0 1
    outer loop
      vertex 154.19999999999999 40 0
      vertex 154.40000000000001 40 0
      vertex 154.40000000000001 60 0
    endloop
  endfacet
  facet normal 0 0 1
    outer loop
      vertex 154.19999999999999 40 0
      vertex 154.40000000000001 60 0
      vertex 154.19999999999999 60 0
    endloop
  endfacet
  facet normal 0 0 1
    outer loop
      vertex 154.40000000000001 -60 0
      vertex 154.59999999999999 -60 0
      vertex 154.59999999999999 -40 0
    endloop
  endfacet
  facet normal 0 0 1
    outer loop
      vertex 154.40000000000001 -60 0
      vertex 154.59999999999999 -40 0
      vertex 154.40000000000001 -40 0
    endloop
  endfacet
  facet normal 0 0 1
    outer loop
      vertex 154.40000000000001 -40 0
      vertex 154.59999999999999 -40 0
      vertex 154.59999999999999 -20 0
    endloop
  endfacet
  facet normal 0 0 1
    outer loop
      vertex 154.40000000000001 -40 0
      vertex 154.59999999999999 -20 0
      vertex 154.40000000000001 -20 0
    endloop
  endfacet
  facet normal 0 0 1
    outer loop
      vertex 154.40000000000001 -20 0
      vertex 154.59999999999999 -20 0
      vertex 154.59999999999999 -10 0
    endloop
  endfacet
  facet normal 0 0 1
    outer loop
      vertex 154.40000000000001 -20 0
      vertex 154.59999999999999 -10 0
      vertex 154.40000000000001 -10 0
    endloop
  endfacet
  facet normal 0 0 1
    outer loop
      vertex 154.40000000000001 -10 0
      vertex 154.59999999999999 -10 0
      vertex 154.59999999999999 0 0
    endloop
  endfacet
  facet normal 0 0 1
    outer loop
      vertex 154.40000000000001 -10 0
      vertex 154.59999999999999 0 0
      vertex 154.40000000000001 0 0
    endloop
  endfacet
  facet normal 0 0 1
    outer loop
      vertex 154.40000000000001 0 0
      vertex 154.59999999999999 0 0
      vertex 154.59999999999999 0.001 0
    endloop
  endfacet
  facet normal 0 0 1
    outer loop
      vertex 154.40000000000001 0 0
      vertex 154.59999999999999 0.001 0
      vertex 154.40000000000001 0.001 0
    endloop
  endfacet
  facet normal 0 0 1
    outer loop
      vertex 154.40000000000001 0.001 0
      vertex 154.59999999999999 0.001 0
      vertex 154.59999999999999 10 0
    endloop
  endfacet
  facet normal 0 0 1
    outer loop
      vertex 154.40000000000001 0.001 0
      vertex 154.59999999999999 10 0
      vertex 154.40000000000001 10 0
    endloop
  endfacet
  facet normal 0 0 1
    outer loop
      vertex 154.40000000000001 10 0
      vertex 154.59999999999999 10 0
      vertex 154.59999999999999 20 0
    endloop
  endfacet
  facet normal 0 0 1
    outer loop
      vertex 154.40000000000001 10 0
      vertex 154.59999999999999 20 0
      vertex 154.40000000000001 20 0
    endloop
  endfacet
  facet normal 0 0 1
    outer loop
      vertex 154.40000000000001 20 0
      vertex 154.59999999999999 20 0
      vertex 154.59999999999999 40 0
    endloop
  endfacet
  facet normal 0 0 1
    outer loop
      vertex 154.40000000000001 20 0
      vertex 154.59999999999999 40 0
      vertex 154.40000000000001 40 0
    endloop
  endfacet
  facet normal 0 0 1
    outer loop
      vertex 154.40000000000001 40 0
      vertex 154.59999999999999 40 0
      vertex 154.59999999999999 60 0
    endloop
  endfacet
  facet normal 0 0 1
    outer loop
      vertex 154.40000000000001 40 0
      vertex 154.59999999999999 60 0
      vertex 154.40000000000001 60 0
    endloop
  endfacet
  facet normal 0 0 1
    outer loop
      vertex 154.59999999999999 -60 0
      vertex 154.80000000000001 -60 0
      vertex 154.80000000000001 -40 0
    endloop
  endfacet
  facet normal 0 0 1
    outer loop
      vertex 154.59999999999999 -60 0
      vertex 154.80000000000001 -40 0
      vertex 154.59999999999999 -40 0
    endloop
  endfacet
  facet normal 0 0 1
    outer loop
      vertex 154.59999999999999 -40 0
      vertex 154.80000000000001 -40 0
      vertex 154.80000000000001 -20 0
    endloop
  endfacet
  facet normal 0 0 1
    outer loop
      vertex 154.59999999999999 -40 0
      vertex 154.80000000000001 -20 0
      vertex 154.59999999999999 -20 0
    endloop
  endfacet
  facet normal 0 0 1
    outer loop
      vertex 154.59999999999999 -20 0
      vertex 154.80000000000001 -20 0
      vertex 154.80000000000001 -10 0
    endloop
  endfacet
  facet normal 0 0 1
    outer loop
      vertex 154.59999999999999 -20 0
      vertex 154.80000000000001 -10 0
      vertex 154.59999999999999 -10 0
    endloop
  endfacet
  facet normal 0 0 1
    outer loop
      vertex 154.59999999999999 -10 0
      vertex 154.80000000000001 -10 0
      vertex 154.80000000000001 0 0
    endloop
  endfacet
  facet normal 0 0 1
    outer loop
      vertex 154.59999999999999 -10 0
      vertex 154.80000000000001 0 0
      vertex 154.59999999999999 0 0
    endloop
  endfacet
  facet normal 0 0 1
    outer loop
      vertex 154.59999999999999 0 0
      vertex 154.80000000000001 0 0
      vertex 154.80000000000001 0.001 0
    endloop
  endfacet
  facet normal 0 0 1
    outer loop
      vertex 154.59999999999999 0 0
      vertex 154.80000000000001 0.001 0
      vertex 154.59999999999999 0.001 0
    endloop
  endfacet
  facet normal 0 0 1
    outer loop
      vertex 154.59999999999999 0.001 0
      vertex 154.80000000000001 0.001 0
      vertex 154.80000000000001 10 0
    endloop
  endfacet
  facet normal 0 0 1
    outer loop
      vertex 154.59999999999999 0.001 0
      vertex 154.80000000000001 10 0
      vertex 154.59999999999999 10 0
    endloop
  endfacet
  facet normal 0 0 1
    outer loop
      vertex 154.59999999999999 10 0
      vertex 154.80000000000001 10 0
      vertex 154.80000000000001 20 0
    endloop
  endfacet
  facet normal 0 0 1
    outer loop
      vertex 154.59999999999999 10 0
      vertex 154.80000000000001 20 0
      vertex 154.59999999999999 20 0
    endloop
  endfacet
  facet normal 0 0 1
    outer loop
      vertex 154.59999999999999 20 0
      vertex 154.80000000000001 20 0
      vertex 154.80000000000001 40 0
    endloop
  endfacet
  facet normal 0 0 1
    outer loop
      vertex 154.59999999999999 20 0
      vertex 154.80000000000001 40 0
      vertex 154.59999999999999 40 0
    endloop
  endfacet
  facet normal 0 0 1
    outer loop
      vertex 154.59999999999999 40 0
      vertex 154.80000000000001 40 0
      vertex 154.80000000000001 60 0
    endloop
  endfacet
  facet normal 0 0 1
    outer loop
      vertex 154.59999999999999 40 0
      vertex 154.80000000000001 60 0
      vertex 154.59999999999999 60 0
    endloop
  endfacet
  facet normal 0 0 1
    outer loop
      vertex 154.80000000000001 -60 0
      vertex 155 -60 0
      vertex 155 -40 0
    endloop
  endfacet
  facet normal 0 0 1
    outer loop
      vertex 154.80000000000001 -60 0
      vertex 155 -40 0
      vertex 154.80000000000001 -40 0
    endloop
  endfacet
  facet normal 0 0 1
    outer loop
      vertex 154.80000000000001 -40 0
      vertex 155 -40 0
      vertex 155 -20 0
    endloop
  endfacet
  facet normal 0 0 1
    outer loop
      vertex 154.80000000000001 -40 0
      vertex 155 -20 0
      vertex 154.80000000000001 -20 0
    endloop
  endfacet
  facet normal 0 0 1
    outer loop
      vertex 154.80000000000001 -20 0
      vertex 155 -20 0
      vertex 155 -10 0
    endloop
  endfacet
  facet normal 0 0 1
    outer loop
      vertex 154.80000000000001 -20 0
      vertex 155 -10 0
      vertex 154.80000000000001 -10 0
    endloop
  endfacet
  facet normal 0 0 1
    outer loop
      vertex 154.80000000000001 -10 0
      vertex 155 -10 0
      vertex 155 0 0
    endloop
  endfacet
  facet normal 0 0 1
    outer loop
      vertex 154.80000000000001 -10 0
      vertex 155 0 0
      vertex 154.80000000000001 0 0
    endloop
  endfacet
  facet normal 0 0 1
    outer loop
      vertex 154.80000000000001 0 0
      vertex 155 0 0
      vertex 155 0.001 0
    endloop
  endfacet
  facet normal 0 0 1
    outer loop
      vertex 154.80000000000001 0 0
      vertex 155 0.001 0
      vertex 154.80000000000001 0.001 0
    endloop
  endfacet
  facet normal 0 0 1
    outer loop
      vertex 154.80000000000001 0.001 0
      vertex 155 0.001 0
      vertex 155 10 0
    endloop
  endfacet
  facet normal 0 0 1
    outer loop
      vertex 154.80000000000001 0.001 0
      vertex 155 10 0
      vertex 154.80000000000001 10 0
    endloop
  endfacet
  facet normal 0 0 1
    outer loop
      vertex 154.80000000000001 10 0
      vertex 155 10 0
      vertex 155 20 0
    endloop
  endfacet
  facet normal 0 0 1
    outer loop
      vertex 154.80000000000001 10 0
      vertex 155 20 0
      vertex 154.80000000000001 20 0
    endloop
  endfacet
  facet normal 0 0 1
    outer loop
      vertex 154.80000000000001 20 0
      vertex 155 20 0
      vertex 155 40 0
    endloop
  endfacet
  facet normal 0 0 1
    outer loop
      vertex 154.80000000000001 20 0
      vertex 155 40 0
      vertex 154.80000000000001 40 0
    endloop
  endfacet
  facet normal 0 0 1
    outer loop
      vertex 154.80000000000001 40 0
      vertex 155 40 0
      vertex 155 60 0
    endloop
  endfacet
  facet normal 0 0 1
    outer loop
      vertex 154.80000000000001 40 0
      vertex 155 60 0
      vertex 154.80000000000001 60 0
    endloop
  endfacet
  facet normal 0 0 1
    outer loop
      vertex 155 -60 0
      vertex 165 -60 0
      vertex 165 -40 0
    endloop
  endfacet
  facet normal 0 0 1
    outer loop
      vertex 155 -60 0
      vertex 165 -40 0
      vertex 155 -40 0
    endloop
  endfacet
  facet normal 0 0 1
    outer loop
      vertex 155 -40 0
      vertex 165 -40 0
      vertex 165 -20 0
    endloop
  endfacet
  facet normal 0 0 1
    outer loop
      vertex 155 -40 0
      vertex 165 -20 0
      vertex 155 -20 0
    endloop
  endfacet
  facet normal 0 0 1
    outer loop
      vertex 155 -20 0
      vertex 165 -20 0
      vertex 165 -10 0
    endloop
  endfacet
  facet normal 0 0 1
    outer loop
      vertex 155 -20 0
      vertex 165 -10 0
      vertex 155 -10 0
    endloop
  endfacet
  facet normal 0 0 1
    outer loop
      vertex 155 -10 0
      vertex 165 -10 0
      vertex 165 0 0
    endloop
  endfacet
  facet normal 0 0 1
    outer loop
      vertex 155 -10 0
      vertex 165 0 0
      vertex 155 0 0
    endloop
  endfacet
  facet normal 0 0 1
    outer loop
      vertex 155 0 0
      vertex 165 0 0
      vertex 165 0.001 0
    endloop
  endfacet
  facet normal 0 0 1
    outer loop
      vertex 155 0 0
      vertex 165 0.001 0
      vertex 155 0.001 0
    endloop
  endfacet
  facet normal 0 0 1
    outer loop
      vertex 155 0.001 0
      vertex 165 0.001 0
      vertex 165 10 0
    endloop
  endfacet
  facet normal 0 0 1
    outer loop
      vertex 155 0.001 0
      vertex 165 10 0
      vertex 155 10 0
    endloop
  endfacet
  facet normal 0 0 1
    outer loop
      vertex 155 10 0
      vertex 165 10 0
      vertex 165 20 0
    endloop
  endfacet
  facet normal 0 0 1
    outer loop
      vertex 155 10 0
      vertex 165 20 0
      vertex 155 20 0
    endloop
  endfacet
  facet normal 0 0 1
    outer loop
      vertex 155 20 0
      vertex 165 20 0
      vertex 165 40 0
    endloop
  endfacet
  facet normal 0 0 1
    outer loop
      vertex 155 20 0
      vertex 165 40 0
      vertex 155 40 0
    endloop
  endfacet
  facet normal 0 0 1
    outer loop
      vertex 155 40 0
      vertex 165 40 0
      vertex 165 60 0
    endloop
  endfacet
  facet normal 0 0 1
    outer loop
      vertex 155 40 0
      vertex 165 60 0
      vertex 155 60 0
    endloop
  endfacet
  facet normal 0 0 1
    outer loop
      vertex 165 -60 0
      vertex 165.19999999999999 -60 0
      vertex 165.19999999999999 -40 0
    endloop
  endfacet
  facet normal 0 0 1
    outer loop
      vertex 165 -60 0
      vertex 165.19999999999999 -40 0
      vertex 165 -40 0
    endloop
  endfacet
  facet normal 0 0 1
    outer loop
      vertex 165 -40 0
      vertex 165.19999999999999 -40 0
      vertex 165.19999999999999 -20 0
    endloop
  endfacet
  facet normal 0 0 1
    outer loop
      vertex 165 -40 0
      vertex 165.19999999999999 -20 0
      vertex 165 -20 0
    endloop
  endfacet
  facet normal 0 0 1
    outer loop
      vertex 165 -20 0
      vertex 165.19999999999999 -20 0
      vertex 165.19999999999999 -10 0
    endloop
  endfacet
  facet normal 0 0 1
    outer loop
      vertex 165 -20 0
      vertex 165.19999999999999 -10 0
      vertex 165 -10 0
    endloop
  endfacet
  facet normal 0 0 1
    outer loop
      vertex 165 -10 0
      vertex 165.19999999999999 -10 0
      vertex 165.19999999999999 0 0
    endloop
  endfacet
  facet normal 0 0 1
    outer loop
      vertex 165 -10 0
      vertex 165.19999999999999 0 0
      vertex 165 0 0
    endloop
  endfacet
  facet normal 0 0 1
    outer loop
      vertex 165 0 0
      vertex 165.19999999999999 0 0
      vertex 165.19999999999999 0.001 0
    endloop
  endfacet
  facet normal 0 0 1
    outer loop
      vertex 165 0 0
      vertex 165.19999999999999 0.001 0
      vertex 165 0.001 0
    endloop
  endfacet
  facet normal 0 0 1
    outer loop
      vertex 165 0.001 0
      vertex 165.19999999999999 0.001 0
      vertex 165.19999999999999 10 0
    endloop
  endfacet
  facet normal 0 0 1
    outer loop
      vertex 165 0.001 0
      vertex 165.19999999999999 10 0
      vertex 165 10 0
    endloop
  endfacet
  facet normal 0 0 1
    outer loop
      vertex 165 10 0
      vertex 165.19999999999999 10 0
      vertex 165.19999999999999 20 0
    endloop
  endfacet
  facet normal 0 0 1
    outer loop
      vertex 165 10 0
      vertex 165.19999999999999 20 0
      vertex 165 20 0
    endloop
  endfacet
  facet normal 0 0 1
    outer loop
      vertex 165 20 0
      vertex 165.19999999999999 20 0
      vertex 165.19999999999999 40 0
    endloop
  endfacet
  facet normal 0 0 1
    outer loop
      vertex 165 20 0
      vertex 165.19999999999999 40 0
      vertex 165 40 0
    endloop
  endfacet
  facet normal 0 0 1
    outer loop
      vertex 165 40 0
      vertex 165.19999999999999 40 0
      vertex 165.19999999999999 60 0
    endloop
  endfacet
  facet normal 0 0 1
    outer loop
      vertex 165 40 0
      vertex 165.19999999999999 60 0
      vertex 165 60 0
    endloop
  endfacet
  facet normal 0 0 1
    outer loop
      vertex 165.19999999999999 -60 0
      vertex 165.40000000000001 -60 0
      vertex 165.40000000000001 -40 0
    endloop
  endfacet
  facet normal 0 0 1
    outer loop
      vertex 165.19999999999999 -60 0
      vertex 165.40000000000001 -40 0
      vertex 165.19999999999999 -40 0
    endloop
  endfacet
  facet normal 0 0 1
    outer loop
      vertex 165.19999999999999 -40 0
      vertex 165.40000000000001 -40 0
      vertex 165.40000000000001 -20 0
    endloop
  endfacet
  facet normal 0 0 1
    outer loop
      vertex 165.19999999999999 -40 0
      vertex 165.40000000000001 -20 0
      vertex 165.19999999999999 -20 0
    endloop
  endfacet
  facet normal 0 0 1
    outer loop
      vertex 165.19999999999999 -20 0
      vertex 165.40000000000001 -20 0
      vertex 165.40000000000001 -10 0
    endloop
  endfacet
  facet normal 0 0 1
    outer loop
      vertex 165.19999999999999 -20 0
      vertex 165.40000000000001 -10 0
      vertex 165.19999999999999 -10 0
    endloop
  endfacet
  facet normal 0 0 1
    outer loop
      vertex 165.19999999999999 -10 0
      vertex 165.40000000000001 -10 0
      vertex 165.40000000000001 0 0
    endloop
  endfacet
  facet normal 0 0 1
    outer loop
      vertex 165.19999999999999 -10 0
      vertex 165.40000000000001 0 0
      vertex 165.19999999999999 0 0
    endloop
  endfacet
  facet normal 0 0 1
    outer loop
      vertex 165.19999999999999 0 0
      vertex 165.40000000000001 0 0
      vertex 165.40000000000001 0.001 0
    endloop
  endfacet
  facet normal 0 0 1
    outer loop
      vertex 165.19999999999999 0 0
      vertex 165.40000000000001 0.001 0
      vertex 165.19999999999999 0.001 0
    endloop
  endfacet
  facet normal 0 0 1
    outer loop
      vertex 165.19999999999999 0.001 0
      vertex 165.40000000000001 0.001 0
      vertex 165.40000000000001 10 0
    endloop
  endfacet
  facet normal 0 0 1
    outer loop
      vertex 165.19999999999999 0.001 0
      vertex 165.40000000000001 10 0
      vertex 165.19999999999999 10 0
    endloop
  endfacet
  facet normal 0 0 1
    outer loop
      vertex 165.19999999999999 10 0
      vertex 165.40000000000001 10 0
      vertex 165.40000000000001 20 0
    endloop
  endfacet
  facet normal 0 0 1
    outer loop
      vertex 165.19999999999999 10 0
      vertex 165.40000000000001 20 0
      vertex 165.19999999999999 20 0
    endloop
  endfacet
  facet normal 0 0 1
    outer loop
      vertex 165.19999999999999 20 0
      vertex 165.40000000000001 20 0
      vertex 165.40000000000001 40 0
    endloop
  endfacet
  facet normal 0 0 1
    outer loop
      vertex 165.19999999999999 20 0
      vertex 165.40000000000001 40 0
      vertex 165.19999999999999 40 0
    endloop
  endfacet
  facet normal 0 0 1
    outer loop
      vertex 165.19999999999999 40 0
      vertex 165.40000000000001 40 0
      vertex 165.40000000000001 60 0
    endloop
  endfacet
  facet normal 0 0 1
    outer loop
      vertex 165.19999999999999 40 0
      vertex 165.40000000000001 60 0
      vertex 165.19999999999999 60 0
    endloop
  endfacet
  facet normal 0 0 1
    outer loop
      vertex 165.40000000000001 -60 0
      vertex 165.59999999999999 -60 0
      vertex 165.59999999999999 -40 0
    endloop
  endfacet
  facet normal 0 0 1
    outer loop
      vertex 165.40000000000001 -60 0
      vertex 165.59999999999999 -40 0
      vertex 165.40000000000001 -40 0
    endloop
  endfacet
  facet normal 0 0 1
    outer loop
      vertex 165.40000000000001 -40 0
      vertex 165.59999999999999 -40 0
      vertex 165.59999999999999 -20 0
    endloop
  endfacet
  facet normal 0 0 1
    outer loop
      vertex 165.40000000000001 -40 0
      vertex 165.59999999999999 -20 0
      vertex 165.40000000000001 -20 0
    endloop
  endfacet
  facet normal 0 0 1
    outer loop
      vertex 165.40000000000001 -20 0
      vertex 165.59999999999999 -20 0
      vertex 165.59999999999999 -10 0
    endloop
  endfacet
  facet normal 0 0 1
    outer loop
      vertex 165.40000000000001 -20 0
      vertex 165.59999999999999 -10 0
      vertex 165.40000000000001 -10 0
    endloop
  endfacet
  facet normal 0 0 1
    outer loop
      vertex 165.40000000000001 -10 0
      vertex 165.59999999999999 -10 0
      vertex 165.59999999999999 0 0
    endloop
  endfacet
  facet normal 0 0 1
    outer loop
      vertex 165.40000000000001 -10 0
      vertex 165.59999999999999 0 0
      vertex 165.40000000000001 0 0
    endloop
  endfacet
  facet normal 0 0 1
    outer loop
      vertex 165.40000000000001 0 0
      vertex 165.59999999999999 0 0
      vertex 165.59999999999999 0.001 0
    endloop
  endfacet
  facet normal 0 0 1
    outer loop
      vertex 165.40000000000001 0 0
      vertex 165.59999999999999 0.001 0
      vertex 165.40000000000001 0.001 0
    endloop
  endfacet
  facet normal 0 0 1
    outer loop
      vertex 165.40000000000001 0.001 0
      vertex 165.59999999999999 0.001 0
      vertex 165.59999999999999 10 0
    endloop
  endfacet
  facet normal 0 0 1
    outer loop
      vertex 165.40000000000001 0.001 0
      vertex 165.59999999999999 10 0
      vertex 165.40000000000001 10 0
    endloop
  endfacet
  facet normal 0 0 1
    outer loop
      vertex 165.40000000000001 10 0
      vertex 165.59999999999999 10 0
      vertex 165.59999999999999 20 0
    endloop
  endfacet
  facet normal 0 0 1
    outer loop
      vertex 165.40000000000001 10 0
      vertex 165.59999999999999 20 0
      vertex 165.40000000000001 20 0
    endloop
  endfacet
  facet normal 0 0 1
    outer loop
      vertex 165.40000000000001 20 0
      vertex 165.59999999999999 20 0
      vertex 165.59999999999999 40 0
    endloop
  endfacet
  facet normal 0 0 1
    outer loop
      vertex 165.40000000000001 20 0
      vertex 165.59999999999999 40 0
      vertex 165.40000000000001 40 0
    endloop
  endfacet
  facet normal 0 0 1
    outer loop
      vertex 165.40000000000001 40 0
      vertex 165.59999999999999 40 0
      vertex 165.59999999999999 60 0
    endloop
  endfacet
  facet normal 0 0 1
    outer loop
      vertex 165.40000000000001 40 0
      vertex 165.59999999999999 60 0
      vertex 165.40000000000001 60 0
    endloop
  endfacet
  facet normal 0 0 1
    outer loop
      vertex 165.59999999999999 -60 0
      vertex 165.80000000000001 -60 0
      vertex 165.80000000000001 -40 0
    endloop
  endfacet
  facet normal 0 0 1
    outer loop
      vertex 165.59999999999999 -60 0
      vertex 165.80000000000001 -40 0
      vertex 165.59999999999999 -40 0
    endloop
  endfacet
  facet normal 0 0 1
    outer loop
      vertex 165.59999999999999 -40 0
      vertex 165.80000000000001 -40 0
      vertex 165.80000000000001 -20 0
    endloop
  endfacet
  facet normal 0 0 1
    outer loop
      vertex 165.59999999999999 -40 0
      vertex 165.80000000000001 -20 0
      vertex 165.59999999999999 -20 0
    endloop
  endfacet
  facet normal 0 0 1
    outer loop
      vertex 165.59999999999999 -20 0
      vertex 165.80000000000001 -20 0
      vertex 165.80000000000001 -10 0
    endloop
  endfacet
  facet normal 0 0 1
    outer loop
      vertex 165.59999999999999 -20 0
      vertex 165.80000000000001 -10 0
      vertex 165.59999999999999 -10 0
    endloop
  endfacet
  facet normal 0 0 1
    outer loop
      vertex 165.59999999999999 -10 0
      vertex 165.80000000000001 -10 0
      vertex 165.80000000000001 0 0
    endloop
  endfacet
  facet normal 0 0 1
    outer loop
      vertex 165.59999999999999 -10 0
      vertex 165.80000000000001 0 0
      vertex 165.59999999999999 0 0
    endloop
  endfacet
  facet normal 0 0 1
    outer loop
      vertex 165.59999999999999 0 0
      vertex 165.80000000000001 0 0
      vertex 165.80000000000001 0.001 0
    endloop
  endfacet
  facet normal 0 0 1
    outer loop
      vertex 165.59999999999999 0 0
      vertex 165.80000000000001 0.001 0
      vertex 165.59999999999999 0.001 0
    endloop
  endfacet
  facet normal 0 0 1
    outer loop
      vertex 165.59999999999999 0.001 0
      vertex 165.80000000000001 0.001 0
      vertex 165.80000000000001 10 0
    endloop
  endfacet
  facet normal 0 0 1
    outer loop
      vertex 165.59999999999999 0.001 0
      vertex 165.80000000000001 10 0
      vertex 165.59999999999999 10 0
    endloop
  endfacet
  facet normal 0 0 1
    outer loop
      vertex 165.59999999999999 10 0
      vertex 165.80000000000001 10 0
      vertex 165.80000000000001 20 0
    endloop
  endfacet
  facet normal 0 0 1
    outer loop
      vertex 165.59999999999999 10 0
      vertex 165.80000000000001 20 0
      vertex 165.59999999999999 20 0
    endloop
  endfacet
  facet normal 0 0 1
    outer loop
      vertex 165.59999999999999 20 0
      vertex 165.80000000000001 20 0
      vertex 165.80000000000001 40 0
    endloop
  endfacet
  facet normal 0 0 1
    outer loop
      vertex 165.59999999999999 20 0
      vertex 165.80000000000001 40 0
      vertex 165.59999999999999 40 0
    endloop
  endfacet
  facet normal 0 0 1
    outer loop
      vertex 165.59999999999999 40 0
      vertex 165.80000000000001 40 0
      vertex 165.80000000000001 60 0
    endloop
  endfacet
  facet normal 0 0 1
    outer loop
      vertex 165.59999999999999 40 0
      vertex 165.80000000000001 60 0
      vertex 165.59999999999999 60 0
    endloop
  endfacet
  facet normal 0 0 1
    outer loop
      vertex 165.80000000000001 -60 0
      vertex 166 -60 0
      vertex 166 -40 0
    endloop
  endfacet
  facet normal 0 0 1
    outer loop
      vertex 165.80000000000001 -60 0
      vertex 166 -40 0
      vertex 165.80000000000001 -40 0
    endloop
  endfacet
  facet normal 0 0 1
    outer loop
      vertex 165.80000000000001 -40 0
      vertex 166 -40 0
      vertex 166 -20 0
    endloop
  endfacet
  facet normal 0 0 1
    outer loop
      vertex 165.80000000000001 -40 0
      vertex 166 -20 0
      vertex 165.80000000000001 -20 0
    endloop
  endfacet
  facet normal 0 0 1
    outer loop
      vertex 165.80000000000001 -20 0
      vertex 166 -20 0
      vertex 166 -10 0
    endloop
  endfacet
  facet normal 0 0 1
    outer loop
      vertex 165.80000000000001 -20 0
      vertex 166 -10 0
      vertex 165.80000000000001 -10 0
    endloop
  endfacet
  facet normal 0 0 1
    outer loop
      vertex 165.80000000000001 -10 0
      vertex 166 -10 0
      vertex 166 0 0
    endloop
  endfacet
  facet normal 0 0 1
    outer loop
      vertex 165.80000000000001 -10 0
      vertex 166 0 0
      vertex 165.80000000000001 0 0
    endloop
  endfacet
  facet normal 0 0 1
    outer loop
      vertex 165.80000000000001 0 0
      vertex 166 0 0
      vertex 166 0.001 0
    endloop
  endfacet
  facet normal 0 0 1
    outer loop
      vertex 165.80000000000001 0 0
      vertex 166 0.001 0
      vertex 165.80000000000001 0.001 0
    endloop
  endfacet
  facet normal 0 0 1
    outer loop
      vertex 165.80000000000001 0.001 0
      vertex 166 0.001 0
      vertex 166 10 0
    endloop
  endfacet
  facet normal 0 0 1
    outer loop
      vertex 165.80000000000001 0.001 0
      vertex 166 10 0
      vertex 165.80000000000001 10 0
    endloop
  endfacet
  facet normal 0 0 1
    outer loop
      vertex 165.80000000000001 10 0
      vertex 166 10 0
      vertex 166 20 0
    endloop
  endfacet
  facet normal 0 0 1
    outer loop
      vertex 165.80000000000001 10 0
      vertex 166 20 0
      vertex 165.80000000000001 20 0
    endloop
  endfacet
  facet normal 0 0 1
    outer loop
      vertex 165.80000000000001 20 0
      vertex 166 20 0
      vertex 166 40 0
    endloop
  endfacet
  facet normal 0 0 1
    outer loop
      vertex 165.80000000000001 20 0
      vertex 166 40 0
      vertex 165.80000000000001 40 0
    endloop
  endfacet
  facet normal 0 0 1
    outer loop
      vertex 165.80000000000001 40 0
      vertex 166 40 0
      vertex 166 60 0
    endloop
  endfacet
  facet normal 0 0 1
    outer loop
      vertex 165.80000000000001 40 0
      vertex 166 60 0
      vertex 165.80000000000001 60 0
    endloop
  endfacet
  facet normal 0 0 1
    outer loop
      vertex 166 -60 0
      vertex 166.19999999999999 -60 0
      vertex 166.19999999999999 -40 0
    endloop
  endfacet
  facet normal 0 0 1
    outer loop
      vertex 166 -60 0
      vertex 166.19999999999999 -40 0
      vertex 166 -40 0
    endloop
  endfacet
  facet normal 0 0 1
    outer loop
      vertex 166 -40 0
      vertex 166.19999999999999 -40 0
      vertex 166.19999999999999 -20 0
    endloop
  endfacet
  facet normal 0 0 1
    outer loop
      vertex 166 -40 0
      vertex 166.19999999999999 -20 0
      vertex 166 -20 0
    endloop
  endfacet
  facet normal 0 0 1
    outer loop
      vertex 166 -20 0
      vertex 166.19999999999999 -20 0
      vertex 166.19999999999999 -10 0
    endloop
  endfacet
  facet normal 0 0 1
    outer loop
      vertex 166 -20 0
      vertex 166.19999999999999 -10 0
      vertex 166 -10 0
    endloop
  endfacet
  facet normal 0 0 1
    outer loop
      vertex 166 -10 0
      vertex 166.19999999999999 -10 0
      vertex 166.19999999999999 0 0
    endloop
  endfacet
  facet normal 0 0 1
    outer loop
      vertex 166 -10 0
      vertex 166.19999999999999 0 0
      vertex 166 0 0
    endloop
  endfacet
  facet normal 0 0 1
    outer loop
      vertex 166 0 0
      vertex 166.19999999999999 0 0
      vertex 166.19999999999999 0.001 0
    endloop
  endfacet
  facet normal 0 0 1
    outer loop
      vertex 166 0 0
      vertex 166.19999999999999 0.001 0
      vertex 166 0.001 0
    endloop
  endfacet
  facet normal 0 0 1
    outer loop
      vertex 166 0.001 0
      vertex 166.19999999999999 0.001 0
      vertex 166.19999999999999 10 0
    endloop
  endfacet
  facet normal 0 0 1
    outer loop
      vertex 166 0.001 0
      vertex 166.19999999999999 10 0
      vertex 166 10 0
    endloop
  endfacet
  facet normal 0 0 1
    outer loop
      vertex 166 10 0
      vertex 166.19999999999999 10 0
      vertex 166.19999999999999 20 0
    endloop
  endfacet
  facet normal 0 0 1
    outer loop
      vertex 166 10 0
      vertex 166.19999999999999 20 0
      vertex 166 20 0
    endloop
  endfacet
  facet normal 0 0 1
    outer loop
      vertex 166 20 0
      vertex 166.19999999999999 20 0
      vertex 166.19999999999999 40 0
    endloop
  endfacet
  facet normal 0 0 1
    outer loop
      vertex 166 20 0
      vertex 166.19999999999999 40 0
      vertex 166 40 0
    endloop
  endfacet
  facet normal 0 0 1
    outer loop
      vertex 166 40 0
      vertex 166.19999999999999 40 0
      vertex 166.19999999999999 60 0
    endloop
  endfacet
  facet normal 0 0 1
    outer loop
      vertex 166 40 0
      vertex 166.19999999999999 60 0
      vertex 166 60 0
    endloop
  endfacet
  facet normal 0 0 1
    outer loop
      vertex 166.19999999999999 -60 0
      vertex 166.40000000000001 -60 0
      vertex 166.40000000000001 -40 0
    endloop
  endfacet
  facet normal 0 0 1
    outer loop
      vertex 166.19999999999999 -60 0
      vertex 166.40000000000001 -40 0
      vertex 166.19999999999999 -40 0
    endloop
  endfacet
  facet normal 0 0 1
    outer loop
      vertex 166.19999999999999 -40 0
      vertex 166.40000000000001 -40 0
      vertex 166.40000000000001 -20 0
    endloop
  endfacet
  facet normal 0 0 1
    outer loop
      vertex 166.19999999999999 -40 0
      vertex 166.40000000000001 -20 0
      vertex 166.19999999999999 -20 0
    endloop
  endfacet
  facet normal 0 0 1
    outer loop
      vertex 166.19999999999999 -20 0
      vertex 166.40000000000001 -20 0
      vertex 166.40000000000001 -10 0
    endloop
  endfacet
  facet normal 0 0 1
    outer loop
      vertex 166.19999999999999 -20 0
      vertex 166.40000000000001 -10 0
      vertex 166.19999999999999 -10 0
    endloop
  endfacet
  facet normal 0 0 1
    outer loop
      vertex 166.19999999999999 -10 0
      vertex 166.40000000000001 -10 0
      vertex 166.40000000000001 0 0
    endloop
  endfacet
  facet normal 0 0 1
    outer loop
      vertex 166.19999999999999 -10 0
      vertex 166.40000000000001 0 0
      vertex 166.19999999999999 0 0
    endloop
  endfacet
  facet normal 0 0 1
    outer loop
      vertex 166.19999999999999 0 0
      vertex 166.40000000000001 0 0
      vertex 166.40000000000001 0.001 0
    endloop
  endfacet
  facet normal 0 0 1
    outer loop
      vertex 166.19999999999999 0 0
      vertex 166.40000000000001 0.001 0
      vertex 166.19999999999999 0.001 0
    endloop
  endfacet
  facet normal 0 0 1
    outer loop
      vertex 166.19999999999999 0.001 0
      vertex 166.40000000000001 0.001 0
      vertex 166.40000000000001 10 0
    endloop
  endfacet
  facet normal 0 0 1
    outer loop
      vertex 166.19999999999999 0.001 0
      vertex 166.40000000000001 10 0
      vertex 166.19999999999999 10 0
    endloop
  endfacet
  facet normal 0 0 1
    outer loop
      vertex 166.19999999999999 10 0
      vertex 166.40000000000001 10 0
      vertex 166.40000000000001 20 0
    endloop
  endfacet
  facet normal 0 0 1
    outer loop
      vertex 166.19999999999999 10 0
      vertex 166.40000000000001 20 0
      vertex 166.19999999999999 20 0
    endloop
  endfacet
  facet normal 0 0 1
    outer loop
      vertex 166.19999999999999 20 0
      vertex 166.40000000000001 20 0
      vertex 166.40000000000001 40 0
    endloop
  endfacet
  facet normal 0 0 1
    outer loop
      vertex 166.19999999999999 20 0
      vertex 166.40000000000001 40 0
      vertex 166.19999999999999 40 0
    endloop
  endfacet
  facet normal 0 0 1
    outer loop
      vertex 166.19999999999999 40 0
      vertex 166.40000000000001 40 0
      vertex 166.40000000000001 60 0
    endloop
  endfacet
  facet normal 0 0 1
    outer loop
      vertex 166.19999999999999 40 0
      vertex 166.40000000000001 60 0
      vertex 166.19999999999999 60 0
    endloop
  endfacet
  facet normal 0 0 1
    outer loop
      vertex 166.40000000000001 -60 0
      vertex 166.59999999999999 -60 0
      vertex 166.59999999999999 -40 0
    endloop
  endfacet
  facet normal 0 0 1
    outer loop
      vertex 166.40000000000001 -60 0
      vertex 166.59999999999999 -40 0
      vertex 166.40000000000001 -40 0
    endloop
  endfacet
  facet normal 0 0 1
    outer loop
      vertex 166.40000000000001 -40 0
      vertex 166.59999999999999 -40 0
      vertex 166.59999999999999 -20 0
    endloop
  endfacet
  facet normal 0 0 1
    outer loop
      vertex 166.40000000000001 -40 0
      vertex 166.59999999999999 -20 0
      vertex 166.40000000000001 -20 0
    endloop
  endfacet
  facet normal 0 0 1
    outer loop
      vertex 166.40000000000001 -20 0
      vertex 166.59999999999999 -20 0
      vertex 166.59999999999999 -10 0
    endloop
  endfacet
  facet normal 0 0 1
    outer loop
      vertex 166.40000000000001 -20 0
      vertex 166.59999999999999 -10 0
      vertex 166.40000000000001 -10 0
    endloop
  endfacet
  facet normal 0 0 1
    outer loop
      vertex 166.40000000000001 -10 0
      vertex 166.59999999999999 -10 0
      vertex 166.59999999999999 0 0
    endloop
  endfacet
  facet normal 0 0 1
    outer loop
      vertex 166.40000000000001 -10 0
      vertex 166.59999999999999 0 0
      vertex 166.40000000000001 0 0
    endloop
  endfacet
  facet normal 0 0 1
    outer loop
      vertex 166.40000000000001 0 0
      vertex 166.59999999999999 0 0
      vertex 166.59999999999999 0.001 0
    endloop
  endfacet
  facet normal 0 0 1
    outer loop
      vertex 166.40000000000001 0 0
      vertex 166.59999999999999 0.001 0
      vertex 166.40000000000001 0.001 0
    endloop
  endfacet
  facet normal 0 0 1
    outer loop
      vertex 166.40000000000001 0.001 0
      vertex 166.59999999999999 0.001 0
      vertex 166.59999999999999 10 0
    endloop
  endfacet
  facet normal 0 0 1
    outer loop
      vertex 166.40000000000001 0.001 0
      vertex 166.59999999999999 10 0
      vertex 166.40000000000001 10 0
    endloop
  endfacet
  facet normal 0 0 1
    outer loop
      vertex 166.40000000000001 10 0
      vertex 166.59999999999999 10 0
      vertex 166.59999999999999 20 0
    endloop
  endfacet
  facet normal 0 0 1
    outer loop
      vertex 166.40000000000001 10 0
      vertex 166.59999999999999 20 0
      vertex 166.40000000000001 20 0
    endloop
  endfacet
  facet normal 0 0 1
    outer loop
      vertex 166.40000000000001 20 0
      vertex 166.59999999999999 20 0
      vertex 166.59999999999999 40 0
    endloop
  endfacet
  facet normal 0 0 1
    outer loop
      vertex 166.40000000000001 20 0
      vertex 166.59999999999999 40 0
      vertex 166.40000000000001 40 0
    endloop
  endfacet
  facet normal 0 0 1
    outer loop
      vertex 166.40000000000001 40 0
      vertex 166.59999999999999 40 0
      vertex 166.59999999999999 60 0
    endloop
  endfacet
  facet normal 0 0 1
    outer loop
      vertex 166.40000000000001 40 0
      vertex 166.59999999999999 60 0
      vertex 166.40000000000001 60 0
    endloop
  endfacet
  facet normal 0 0 1
    outer loop
      vertex 166.59999999999999 -60 0
      vertex 166.80000000000001 -60 0
      vertex 166.80000000000001 -40 0
    endloop
  endfacet
  facet normal 0 0 1
    outer loop
      vertex 166.59999999999999 -60 0
      vertex 166.80000000000001 -40 0
      vertex 166.59999999999999 -40 0
    endloop
  endfacet
  facet normal 0 0 1
    outer loop
      vertex 166.59999999999999 -40 0
      vertex 166.80000000000001 -40 0
      vertex 166.80000000000001 -20 0
    endloop
  endfacet
  facet normal 0 0 1
    outer loop
      vertex 166.59999999999999 -40 0
      vertex 166.80000000000001 -20 0
      vertex 166.59999999999999 -20 0
    endloop
  endfacet
  facet normal 0 0 1
    outer loop
      vertex 166.59999999999999 -20 0
      vertex 166.80000000000001 -20 0
      vertex 166.80000000000001 -10 0
    endloop
  endfacet
  facet normal 0 0 1
    outer loop
      vertex 166.59999999999999 -20 0
      vertex 166.80000000000001 -10 0
      vertex 166.59999999999999 -10 0
    endloop
  endfacet
  facet normal 0 0 1
    outer loop
      vertex 166.59999999999999 -10 0
      vertex 166.80000000000001 -10 0
      vertex 166.80000000000001 0 0
    endloop
  endfacet
  facet normal 0 0 1
    outer loop
      vertex 166.59999999999999 -10 0
      vertex 166.80000000000001 0 0
      vertex 166.59999999999999 0 0
    endloop
  endfacet
  facet normal 0 0 1
    outer loop
      vertex 166.59999999999999 0 0
      vertex 166.80000000000001 0 0
      vertex 166.80000000000001 0.001 0
    endloop
  endfacet
  facet normal 0 0 1
    outer loop
      vertex 166.59999999999999 0 0
      vertex 166.80000000000001 0.001 0
      vertex 166.59999999999999 0.001 0
    endloop
  endfacet
  facet normal 0 0 1
    outer loop
      vertex 166.59999999999999 0.001 0
      vertex 166.80000000000001 0.001 0
      vertex 166.80000000000001 10 0
    endloop
  endfacet
  facet normal 0 0 1
    outer loop
      vertex 166.59999999999999 0.001 0
      vertex 166.80000000000001 10 0
      vertex 166.59999999999999 10 0
    endloop
  endfacet
  facet normal 0 0 1
    outer loop
      vertex 166.59999999999999 10 0
      vertex 166.80000000000001 10 0
      vertex 166.80000000000001 20 0
    endloop
  endfacet
  facet normal 0 0 1
    outer loop
      vertex 166.59999999999999 10 0
      vertex 166.80000000000001 20 0
      vertex 166.59999999999999 20 0
    endloop
  endfacet
  facet normal 0 0 1
    outer loop
      vertex 166.59999999999999 20 0
      vertex 166.80000000000001 20 0
      vertex 166.80000000000001 40 0
    endloop
  endfacet
  facet normal 0 0 1
    outer loop
      vertex 166.59999999999999 20 0
      vertex 166.80000000000001 40 0
      vertex 166.59999999999999 40 0
    endloop
  endfacet
  facet normal 0 0 1
    outer loop
      vertex 166.59999999999999 40 0
      vertex 166.80000000000001 40 0
      vertex 166.80000000000001 60 0
    endloop
  endfacet
  facet normal 0 0 1
    outer loop
      vertex 166.59999999999999 40 0
      vertex 166.80000000000001 60 0
      vertex 166.59999999999999 60 0
    endloop
  endfacet
  facet normal 0 0 1
    outer loop
      vertex 166.80000000000001 -60 0
      vertex 167 -60 0
      vertex 167 -40 0
    endloop
  endfacet
  facet normal 0 0 1
    outer loop
      vertex 166.80000000000001 -60 0
      vertex 167 -40 0
      vertex 166.80000000000001 -40 0
    endloop
  endfacet
  facet normal 0 0 1
    outer loop
      vertex 166.80000000000001 -40 0
      vertex 167 -40 0
      vertex 167 -20 0
    endloop
  endfacet
  facet normal 0 0 1
    outer loop
      vertex 166.80000000000001 -40 0
      vertex 167 -20 0
      vertex 166.80000000000001 -20 0
    endloop
  endfacet
  facet normal 0 0 1
    outer loop
      vertex 166.80000000000001 -20 0
      vertex 167 -20 0
      vertex 167 -10 0
    endloop
  endfacet
  facet normal 0 0 1
    outer loop
      vertex 166.80000000000001 -20 0
      vertex 167 -10 0
      vertex 166.80000000000001 -10 0
    endloop
  endfacet
  facet normal 0 0 1
    outer loop
      vertex 166.80000000000001 -10 0
      vertex 167 -10 0
      vertex 167 0 0
    endloop
  endfacet
  facet normal 0 0 1
    outer loop
      vertex 166.80000000000001 -10 0
      vertex 167 0 0
      vertex 166.80000000000001 0 0
    endloop
  endfacet
  facet normal 0 0 1
    outer loop
      vertex 166.80000000000001 0 0
      vertex 167 0 0
      vertex 167 0.001 0
    endloop
  endfacet
  facet normal 0 0 1
    outer loop
      vertex 166.80000000000001 0 0
      vertex 167 0.001 0
      vertex 166.80000000000001 0.001 0
    endloop
  endfacet
  facet normal 0 0 1
    outer loop
      vertex 166.80000000000001 0.001 0
      vertex 167 0.001 0
      vertex 167 10 0
    endloop
  endfacet
  facet normal 0 0 1
    outer loop
      vertex 166.80000000000001 0.001 0
      vertex 167 10 0
      vertex 166.80000000000001 10 0
    endloop
  endfacet
  facet normal 0 0 1
    outer loop
      vertex 166.80000000000001 10 0
      vertex 167 10 0
      vertex 167 20 0
    endloop
  endfacet
  facet normal 0 0 1
    outer loop
      vertex 166.80000000000001 10 0
      vertex 167 20 0
      vertex 166.80000000000001 20 0
    endloop
  endfacet
  facet normal 0 0 1
    outer loop
      vertex 166.80000000000001 20 0
      vertex 167 20 0
      vertex 167 40 0
    endloop
  endfacet
  facet normal 0 0 1
    outer loop
      vertex 166.80000000000001 20 0
      vertex 167 40 0
      vertex 166.80000000000001 40 0
    endloop
  endfacet
  facet normal 0 0 1
    outer loop
      vertex 166.80000000000001 40 0
      vertex 167 40 0
      vertex 167 60 0
    endloop
  endfacet
  facet normal 0 0 1
    outer loop
      vertex 166.80000000000001 40 0
      vertex 167 60 0
      vertex 166.80000000000001 60 0
    endloop
  endfacet
  facet normal 0 0 1
    outer loop
      vertex 167 -60 0
      vertex 167.19999999999999 -60 0
      vertex 167.19999999999999 -40 0
    endloop
  endfacet
  facet normal 0 0 1
    outer loop
      vertex 167 -60 0
      vertex 167.19999999999999 -40 0
      vertex 167 -40 0
    endloop
  endfacet
  facet normal 0 0 1
    outer loop
      vertex 167 -40 0
      vertex 167.19999999999999 -40 0
      vertex 167.19999999999999 -20 0
    endloop
  endfacet
  facet normal 0 0 1
    outer loop
      vertex 167 -40 0
      vertex 167.19999999999999 -20 0
      vertex 167 -20 0
    endloop
  endfacet
  facet normal 0 0 1
    outer loop
      vertex 167 -20 0
      vertex 167.19999999999999 -20 0
      vertex 167.19999999999999 -10 0
    endloop
  endfacet
  facet normal 0 0 1
    outer loop
      vertex 167 -20 0
      vertex 167.19999999999999 -10 0
      vertex 167 -10 0
    endloop
  endfacet
  facet normal 0 0 1
    outer loop
      vertex 167 -10 0
      vertex 167.19999999999999 -10 0
      vertex 167.19999999999999 0 0
    endloop
  endfacet
  facet normal 0 0 1
    outer loop
      vertex 167 -10 0
      vertex 167.19999999999999 0 0
      vertex 167 0 0
    endloop
  endfacet
  facet normal 0 0 1
    outer loop
      vertex 167 0 0
      vertex 167.19999999999999 0 0
      vertex 167.19999999999999 0.001 0
    endloop
  endfacet
  facet normal 0 0 1
    outer loop
      vertex 167 0 0
      vertex 167.19999999999999 0.001 0
      vertex 167 0.001 0
    endloop
  endfacet
  facet normal 0 0 1
    outer loop
      vertex 167 0.001 0
      vertex 167.19999999999999 0.001 0
      vertex 167.19999999999999 10 0
    endloop
  endfacet
  facet normal 0 0 1
    outer loop
      vertex 167 0.001 0
      vertex 167.19999999999999 10 0
      vertex 167 10 0
    endloop
  endfacet
  facet normal 0 0 1
    outer loop
      vertex 167 10 0
      vertex 167.19999999999999 10 0
      vertex 167.19999999999999 20 0
    endloop
  endfacet
  facet normal 0 0 1
    outer loop
      vertex 167 10 0
      vertex 167.19999999999999 20 0
      vertex 167 20 0
    endloop
  endfacet
  facet normal 0 0 1
    outer loop
      vertex 167 20 0
      vertex 167.19999999999999 20 0
      vertex 167.19999999999999 40 0
    endloop
  endfacet
  facet normal 0 0 1
    outer loop
      vertex 167 20 0
      vertex 167.19999999999999 40 0
      vertex 167 40 0
    endloop
  endfacet
  facet normal 0 0 1
    outer loop
      vertex 167 40 0
      vertex 167.19999999999999 40 0
      vertex 167.19999999999999 60 0
    endloop
  endfacet
  facet normal 0 0 1
    outer loop
      vertex 167 40 0
      vertex 167.19999999999999 60 0
      vertex 167 60 0
    endloop
  endfacet
  facet normal 0 0 1
    outer loop
      vertex 167.19999999999999 -60 0
      vertex 167.40000000000001 -60 0
      vertex 167.40000000000001 -40 0
    endloop
  endfacet
  facet normal 0 0 1
    outer loop
      vertex 167.19999999999999 -60 0
      vertex 167.40000000000001 -40 0
      vertex 167.19999999999999 -40 0
    endloop
  endfacet
  facet normal 0 0 1
    outer loop
      vertex 167.19999999999999 -40 0
      vertex 167.40000000000001 -40 0
      vertex 167.40000000000001 -20 0
    endloop
  endfacet
  facet normal 0 0 1
    outer loop
      vertex 167.19999999999999 -40 0
      vertex 167.40000000000001 -20 0
      vertex 167.19999999999999 -20 0
    endloop
  endfacet
  facet normal 0 0 1
    outer loop
      vertex 167.19999999999999 -20 0
      vertex 167.40000000000001 -20 0
      vertex 167.40000000000001 -10 0
    endloop
  endfacet
  facet normal 0 0 1
    outer loop
      vertex 167.19999999999999 -20 0
      vertex 167.40000000000001 -10 0
      vertex 167.19999999999999 -10 0
    endloop
  endfacet
  facet normal 0 0 1
    outer loop
      vertex 167.19999999999999 -10 0
      vertex 167.40000000000001 -10 0
      vertex 167.40000000000001 0 0
    endloop
  endfacet
  facet normal 0 0 1
    outer loop
      vertex 167.19999999999999 -10 0
      vertex 167.40000000000001 0 0
      vertex 167.19999999999999 0 0
    endloop
  endfacet
  facet normal 0 0 1
    outer loop
      vertex 167.19999999999999 0 0
      vertex 167.40000000000001 0 0
      vertex 167.40000000000001 0.001 0
    endloop
  endfacet
  facet normal 0 0 1
    outer loop
      vertex 167.19999999999999 0 0
      vertex 167.40000000000001 0.001 0
      vertex 167.19999999999999 0.001 0
    endloop
  endfacet
  facet normal 0 0 1
    outer loop
      vertex 167.19999999999999 0.001 0
      vertex 167.40000000000001 0.001 0
      vertex 167.40000000000001 10 0
    endloop
  endfacet
  facet normal 0 0 1
    outer loop
      vertex 167.19999999999999 0.001 0
      vertex 167.40000000000001 10 0
      vertex 167.19999999999999 10 0
    endloop
  endfacet
  facet normal 0 0 1
    outer loop
      vertex 167.19999999999999 10 0
      vertex 167.40000000000001 10 0
      vertex 167.40000000000001 20 0
    endloop
  endfacet
  facet normal 0 0 1
    outer loop
      vertex 167.19999999999999 10 0
      vertex 167.40000000000001 20 0
      vertex 167.19999999999999 20 0
    endloop
  endfacet
  facet normal 0 0 1
    outer loop
      vertex 167.19999999999999 20 0
      vertex 167.40000000000001 20 0
      vertex 167.40000000000001 40 0
    endloop
  endfacet
  facet normal 0 0 1
    outer loop
      vertex 167.19999999999999 20 0
      vertex 167.40000000000001 40 0
      vertex 167.19999999999999 40 0
    endloop
  endfacet
  facet normal 0 0 1
    outer loop
      vertex 167.19999999999999 40 0
      vertex 167.40000000000001 40 0
      vertex 167.40000000000001 60 0
    endloop
  endfacet
  facet normal 0 0 1
    outer loop
      vertex 167.19999999999999 40 0
      vertex 167.40000000000001 60 0
      vertex 167.19999999999999 60 0
    endloop
  endfacet
  facet normal 0 0 1
    outer loop
      vertex 167.40000000000001 -60 0
      vertex 167.59999999999999 -60 0
      vertex 167.59999999999999 -40 0
    endloop
  endfacet
  facet normal 0 0 1
    outer loop
      vertex 167.40000000000001 -60 0
      vertex 167.59999999999999 -40 0
      vertex 167.40000000000001 -40 0
    endloop
  endfacet
  facet normal 0 0 1
    outer loop
      vertex 167.40000000000001 -40 0
      vertex 167.59999999999999 -40 0
      vertex 167.59999999999999 -20 0
    endloop
  endfacet
  facet normal 0 0 1
    outer loop
      vertex 167.40000000000001 -40 0
      vertex 167.59999999999999 -20 0
      vertex 167.40000000000001 -20 0
    endloop
  endfacet
  facet normal 0 0 1
    outer loop
      vertex 167.40000000000001 -20 0
      vertex 167.59999999999999 -20 0
      vertex 167.59999999999999 -10 0
    endloop
  endfacet
  facet normal 0 0 1
    outer loop
      vertex 167.40000000000001 -20 0
      vertex 167.59999999999999 -10 0
      vertex 167.40000000000001 -10 0
    endloop
  endfacet
  facet normal 0 0 1
    outer loop
      vertex 167.40000000000001 -10 0
      vertex 167.59999999999999 -10 0
      vertex 167.59999999999999 0 0
    endloop
  endfacet
  facet normal 0 0 1
    outer loop
      vertex 167.40000000000001 -10 0
      vertex 167.59999999999999 0 0
      vertex 167.40000000000001 0 0
    endloop
  endfacet
  facet normal 0 0 1
    outer loop
      vertex 167.40000000000001 0 0
      vertex 167.59999999999999 0 0
      vertex 167.59999999999999 0.001 0
    endloop
  endfacet
  facet normal 0 0 1
    outer loop
      vertex 167.40000000000001 0 0
      vertex 167.59999999999999 0.001 0
      vertex 167.40000000000001 0.001 0
    endloop
  endfacet
  facet normal 0 0 1
    outer loop
      vertex 167.40000000000001 0.001 0
      vertex 167.59999999999999 0.001 0
      vertex 167.59999999999999 10 0
    endloop
  endfacet
  facet normal 0 0 1
    outer loop
      vertex 167.40000000000001 0.001 0
      vertex 167.59999999999999 10 0
      vertex 167.40000000000001 10 0
    endloop
  endfacet
  facet normal 0 0 1
    outer loop
      vertex 167.40000000000001 10 0
      vertex 167.59999999999999 10 0
      vertex 167.59999999999999 20 0
    endloop
  endfacet
  facet normal 0 0 1
    outer loop
      vertex 167.40000000000001 10 0
      vertex 167.59999999999999 20 0
      vertex 167.40000000000001 20 0
    endloop
  endfacet
  facet normal 0 0 1
    outer loop
      vertex 167.40000000000001 20 0
      vertex 167.59999999999999 20 0
      vertex 167.59999999999999 40 0
    endloop
  endfacet
  facet normal 0 0 1
    outer loop
      vertex 167.40000000000001 20 0
      vertex 167.59999999999999 40 0
      vertex 167.40000000000001 40 0
    endloop
  endfacet
  facet normal 0 0 1
    outer loop
      vertex 167.40000000000001 40 0
      vertex 167.59999999999999 40 0
      vertex 167.59999999999999 60 0
    endloop
  endfacet
  facet normal 0 0 1
    outer loop
      vertex 167.40000000000001 40 0
      vertex 167.59999999999999 60 0
      vertex 167.40000000000001 60 0
    endloop
  endfacet
  facet normal 0 0 1
    outer loop
      vertex 167.59999999999999 -60 0
      vertex 167.80000000000001 -60 0
      vertex 167.80000000000001 -40 0
    endloop
  endfacet
  facet normal 0 0 1
    outer loop
      vertex 167.59999999999999 -60 0
      vertex 167.80000000000001 -40 0
      vertex 167.59999999999999 -40 0
    endloop
  endfacet
  facet normal 0 0 1
    outer loop
      vertex 167.59999999999999 -40 0
      vertex 167.80000000000001 -40 0
      vertex 167.80000000000001 -20 0
    endloop
  endfacet
  facet normal 0 0 1
    outer loop
      vertex 167.59999999999999 -40 0
      vertex 167.80000000000001 -20 0
      vertex 167.59999999999999 -20 0
    endloop
  endfacet
  facet normal 0 0 1
    outer loop
      vertex 167.59999999999999 -20 0
      vertex 167.80000000000001 -20 0
      vertex 167.80000000000001 -10 0
    endloop
  endfacet
  facet normal 0 0 1
    outer loop
      vertex 167.59999999999999 -20 0
      vertex 167.80000000000001 -10 0
      vertex 167.59999999999999 -10 0
    endloop
  endfacet
  facet normal 0 0 1
    outer loop
      vertex 167.59999999999999 -10 0
      vertex 167.80000000000001 -10 0
      vertex 167.80000000000001 0 0
    endloop
  endfacet
  facet normal 0 0 1
    outer loop
      vertex 167.59999999999999 -10 0
      vertex 167.80000000000001 0 0
      vertex 167.59999999999999 0 0
    endloop
  endfacet
  facet normal 0 0 1
    outer loop
      vertex 167.59999999999999 0 0
      vertex 167.80000000000001 0 0
      vertex 167.80000000000001 0.001 0
    endloop
  endfacet
  facet normal 0 0 1
    outer loop
      vertex 167.59999999999999 0 0
      vertex 167.80000000000001 0.001 0
      vertex 167.59999999999999 0.001 0
    endloop
  endfacet
  facet normal 0 0 1
    outer loop
      vertex 167.59999999999999 0.001 0
      vertex 167.80000000000001 0.001 0
      vertex 167.80000000000001 10 0
    endloop
  endfacet
  facet normal 0 0 1
    outer loop
      vertex 167.59999999999999 0.001 0
      vertex 167.80000000000001 10 0
      vertex 167.59999999999999 10 0
    endloop
  endfacet
  facet normal 0 0 1
    outer loop
      vertex 167.59999999999999 10 0
      vertex 167.80000000000001 10 0
      vertex 167.80000000000001 20 0
    endloop
  endfacet
  facet normal 0 0 1
    outer loop
      vertex 167.59999999999999 10 0
      vertex 167.80000000000001 20 0
      vertex 167.59999999999999 20 0
    endloop
  endfacet
  facet normal 0 0 1
    outer loop
      vertex 167.59999999999999 20 0
      vertex 167.80000000000001 20 0
      vertex 167.80000000000001 40 0
    endloop
  endfacet
  facet normal 0 0 1
    outer loop
      vertex 167.59999999999999 20 0
      vertex 167.80000000000001 40 0
      vertex 167.59999999999999 40 0
    endloop
  endfacet
  facet normal 0 0 1
    outer loop
      vertex 167.59999999999999 40 0
      vertex 167.80000000000001 40 0
      vertex 167.80000000000001 60 0
    endloop
  endfacet
  facet normal 0 0 1
    outer loop
      vertex 167.59999999999999 40 0
      vertex 167.80000000000001 60 0
      vertex 167.59999999999999 60 0
    endloop
  endfacet
  facet normal 0 0 1
    outer loop
      vertex 167.80000000000001 -60 0
      vertex 168 -60 0
      vertex 168 -40 0
    endloop
  endfacet
  facet normal 0 0 1
    outer loop
      vertex 167.80000000000001 -60 0
      vertex 168 -40 0
      vertex 167.80000000000001 -40 0
    endloop
  endfacet
  facet normal 0 0 1
    outer loop
      vertex 167.80000000000001 -40 0
      vertex 168 -40 0
      vertex 168 -20 0
    endloop
  endfacet
  facet normal 0 0 1
    outer loop
      vertex 167.80000000000001 -40 0
      vertex 168 -20 0
      vertex 167.80000000000001 -20 0
    endloop
  endfacet
  facet normal 0 0 1
    outer loop
      vertex 167.80000000000001 -20 0
      vertex 168 -20 0
      vertex 168 -10 0
    endloop
  endfacet
  facet normal 0 0 1
    outer loop
      vertex 167.80000000000001 -20 0
      vertex 168 -10 0
      vertex 167.80000000000001 -10 0
    endloop
  endfacet
  facet normal 0 0 1
    outer loop
      vertex 167.80000000000001 -10 0
      vertex 168 -10 0
      vertex 168 0 0
    endloop
  endfacet
  facet normal 0 0 1
    outer loop
      vertex 167.80000000000001 -10 0
      vertex 168 0 0
      vertex 167.80000000000001 0 0
    endloop
  endfacet
  facet normal 0 0 1
    outer loop
      vertex 167.80000000000001 0 0
      vertex 168 0 0
      vertex 168 0.001 0
    endloop
  endfacet
  facet normal 0 0 1
    outer loop
      vertex 167.80000000000001 0 0
      vertex 168 0.001 0
      vertex 167.80000000000001 0.001 0
    endloop
  endfacet
  facet normal 0 0 1
    outer loop
      vertex 167.80000000000001 0.001 0
      vertex 168 0.001 0
      vertex 168 10 0
    endloop
  endfacet
  facet normal 0 0 1
    outer loop
      vertex 167.80000000000001 0.001 0
      vertex 168 10 0
      vertex 167.80000000000001 10 0
    endloop
  endfacet
  facet normal 0 0 1
    outer loop
      vertex 167.80000000000001 10 0
      vertex 168 10 0
      vertex 168 20 0
    endloop
  endfacet
  facet normal 0 0 1
    outer loop
      vertex 167.80000000000001 10 0
      vertex 168 20 0
      vertex 167.80000000000001 20 0
    endloop
  endfacet
  facet normal 0 0 1
    outer loop
      vertex 167.80000000000001 20 0
      vertex 168 20 0
      vertex 168 40 0
    endloop
  endfacet
  facet normal 0 0 1
    outer loop
      vertex 167.80000000000001 20 0
      vertex 168 40 0
      vertex 167.80000000000001 40 0
    endloop
  endfacet
  facet normal 0 0 1
    outer loop
      vertex 167.80000000000001 40 0
      vertex 168 40 0
      vertex 168 60 0
    endloop
  endfacet
  facet normal 0 0 1
    outer loop
      vertex 167.80000000000001 40 0
      vertex 168 60 0
      vertex 167.80000000000001 60 0
    endloop
  endfacet
  facet normal 0 0 1
    outer loop
      vertex 168 -60 0
      vertex 168.19999999999999 -60 0
      vertex 168.19999999999999 -40 0
    endloop
  endfacet
  facet normal 0 0 1
    outer loop
      vertex 168 -60 0
      vertex 168.19999999999999 -40 0
      vertex 168 -40 0
    endloop
  endfacet
  facet normal 0 0 1
    outer loop
      vertex 168 -40 0
      vertex 168.19999999999999 -40 0
      vertex 168.19999999999999 -20 0
    endloop
  endfacet
  facet normal 0 0 1
    outer loop
      vertex 168 -40 0
      vertex 168.19999999999999 -20 0
      vertex 168 -20 0
    endloop
  endfacet
  facet normal 0 0 1
    outer loop
      vertex 168 -20 0
      vertex 168.19999999999999 -20 0
      vertex 168.19999999999999 -10 0
    endloop
  endfacet
  facet normal 0 0 1
    outer loop
      vertex 168 -20 0
      vertex 168.19999999999999 -10 0
      vertex 168 -10 0
    endloop
  endfacet
  facet normal 0 0 1
    outer loop
      vertex 168 -10 0
      vertex 168.19999999999999 -10 0
      vertex 168.19999999999999 0 0
    endloop
  endfacet
  facet normal 0 0 1
    outer loop
      vertex 168 -10 0
      vertex 168.19999999999999 0 0
      vertex 168 0 0
    endloop
  endfacet
  facet normal 0 0 1
    outer loop
      vertex 168 0 0
      vertex 168.19999999999999 0 0
      vertex 168.19999999999999 0.001 0
    endloop
  endfacet
  facet normal 0 0 1
    outer loop
      vertex 168 0 0
      vertex 168.19999999999999 0.001 0
      vertex 168 0.001 0
    endloop
  endfacet
  facet normal 0 0 1
    outer loop
      vertex 168 0.001 0
      vertex 168.19999999999999 0.001 0
      vertex 168.19999999999999 10 0
    endloop
  endfacet
  facet normal 0 0 1
    outer loop
      vertex 168 0.001 0
      vertex 168.19999999999999 10 0
      vertex 168 10 0
    endloop
  endfacet
  facet normal 0 0 1
    outer loop
      vertex 168 10 0
      vertex 168.19999999999999 10 0
      vertex 168.19999999999999 20 0
    endloop
  endfacet
  facet normal 0 0 1
    outer loop
      vertex 168 10 0
      vertex 168.19999999999999 20 0
      vertex 168 20 0
    endloop
  endfacet
  facet normal 0 0 1
    outer loop
      vertex 168 20 0
      vertex 168.19999999999999 20 0
      vertex 168.19999999999999 40 0
    endloop
  endfacet
  facet normal 0 0 1
    outer loop
      vertex 168 20 0
      vertex 168.19999999999999 40 0
      vertex 168 40 0
    endloop
  endfacet
  facet normal 0 0 1
    outer loop
      vertex 168 40 0
      vertex 168.19999999999999 40 0
      vertex 168.19999999999999 60 0
    endloop
  endfacet
  facet normal 0 0 1
    outer loop
      vertex 168 40 0
      vertex 168.19999999999999 60 0
      vertex 168 60 0
    endloop
  endfacet
  facet normal 0 0 1
    outer loop
      vertex 168.19999999999999 -60 0
      vertex 168.40000000000001 -60 0
      vertex 168.40000000000001 -40 0
    endloop
  endfacet
  facet normal 0 0 1
    outer loop
      vertex 168.19999999999999 -60 0
      vertex 168.40000000000001 -40 0
      vertex 168.19999999999999 -40 0
    endloop
  endfacet
  facet normal 0 0 1
    outer loop
      vertex 168.19999999999999 -40 0
      vertex 168.40000000000001 -40 0
      vertex 168.40000000000001 -20 0
    endloop
  endfacet
  facet normal 0 0 1
    outer loop
      vertex 168.19999999999999 -40 0
      vertex 168.40000000000001 -20 0
      vertex 168.19999999999999 -20 0
    endloop
  endfacet
  facet normal 0 0 1
    outer loop
      vertex 168.19999999999999 -20 0
      vertex 168.40000000000001 -20 0
      vertex 168.40000000000001 -10 0
    endloop
  endfacet
  facet normal 0 0 1
    outer loop
      vertex 168.19999999999999 -20 0
      vertex 168.40000000000001 -10 0
      vertex 168.19999999999999 -10 0
    endloop
  endfacet
  facet normal 0 0 1
    outer loop
      vertex 168.19999999999999 -10 0
      vertex 168.40000000000001 -10 0
      vertex 168.40000000000001 0 0
    endloop
  endfacet
  facet normal 0 0 1
    outer loop
      vertex 168.19999999999999 -10 0
      vertex 168.40000000000001 0 0
      vertex 168.19999999999999 0 0
    endloop
  endfacet
  facet normal 0 0 1
    outer loop
      vertex 168.19999999999999 0 0
      vertex 168.40000000000001 0 0
      vertex 168.40000000000001 0.001 0
    endloop
  endfacet
  facet normal 0 0 1
    outer loop
      vertex 168.19999999999999 0 0
      vertex 168.40000000000001 0.001 0
      vertex 168.19999999999999 0.001 0
    endloop
  endfacet
  facet normal 0 0 1
    outer loop
      vertex 168.19999999999999 0.001 0
      vertex 168.40000000000001 0.001 0
      vertex 168.40000000000001 10 0
    endloop
  endfacet
  facet normal 0 0 1
    outer loop
      vertex 168.19999999999999 0.001 0
      vertex 168.40000000000001 10 0
      vertex 168.19999999999999 10 0
    endloop
  endfacet
  facet normal 0 0 1
    outer loop
      vertex 168.19999999999999 10 0
      vertex 168.40000000000001 10 0
      vertex 168.40000000000001 20 0
    endloop
  endfacet
  facet normal 0 0 1
    outer loop
      vertex 168.19999999999999 10 0
      vertex 168.40000000000001 20 0
      vertex 168.19999999999999 20 0
    endloop
  endfacet
  facet normal 0 0 1
    outer loop
      vertex 168.19999999999999 20 0
      vertex 168.40000000000001 20 0
      vertex 168.40000000000001 40 0
    endloop
  endfacet
  facet normal 0 0 1
    outer loop
      vertex 168.19999999999999 20 0
      vertex 168.40000000000001 40 0
      vertex 168.19999999999999 40 0
    endloop
  endfacet
  facet normal 0 0 1
    outer loop
      vertex 168.19999999999999 40 0
      vertex 168.40000000000001 40 0
      vertex 168.40000000000001 60 0
    endloop
  endfacet
  facet normal 0 0 1
    outer loop
      vertex 168.19999999999999 40 0
      vertex 168.40000000000001 60 0
      vertex 168.19999999999999 60 0
    endloop
  endfacet
  facet normal 0 0 1
    outer loop
      vertex 168.40000000000001 -60 0
      vertex 168.59999999999999 -60 0
      vertex 168.59999999999999 -40 0
    endloop
  endfacet
  facet normal 0 0 1
    outer loop
      vertex 168.40000000000001 -60 0
      vertex 168.59999999999999 -40 0
      vertex 168.40000000000001 -40 0
    endloop
  endfacet
  facet normal 0 0 1
    outer loop
      vertex 168.40000000000001 -40 0
      vertex 168.59999999999999 -40 0
      vertex 168.59999999999999 -20 0
    endloop
  endfacet
  facet normal 0 0 1
    outer loop
      vertex 168.40000000000001 -40 0
      vertex 168.59999999999999 -20 0
      vertex 168.40000000000001 -20 0
    endloop
  endfacet
  facet normal 0 0 1
    outer loop
      vertex 168.40000000000001 -20 0
      vertex 168.59999999999999 -20 0
      vertex 168.59999999999999 -10 0
    endloop
  endfacet
  facet normal 0 0 1
    outer loop
      vertex 168.40000000000001 -20 0
      vertex 168.59999999999999 -10 0
      vertex 168.40000000000001 -10 0
    endloop
  endfacet
  facet normal 0 0 1
    outer loop
      vertex 168.40000000000001 -10 0
      vertex 168.59999999999999 -10 0
      vertex 168.59999999999999 0 0
    endloop
  endfacet
  facet normal 0 0 1
    outer loop
      vertex 168.40000000000001 -10 0
      vertex 168.59999999999999 0 0
      vertex 168.40000000000001 0 0
    endloop
  endfacet
  facet normal 0 0 1
    outer loop
      vertex 168.40000000000001 0 0
      vertex 168.59999999999999 0 0
      vertex 168.59999999999999 0.001 0
    endloop
  endfacet
  facet normal 0 0 1
    outer loop
      vertex 168.40000000000001 0 0
      vertex 168.59999999999999 0.001 0
      vertex 168.40000000000001 0.001 0
    endloop
  endfacet
  facet normal 0 0 1
    outer loop
      vertex 168.40000000000001 0.001 0
      vertex 168.59999999999999 0.001 0
      vertex 168.59999999999999 10 0
    endloop
  endfacet
  facet normal 0 0 1
    outer loop
      vertex 168.40000000000001 0.001 0
      vertex 168.59999999999999 10 0
      vertex 168.40000000000001 10 0
    endloop
  endfacet
  facet normal 0 0 1
    outer loop
      vertex 168.40000000000001 10 0
      vertex 168.59999999999999 10 0
      vertex 168.59999999999999 20 0
    endloop
  endfacet
  facet normal 0 0 1
    outer loop
      vertex 168.40000000000001 10 0
      vertex 168.59999999999999 20 0
      vertex 168.40000000000001 20 0
    endloop
  endfacet
  facet normal 0 0 1
    outer loop
      vertex 168.40000000000001 20 0
      vertex 168.59999999999999 20 0
      vertex 168.59999999999999 40 0
    endloop
  endfacet
  facet normal 0 0 1
    outer loop
      vertex 168.40000000000001 20 0
      vertex 168.59999999999999 40 0
      vertex 168.40000000000001 40 0
    endloop
  endfacet
  facet normal 0 0 1
    outer loop
      vertex 168.40000000000001 40 0
      vertex 168.59999999999999 40 0
      vertex 168.59999999999999 60 0
    endloop
  endfacet
  facet normal 0 0 1
    outer loop
      vertex 168.40000000000001 40 0
      vertex 168.59999999999999 60 0
      vertex 168.40000000000001 60 0
    endloop
  endfacet
  facet normal 0 0 1
    outer loop
      vertex 168.59999999999999 -60 0
      vertex 168.80000000000001 -60 0
      vertex 168.80000000000001 -40 0
    endloop
  endfacet
  facet normal 0 0 1
    outer loop
      vertex 168.59999999999999 -60 0
      vertex 168.80000000000001 -40 0
      vertex 168.59999999999999 -40 0
    endloop
  endfacet
  facet normal 0 0 1
    outer loop
      vertex 168.59999999999999 -40 0
      vertex 168.80000000000001 -40 0
      vertex 168.80000000000001 -20 0
    endloop
  endfacet
  facet normal 0 0 1
    outer loop
      vertex 168.59999999999999 -40 0
      vertex 168.80000000000001 -20 0
      vertex 168.59999999999999 -20 0
    endloop
  endfacet
  facet normal 0 0 1
    outer loop
      vertex 168.59999999999999 -20 0
      vertex 168.80000000000001 -20 0
      vertex 168.80000000000001 -10 0
    endloop
  endfacet
  facet normal 0 0 1
    outer loop
      vertex 168.59999999999999 -20 0
      vertex 168.80000000000001 -10 0
      vertex 168.59999999999999 -10 0
    endloop
  endfacet
  facet normal 0 0 1
    outer loop
      vertex 168.59999999999999 -10 0
      vertex 168.80000000000001 -10 0
      vertex 168.80000000000001 0 0
    endloop
  endfacet
  facet normal 0 0 1
    outer loop
      vertex 168.59999999999999 -10 0
      vertex 168.80000000000001 0 0
      vertex 168.59999999999999 0 0
    endloop
  endfacet
  facet normal 0 0 1
    outer loop
      vertex 168.59999999999999 0 0
      vertex 168.80000000000001 0 0
      vertex 168.80000000000001 0.001 0
    endloop
  endfacet
  facet normal 0 0 1
    outer loop
      vertex 168.59999999999999 0 0
      vertex 168.80000000000001 0.001 0
      vertex 168.59999999999999 0.001 0
    endloop
  endfacet
  facet normal 0 0 1
    outer loop
      vertex 168.59999999999999 0.001 0
      vertex 168.80000000000001 0.001 0
      vertex 168.80000000000001 10 0
    endloop
  endfacet
  facet normal 0 0 1
    outer loop
      vertex 168.59999999999999 0.001 0
      vertex 168.80000000000001 10 0
      vertex 168.59999999999999 10 0
    endloop
  endfacet
  facet normal 0 0 1
    outer loop
      vertex 168.59999999999999 10 0
      vertex 168.80000000000001 10 0
      vertex 168.80000000000001 20 0
    endloop
  endfacet
  facet normal 0 0 1
    outer loop
      vertex 168.59999999999999 10 0
      vertex 168.80000000000001 20 0
      vertex 168.59999999999999 20 0
    endloop
  endfacet
  facet normal 0 0 1
    outer loop
      vertex 168.59999999999999 20 0
      vertex 168.80000000000001 20 0
      vertex 168.80000000000001 40 0
    endloop
  endfacet
  facet normal 0 0 1
    outer loop
      vertex 168.59999999999999 20 0
      vertex 168.80000000000001 40 0
      vertex 168.59999999999999 40 0
    endloop
  endfacet
  facet normal 0 0 1
    outer loop
      vertex 168.59999999999999 40 0
      vertex 168.80000000000001 40 0
      vertex 168.80000000000001 60 0
    endloop
  endfacet
  facet normal 0 0 1
    outer loop
      vertex 168.59999999999999 40 0
      vertex 168.80000000000001 60 0
      vertex 168.59999999999999 60 0
    endloop
  endfacet
  facet normal 0 0 1
    outer loop
      vertex 168.80000000000001 -60 0
      vertex 169 -60 0
      vertex 169 -40 0
    endloop
  endfacet
  facet normal 0 0 1
    outer loop
      vertex 168.80000000000001 -60 0
      vertex 169 -40 0
      vertex 168.80000000000001 -40 0
    endloop
  endfacet
  facet normal 0 0 1
    outer loop
      vertex 168.80000000000001 -40 0
      vertex 169 -40 0
      vertex 169 -20 0
    endloop
  endfacet
  facet normal 0 0 1
    outer loop
      vertex 168.80000000000001 -40 0
      vertex 169 -20 0
      vertex 168.80000000000001 -20 0
    endloop
  endfacet
  facet normal 0 0 1
    outer loop
      vertex 168.80000000000001 -20 0
      vertex 169 -20 0
      vertex 169 -10 0
    endloop
  endfacet
  facet normal 0 0 1
    outer loop
      vertex 168.80000000000001 -20 0
      vertex 169 -10 0
      vertex 168.80000000000001 -10 0
    endloop
  endfacet
  facet normal 0 0 1
    outer loop
      vertex 168.80000000000001 -10 0
      vertex 169 -10 0
      vertex 169 0 0
    endloop
  endfacet
  facet normal 0 0 1
    outer loop
      vertex 168.80000000000001 -10 0
      vertex 169 0 0
      vertex 168.80000000000001 0 0
    endloop
  endfacet
  facet normal 0 0 1
    outer loop
      vertex 168.80000000000001 0 0
      vertex 169 0 0
      vertex 169 0.001 0
    endloop
  endfacet
  facet normal 0 0 1
    outer loop
      vertex 168.80000000000001 0 0
      vertex 169 0.001 0
      vertex 168.80000000000001 0.001 0
    endloop
  endfacet
  facet normal 0 0 1
    outer loop
      vertex 168.80000000000001 0.001 0
      vertex 169 0.001 0
      vertex 169 10 0
    endloop
  endfacet
  facet normal 0 0 1
    outer loop
      vertex 168.80000000000001 0.001 0
      vertex 169 10 0
      vertex 168.80000000000001 10 0
    endloop
  endfacet
  facet normal 0 0 1
    outer loop
      vertex 168.80000000000001 10 0
      vertex 169 10 0
      vertex 169 20 0
    endloop
  endfacet
  facet normal 0 0 1
    outer loop
      vertex 168.80000000000001 10 0
      vertex 169 20 0
      vertex 168.80000000000001 20 0
    endloop
  endfacet
  facet normal 0 0 1
    outer loop
      vertex 168.80000000000001 20 0
      vertex 169 20 0
      vertex 169 40 0
    endloop
  endfacet
  facet normal 0 0 1
    outer loop
      vertex 168.80000000000001 20 0
      vertex 169 40 0
      vertex 168.80000000000001 40 0
    endloop
  endfacet
  facet normal 0 0 1
    outer loop
      vertex 168.80000000000001 40 0
      vertex 169 40 0
      vertex 169 60 0
    endloop
  endfacet
  facet normal 0 0 1
    outer loop
      vertex 168.80000000000001 40 0
      vertex 169 60 0
      vertex 168.80000000000001 60 0
    endloop
  endfacet
  facet normal 0 0 1
    outer loop
      vertex 169 -60 0
      vertex 169.19999999999999 -60 0
      vertex 169.19999999999999 -40 0
    endloop
  endfacet
  facet normal 0 0 1
    outer loop
      vertex 169 -60 0
      vertex 169.19999999999999 -40 0
      vertex 169 -40 0
    endloop
  endfacet
  facet normal 0 0 1
    outer loop
      vertex 169 -40 0
      vertex 169.19999999999999 -40 0
      vertex 169.19999999999999 -20 0
    endloop
  endfacet
  facet normal 0 0 1
    outer loop
      vertex 169 -40 0
      vertex 169.19999999999999 -20 0
      vertex 169 -20 0
    endloop
  endfacet
  facet normal 0 0 1
    outer loop
      vertex 169 -20 0
      vertex 169.19999999999999 -20 0
      vertex 169.19999999999999 -10 0
    endloop
  endfacet
  facet normal 0 0 1
    outer loop
      vertex 169 -20 0
      vertex 169.19999999999999 -10 0
      vertex 169 -10 0
    endloop
  endfacet
  facet normal 0 0 1
    outer loop
      vertex 169 -10 0
      vertex 169.19999999999999 -10 0
      vertex 169.19999999999999 0 0
    endloop
  endfacet
  facet normal 0 0 1
    outer loop
      vertex 169 -10 0
      vertex 169.19999999999999 0 0
      vertex 169 0 0
    endloop
  endfacet
  facet normal 0 0 1
    outer loop
      vertex 169 0 0
      vertex 169.19999999999999 0 0
      vertex 169.19999999999999 0.001 0
    endloop
  endfacet
  facet normal 0 0 1
    outer loop
      vertex 169 0 0
      vertex 169.19999999999999 0.001 0
      vertex 169 0.001 0
    endloop
  endfacet
  facet normal 0 0 1
    outer loop
      vertex 169 0.001 0
      vertex 169.19999999999999 0.001 0
      vertex 169.19999999999999 10 0
    endloop
  endfacet
  facet normal 0 0 1
    outer loop
      vertex 169 0.001 0
      vertex 169.19999999999999 10 0
      vertex 169 10 0
    endloop
  endfacet
  facet normal 0 0 1
    outer loop
      vertex 169 10 0
      vertex 169.19999999999999 10 0
      vertex 169.19999999999999 20 0
    endloop
  endfacet
  facet normal 0 0 1
    outer loop
      vertex 169 10 0
      vertex 169.19999999999999 20 0
      vertex 169 20 0
    endloop
  endfacet
  facet normal 0 0 1
    outer loop
      vertex 169 20 0
      vertex 169.19999999999999 20 0
      vertex 169.19999999999999 40 0
    endloop
  endfacet
  facet normal 0 0 1
    outer loop
      vertex 169 20 0
      vertex 169.19999999999999 40 0
      vertex 169 40 0
    endloop
  endfacet
  facet normal 0 0 1
    outer loop
      vertex 169 40 0
      vertex 169.19999999999999 40 0
      vertex 169.19999999999999 60 0
    endloop
  endfacet
  facet normal 0 0 1
    outer loop
      vertex 169 40 0
      vertex 169.19999999999999 60 0
      vertex 169 60 0
    endloop
  endfacet
  facet normal 0 0 1
    outer loop
      vertex 169.19999999999999 -60 0
      vertex 169.40000000000001 -60 0
      vertex 169.40000000000001 -40 0
    endloop
  endfacet
  facet normal 0 0 1
    outer loop
      vertex 169.19999999999999 -60 0
      vertex 169.40000000000001 -40 0
      vertex 169.19999999999999 -40 0
    endloop
  endfacet
  facet normal 0 0 1
    outer loop
      vertex 169.19999999999999 -40 0
      vertex 169.40000000000001 -40 0
      vertex 169.40000000000001 -20 0
    endloop
  endfacet
  facet normal 0 0 1
    outer loop
      vertex 169.19999999999999 -40 0
      vertex 169.40000000000001 -20 0
      vertex 169.19999999999999 -20 0
    endloop
  endfacet
  facet normal 0 0 1
    outer loop
      vertex 169.19999999999999 -20 0
      vertex 169.40000000000001 -20 0
      vertex 169.40000000000001 -10 0
    endloop
  endfacet
  facet normal 0 0 1
    outer loop
      vertex 169.19999999999999 -20 0
      vertex 169.40000000000001 -10 0
      vertex 169.19999999999999 -10 0
    endloop
  endfacet
  facet normal 0 0 1
    outer loop
      vertex 169.19999999999999 -10 0
      vertex 169.40000000000001 -10 0
      vertex 169.40000000000001 0 0
    endloop
  endfacet
  facet normal 0 0 1
    outer loop
      vertex 169.19999999999999 -10 0
      vertex 169.40000000000001 0 0
      vertex 169.19999999999999 0 0
    endloop
  endfacet
  facet normal 0 0 1
    outer loop
      vertex 169.19999999999999 0 0
      vertex 169.40000000000001 0 0
      vertex 169.40000000000001 0.001 0
    endloop
  endfacet
  facet normal 0 0 1
    outer loop
      vertex 169.19999999999999 0 0
      vertex 169.40000000000001 0.001 0
      vertex 169.19999999999999 0.001 0
    endloop
  endfacet
  facet normal 0 0 1
    outer loop
      vertex 169.19999999999999 0.001 0
      vertex 169.40000000000001 0.001 0
      vertex 169.40000000000001 10 0
    endloop
  endfacet
  facet normal 0 0 1
    outer loop
      vertex 169.19999999999999 0.001 0
      vertex 169.40000000000001 10 0
      vertex 169.19999999999999 10 0
    endloop
  endfacet
  facet normal 0 0 1
    outer loop
      vertex 169.19999999999999 10 0
      vertex 169.40000000000001 10 0
      vertex 169.40000000000001 20 0
    endloop
  endfacet
  facet normal 0 0 1
    outer loop
      vertex 169.19999999999999 10 0
      vertex 169.40000000000001 20 0
      vertex 169.19999999999999 20 0
    endloop
  endfacet
  facet normal 0 0 1
    outer loop
      vertex 169.19999999999999 20 0
      vertex 169.40000000000001 20 0
      vertex 169.40000000000001 40 0
    endloop
  endfacet
  facet normal 0 0 1
    outer loop
      vertex 169.19999999999999 20 0
      vertex 169.40000000000001 40 0
      vertex 169.19999999999999 40 0
    endloop
  endfacet
  facet normal 0 0 1
    outer loop
      vertex 169.19999999999999 40 0
      vertex 169.40000000000001 40 0
      vertex 169.40000000000001 60 0
    endloop
  endfacet
  facet normal 0 0 1
    outer loop
      vertex 169.19999999999999 40 0
      vertex 169.40000000000001 60 0
      vertex 169.19999999999999 60 0
    endloop
  endfacet
  facet normal 0 0 1
    outer loop
      vertex 169.40000000000001 -60 0
      vertex 169.59999999999999 -60 0
      vertex 169.59999999999999 -40 0
    endloop
  endfacet
  facet normal 0 0 1
    outer loop
      vertex 169.40000000000001 -60 0
      vertex 169.59999999999999 -40 0
      vertex 169.40000000000001 -40 0
    endloop
  endfacet
  facet normal 0 0 1
    outer loop
      vertex 169.40000000000001 -40 0
      vertex 169.59999999999999 -40 0
      vertex 169.59999999999999 -20 0
    endloop
  endfacet
  facet normal 0 0 1
    outer loop
      vertex 169.40000000000001 -40 0
      vertex 169.59999999999999 -20 0
      vertex 169.40000000000001 -20 0
    endloop
  endfacet
  facet normal 0 0 1
    outer loop
      vertex 169.40000000000001 -20 0
      vertex 169.59999999999999 -20 0
      vertex 169.59999999999999 -10 0
    endloop
  endfacet
  facet normal 0 0 1
    outer loop
      vertex 169.40000000000001 -20 0
      vertex 169.59999999999999 -10 0
      vertex 169.40000000000001 -10 0
    endloop
  endfacet
  facet normal 0 0 1
    outer loop
      vertex 169.40000000000001 -10 0
      vertex 169.59999999999999 -10 0
      vertex 169.59999999999999 0 0
    endloop
  endfacet
  facet normal 0 0 1
    outer loop
      vertex 169.40000000000001 -10 0
      vertex 169.59999999999999 0 0
      vertex 169.40000000000001 0 0
    endloop
  endfacet
  facet normal 0 0 1
    outer loop
      vertex 169.40000000000001 0 0
      vertex 169.59999999999999 0 0
      vertex 169.59999999999999 0.001 0
    endloop
  endfacet
  facet normal 0 0 1
    outer loop
      vertex 169.40000000000001 0 0
      vertex 169.59999999999999 0.001 0
      vertex 169.40000000000001 0.001 0
    endloop
  endfacet
  facet normal 0 0 1
    outer loop
      vertex 169.40000000000001 0.001 0
      vertex 169.59999999999999 0.001 0
      vertex 169.59999999999999 10 0
    endloop
  endfacet
  facet normal 0 0 1
    outer loop
      vertex 169.40000000000001 0.001 0
      vertex 169.59999999999999 10 0
      vertex 169.40000000000001 10 0
    endloop
  endfacet
  facet normal 0 0 1
    outer loop
      vertex 169.40000000000001 10 0
      vertex 169.59999999999999 10 0
      vertex 169.59999999999999 20 0
    endloop
  endfacet
  facet normal 0 0 1
    outer loop
      vertex 169.40000000000001 10 0
      vertex 169.59999999999999 20 0
      vertex 169.40000000000001 20 0
    endloop
  endfacet
  facet normal 0 0 1
    outer loop
      vertex 169.40000000000001 20 0
      vertex 169.59999999999999 20 0
      vertex 169.59999999999999 40 0
    endloop
  endfacet
  facet normal 0 0 1
    outer loop
      vertex 169.40000000000001 20 0
      vertex 169.59999999999999 40 0
      vertex 169.40000000000001 40 0
    endloop
  endfacet
  facet normal 0 0 1
    outer loop
      vertex 169.40000000000001 40 0
      vertex 169.59999999999999 40 0
      vertex 169.59999999999999 60 0
    endloop
  endfacet
  facet normal 0 0 1
    outer loop
      vertex 169.40000000000001 40 0
      vertex 169.59999999999999 60 0
      vertex 169.40000000000001 60 0
    endloop
  endfacet
  facet normal 0 0 1
    outer loop
      vertex 169.59999999999999 -60 0
      vertex 169.80000000000001 -60 0
      vertex 169.80000000000001 -40 0
    endloop
  endfacet
  facet normal 0 0 1
    outer loop
      vertex 169.59999999999999 -60 0
      vertex 169.80000000000001 -40 0
      vertex 169.59999999999999 -40 0
    endloop
  endfacet
  facet normal 0 0 1
    outer loop
      vertex 169.59999999999999 -40 0
      vertex 169.80000000000001 -40 0
      vertex 169.80000000000001 -20 0
    endloop
  endfacet
  facet normal 0 0 1
    outer loop
      vertex 169.59999999999999 -40 0
      vertex 169.80000000000001 -20 0
      vertex 169.59999999999999 -20 0
    endloop
  endfacet
  facet normal 0 0 1
    outer loop
      vertex 169.59999999999999 -20 0
      vertex 169.80000000000001 -20 0
      vertex 169.80000000000001 -10 0
    endloop
  endfacet
  facet normal 0 0 1
    outer loop
      vertex 169.59999999999999 -20 0
      vertex 169.80000000000001 -10 0
      vertex 169.59999999999999 -10 0
    endloop
  endfacet
  facet normal 0 0 1
    outer loop
      vertex 169.59999999999999 -10 0
      vertex 169.80000000000001 -10 0
      vertex 169.80000000000001 0 0
    endloop
  endfacet
  facet normal 0 0 1
    outer loop
      vertex 169.59999999999999 -10 0
      vertex 169.80000000000001 0 0
      vertex 169.59999999999999 0 0
    endloop
  endfacet
  facet normal 0 0 1
    outer loop
      vertex 169.59999999999999 0 0
      vertex 169.80000000000001 0 0
      vertex 169.80000000000001 0.001 0
    endloop
  endfacet
  facet normal 0 0 1
    outer loop
      vertex 169.59999999999999 0 0
      vertex 169.80000000000001 0.001 0
      vertex 169.59999999999999 0.001 0
    endloop
  endfacet
  facet normal 0 0 1
    outer loop
      vertex 169.59999999999999 0.001 0
      vertex 169.80000000000001 0.001 0
      vertex 169.80000000000001 10 0
    endloop
  endfacet
  facet normal 0 0 1
    outer loop
      vertex 169.59999999999999 0.001 0
      vertex 169.80000000000001 10 0
      vertex 169.59999999999999 10 0
    endloop
  endfacet
  facet normal 0 0 1
    outer loop
      vertex 169.59999999999999 10 0
      vertex 169.80000000000001 10 0
      vertex 169.80000000000001 20 0
    endloop
  endfacet
  facet normal 0 0 1
    outer loop
      vertex 169.59999999999999 10 0
      vertex 169.80000000000001 20 0
      vertex 169.59999999999999 20 0
    endloop
  endfacet
  facet normal 0 0 1
    outer loop
      vertex 169.59999999999999 20 0
      vertex 169.80000000000001 20 0
      vertex 169.80000000000001 40 0
    endloop
  endfacet
  facet normal 0 0 1
    outer loop
      vertex 169.59999999999999 20 0
      vertex 169.80000000000001 40 0
      vertex 169.59999999999999 40 0
    endloop
  endfacet
  facet normal 0 0 1
    outer loop
      vertex 169.59999999999999 40 0
      vertex 169.80000000000001 40 0
      vertex 169.80000000000001 60 0
    endloop
  endfacet
  facet normal 0 0 1
    outer loop
      vertex 169.59999999999999 40 0
      vertex 169.80000000000001 60 0
      vertex 169.59999999999999 60 0
    endloop
  endfacet
  facet normal 0 0 1
    outer loop
      vertex 169.80000000000001 -60 0
      vertex 170 -60 0
      vertex 170 -40 0
    endloop
  endfacet
  facet normal 0 0 1
    outer loop
      vertex 169.80000000000001 -60 0
      vertex 170 -40 0
      vertex 169.80000000000001 -40 0
    endloop
  endfacet
  facet normal 0 0 1
    outer loop
      vertex 169.80000000000001 -40 0
      vertex 170 -40 0
      vertex 170 -20 0
    endloop
  endfacet
  facet normal 0 0 1
    outer loop
      vertex 169.80000000000001 -40 0
      vertex 170 -20 0
      vertex 169.80000000000001 -20 0
    endloop
  endfacet
  facet normal 0 0 1
    outer loop
      vertex 169.80000000000001 -20 0
      vertex 170 -20 0
      vertex 170 -10 0
    endloop
  endfacet
  facet normal 0 0 1
    outer loop
      vertex 169.80000000000001 -20 0
      vertex 170 -10 0
      vertex 169.80000000000001 -10 0
    endloop
  endfacet
  facet normal 0 0 1
    outer loop
      vertex 169.80000000000001 -10 0
      vertex 170 -10 0
      vertex 170 0 0
    endloop
  endfacet
  facet normal 0 0 1
    outer loop
      vertex 169.80000000000001 -10 0
      vertex 170 0 0
      vertex 169.80000000000001 0 0
    endloop
  endfacet
  facet normal 0 0 1
    outer loop
      vertex 169.80000000000001 0 0
      vertex 170 0 0
      vertex 170 0.001 0
    endloop
  endfacet
  facet normal 0 0 1
    outer loop
      vertex 169.80000000000001 0 0
      vertex 170 0.001 0
      vertex 169.80000000000001 0.001 0
    endloop
  endfacet
  facet normal 0 0 1
    outer loop
      vertex 169.80000000000001 0.001 0
      vertex 170 0.001 0
      vertex 170 10 0
    endloop
  endfacet
  facet normal 0 0 1
    outer loop
      vertex 169.80000000000001 0.001 0
      vertex 170 10 0
      vertex 169.80000000000001 10 0
    endloop
  endfacet
  facet normal 0 0 1
    outer loop
      vertex 169.80000000000001 10 0
      vertex 170 10 0
      vertex 170 20 0
    endloop
  endfacet
  facet normal 0 0 1
    outer loop
      vertex 169.80000000000001 10 0
      vertex 170 20 0
      vertex 169.80000000000001 20 0
    endloop
  endfacet
  facet normal 0 0 1
    outer loop
      vertex 169.80000000000001 20 0
      vertex 170 20 0
      vertex 170 40 0
    endloop
  endfacet
  facet normal 0 0 1
    outer loop
      vertex 169.80000000000001 20 0
      vertex 170 40 0
      vertex 169.80000000000001 40 0
    endloop
  endfacet
  facet normal 0 0 1
    outer loop
      vertex 169.80000000000001 40 0
      vertex 170 40 0
      vertex 170 60 0
    endloop
  endfacet
  facet normal 0 0 1
    outer loop
      vertex 169.80000000000001 40 0
      vertex 170 60 0
      vertex 169.80000000000001 60 0
    endloop
  endfacet
  facet normal 0 0 1
    outer loop
      vertex 170 -60 0
      vertex 180 -60 0
      vertex 180 -40 0
    endloop
  endfacet
  facet normal 0 0 1
    outer loop
      vertex 170 -60 0
      vertex 180 -40 0
      vertex 170 -40 0
    endloop
  endfacet
  facet normal 0 0 1
    outer loop
      vertex 170 -40 0
      vertex 180 -40 0
      vertex 180 -20 0
    endloop
  endfacet
  facet normal 0 0 1
    outer loop
      vertex 170 -40 0
      vertex 180 -20 0
      vertex 170 -20 0
    endloop
  endfacet
  facet normal 0 0 1
    outer loop
      vertex 170 -20 0
      vertex 180 -20 0
      vertex 180 -10 0
    endloop
  endfacet
  facet normal 0 0 1
    outer loop
      vertex 170 -20 0
      vertex 180 -10 0
      vertex 170 -10 0
    endloop
  endfacet
  facet normal 0 0 1
    outer loop
      vertex 170 -10 0
      vertex 180 -10 0
      vertex 180 0 0
    endloop
  endfacet
  facet normal 0 0 1
    outer loop
      vertex 170 -10 0
      vertex 180 0 0
      vertex 170 0 0
    endloop
  endfacet
  facet normal 0 0 1
    outer loop
      vertex 170 0 0
      vertex 180 0 0
      vertex 180 0.001 0
    endloop
  endfacet
  facet normal 0 0 1
    outer loop
      vertex 170 0 0
      vertex 180 0.001 0
      vertex 170 0.001 0
    endloop
  endfacet
  facet normal 0 0 1
    outer loop
      vertex 170 0.001 0
      vertex 180 0.001 0
      vertex 180 10 0
    endloop
  endfacet
  facet normal 0 0 1
    outer loop
      vertex 170 0.001 0
      vertex 180 10 0
      vertex 170 10 0
    endloop
  endfacet
  facet normal 0 0 1
    outer loop
      vertex 170 10 0
      vertex 180 10 0
      vertex 180 20 0
    endloop
  endfacet
  facet normal 0 0 1
    outer loop
      vertex 170 10 0
      vertex 180 20 0
      vertex 170 20 0
    endloop
  endfacet
  facet normal 0 0 1
    outer loop
      vertex 170 20 0
      vertex 180 20 0
      vertex 180 40 0
    endloop
  endfacet
  facet normal 0 0 1
    outer loop
      vertex 170 20 0
      vertex 180 40 0
      vertex 170 40 0
    endloop
  endfacet
  facet normal 0 0 1
    outer loop
      vertex 170 40 0
      vertex 180 40 0
      vertex 180 60 0
    endloop
  endfacet
  facet normal 0 0 1
    outer loop
      vertex 170 40 0
      vertex 180 60 0
      vertex 170 60 0
    endloop
  endfacet
  facet normal 0 0 1
    outer loop
      vertex 180 -60 0
      vertex 190 -60 0
      vertex 190 -40 0
    endloop
  endfacet
  facet normal 0 0 1
    outer loop
      vertex 180 -60 0
      vertex 190 -40 0
      vertex 180 -40 0
    endloop
  endfacet
  facet normal 0 0 1
    outer loop
      vertex 180 -40 0
      vertex 190 -40 0
      vertex 190 -20 0
    endloop
  endfacet
  facet normal 0 0 1
    outer loop
      vertex 180 -40 0
      vertex 190 -20 0
      vertex 180 -20 0
    endloop
  endfacet
  facet normal 0 0 1
    outer loop
      vertex 180 -20 0
      vertex 190 -20 0
      vertex 190 -10 0
    endloop
  endfacet
  facet normal 0 0 1
    outer loop
      vertex 180 -20 0
      vertex 190 -10 0
      vertex 180 -10 0
    endloop
  endfacet
  facet normal 0 0 1
    outer loop
      vertex 180 -10 0
      vertex 190 -10 0
      vertex 190 0 0
    endloop
  endfacet
  facet normal 0 0 1
    outer loop
      vertex 180 -10 0
      vertex 190 0 0
      vertex 180 0 0
    endloop
  endfacet
  facet normal 0 0 1
    outer loop
      vertex 180 0 0
      vertex 190 0 0
      vertex 190 0.001 0
    endloop
  endfacet
  facet normal 0 0 1
    outer loop
      vertex 180 0 0
      vertex 190 0.001 0
      vertex 180 0.001 0
    endloop
  endfacet
  facet normal 0 0 1
    outer loop
      vertex 180 0.001 0
      vertex 190 0.001 0
      vertex 190 10 0
    endloop
  endfacet
  facet normal 0 0 1
    outer loop
      vertex 180 0.001 0
      vertex 190 10 0
      vertex 180 10 0
    endloop
  endfacet
  facet normal 0 0 1
    outer loop
      vertex 180 10 0
      vertex 190 10 0
      vertex 190 20 0
    endloop
  endfacet
  facet normal 0 0 1
    outer loop
      vertex 180 10 0
      vertex 190 20 0
      vertex 180 20 0
    endloop
  endfacet
  facet normal 0 0 1
    outer loop
      vertex 180 20 0
      vertex 190 20 0
      vertex 190 40 0
    endloop
  endfacet
  facet normal 0 0 1
    outer loop
      vertex 180 20 0
      vertex 190 40 0
      vertex 180 40 0
    endloop
  endfacet
  facet normal 0 0 1
    outer loop
      vertex 180 40 0
      vertex 190 40 0
      vertex 190 60 0
    endloop
  endfacet
  facet normal 0 0 1
    outer loop
      vertex 180 40 0
      vertex 190 60 0
      vertex 180 60 0
    endloop
  endfacet
  facet normal 0 0 1
    outer loop
      vertex 190 -60 0
      vertex 200 -60 0
      vertex 200 -40 0
    endloop
  endfacet
  facet normal 0 0 1
    outer loop
      vertex 190 -60 0
      vertex 200 -40 0
      vertex 190 -40 0
    endloop
  endfacet
  facet normal 0 0 1
    outer loop
      vertex 190 -40 0
      vertex 200 -40 0
      vertex 200 -20 0
    endloop
  endfacet
  facet normal 0 0 1
    outer loop
      vertex 190 -40 0
      vertex 200 -20 0
      vertex 190 -20 0
    endloop
  endfacet
  facet normal 0 0 1
    outer loop
      vertex 190 -20 0
      vertex 200 -20 0
      vertex 200 -10 0
    endloop
  endfacet
  facet normal 0 0 1
    outer loop
      vertex 190 -20 0
      vertex 200 -10 0
      vertex 190 -10 0
    endloop
  endfacet
  facet normal 0 0 1
    outer loop
      vertex 190 -10 0
      vertex 200 -10 0
      vertex 200 0 0
    endloop
  endfacet
  facet normal 0 0 1
    outer loop
      vertex 190 -10 0
      vertex 200 0 0
      vertex 190 0 0
    endloop
  endfacet
  facet normal 0 0 1
    outer loop
      vertex 190 0 0
      vertex 200 0 0
      vertex 200 0.001 0
    endloop
  endfacet
  facet normal 0 0 1
    outer loop
      vertex 190 0 0
      vertex 200 0.001 0
      vertex 190 0.001 0
    endloop
  endfacet
  facet normal 0 0 1
    outer loop
      vertex 190 0.001 0
      vertex 200 0.001 0
      vertex 200 10 0
    endloop
  endfacet
  facet normal 0 0 1
    outer loop
      vertex 190 0.001 0
      vertex 200 10 0
      vertex 190 10 0
    endloop
  endfacet
  facet normal 0 0 1
    outer loop
      vertex 190 10 0
      vertex 200 10 0
      vertex 200 20 0
    endloop
  endfacet
  facet normal 0 0 1
    outer loop
      vertex 190 10 0
      vertex 200 20 0
      vertex 190 20 0
    endloop
  endfacet
  facet normal 0 0 1
    outer loop
      vertex 190 20 0
      vertex 200 20 0
      vertex 200 40 0
    endloop
  endfacet
  facet normal 0 0 1
    outer loop
      vertex 190 20 0
      vertex 200 40 0
      vertex 190 40 0
    endloop
  endfacet
  facet normal 0 0 1
    outer loop
      vertex 190 40 0
      vertex 200 40 0
      vertex 200 60 0
    endloop
  endfacet
  facet normal 0 0 1
    outer loop
      vertex 190 40 0
      vertex 200 60 0
      vertex 190 60 0
    endloop
  endfacet
  facet normal 0 0 1
    outer loop
      vertex 200 -60 0
      vertex 210 -60 0
      vertex 210 -40 0
    endloop
  endfacet
  facet normal 0 0 1
    outer loop
      vertex 200 -60 0
      vertex 210 -40 0
      vertex 200 -40 0
    endloop
  endfacet
  facet normal 0 0 1
    outer loop
      vertex 200 -40 0
      vertex 210 -40 0
      vertex 210 -20 0
    endloop
  endfacet
  facet normal 0 0 1
    outer loop
      vertex 200 -40 0
      vertex 210 -20 0
      vertex 200 -20 0
    endloop
  endfacet
  facet normal 0 0 1
    outer loop
      vertex 200 -20 0
      vertex 210 -20 0
      vertex 210 -10 0
    endloop
  endfacet
  facet normal 0 0 1
    outer loop
      vertex 200 -20 0
      vertex 210 -10 0
      vertex 200 -10 0
    endloop
  endfacet
  facet normal 0 0 1
    outer loop
      vertex 200 -10 0
      vertex 210 -10 0
      vertex 210 0 0
    endloop
  endfacet
  facet normal 0 0 1
    outer loop
      vertex 200 -10 0
      vertex 210 0 0
      vertex 200 0 0
    endloop
  endfacet
  facet normal 0 0 1
    outer loop
      vertex 200 0 0
      vertex 210 0 0
      vertex 210 0.001 0
    endloop
  endfacet
  facet normal 0 0 1
    outer loop
      vertex 200 0 0
      vertex 210 0.001 0
      vertex 200 0.001 0
    endloop
  endfacet
  facet normal 0 0 1
    outer loop
      vertex 200 0.001 0
      vertex 210 0.001 0
      vertex 210 10 0
    endloop
  endfacet
  facet normal 0 0 1
    outer loop
      vertex 200 0.001 0
      vertex 210 10 0
      vertex 200 10 0
    endloop
  endfacet
  facet normal 0 0 1
    outer loop
      vertex 200 10 0
      vertex 210 10 0
      vertex 210 20 0
    endloop
  endfacet
  facet normal 0 0 1
    outer loop
      vertex 200 10 0
      vertex 210 20 0
      vertex 200 20 0
    endloop
  endfacet
  facet normal 0 0 1
    outer loop
      vertex 200 20 0
      vertex 210 20 0
      vertex 210 40 0
    endloop
  endfacet
  facet normal 0 0 1
    outer loop
      vertex 200 20 0
      vertex 210 40 0
      vertex 200 40 0
    endloop
  endfacet
  facet normal 0 0 1
    outer loop
      vertex 200 40 0
      vertex 210 40 0
      vertex 210 60 0
    endloop
  endfacet
  facet normal 0 0 1
    outer loop
      vertex 200 40 0
      vertex 210 60 0
      vertex 200 60 0
    endloop
  endfacet
endsolid terrain_z_xy
